date,team1,team1_classified,score1,team2,team2_classified,score2,forfeit,overtime
2026-08-12,Rockwood Summit,True,,Francis Howell Central,True,,False,False
2026-08-20,Liberty,True,,Liberty North,True,,False,False
2026-08-20,Platte County,True,,Liberty North,True,,False,False
2026-08-20,Raytown South,True,,Raytown,True,,False,False
2026-08-20,Grandview,True,,Raytown,True,,False,False
2026-08-21,Lutheran St. Charles,True,,Holt,True,,False,False
2026-08-21,Westminster Christian Academy,True,,Holt,True,,False,False
2026-08-21,St. Charles West,True,,Holt,True,,False,False
2026-08-21,Westminster Christian Academy,True,,Lutheran St. Charles,True,,False,False
2026-08-21,St. Charles West,True,,Lutheran St. Charles,True,,False,False
2026-08-21,St. Charles West,True,,Westminster Christian Academy,True,,False,False
2026-08-22,New Haven,True,0,Calvary Lutheran,True,2,False,False
2026-08-22,Stover,True,2,Calvary Lutheran,True,0,False,False
2026-08-22,Maryville,True,2,Lathrop,True,0,False,False
2026-08-22,Cameron,True,0,Maryville,True,2,False,False
2026-08-22,Clarkton,True,3,Southland,True,0,False,False
2026-08-22,Twin Rivers,True,3,Southland,True,0,False,False
2026-08-24,Eminence,True,3,Lesterville,True,0,False,False
2026-08-24,Thayer,True,0,Lesterville,True,3,False,False
2026-08-24,St. Dominic,True,,Francis Howell,True,,False,False
2026-08-24,Kirkwood,True,,Francis Howell,True,,False,False
2026-08-24,Ladue Horton Watkins,True,,Francis Howell,True,,False,False
2026-08-24,Lighthouse Sr. High,False,,New Covenant Academy,True,,False,False
2026-08-24,Pleasant Hope,True,,New Covenant Academy,True,,False,False
2026-08-24,Osceola,True,,Skyline,True,,False,False
2026-08-24,Windsor,True,,Skyline,True,,False,False
2026-08-24,Green Ridge,True,,Skyline,True,,False,False
2026-08-24,Winfield,True,,St. Charles,True,,False,False
2026-08-24,Wright City,True,,St. Charles,True,,False,False
2026-08-24,Notre Dame de Sion,True,,St. Pius X (Kansas City),True,,False,False
2026-08-24,St. Michael the Archangel,True,,St. Pius X (Kansas City),True,,False,False
2026-08-24,St. Louis Christian Sr.,False,,Veritas Christian Academy,True,,False,False
2026-08-24,St. Louis Ignite,False,,Veritas Christian Academy,True,,False,False
2026-08-24,Wright City,True,,Winfield,True,,False,False
2026-08-25,Savannah,True,1,Benton,True,1,False,False
2026-08-25,Bishop LeBlond,True,1,Benton,True,1,False,False
2026-08-25,Central (St. Joseph),True,1,Benton,True,1,False,False
2026-08-25,Monett,True,2,Crane,True,0,False,False
2026-08-25,Diamond,True,1,Crane,True,1,False,False
2026-08-25,Marionville,True,0,Crane,True,2,False,False
2026-08-25,Windsor (Imperial),True,1,DeSoto,True,1,False,False
2026-08-25,St. Clair,True,2,DeSoto,True,0,False,False
2026-08-25,Monett,True,2,Diamond,True,0,False,False
2026-08-25,Marionville,True,1,Diamond,True,1,False,False
2026-08-25,Belle,True,2,Dixon,True,1,False,False
2026-08-25,Plato,True,2,Dixon,True,1,False,False
2026-08-25,Parkview,True,0,Fair Grove,True,2,False,False
2026-08-25,Republic,True,2,Fair Grove,True,0,False,False
2026-08-25,Logan-Rogersville,True,1,Fair Grove,True,1,False,False
2026-08-25,Ft. Zumwalt North,True,3,Ft. Zumwalt East,True,0,False,False
2026-08-25,Nevada,True,3,Joplin,True,0,False,False
2026-08-25,Carthage,True,1,Joplin,True,2,False,False
2026-08-25,Miller Career Academy,True,1,McKinley Classical Leadership,True,2,False,False
2026-08-25,Gateway with Soldan International Studies,True,0,McKinley Classical Leadership,True,2,False,False
2026-08-25,California,True,,Battle,True,,False,False
2026-08-25,Fatima,True,,Battle,True,,False,False
2026-08-25,Bolivar,True,,Buffalo,True,,False,False
2026-08-25,Osage,True,,Buffalo,True,,False,False
2026-08-25,Hillcrest,True,,Buffalo,True,,False,False
2026-08-25,Hayti,True,,Delta (Deering),True,,False,False
2026-08-25,Cooter,True,,Delta (Deering),True,,False,False
2026-08-25,Ft. Zumwalt South,True,,Ft. Zumwalt East,True,,False,False
2026-08-25,Ft. Zumwalt West,True,,Ft. Zumwalt East,True,,False,False
2026-08-25,Ft. Zumwalt South,True,,Ft. Zumwalt North,True,,False,False
2026-08-25,Ft. Zumwalt West,True,,Ft. Zumwalt North,True,,False,False
2026-08-25,Cooter,True,,Hayti,True,,False,False
2026-08-25,Aurora,True,,Joplin,True,,False,False
2026-08-25,St. Paul Lutheran (Farmington),True,,Leopold,True,,False,False
2026-08-25,Crystal City,True,,Leopold,True,,False,False
2026-08-25,Fredericktown,True,,Meadow Heights,True,,False,False
2026-08-25,Puxico,True,,Meadow Heights,True,,False,False
2026-08-25,Gateway with Soldan International Studies,True,,Miller Career Academy,True,,False,False
2026-08-25,Webb City,True,,Mt. Vernon,True,,False,False
2026-08-25,Carl Junction,True,,Mt. Vernon,True,,False,False
2026-08-25,Clever,True,,Mt. Vernon,True,,False,False
2026-08-25,Sullivan,True,,Potosi,True,,False,False
2026-08-25,Owensville,True,,Potosi,True,,False,False
2026-08-25,Hazelwood Central,True,,Rosati-Kain,True,,False,False
2026-08-25,Ritenour,True,,Rosati-Kain,True,,False,False
2026-08-25,University City,True,,Rosati-Kain,True,,False,False
2026-08-25,Bishop LeBlond,True,,Savannah,True,,False,False
2026-08-25,Central (St. Joseph),True,,Savannah,True,,False,False
2026-08-25,Archie,True,,South Harrison,True,,False,False
2026-08-25,Mid-Buchanan,True,,South Harrison,True,,False,False
2026-08-25,Blue Springs South,True,,Staley,True,,False,False
2026-08-25,Blue Springs,True,,Staley,True,,False,False
2026-08-25,St. Teresa's Academy,True,,Staley,True,,False,False
2026-08-25,Lexington,True,,Sweet Springs,True,,False,False
2026-08-25,Wellington-Napoleon,True,,Sweet Springs,True,,False,False
2026-08-25,Richmond,True,,Sweet Springs,True,,False,False
2026-08-25,West Nodaway with Nodaway-Holt,True,,Tarkio with Fairfax,True,,False,False
2026-08-25,"Hamburg, IA(, )",False,,Tarkio with Fairfax,True,,False,False
2026-08-25,Southwest (Washburn),True,,Wheaton,True,,False,False
2026-08-25,Hurley,True,,Wheaton,True,,False,False
2026-08-25,Purdy,True,,Wheaton,True,,False,False
2026-08-26,Lebanon,True,,Central (Springfield),True,,False,False
2026-08-26,Strafford,True,,Central (Springfield),True,,False,False
2026-08-26,University City,True,,Normandy Collaborative,False,,False,False
2026-08-27,Clearwater,True,0,Arcadia Valley,True,3,False,False
2026-08-27,Dora,True,1,Bakersfield,True,3,False,False
2026-08-27,Ash Grove,True,3,Billings,True,2,False,False
2026-08-27,Park Hill,True,2,Blue Springs,True,0,False,False
2026-08-27,St. Michael the Archangel,True,0,Blue Springs,True,2,False,False
2026-08-27,Fort Osage,True,1,Blue Springs South,True,3,False,False
2026-08-27,"Harrison(Harrison, AR)",False,0,Branson,True,3,False,False
2026-08-27,Winona,True,3,Bunker,True,0,False,False
2026-08-27,Knob Noster,True,0,California,True,3,False,False
2026-08-27,Osage,True,3,Capital City,True,1,False,False
2026-08-27,Perryville,True,3,Central (Park Hills),True,0,False,False
2026-08-27,Smithville,True,3,Central (St. Joseph),True,0,False,False
2026-08-27,Greenville,True,0,Clarkton,True,3,False,False
2026-08-27,STEAM Academy,True,3,Collegiate School of Med-Bio Science,True,2,False,False
2026-08-27,Gloria Deo Academy,True,0,Crane,True,3,False,False
2026-08-27,New Haven,True,0,Crystal City,True,3,False,False
2026-08-27,"Blytheville(Blytheville , AR)",False,0,Delta (Deering),True,3,False,False
2026-08-27,St. Charles,True,1,Duchesne,True,3,False,False
2026-08-27,St. Dominic,True,1,Eureka,True,2,False,False
2026-08-27,"Metro Mavs(Olathe , KS)",False,3,Faith Christian Academy,True,0,False,False
2026-08-27,New Bloomfield,True,0,Father Tolton,True,3,False,False
2026-08-27,Hickman,True,3,Fatima,True,1,False,False
2026-08-27,Northwest (Cedar Hill),True,0,Festus,True,3,False,False
2026-08-27,Lutheran St. Charles,True,2,Francis Howell Central,True,3,False,False
2026-08-27,Troy Buchanan,True,3,Ft. Zumwalt South,True,0,False,False
2026-08-27,St. Dominic,True,2,Ft. Zumwalt West,True,0,False,False
2026-08-27,Eureka,True,2,Ft. Zumwalt West,True,1,False,False
2026-08-27,Gateway with Soldan International Studies,True,0,Gateway Science Charter,True,3,False,False
2026-08-27,Greenfield,True,2,Golden City,True,0,False,False
2026-08-27,Everton,True,1,Golden City,True,1,False,False
2026-08-27,Lee's Summit West,True,3,Grain Valley,True,0,False,False
2026-08-27,Guadalupe Centers Charter,True,0,Grandview,True,3,False,False
2026-08-27,Oak Ridge,True,3,Grandview (Hillsboro),True,0,False,False
2026-08-27,Everton,True,0,Greenfield,True,2,False,False
2026-08-27,Hillcrest,True,3,Greenwood,True,1,False,False
2026-08-27,Rock Port,True,3,"Hamburg(Hamburg, IA)",False,0,False,False
2026-08-27,"Bellville East(Bellville, IL)",False,0,Incarnate Word Academy,True,3,False,False
2026-08-27,Hallsville,True,3,Kirksville,True,0,False,False
2026-08-27,Cristo Rey,True,3,"KSD (Kansas School for the Deaf)(Olathe , KS)",False,2,False,False
2026-08-27,Pattonville,True,0,Lafayette (Wildwood),True,2,False,False
2026-08-27,Parkway Central,True,0,Lafayette (Wildwood),True,2,False,False
2026-08-27,Wellington-Napoleon,True,0,Lafayette County,True,3,False,False
2026-08-27,Union Star with King City,True,0,Lathrop,True,3,False,False
2026-08-27,Viburnum,True,0,Lesterville,True,3,False,False
2026-08-27,Platte County,True,0,Liberty North,True,3,False,False
2026-08-27,McKinley Classical Leadership,True,0,Lift for Life Academy Charter,True,3,False,False
2026-08-27,St. Louis Ignite,False,0,Lutheran North,True,1,False,False
2026-08-27,Bernie,True,0,Malden,True,3,False,False
2026-08-27,Francis Howell,True,2,Marquette,True,3,False,False
2026-08-27,West Nodaway with Nodaway-Holt,True,3,Maysville,True,0,False,False
2026-08-27,St. Joseph Christian,True,0,Mid-Buchanan,True,3,False,False
2026-08-27,Lighthouse Sr. High,False,3,Mt. Vernon,True,2,False,False
2026-08-27,East Newton,True,3,New Heights Christian,True,0,False,False
2026-08-27,"Diagonal(Diagonal , IA)",False,3,North Nodaway,True,2,False,False
2026-08-27,Parkway West,True,1,Oakville,True,3,False,False
2026-08-27,Smith-Cotton,True,0,Odessa,True,3,False,False
2026-08-27,Zalma,True,0,Oran,True,3,False,False
2026-08-27,Lone Jack,True,3,Orrick,True,0,False,False
2026-08-27,Northwest (Hughesville),True,0,Osceola,True,3,False,False
2026-08-27,Eugene,True,2,Otterville,True,3,False,False
2026-08-27,Jefferson City,True,0,Ozark,True,3,False,False
2026-08-27,St. Michael the Archangel,True,2,Park Hill,True,1,False,False
2026-08-27,Pattonville,True,0,Parkway Central,True,2,False,False
2026-08-27,North Pemiscot,True,1,Portageville,True,3,False,False
2026-08-27,Park Hill South,True,3,Raymore-Peculiar,True,2,False,False
2026-08-27,Ruskin,True,0,Raytown,True,3,False,False
2026-08-27,William Chrisman,True,3,Raytown South,True,0,False,False
2026-08-27,Woodland,True,3,Richland (Essex),True,0,False,False
2026-08-27,Bloomfield,True,0,Risco,True,3,False,False
2026-08-27,Neosho,True,0,"Russellville(Russellville, AR)",False,3,False,False
2026-08-27,New Covenant Academy,True,2,Sarcoxie,True,0,False,False
2026-08-27,Caruthersville,True,0,Scott City,True,3,False,False
2026-08-27,Exeter,True,1,Seneca,True,3,False,False
2026-08-27,Tipton,True,3,Smithton,True,1,False,False
2026-08-27,East Buchanan,True,3,South Holt with Craig,True,0,False,False
2026-08-27,Bismarck,True,3,South Iron,True,1,False,False
2026-08-27,"Corning(Corning, AR)",False,3,Southland,True,0,False,False
2026-08-27,Liberty,True,2,St. Pius X (Kansas City),True,3,False,False
2026-08-27,Oak Park,True,0,Staley,True,3,False,False
2026-08-27,Christian Fellowship Sr.,True,3,Sunnydale Adventist Acad HS,False,1,False,False
2026-08-27,McDonald County,True,0,"Thaden(Rogers, AR)",False,3,False,False
2026-08-27,Holt,True,3,Timberland,True,2,False,False
2026-08-27,Warrensburg,True,3,Van Horn,True,0,False,False
2026-08-27,Stover,True,3,Versailles,True,1,False,False
2026-08-27,Cole Camp,True,3,Warsaw,True,0,False,False
2026-08-27,St. Francis Borgia,True,3,Washington,True,0,False,False
2026-08-27,Bowling Green,True,0,Winfield,True,3,False,False
2026-08-27,Hazelwood Central,True,,Clayton,True,,False,False
2026-08-27,Kelly,True,,"Egyptian(Tamms, IL)",False,,False,False
2026-08-27,Mansfield,True,,Lutie,True,,False,False
2026-08-27,Hillsboro,True,,Notre Dame (Cape Girardeau),True,,False,False
2026-08-28,Cristo Rey,True,3,Academie Lafayette,True,0,False,False
2026-08-28,Benton,True,0,Adrian,True,2,False,False
2026-08-28,Sullivan,True,2,Adrian,True,0,False,False
2026-08-28,Couch,True,3,Bakersfield,True,1,False,False
2026-08-28,KIPP KC Legacy,True,0,Barstow,True,3,False,False
2026-08-28,Licking,True,2,Belle,True,1,False,False
2026-08-28,North Point,True,2,"Belleville West(Belleville , IL)",False,0,False,False
2026-08-28,Bishop LeBlond,True,1,Belton,True,2,False,False
2026-08-28,Notre Dame de Sion,True,0,Belton,True,2,False,False
2026-08-28,Liberty (Mountain View),True,1,Benton,True,2,False,False
2026-08-28,Richland (Essex),True,0,Bernie,True,3,False,False
2026-08-28,Faith Christian Academy,True,0,"Bishop Seabury(Lawrence , KS)",False,3,False,False
2026-08-28,Leopold,True,3,Bloomfield,True,0,False,False
2026-08-28,Valley Park,True,0,Bourbon,True,3,False,False
2026-08-28,Purdy,True,3,Bronaugh,True,0,False,False
2026-08-28,Saxony Lutheran,True,2,Cameron,True,0,False,False
2026-08-28,Fatima,True,2,Cameron,True,1,False,False
2026-08-28,"Piggott(Piggott, AR)",False,1,Campbell,True,3,False,False
2026-08-28,Nerinx Hall,True,2,Cardinal Ritter,True,0,False,False
2026-08-28,St. Pius X (Kansas City),True,2,Central (St. Joseph),True,0,False,False
2026-08-28,Seckman,True,2,Central (St. Joseph),True,0,False,False
2026-08-28,Delta (Deering),True,0,Clarkton,True,3,False,False
2026-08-28,Blair Oaks,True,0,"Columbia(Columbia, IL)",False,2,False,False
2026-08-28,Ellington,True,1,Eminence,True,3,False,False
2026-08-28,Marion C. Early,True,0,Everton,True,3,False,False
2026-08-28,MICDS,True,1,Farmington,True,2,False,False
2026-08-28,North Point,True,0,Farmington,True,3,False,False
2026-08-28,Rock Port,True,0,Fatima,True,2,False,False
2026-08-28,Hurley,True,0,Fordland,True,3,False,False
2026-08-28,Bishop LeBlond,True,2,Hannibal,True,0,False,False
2026-08-28,Collegiate School of Med-Bio Science,True,1,Hazelwood West,True,3,False,False
2026-08-28,Southland,True,0,Holcomb,True,3,False,False
2026-08-28,Ballard,True,0,La Monte,True,3,False,False
2026-08-28,Liberty (Mountain View),True,2,Lafayette County,True,0,False,False
2026-08-28,Sullivan,True,2,Lafayette County,True,0,False,False
2026-08-28,Jennings,True,0,Maplewood-Richmond Hts.,True,3,False,False
2026-08-28,Lutheran (Kansas City),True,0,"Maranatha Christian(Lenexa, KS)",False,3,False,False
2026-08-28,Oak Grove,True,2,Maryville,True,0,False,False
2026-08-28,Notre Dame de Sion,True,2,Maryville,True,1,False,False
2026-08-28,Oak Ridge,True,3,Meadow Heights,True,0,False,False
2026-08-28,Nerinx Hall,True,2,Mehlville,True,0,False,False
2026-08-28,North Point,True,1,MICDS,True,2,False,False
2026-08-28,Vashon,True,3,Miller Career Academy,True,0,False,False
2026-08-28,Hannibal,True,1,Oak Grove,True,2,False,False
2026-08-28,Prairie Home,True,0,Otterville,True,3,False,False
2026-08-28,Liberty North,True,1,Ozark,True,3,False,False
2026-08-28,Whitfield,True,0,Parkway South,True,3,False,False
2026-08-28,Risco,True,1,Portageville,True,3,False,False
2026-08-28,Westminster Christian Academy,True,3,Principia,True,0,False,False
2026-08-28,St. Pius X (Kansas City),True,2,Raymore-Peculiar,True,1,False,False
2026-08-28,Savannah,True,1,Raymore-Peculiar,True,2,False,False
2026-08-28,Northland Christian,True,0,Rock Port,True,2,False,False
2026-08-28,Seckman,True,1,Savannah,True,2,False,False
2026-08-28,Northland Christian,True,0,Saxony Lutheran,True,2,False,False
2026-08-28,Spokane,True,3,School of the Ozarks,True,1,False,False
2026-08-28,North Pemiscot,True,3,Senath-Hornersville,True,0,False,False
2026-08-28,Miami (Amoret),True,0,Sheldon,True,3,False,False
2026-08-28,Farmington,True,2,"St. Louis Panthers(St. Louis, MO)",False,1,False,False
2026-08-28,Blair Oaks,True,0,"St. Louis Panthers Volleyball(St. Louis, MO)",False,2,False,False
2026-08-28,Eagle Ridge Christian,False,0,St. Paul Lutheran (Farmington),True,3,False,False
2026-08-28,Lesterville,True,3,West County,True,1,False,False
2026-08-28,Greenville,True,3,Zalma,True,1,False,False
2026-08-28,St. Joseph's Academy,True,,"Althoff(Althoff, IL)",False,,False,False
2026-08-28,Lutheran North,True,,"Centralia(Centralia, IL)",False,,False,False
2026-08-28,St. Joseph's Academy,True,,Duchesne,True,,False,False
2026-08-28,St. Pius X (Festus),True,,"Mater Dei(Breese, IL)",False,,False,False
2026-08-28,Webster Groves,True,,MICDS,True,,False,False
2026-08-28,St. Joseph's Academy,True,,"Quincy Notre Dame(Quincy, IL)",False,,False,False
2026-08-28,St. Pius X (Festus),True,,"Quincy Notre Dame(Quincy, IL)",False,,False,False
2026-08-28,St. Louis Christian Sr.,False,,Rock Bridge,True,,False,False
2026-08-28,Lutheran North,True,,St. Charles West,True,,False,False
2026-08-28,St. Pius X (Festus),True,,St. Joseph's Academy,True,,False,False
2026-08-28,Rock Bridge,True,,Webster Groves,True,,False,False
2026-08-29,Liberty (Mountain View),True,1,Adrian,True,2,False,False
2026-08-29,Lafayette County,True,0,Adrian,True,2,False,False
2026-08-29,Pacific,True,2,"Alton(Alton, IL)",False,0,False,False
2026-08-29,Stockton,True,1,Ash Grove,True,2,False,False
2026-08-29,Osceola,True,2,Ash Grove,True,0,False,False
2026-08-29,El Dorado Springs,True,0,Ash Grove,True,2,False,False
2026-08-29,Sparta,True,0,Ash Grove,True,2,False,False
2026-08-29,Blair Oaks,True,2,"Belleville West(Belleville, IL)",False,0,False,False
2026-08-29,Hannibal,True,2,Belton,True,0,False,False
2026-08-29,Maryville,True,1,Belton,True,2,False,False
2026-08-29,Blue Springs South,True,0,"Bentonville West(Bentonville, AR)",False,2,False,False
2026-08-29,Notre Dame de Sion,True,2,Bishop LeBlond,True,1,False,False
2026-08-29,St. Teresa's Academy,True,1,"Bishop Miege HS(Fairway, KS)",False,2,False,False
2026-08-29,Seymour,True,0,Blue Eye,True,2,False,False
2026-08-29,Couch,True,0,Blue Eye,True,2,False,False
2026-08-29,Gainesville,True,0,Blue Eye,True,2,False,False
2026-08-29,Lee's Summit West,True,2,"Blue Valley West(Lenexa, KS)",False,1,False,False
2026-08-29,Helias Catholic,True,2,Bolivar,True,0,False,False
2026-08-29,Lebanon,True,2,Bolivar,True,0,False,False
2026-08-29,Summit Christian Academy,True,2,Bolivar,True,0,False,False
2026-08-29,Strafford,True,2,Bolivar,True,0,False,False
2026-08-29,Linn,True,1,Boonville,True,1,False,False
2026-08-29,Father Tolton,True,1,Boonville,True,1,False,False
2026-08-29,Christian Fellowship Sr.,True,0,Boonville,True,2,False,False
2026-08-29,Tipton,True,0,Boonville,True,2,False,False
2026-08-29,Laquey,True,0,Bourbon,True,2,False,False
2026-08-29,Plato,True,1,Bourbon,True,1,False,False
2026-08-29,Strafford,True,2,Branson,True,1,False,False
2026-08-29,Ash Grove,True,2,Buffalo,True,0,False,False
2026-08-29,El Dorado Springs,True,0,Buffalo,True,2,False,False
2026-08-29,Sparta,True,0,Buffalo,True,2,False,False
2026-08-29,Diamond,True,2,Buffalo,True,0,False,False
2026-08-29,Blue Springs South,True,0,"Cabot(Cabot, AR)",False,2,False,False
2026-08-29,Northland Christian,True,2,Cameron,True,0,False,False
2026-08-29,Rock Port,True,2,Cameron,True,0,False,False
2026-08-29,Clever,True,2,Capital City,True,3,False,False
2026-08-29,Branson,True,1,Carthage,True,1,False,False
2026-08-29,Rolla,True,0,Carthage,True,2,False,False
2026-08-29,Helias Catholic,True,2,Carthage,True,0,False,False
2026-08-29,Parkview,True,0,Carthage,True,2,False,False
2026-08-29,Springfield Catholic,True,0,Carthage,True,2,False,False
2026-08-29,Strafford,True,0,Carthage,True,2,False,False
2026-08-29,Ste. Genevieve,True,2,Central (Cape Girardeau),True,0,False,False
2026-08-29,Veritas Christian Academy,True,0,Central (Cape Girardeau),True,2,False,False
2026-08-29,Savannah,True,2,Central (St. Joseph),True,0,False,False
2026-08-29,Raymore-Peculiar,True,2,Central (St. Joseph),True,0,False,False
2026-08-29,Liberal,True,2,"Central Heights(Richmond, KS)",False,0,False,False
2026-08-29,Nerinx Hall,True,2,"Centralia(Centralia, IL)",False,0,False,False
2026-08-29,Nerinx Hall,True,2,Clayton,True,1,False,False
2026-08-29,Marshfield,True,3,Clever,True,0,False,False
2026-08-29,MICDS,True,2,"Columbia(Columbia, IL)",False,1,False,False
2026-08-29,Gainesville,True,2,Couch,True,0,False,False
2026-08-29,Seymour,True,0,Couch,True,2,False,False
2026-08-29,Winona,True,2,Crane,True,0,False,False
2026-08-29,Miller,True,2,Crane,True,0,False,False
2026-08-29,Marionville,True,1,Crane,True,1,False,False
2026-08-29,New Heights Christian,True,1,Crane,True,2,False,False
2026-08-29,Sarcoxie,True,2,Crane,True,0,False,False
2026-08-29,Owensville,True,2,Cuba,True,0,False,False
2026-08-29,North County,True,1,Cuba,True,2,False,False
2026-08-29,Licking,True,1,Cuba,True,2,False,False
2026-08-29,Ste. Genevieve,True,2,DeSoto,True,0,False,False
2026-08-29,Poplar Bluff,True,2,DeSoto,True,0,False,False
2026-08-29,Central (Cape Girardeau),True,1,DeSoto,True,1,False,False
2026-08-29,Warrenton,True,2,DeSoto,True,0,False,False
2026-08-29,Stockton,True,1,Diamond,True,1,False,False
2026-08-29,Osceola,True,2,Diamond,True,0,False,False
2026-08-29,Pleasant Hope,True,1,Diamond,True,1,False,False
2026-08-29,North Platte,True,0,East Buchanan,True,2,False,False
2026-08-29,Lathrop,True,0,East Buchanan,True,2,False,False
2026-08-29,Lawson,True,0,East Buchanan,True,2,False,False
2026-08-29,West Platte,True,2,East Buchanan,True,1,False,False
2026-08-29,Fair Grove,True,1,East Newton,True,1,False,False
2026-08-29,Republic,True,2,East Newton,True,0,False,False
2026-08-29,Kearney,True,1,East Newton,True,1,False,False
2026-08-29,Stockton,True,2,El Dorado Springs,True,0,False,False
2026-08-29,Sparta,True,0,El Dorado Springs,True,2,False,False
2026-08-29,Kearney,True,1,Fair Grove,True,1,False,False
2026-08-29,Republic,True,2,Fair Grove,True,0,False,False
2026-08-29,Blair Oaks,True,2,Farmington,True,0,False,False
2026-08-29,Blue Springs South,True,0,"Farmington(Farmington, AR)",False,2,False,False
2026-08-29,Northland Christian,True,2,Fatima,True,0,False,False
2026-08-29,Saxony Lutheran,True,2,Fatima,True,0,False,False
2026-08-29,Sarcoxie,True,1,Forsyth,True,1,False,False
2026-08-29,New Heights Christian,True,1,Forsyth,True,1,False,False
2026-08-29,Monett,True,1,Forsyth,True,1,False,False
2026-08-29,Pierce City,True,1,Forsyth,True,1,False,False
2026-08-29,Winona,True,2,Forsyth,True,0,False,False
2026-08-29,Liberal,True,2,"Fort Scott Christian Heights(Fort Scott, KS)",False,1,False,False
2026-08-29,Francis Howell North,True,0,Francis Howell Central,True,2,False,False
2026-08-29,St. Vincent,True,0,Francis Howell Central,True,2,False,False
2026-08-29,Westminster Christian Academy,True,2,Francis Howell Central,True,0,False,False
2026-08-29,Parkway Central,True,2,Francis Howell Central,True,1,False,False
2026-08-29,Oakville,True,2,Francis Howell North,True,1,False,False
2026-08-29,Westminster Christian Academy,True,1,Francis Howell North,True,1,False,False
2026-08-29,St. Vincent,True,0,Francis Howell North,True,2,False,False
2026-08-29,West Nodaway with Nodaway-Holt,True,2,"Freemont Mills(Tabor, IA)",False,1,False,False
2026-08-29,Tarkio with Fairfax,True,0,"Fremont Mills(Tabor , IA)",False,2,False,False
2026-08-29,Niangua,True,0,Gainesville,True,2,False,False
2026-08-29,STEAM Academy,True,0,Gateway Science Charter,True,2,False,False
2026-08-29,Blue Springs South,True,2,"Greenbrier(Greenbrier, AR)",False,1,False,False
2026-08-29,Blue Springs South,True,2,"Greenwood(Greenwood , AR)",False,0,False,False
2026-08-29,Christian Fellowship Sr.,True,0,Hallsville,True,2,False,False
2026-08-29,Montgomery County,True,1,Hallsville,True,1,False,False
2026-08-29,Linn,True,0,Hallsville,True,2,False,False
2026-08-29,Father Tolton,True,0,Hallsville,True,2,False,False
2026-08-29,Hazelwood West,True,2,Hazelwood Central,True,0,False,False
2026-08-29,Jennings,True,0,Hazelwood Central,True,2,False,False
2026-08-29,McCluer,True,0,Hazelwood Central,True,2,False,False
2026-08-29,Hazelwood West,True,2,Hazelwood East,True,0,False,False
2026-08-29,Jennings,True,0,Hazelwood East,True,2,False,False
2026-08-29,McCluer,True,0,Hazelwood East,True,2,False,False
2026-08-29,Normandy Collaborative,False,0,Hazelwood West,True,1,False,False
2026-08-29,Jennings,True,0,Hazelwood West,True,2,False,False
2026-08-29,McCluer North,True,0,Hazelwood West,True,2,False,False
2026-08-29,Summit Christian Academy,True,0,Helias Catholic,True,2,False,False
2026-08-29,Lutheran South,True,1,Hermann,True,1,False,False
2026-08-29,Windsor,True,2,Hermann,True,0,False,False
2026-08-29,Orchard Farm,True,2,Hermann,True,0,False,False
2026-08-29,Notre Dame (Cape Girardeau),True,2,Hermann,True,0,False,False
2026-08-29,Poplar Bluff,True,1,Hillsboro,True,1,False,False
2026-08-29,Ste. Genevieve,True,2,Hillsboro,True,1,False,False
2026-08-29,Veritas Christian Academy,True,0,Hillsboro,True,2,False,False
2026-08-29,John Burroughs,True,1,Holt,True,2,False,False
2026-08-29,Visitation Academy,True,0,Holt,True,2,False,False
2026-08-29,Villa Duchesne,True,0,Holt,True,2,False,False
2026-08-29,McCluer North,True,0,Jennings,True,2,False,False
2026-08-29,Normandy Collaborative,False,0,Jennings,True,1,False,False
2026-08-29,Notre Dame (St. Louis),True,0,John Burroughs,True,2,False,False
2026-08-29,Lebanon,True,2,Kearney,True,0,False,False
2026-08-29,Republic,True,2,Kearney,True,0,False,False
2026-08-29,Summit Christian Academy,True,0,Kearney,True,2,False,False
2026-08-29,Liberty,True,0,Kickapoo,True,2,False,False
2026-08-29,Liberty North,True,2,Kickapoo,True,0,False,False
2026-08-29,Christian Fellowship Sr.,True,0,Kirksville,True,2,False,False
2026-08-29,Hallsville,True,2,Kirksville,True,0,False,False
2026-08-29,Montgomery County,True,2,Kirksville,True,0,False,False
2026-08-29,Tipton,True,2,Kirksville,True,0,False,False
2026-08-29,Blue Eye,True,2,Koshkonong,True,0,False,False
2026-08-29,Gainesville,True,2,Koshkonong,True,0,False,False
2026-08-29,Niangua,True,0,Koshkonong,True,2,False,False
2026-08-29,Couch,True,2,Koshkonong,True,0,False,False
2026-08-29,Benton,True,2,Lafayette County,True,0,False,False
2026-08-29,North Platte,True,0,Lathrop,True,2,False,False
2026-08-29,Penney,True,0,Lathrop,True,2,False,False
2026-08-29,Plattsburg,True,2,Lathrop,True,0,False,False
2026-08-29,Lathrop,True,0,Lawson,True,2,False,False
2026-08-29,North Platte,True,0,Lawson,True,2,False,False
2026-08-29,Mid-Buchanan,True,2,Lawson,True,0,False,False
2026-08-29,Springfield Catholic,True,1,Lebanon,True,1,False,False
2026-08-29,Mt. Vernon,True,1,Lebanon,True,1,False,False
2026-08-29,Nixa,True,2,Liberty,True,0,False,False
2026-08-29,Nixa,True,2,Liberty North,True,1,False,False
2026-08-29,Gateway Science Charter,True,2,Lift for Life Academy Charter,True,1,False,False
2026-08-29,STEAM Academy,True,2,Lift for Life Academy Charter,True,0,False,False
2026-08-29,Tipton,True,0,Linn,True,2,False,False
2026-08-29,Father Tolton,True,0,Linn,True,2,False,False
2026-08-29,Montgomery County,True,0,Linn,True,2,False,False
2026-08-29,Blue Eye,True,2,Lutie,True,0,False,False
2026-08-29,Seymour,True,2,Lutie,True,0,False,False
2026-08-29,Koshkonong,True,2,"Mammoth Spring(Mammoth Spring, AR)",False,0,False,False
2026-08-29,Gainesville,True,2,"Mammoth Springs(Mammoth Springs, AR)",False,0,False,False
2026-08-29,Winona,True,2,Marionville,True,0,False,False
2026-08-29,Miller,True,2,Marionville,True,0,False,False
2026-08-29,Sarcoxie,True,2,Marionville,True,0,False,False
2026-08-29,Capital City,True,0,Marshfield,True,3,False,False
2026-08-29,Hannibal,True,2,Maryville,True,0,False,False
2026-08-29,St. Joseph Christian,True,2,Maysville,True,0,False,False
2026-08-29,West Nodaway with Nodaway-Holt,True,2,Maysville,True,0,False,False
2026-08-29,South Holt with Craig,True,2,Maysville,True,0,False,False
2026-08-29,University City,True,2,McCluer,True,0,False,False
2026-08-29,"Pea Ridge, AR(Pea Ridge, AR)",False,2,McDonald County,True,0,False,False
2026-08-29,"Rogers Heritage(Rogers, AR)",False,2,McDonald County,True,0,False,False
2026-08-29,Neosho,True,2,McDonald County,True,0,False,False
2026-08-29,Rock Bridge,True,1,MICDS,True,2,False,False
2026-08-29,Penney,True,0,Mid-Buchanan,True,2,False,False
2026-08-29,Plattsburg,True,0,Mid-Buchanan,True,2,False,False
2026-08-29,West Platte,True,0,Mid-Buchanan,True,2,False,False
2026-08-29,Winona,True,2,Miller,True,0,False,False
2026-08-29,Sarcoxie,True,0,Monett,True,2,False,False
2026-08-29,Miller,True,2,Monett,True,1,False,False
2026-08-29,New Heights Christian,True,0,Monett,True,2,False,False
2026-08-29,Pierce City,True,1,Monett,True,1,False,False
2026-08-29,Christian Fellowship Sr.,True,0,Montgomery County,True,2,False,False
2026-08-29,Tarkio with Fairfax,True,0,Mound City,True,2,False,False
2026-08-29,St. Joseph Christian,True,0,Mound City,True,2,False,False
2026-08-29,Helias Catholic,True,2,Mt. Vernon,True,0,False,False
2026-08-29,Springfield Catholic,True,0,Mt. Vernon,True,2,False,False
2026-08-29,Licking,True,2,North County,True,1,False,False
2026-08-29,Poplar Bluff,True,0,Northwest (Cedar Hill),True,2,False,False
2026-08-29,Ste. Genevieve,True,2,Northwest (Cedar Hill),True,0,False,False
2026-08-29,Veritas Christian Academy,True,0,Northwest (Cedar Hill),True,2,False,False
2026-08-29,Villa Duchesne,True,0,Notre Dame (St. Louis),True,2,False,False
2026-08-29,Visitation Academy,True,1,Notre Dame (St. Louis),True,2,False,False
2026-08-29,Bishop LeBlond,True,1,Oak Grove,True,2,False,False
2026-08-29,Notre Dame de Sion,True,0,Oak Grove,True,2,False,False
2026-08-29,John Burroughs,True,1,Oakville,True,1,False,False
2026-08-29,Notre Dame (St. Louis),True,0,Oakville,True,2,False,False
2026-08-29,Holt,True,0,Oakville,True,2,False,False
2026-08-29,Rockwood Summit,True,1,Oakville,True,1,False,False
2026-08-29,Windsor (Imperial),True,1,Orchard Farm,True,1,False,False
2026-08-29,Lutheran South,True,0,Orchard Farm,True,2,False,False
2026-08-29,Pacific,True,2,Orchard Farm,True,1,False,False
2026-08-29,Stockton,True,1,Osceola,True,1,False,False
2026-08-29,Pleasant Hope,True,0,Osceola,True,2,False,False
2026-08-29,North County,True,0,Owensville,True,2,False,False
2026-08-29,Licking,True,0,Owensville,True,2,False,False
2026-08-29,Notre Dame (Cape Girardeau),True,1,Pacific,True,1,False,False
2026-08-29,Windsor (Imperial),True,1,Pacific,True,2,False,False
2026-08-29,Branson,True,2,Parkview,True,0,False,False
2026-08-29,Summit Christian Academy,True,2,Parkview,True,0,False,False
2026-08-29,Rolla,True,2,Parkview,True,0,False,False
2026-08-29,Holt,True,0,Parkway Central,True,2,False,False
2026-08-29,Orchard Farm,True,1,Parkway West,True,2,False,False
2026-08-29,Pacific,True,1,Parkway West,True,1,False,False
2026-08-29,Neosho,True,2,"Pea Ridge(Pea Ridge, AR)",False,1,False,False
2026-08-29,West Platte,True,2,Penney,True,0,False,False
2026-08-29,Sarcoxie,True,2,Pierce City,True,0,False,False
2026-08-29,New Heights Christian,True,1,Pierce City,True,1,False,False
2026-08-29,Laquey,True,0,Plato,True,2,False,False
2026-08-29,West Platte,True,2,Plattsburg,True,0,False,False
2026-08-29,Stockton,True,2,Pleasant Hope,True,0,False,False
2026-08-29,Liberal,True,2,"Pleasanton(Pleasanton, KS)",False,0,False,False
2026-08-29,Veritas Christian Academy,True,0,Poplar Bluff,True,2,False,False
2026-08-29,Central (Cape Girardeau),True,2,Poplar Bluff,True,1,False,False
2026-08-29,Seckman,True,0,Raymore-Peculiar,True,2,False,False
2026-08-29,Lebanon,True,1,Reeds Spring,True,1,False,False
2026-08-29,Springfield Catholic,True,2,Reeds Spring,True,0,False,False
2026-08-29,Mt. Vernon,True,1,Reeds Spring,True,1,False,False
2026-08-29,Rolla,True,2,Reeds Spring,True,1,False,False
2026-08-29,Helias Catholic,True,2,Republic,True,0,False,False
2026-08-29,STEAM Academy,True,2,Ritenour,True,0,False,False
2026-08-29,Gateway Science Charter,True,0,Ritenour,True,2,False,False
2026-08-29,Lift for Life Academy Charter,True,0,Ritenour,True,2,False,False
2026-08-29,North Point,True,1,Rock Bridge,True,2,False,False
2026-08-29,Saxony Lutheran,True,2,Rock Port,True,0,False,False
2026-08-29,Tarkio with Fairfax,True,1,"Rock Port JV(Rock Port , MO)",False,1,False,False
2026-08-29,Maysville,True,2,"Rock Port JV(Rock Port, MO)",False,1,False,False
2026-08-29,John Burroughs,True,0,Rockwood Summit,True,2,False,False
2026-08-29,Notre Dame (St. Louis),True,0,Rockwood Summit,True,2,False,False
2026-08-29,Neosho,True,1,"Rogers Heritage(Rogers, AR)",False,2,False,False
2026-08-29,Branson,True,2,Rolla,True,0,False,False
2026-08-29,Lebanon,True,2,Rolla,True,0,False,False
2026-08-29,New Heights Christian,True,1,Sarcoxie,True,1,False,False
2026-08-29,St. Pius X (Kansas City),True,2,Savannah,True,0,False,False
2026-08-29,St. Pius X (Kansas City),True,2,Seckman,True,0,False,False
2026-08-29,Winona,True,2,Seneca,True,0,False,False
2026-08-29,Miller,True,2,Seneca,True,0,False,False
2026-08-29,Marionville,True,2,Seneca,True,0,False,False
2026-08-29,Crane,True,2,Seneca,True,0,False,False
2026-08-29,West Nodaway with Nodaway-Holt,True,2,South Holt with Craig,True,0,False,False
2026-08-29,St. Joseph Christian,True,2,South Holt with Craig,True,0,False,False
2026-08-29,Tarkio with Fairfax,True,1,South Holt with Craig,True,2,False,False
2026-08-29,West Nodaway with Nodaway-Holt,True,0,"st joseph christian(st joseph , MO)",False,2,False,False
2026-08-29,Nerinx Hall,True,2,St. Charles West,True,1,False,False
2026-08-29,Bourbon,True,2,St. James,True,0,False,False
2026-08-29,Plato,True,,St. James,True,0,False,False
2026-08-29,Warrenton,True,1,Ste. Genevieve,True,1,False,False
2026-08-29,Helias Catholic,True,1,Strafford,True,1,False,False
2026-08-29,Summit Christian Academy,True,1,Strafford,True,1,False,False
2026-08-29,Liberty (Mountain View),True,0,Sullivan,True,2,False,False
2026-08-29,Benton,True,0,Sullivan,True,2,False,False
2026-08-29,Father Tolton,True,2,Tipton,True,0,False,False
2026-08-29,Liberal,True,2,"Uniontown(Uniontown, KS)",False,0,False,False
2026-08-29,MICDS,True,2,Webster Groves,True,0,False,False
2026-08-29,North Point,True,2,Webster Groves,True,0,False,False
2026-08-29,St. Joseph Christian,True,2,West Nodaway with Nodaway-Holt,True,0,False,False
2026-08-29,St. Pius X (Festus),True,,"Althoff Catholic(Belleville, IL)",False,,False,False
2026-08-29,Rock Bridge,True,,"Belleville West(Belleville , IL)",False,,False,False
2026-08-29,Kirkwood,True,,"Bentonville(Bentonville, AR)",False,,False,False
2026-08-29,Warrenton,True,,Central (Cape Girardeau),True,,False,False
2026-08-29,St. Pius X (Festus),True,,Duchesne,True,,False,False
2026-08-29,Lutheran North,True,,Ladue Horton Watkins,True,,False,False
2026-08-29,Niangua,True,,"Mammoth Springs(Mammoth Springs, AR)",False,,False,False
2026-08-29,St. Joseph's Academy,True,,"Mater Dei(Breese, IL)",False,,False,False
2026-08-29,St. Pius X (Festus),True,,St. Joseph's Academy,True,,False,False
2026-08-31,Crystal City,True,3,Bayless,True,0,False,False
2026-08-31,Meadow Heights,True,1,Bell City,True,3,False,False
2026-08-31,East Newton,True,0,Billings,True,3,False,False
2026-08-31,Duchesne,True,3,Bowling Green,True,0,False,False
2026-08-31,Verona,True,3,Bronaugh,True,0,False,False
2026-08-31,Calvary Lutheran,True,3,Bunceton,True,0,False,False
2026-08-31,Marshfield,True,3,Cabool,True,0,False,False
2026-08-31,Cardinal Ritter,True,1,"Cahokia(Cahokia, IL)",False,2,False,False
2026-08-31,Webb City,True,1,Carl Junction,True,3,False,False
2026-08-31,Lexington,True,1,Carrollton,True,3,False,False
2026-08-31,Caruthersville,True,0,Central (New Madrid County),True,3,False,False
2026-08-31,Miller,True,3,Central (Springfield),True,1,False,False
2026-08-31,Tipton,True,3,Centralia,True,1,False,False
2026-08-31,Gloria Deo Academy,True,1,Chadwick,True,2,False,False
2026-08-31,Puxico,True,3,Clarkton,True,0,False,False
2026-08-31,Logan-Rogersville,True,1,Clever,True,3,False,False
2026-08-31,Viburnum,True,0,Cuba,True,3,False,False
2026-08-31,Saxony Lutheran,True,3,Dexter,True,1,False,False
2026-08-31,Eugene,True,3,Dixon,True,1,False,False
2026-08-31,Oakville,True,1,Eureka,True,3,False,False
2026-08-31,New Covenant Academy,True,3,Fordland,True,0,False,False
2026-08-31,Bismarck,True,3,Fredericktown,True,2,False,False
2026-08-31,Parkway Central,True,3,Ft. Zumwalt South,True,0,False,False
2026-08-31,Vashon,True,0,Gateway Science Charter,True,3,False,False
2026-08-31,Santa Fe,True,3,Green Ridge,True,0,False,False
2026-08-31,Perryville,True,3,Greenville,True,0,False,False
2026-08-31,St. Charles West,True,3,Hazelwood West,True,0,False,False
2026-08-31,Seckman,True,0,Hillsboro,True,3,False,False
2026-08-31,Bakersfield,True,0,Houston,True,3,False,False
2026-08-31,Visitation Academy,True,0,Incarnate Word Academy,True,3,False,False
2026-08-31,Thomas Jefferson Independent Day,True,3,Jasper,True,1,False,False
2026-08-31,Hermann,True,0,Jefferson City,True,3,False,False
2026-08-31,Charleston,True,0,"Joppa(Joppa , IL)",False,2,False,False
2026-08-31,Jefferson (Festus),True,3,Kingston,True,0,False,False
2026-08-31,Zalma,True,0,Leopold,True,3,False,False
2026-08-31,Leeton with Chilhowee,True,0,Lincoln,True,3,False,False
2026-08-31,Senath-Hornersville,True,0,Malden,True,3,False,False
2026-08-31,Lutheran St. Charles,True,1,Marquette,True,3,False,False
2026-08-31,Sacred Heart,True,3,Marshall,True,0,False,False
2026-08-31,Parkview,True,3,McAuley Catholic,True,0,False,False
2026-08-31,New Heights Christian,True,3,McDonald County,True,0,False,False
2026-08-31,Miller Career Academy,True,0,Metro,True,3,False,False
2026-08-31,Crane,True,0,Monett,True,3,False,False
2026-08-31,Lighthouse Sr. High,False,3,Mountain Grove,True,1,False,False
2026-08-31,Liberal,True,3,Neosho,True,0,False,False
2026-08-31,Liberty (Wentzville),True,0,North Point,True,3,False,False
2026-08-31,"Bishop Ward(Kansas city, KS)",False,0,Northland Christian,True,3,False,False
2026-08-31,Woodland,True,3,Oak Ridge,True,0,False,False
2026-08-31,Lindbergh,True,2,Pacific,True,3,False,False
2026-08-31,Notre Dame (St. Louis),True,3,Parkway North,True,0,False,False
2026-08-31,STEAM Academy,True,0,Pattonville,True,3,False,False
2026-08-31,Union,True,2,Rolla,True,3,False,False
2026-08-31,North Callaway,True,3,Russellville,True,1,False,False
2026-08-31,Butler,True,3,Skyline,True,0,False,False
2026-08-31,Crest Ridge,True,3,Smithton,True,0,False,False
2026-08-31,North Platte,True,3,South Harrison,True,0,False,False
2026-08-31,Twin Rivers,True,1,South Pemiscot,True,3,False,False
2026-08-31,Kirksville,True,0,Southern Boone,True,3,False,False
2026-08-31,Park Hill South,True,0,"St Thomas Aquinas(Overland Park, KS)",False,2,False,False
2026-08-31,St. Francis Borgia,True,0,St. Dominic,True,3,False,False
2026-08-31,Plattsburg,True,2,St. Joseph Christian,True,3,False,False
2026-08-31,Lafayette (Wildwood),True,3,St. Joseph's Academy,True,0,False,False
2026-08-31,Cole Camp,True,3,St. Paul Lutheran (Concordia),True,1,False,False
2026-08-31,"Falls City(Falls City, NE)",False,3,Tarkio with Fairfax,True,0,False,False
2026-08-31,Park Hill South,True,0,"Tecumseh-Shawnee Heights(Shawnee, KS)",False,2,False,False
2026-08-31,Battle,True,3,Troy Buchanan,True,1,False,False
2026-08-31,DeSoto,True,0,Valle Catholic,True,3,False,False
2026-08-31,California,True,3,Versailles,True,1,False,False
2026-08-31,Ft. Zumwalt East,True,0,Warrenton,True,3,False,False
2026-08-31,Odessa,True,3,Wellington-Napoleon,True,0,False,False
2026-08-31,"Mountain Home(Mountain Home, AR)",False,0,West Plains,True,3,False,False
2026-08-31,Wright City,True,0,Winfield,True,3,False,False
2026-08-31,West Plains,True,,Collegiate School of Med-Bio Science,True,,False,False
2026-08-31,Rosati-Kain,True,,Lutheran North,True,,False,False
2026-08-31,Believe Acad Charter,True,,Maplewood-Richmond Hts.,True,,False,False
2026-08-31,Francis Howell Central,True,,Parkway West,True,,False,False
2026-09-01,Paseo Academy,True,3,Academie Lafayette,True,0,False,False
2026-09-01,Gateway with Soldan International Studies,True,0,Affton,True,3,False,False
2026-09-01,Crest Ridge,True,3,Appleton City with Montrose,True,0,False,False
2026-09-01,Sherwood,True,0,Archie,True,3,False,False
2026-09-01,Dora,True,0,Ava,True,3,False,False
2026-09-01,Eldon,True,0,Battle,True,3,False,False
2026-09-01,Maplewood-Richmond Hts.,True,1,Bayless,True,1,False,False
2026-09-01,Valley Park,True,0,Bayless,True,2,False,False
2026-09-01,Hancock,True,0,Bayless,True,2,False,False
2026-09-01,Leopold,True,3,Bell City,True,2,False,False
2026-09-01,Grain Valley,True,2,Belton,True,3,False,False
2026-09-01,Maryville,True,3,Benton,True,2,False,False
2026-09-01,Lawson,True,1,Bishop LeBlond,True,3,False,False
2026-09-01,Ellington,True,3,Bismarck,True,0,False,False
2026-09-01,Clearwater,True,1,Bloomfield,True,3,False,False
2026-09-01,Purdy,True,0,Blue Eye,True,3,False,False
2026-09-01,Blue Springs South,True,3,Blue Springs,True,2,False,False
2026-09-01,Strafford,True,2,Bolivar,True,1,False,False
2026-09-01,Monett,True,1,Bolivar,True,2,False,False
2026-09-01,Chadwick,True,3,Bradleyville,True,0,False,False
2026-09-01,Republic,True,3,Branson,True,1,False,False
2026-09-01,Principia,True,1,Brentwood,True,1,False,False
2026-09-01,Grandview (Hillsboro),True,0,Brentwood,True,2,False,False
2026-09-01,Crossroads College Preparatory,True,0,Brentwood,True,2,False,False
2026-09-01,Aurora,True,2,Buffalo,True,3,False,False
2026-09-01,Bakersfield,True,0,Cabool,True,3,False,False
2026-09-01,Lebanon,True,3,Camdenton,True,1,False,False
2026-09-01,Kennett,True,2,Campbell,True,3,False,False
2026-09-01,Carthage,True,3,Carl Junction,True,1,False,False
2026-09-01,Santa Fe,True,3,Carrollton,True,0,False,False
2026-09-01,Winnetonka,True,0,Center,True,3,False,False
2026-09-01,Wright City,True,3,Chamois,True,0,False,False
2026-09-01,La Monte,True,3,Christian Fellowship Sr.,True,0,False,False
2026-09-01,Webb City,True,3,Clever,True,0,False,False
2026-09-01,Holden,True,0,Cole Camp,True,3,False,False
2026-09-01,Otterville,True,3,Columbia Independent,True,1,False,False
2026-09-01,Clarkton,True,3,Cooter,True,1,False,False
2026-09-01,Eminence,True,3,Couch,True,0,False,False
2026-09-01,Daniel Academy Sr. High,False,3,Cristo Rey,True,1,False,False
2026-09-01,Principia,True,2,Crossroads College Preparatory,True,0,False,False
2026-09-01,New Haven,True,0,Cuba,True,3,False,False
2026-09-01,Arcadia Valley,True,1,Dexter,True,3,False,False
2026-09-01,East Prairie,True,2,Doniphan,True,3,False,False
2026-09-01,Hume,True,0,Drexel,True,3,False,False
2026-09-01,Sarcoxie,True,1,East Newton,True,3,False,False
2026-09-01,Charleston,True,0,"Egyptian(Tamms, IL)",False,2,False,False
2026-09-01,Clinton,True,3,El Dorado Springs,True,0,False,False
2026-09-01,Skyline,True,2,Fair Grove,True,3,False,False
2026-09-01,"Bishop Ward(Kansas City, KS)",False,0,Faith Christian Academy,True,3,False,False
2026-09-01,California,True,2,Father Tolton,True,3,False,False
2026-09-01,Helias Catholic,True,3,Fatima,True,0,False,False
2026-09-01,Central (Park Hills),True,0,Festus,True,3,False,False
2026-09-01,Seymour,True,1,Fordland,True,3,False,False
2026-09-01,Kearney,True,1,Fort Osage,True,3,False,False
2026-09-01,Guadalupe Centers Charter,True,2,Frontier STEM,True,0,False,False
2026-09-01,"Kansas School for the Deaf(Olathe, KS)",False,2,Frontier STEM,True,1,False,False
2026-09-01,St. Charles West,True,0,Ft. Zumwalt North,True,3,False,False
2026-09-01,Ft. Zumwalt South,True,0,Ft. Zumwalt West,True,3,False,False
2026-09-01,Centralia,True,0,Fulton,True,3,False,False
2026-09-01,Koshkonong,True,0,Gainesville,True,3,False,False
2026-09-01,Central (New Madrid County),True,0,Gideon,True,3,False,False
2026-09-01,Jasper,True,3,Golden City,True,0,False,False
2026-09-01,Raytown South,True,1,Grandview,True,3,False,False
2026-09-01,Crossroads College Preparatory,True,0,Grandview (Hillsboro),True,2,False,False
2026-09-01,Principia,True,1,Grandview (Hillsboro),True,1,False,False
2026-09-01,Galena,True,0,Greenwood,True,3,False,False
2026-09-01,Valley Park,True,1,Hancock,True,1,False,False
2026-09-01,Troy Buchanan,True,0,Hannibal,True,3,False,False
2026-09-01,Butler,True,3,Harrisonville,True,2,False,False
2026-09-01,Malden,True,3,Hayti,True,0,False,False
2026-09-01,Fredericktown,True,3,Herculaneum,True,0,False,False
2026-09-01,Capital City,True,0,Hickman,True,3,False,False
2026-09-01,Glendale,True,3,Hillcrest,True,0,False,False
2026-09-01,Parkview,True,0,Hollister,True,3,False,False
2026-09-01,Guadalupe Centers Charter,True,0,"Kansas School for the Deaf(Olathe, KS)",False,2,False,False
2026-09-01,Marshall,True,0,Kirksville,True,3,False,False
2026-09-01,Leeton with Chilhowee,True,0,Lakeland,True,2,False,False
2026-09-01,Northeast Vernon County,True,0,Lakeland,True,2,False,False
2026-09-01,Chillicothe,True,3,Lathrop,True,1,False,False
2026-09-01,Lee's Summit,True,1,Lee's Summit North,True,3,False,False
2026-09-01,Raymore-Peculiar,True,0,Lee's Summit West,True,3,False,False
2026-09-01,Northeast Vernon County,True,0,Leeton with Chilhowee,True,2,False,False
2026-09-01,Valley,True,1,Lesterville,True,3,False,False
2026-09-01,"Baxter Springs , Baxter Springs, KS(, )",False,2,Liberal,True,1,False,False
2026-09-01,"Oswego , Oswego, KS(, )",False,1,Liberal,True,2,False,False
2026-09-01,Central (St. Joseph),True,2,Liberty,True,3,False,False
2026-09-01,Liberty (Mountain View),True,3,Licking,True,1,False,False
2026-09-01,Ozark,True,3,Logan-Rogersville,True,1,False,False
2026-09-01,Lafayette County,True,3,Lone Jack,True,1,False,False
2026-09-01,STEAM Academy,True,2,Lutheran North,True,2,False,False
2026-09-01,Nerinx Hall,True,3,Lutheran South,True,1,False,False
2026-09-01,John Burroughs,True,3,Lutheran St. Charles,True,2,False,False
2026-09-01,Houston,True,3,Lutie,True,0,False,False
2026-09-01,Gloria Deo Academy,True,3,Mansfield,True,0,False,False
2026-09-01,Hancock,True,0,Maplewood-Richmond Hts.,True,2,False,False
2026-09-01,Valley Park,True,0,Maplewood-Richmond Hts.,True,2,False,False
2026-09-01,Forsyth,True,1,Marionville,True,3,False,False
2026-09-01,Parkway Central,True,0,Marquette,True,3,False,False
2026-09-01,"Gentry(Gentry, AR)",False,1,McDonald County,True,3,False,False
2026-09-01,Hazelwood West,True,3,McKinley Classical Leadership,True,0,False,False
2026-09-01,Eugene,True,3,Mexico,True,1,False,False
2026-09-01,Rich Hill,True,3,Miami (Amoret),True,0,False,False
2026-09-01,Excelsior Springs,True,0,Mid-Buchanan,True,3,False,False
2026-09-01,Spokane,True,0,Miller,True,3,False,False
2026-09-01,"Madison(Madison, IL)",False,3,Miller Career Academy,True,0,False,False
2026-09-01,Strafford,True,2,Monett,True,1,False,False
2026-09-01,Hermann,True,3,Montgomery County,True,1,False,False
2026-09-01,Conway,True,0,Mountain Grove,True,3,False,False
2026-09-01,Cassville,True,3,Neosho,True,0,False,False
2026-09-01,Pleasant Hill,True,3,Nevada,True,1,False,False
2026-09-01,Lockwood,True,3,New Heights Christian,True,0,False,False
2026-09-01,New Bloomfield,True,0,North Callaway,True,3,False,False
2026-09-01,West Plains,True,3,Northeast (Kansas City),True,0,False,False
2026-09-01,Lutheran (Kansas City),True,0,Northland Christian,True,3,False,False
2026-09-01,Prairie Home,True,0,Northwest (Hughesville),True,3,False,False
2026-09-01,Farmington,True,3,Notre Dame (Cape Girardeau),True,2,False,False
2026-09-01,North Kansas City,True,3,Oak Park,True,1,False,False
2026-09-01,Boonville,True,1,Odessa,True,3,False,False
2026-09-01,Risco,True,3,Oran,True,1,False,False
2026-09-01,Maysville,True,3,Orrick,True,1,False,False
2026-09-01,Smith-Cotton,True,1,Osage,True,3,False,False
2026-09-01,Linn,True,3,Owensville,True,2,False,False
2026-09-01,Park Hill,True,3,Park Hill South,True,0,False,False
2026-09-01,South Harrison,True,3,Penney,True,0,False,False
2026-09-01,Woodland,True,1,Perryville,True,3,False,False
2026-09-01,Billings,True,3,Pierce City,True,0,False,False
2026-09-01,Everton,True,0,Pleasant Hope,True,3,False,False
2026-09-01,Central (Cape Girardeau),True,2,Poplar Bluff,True,3,False,False
2026-09-01,St. Vincent,True,1,Portageville,True,3,False,False
2026-09-01,West County,True,0,Potosi,True,3,False,False
2026-09-01,Scott City,True,3,Puxico,True,2,False,False
2026-09-01,William Chrisman,True,3,Raytown,True,0,False,False
2026-09-01,Central (Springfield),True,1,Reeds Spring,True,3,False,False
2026-09-01,"Falls City Sacred Heart(Falls City, NE)",False,1,Rock Port,True,3,False,False
2026-09-01,Van Horn,True,3,Ruskin,True,0,False,False
2026-09-01,Bowling Green,True,0,Russellville,True,3,False,False
2026-09-01,St. James,True,0,Salem,True,3,False,False
2026-09-01,East Buchanan,True,2,Savannah,True,3,False,False
2026-09-01,St. Pius X (Festus),True,1,Saxony Lutheran,True,3,False,False
2026-09-01,Niangua,True,0,School of the Ozarks,True,3,False,False
2026-09-01,Jefferson (Festus),True,0,Seckman,True,3,False,False
2026-09-01,"Pocahontas(Pocahontas, AR)",False,3,Senath-Hornersville,True,0,False,False
2026-09-01,McAuley Catholic,True,1,Seneca,True,3,False,False
2026-09-01,West Nodaway with Nodaway-Holt,True,3,South Holt with Craig,True,2,False,False
2026-09-01,St. Paul Lutheran (Farmington),True,3,South Iron,True,0,False,False
2026-09-01,North Pemiscot,True,3,South Pemiscot,True,0,False,False
2026-09-01,Bronaugh,True,0,Southwest (Washburn),True,3,False,False
2026-09-01,Ash Grove,True,3,Sparta,True,0,False,False
2026-09-01,Mt. Vernon,True,3,Springfield Catholic,True,0,False,False
2026-09-01,Ft. Zumwalt East,True,2,St. Charles,True,3,False,False
2026-09-01,Windsor (Imperial),True,3,St. Clair,True,1,False,False
2026-09-01,Francis Howell Central,True,0,St. Dominic,True,3,False,False
2026-09-01,Barstow,True,0,St. Michael the Archangel,True,3,False,False
2026-09-01,Pembroke Hill,True,1,St. Pius X (Kansas City),True,3,False,False
2026-09-01,Liberty North,True,3,Staley,True,0,False,False
2026-09-01,Laquey,True,0,Steelville,True,3,False,False
2026-09-01,Greenfield,True,1,Stockton,True,3,False,False
2026-09-01,Adrian,True,3,Stover,True,0,False,False
2026-09-01,Blair Oaks,True,1,Sullivan,True,3,False,False
2026-09-01,Bunker,True,2,Summersville,True,3,False,False
2026-09-01,Notre Dame de Sion,True,3,Summit Christian Academy,True,1,False,False
2026-09-01,Green Ridge,True,0,Sweet Springs,True,3,False,False
2026-09-01,North Nodaway,True,0,Tarkio with Fairfax,True,3,False,False
2026-09-01,Winona,True,3,Thayer,True,0,False,False
2026-09-01,Francis Howell,True,3,Timberland,True,1,False,False
2026-09-01,Dixon,True,0,Tipton,True,3,False,False
2026-09-01,Brookfield,True,0,Trenton,True,3,False,False
2026-09-01,Platte County,True,3,Truman,True,0,False,False
2026-09-01,Mound City,True,3,Union Star with King City,True,0,False,False
2026-09-01,Crossroads Prep Charter,True,0,University Academy Charter,True,3,False,False
2026-09-01,Ritenour,True,3,University City,True,0,False,False
2026-09-01,North County,True,0,Valle Catholic,True,3,False,False
2026-09-01,St. Louis Christian Sr.,False,2,Veritas Christian Academy,True,3,False,False
2026-09-01,Hurley,True,1,Verona,True,3,False,False
2026-09-01,Kingston,True,3,Viburnum,True,2,False,False
2026-09-01,MICDS,True,3,Villa Duchesne,True,0,False,False
2026-09-01,Lincoln,True,1,Warsaw,True,3,False,False
2026-09-01,Warrenton,True,0,Washington,True,3,False,False
2026-09-01,Lindbergh,True,3,Webster Groves,True,2,False,False
2026-09-01,Lexington,True,3,Wellington-Napoleon,True,1,False,False
2026-09-01,Willow Springs,True,0,West Plains,True,3,False,False
2026-09-01,Sheldon,True,0,Wheaton,True,3,False,False
2026-09-01,Marshfield,True,3,Willard,True,1,False,False
2026-09-01,Kingsville,True,3,Windsor,True,0,False,False
2026-09-01,Hazelwood East,True,0,Winfield,True,3,False,False
2026-09-01,Bourbon,True,,Belle,True,,False,False
2026-09-01,Ladue Horton Watkins,True,,Clayton,True,,False,False
2026-09-01,Twin Rivers,True,,Kelly,True,,False,False
2026-09-01,Bishop DuBourg,True,,KIPP St. Louis Sr.,True,,False,False
2026-09-01,Parkway West,True,,Kirkwood,True,,False,False
2026-09-01,Northwest (Cedar Hill),True,,Oakville,True,,False,False
2026-09-01,Fox,True,,Pacific,True,,False,False
2026-09-01,Visitation Academy,True,,Pattonville,True,,False,False
2026-09-01,Advance,True,,Richland (Essex),True,,False,False
2026-09-01,Lincoln College Prep,True,,"Schlagle(Kansas City, KS)",False,,False,False
2026-09-02,Lincoln,True,0,Archie,True,3,False,False
2026-09-02,Grandview (Hillsboro),True,0,Bayless,True,2,False,False
2026-09-02,Herculaneum,True,3,Bishop DuBourg,True,1,False,False
2026-09-02,Jackson,True,2,"Carterville(Carterville, IL)",False,1,False,False
2026-09-02,Lafayette (Wildwood),True,3,Cor Jesu Academy,True,2,False,False
2026-09-02,Cardinal Ritter,True,0,Crystal City,True,3,False,False
2026-09-02,Southeast,True,0,Ewing Marion Kauffman,True,3,False,False
2026-09-02,Arcadia Valley,True,0,Farmington,True,3,False,False
2026-09-02,Poplar Bluff,True,3,Fox,True,1,False,False
2026-09-02,Parkway West,True,3,Francis Howell North,True,2,False,False
2026-09-02,Hancock,True,1,Grandview (Hillsboro),True,2,False,False
2026-09-02,Valley Park,True,0,Grandview (Hillsboro),True,2,False,False
2026-09-02,Principia,True,2,Hancock,True,0,False,False
2026-09-02,Crossroads College Preparatory,True,0,Hancock,True,2,False,False
2026-09-02,Rolla,True,0,Helias Catholic,True,3,False,False
2026-09-02,Scott City,True,3,Kennett,True,0,False,False
2026-09-02,Midway,True,3,Kingsville,True,1,False,False
2026-09-02,Northeast (Kansas City),True,0,KIPP KC Legacy,True,3,False,False
2026-09-02,Bunceton,True,0,La Monte,True,3,False,False
2026-09-02,Windsor,True,3,Leeton with Chilhowee,True,0,False,False
2026-09-02,University Academy Charter,True,0,Lincoln College Prep,True,3,False,False
2026-09-02,Eldon,True,1,Linn,True,3,False,False
2026-09-02,Parkway North,True,1,Lutheran St. Charles,True,3,False,False
2026-09-02,Appleton City with Montrose,True,3,Miami (Amoret),True,0,False,False
2026-09-02,McKinley Classical Leadership,True,3,Miller Career Academy,True,0,False,False
2026-09-02,Fatima,True,3,New Haven,True,2,False,False
2026-09-02,Lee's Summit North,True,3,North Kansas City,True,0,False,False
2026-09-02,Holt,True,1,North Point,True,3,False,False
2026-09-02,Excelsior Springs,True,0,Oak Grove,True,3,False,False
2026-09-02,Penney,True,0,Orrick,True,3,False,False
2026-09-02,Washington,True,3,Owensville,True,2,False,False
2026-09-02,Jackson,True,2,"Pinckneyville(Pinckneyville, IL)",False,0,False,False
2026-09-02,Hillsboro,True,1,Potosi,True,3,False,False
2026-09-02,Tipton,True,3,Prairie Home,True,0,False,False
2026-09-02,Notre Dame (St. Louis),True,3,Ritenour,True,0,False,False
2026-09-02,Gateway with Soldan International Studies,True,1,Roosevelt,False,0,False,False
2026-09-02,Warsaw,True,3,Skyline,True,0,False,False
2026-09-02,Sweet Springs,True,3,Smithton,True,2,False,False
2026-09-02,St. Clair,True,0,St. Francis Borgia,True,3,False,False
2026-09-02,Ste. Genevieve,True,3,St. Paul Lutheran (Farmington),True,0,False,False
2026-09-02,"Murphysboro(Murphysboro, IL)",False,3,St. Vincent,True,0,False,False
2026-09-02,West Plains,True,0,Vashon,True,3,False,False
2026-09-02,St. Michael the Archangel,True,3,Warrensburg,True,0,False,False
2026-09-02,MICDS,True,3,Whitfield,True,0,False,False
2026-09-02,Oakville,True,,Eureka,True,,False,False
2026-09-02,Richland (Essex),True,,Kelly,True,,False,False
2026-09-02,Kirksville,True,,Mexico,True,,False,False
2026-09-02,Parkway South,True,,Rockwood Summit,True,,False,False
2026-09-02,Normandy Collaborative,False,,STEAM Academy,True,,False,False
2026-09-02,Kirkwood,True,,Ursuline Academy,True,,False,False
2026-09-02,Truman,True,,Van Horn,True,,False,False
2026-09-02,Clayton,True,,Westminster Christian Academy,True,,False,False
2026-09-03,Clinton,True,2,Adrian,True,3,False,False
2026-09-03,Skyline,True,3,Appleton City with Montrose,True,0,False,False
2026-09-03,Lesterville,True,3,Arcadia Valley,True,2,False,False
2026-09-03,Clever,True,3,Aurora,True,0,False,False
2026-09-03,Sparta,True,0,Ava,True,3,False,False
2026-09-03,Koshkonong,True,0,Bakersfield,True,3,False,False
2026-09-03,Holden,True,0,Barstow,True,3,False,False
2026-09-03,Brentwood,True,1,Bayless,True,2,False,False
2026-09-03,Maplewood-Richmond Hts.,True,2,Bayless,True,0,False,False
2026-09-03,Bloomfield,True,2,Bernie,True,3,False,False
2026-09-03,Exeter,True,0,Blue Eye,True,3,False,False
2026-09-03,Park Hill South,True,1,Blue Springs,True,2,False,False
2026-09-03,Staley,True,1,Blue Springs South,True,3,False,False
2026-09-03,Battle,True,2,Bolivar,True,0,False,False
2026-09-03,Capital City,True,2,Bolivar,True,1,False,False
2026-09-03,California,True,3,Boonville,True,1,False,False
2026-09-03,Kingston,True,3,Bourbon,True,2,False,False
2026-09-03,School of the Ozarks,True,3,Bradleyville,True,0,False,False
2026-09-03,Helias Catholic,True,2,Branson,True,0,False,False
2026-09-03,Principia,True,2,Brentwood,True,1,False,False
2026-09-03,Viburnum,True,0,Bunker,True,3,False,False
2026-09-03,Dixon,True,0,Calvary Lutheran,True,3,False,False
2026-09-03,Marshfield,True,2,Camdenton,True,0,False,False
2026-09-03,Branson,True,2,Camdenton,True,0,False,False
2026-09-03,Logan-Rogersville,True,2,Camdenton,True,0,False,False
2026-09-03,Risco,True,0,Campbell,True,3,False,False
2026-09-03,Hickman,True,2,Carl Junction,True,1,False,False
2026-09-03,Battle,True,2,Carl Junction,True,0,False,False
2026-09-03,Penney,True,0,Carrollton,True,3,False,False
2026-09-03,Cooter,True,3,Caruthersville,True,0,False,False
2026-09-03,Crossroads Prep Charter,True,3,Central (Kansas City),True,1,False,False
2026-09-03,Valle Catholic,True,3,Central (Park Hills),True,0,False,False
2026-09-03,Lebanon,True,3,Central (Springfield),True,0,False,False
2026-09-03,Trenton,True,1,Chillicothe,True,3,False,False
2026-09-03,Father Tolton,True,3,Christian Fellowship Sr.,True,0,False,False
2026-09-03,Gateway Legacy Sr. H.,False,3,Collegiate School of Med-Bio Science,True,1,False,False
2026-09-03,Chamois,True,0,Columbia Independent,True,3,False,False
2026-09-03,Smithton,True,1,Concordia,True,3,False,False
2026-09-03,Vashon,True,3,Confluence Prep Academy Charter with Grand Center Arts Charter,True,1,False,False
2026-09-03,Incarnate Word Academy,True,1,Cor Jesu Academy,True,3,False,False
2026-09-03,Alton,False,0,Couch,True,3,False,False
2026-09-03,Sacred Heart,True,2,Crest Ridge,True,3,False,False
2026-09-03,Frontier School of Excellence Charter,False,1,Cristo Rey,True,3,False,False
2026-09-03,Bismarck,True,3,Crystal City,True,1,False,False
2026-09-03,St. Clair,True,3,Cuba,True,2,False,False
2026-09-03,Holcomb,True,3,Delta (Deering),True,1,False,False
2026-09-03,North County,True,3,DeSoto,True,1,False,False
2026-09-03,Pleasant Hope,True,1,Diamond,True,3,False,False
2026-09-03,Twin Rivers,True,2,Doniphan,True,3,False,False
2026-09-03,Gainesville,True,3,Dora,True,0,False,False
2026-09-03,Guadalupe Centers Charter,True,3,East (Kansas City),True,0,False,False
2026-09-03,Maryville,True,3,East Buchanan,True,1,False,False
2026-09-03,Pierce City,True,0,East Newton,True,3,False,False
2026-09-03,Oran,True,0,East Prairie,True,3,False,False
2026-09-03,Buffalo,True,2,El Dorado Springs,True,3,False,False
2026-09-03,Centralia,True,1,Eldon,True,3,False,False
2026-09-03,Cabool,True,3,Eminence,True,0,False,False
2026-09-03,Stover,True,3,Eugene,True,0,False,False
2026-09-03,St. Francis Borgia,True,0,Eureka,True,3,False,False
2026-09-03,McDonald County,True,3,"Eureka Springs(Eureka Springs, AR)",False,0,False,False
2026-09-03,Gloria Deo Academy,True,0,Everton,True,3,False,False
2026-09-03,Battle,True,2,Fair Grove,True,0,False,False
2026-09-03,Bishop LeBlond,True,3,"Falls City Sacred Heart(Falls City , NE)",False,1,False,False
2026-09-03,Festus,True,1,Farmington,True,3,False,False
2026-09-03,Crane,True,2,Fordland,True,3,False,False
2026-09-03,Mountain Grove,True,3,Forsyth,True,0,False,False
2026-09-03,Truman,True,0,Fort Osage,True,3,False,False
2026-09-03,Troy Buchanan,True,2,Francis Howell Central,True,3,False,False
2026-09-03,Francis Howell,True,0,Ft. Zumwalt West,True,3,False,False
2026-09-03,Hollister,True,3,Galena,True,0,False,False
2026-09-03,Neosho,True,3,"Gentry(Gentry, AR)",False,0,False,False
2026-09-03,Verona,True,1,Golden City,True,3,False,False
2026-09-03,Blue Springs,True,2,Grain Valley,True,0,False,False
2026-09-03,Park Hill South,True,2,Grain Valley,True,0,False,False
2026-09-03,Smithville,True,3,Grandview,True,0,False,False
2026-09-03,Ash Grove,True,3,Greenfield,True,0,False,False
2026-09-03,Oak Ridge,True,3,Greenville,True,0,False,False
2026-09-03,Sunnydale Adventist Acad HS,False,0,Hallsville,True,3,False,False
2026-09-03,Central (New Madrid County),True,3,Hayti,True,0,False,False
2026-09-03,West County,True,3,Herculaneum,True,1,False,False
2026-09-03,Hillcrest,True,0,Hickman,True,2,False,False
2026-09-03,Fair Grove,True,0,Hickman,True,2,False,False
2026-09-03,Capital City,True,2,Hillcrest,True,0,False,False
2026-09-03,Smith-Cotton,True,2,Hillcrest,True,0,False,False
2026-09-03,St. Charles,True,0,Holt,True,3,False,False
2026-09-03,Dexter,True,0,Jackson,True,3,False,False
2026-09-03,McAuley Catholic,True,0,Jasper,True,3,False,False
2026-09-03,Ste. Genevieve,True,3,Jefferson (Festus),True,0,False,False
2026-09-03,Marshfield,True,0,Jefferson City,True,2,False,False
2026-09-03,West Plains,True,2,Jefferson City,True,0,False,False
2026-09-03,Branson,True,2,Jefferson City,True,1,False,False
2026-09-03,Lutheran South,True,0,John Burroughs,True,3,False,False
2026-09-03,Charleston,True,0,Kennett,True,3,False,False
2026-09-03,Russellville,True,3,La Monte,True,1,False,False
2026-09-03,Affton,True,0,Ladue Horton Watkins,True,3,False,False
2026-09-03,St. Paul Lutheran (Concordia),True,0,Lafayette County,True,3,False,False
2026-09-03,Ballard,True,1,Lakeland,True,3,False,False
2026-09-03,Stockton,True,0,Lamar,True,3,False,False
2026-09-03,St. Pius X (Kansas City),True,3,"Lansing(Lansing, KS)",False,2,False,False
2026-09-03,Cameron,True,2,Lawson,True,3,False,False
2026-09-03,Sweet Springs,True,3,Lexington,True,2,False,False
2026-09-03,Francis Howell North,True,3,Liberty (Wentzville),True,0,False,False
2026-09-03,Lee's Summit West,True,3,Liberty North,True,0,False,False
2026-09-03,Oakville,True,2,Lindbergh,True,3,False,False
2026-09-03,Billings,True,0,Lockwood,True,3,False,False
2026-09-03,Rock Bridge,True,2,Logan-Rogersville,True,0,False,False
2026-09-03,Helias Catholic,True,2,Logan-Rogersville,True,0,False,False
2026-09-03,Archie,True,2,Lone Jack,True,3,False,False
2026-09-03,"Bishop Ward(Kansas City, KS)",False,0,Lutheran (Kansas City),True,3,False,False
2026-09-03,Seymour,True,3,Lutie,True,0,False,False
2026-09-03,Principia,True,0,Maplewood-Richmond Hts.,True,2,False,False
2026-09-03,Faith Christian Academy,True,0,"Maranatha(Olathe, KS)",False,3,False,False
2026-09-03,Greenwood,True,3,Marion C. Early,True,0,False,False
2026-09-03,Southwest (Washburn),True,0,Marionville,True,3,False,False
2026-09-03,St. Pius X (Festus),True,0,Marquette,True,3,False,False
2026-09-03,Fulton,True,2,Marshall,True,3,False,False
2026-09-03,Rock Bridge,True,,Marshfield,True,0,False,False
2026-09-03,Gateway with Soldan International Studies,True,3,McCluer North,True,1,False,False
2026-09-03,Hume,True,3,Miami (Amoret),True,1,False,False
2026-09-03,Maysville,True,0,Mid-Buchanan,True,3,False,False
2026-09-03,Butler,True,3,Midway,True,1,False,False
2026-09-03,Rock Port,True,3,Mound City,True,2,False,False
2026-09-03,Joplin,True,0,Nevada,True,3,False,False
2026-09-03,Belle,True,1,New Haven,True,3,False,False
2026-09-03,"Farmington(Farmington, AR)",False,3,Nixa,True,2,False,False
2026-09-03,Montgomery County,True,0,North Callaway,True,3,False,False
2026-09-03,South Holt with Craig,True,3,North Nodaway,True,1,False,False
2026-09-03,West Nodaway with Nodaway-Holt,True,3,North Platte,True,0,False,False
2026-09-03,Ft. Zumwalt East,True,0,North Point,True,3,False,False
2026-09-03,"F. L. Schlagle(Kansas City, KS)",False,3,Northeast (Kansas City),True,1,False,False
2026-09-03,West Platte,True,2,Northland Christian,True,3,False,False
2026-09-03,Seckman,True,3,Northwest (Cedar Hill),True,0,False,False
2026-09-03,Santa Fe,True,3,Northwest (Hughesville),True,0,False,False
2026-09-03,Potosi,True,3,Notre Dame (Cape Girardeau),True,0,False,False
2026-09-03,Central (St. Joseph),True,3,Oak Park,True,2,False,False
2026-09-03,Knob Noster,True,0,Odessa,True,3,False,False
2026-09-03,Winfield,True,0,Orchard Farm,True,3,False,False
2026-09-03,Blair Oaks,True,3,Osage,True,1,False,False
2026-09-03,Green Ridge,True,0,Osceola,True,3,False,False
2026-09-03,Kingsville,True,0,Otterville,True,3,False,False
2026-09-03,Liberty,True,1,Park Hill,True,3,False,False
2026-09-03,Monett,True,3,Parkview,True,0,False,False
2026-09-03,STEAM Academy,True,0,Parkway North,True,3,False,False
2026-09-03,"JC Harmon(Kansas City, KS)",False,3,Paseo Academy,True,0,False,False
2026-09-03,St. Teresa's Academy,True,3,Pembroke Hill,True,0,False,False
2026-09-03,Mt. Vernon,True,1,"Pittsburg(Pittsburg, KS)",False,2,False,False
2026-09-03,Conway,True,3,Plato,True,1,False,False
2026-09-03,St. Michael the Archangel,True,3,Pleasant Hill,True,0,False,False
2026-09-03,Scott City,True,3,Portageville,True,1,False,False
2026-09-03,Bunceton,True,0,Prairie Home,True,3,False,False
2026-09-03,New Heights Christian,True,3,Purdy,True,0,False,False
2026-09-03,Ruskin,True,0,Raytown South,True,3,False,False
2026-09-03,Ritenour,True,3,Rosati-Kain,True,0,False,False
2026-09-03,Sullivan,True,3,Salem,True,0,False,False
2026-09-03,Cassville,True,1,Sarcoxie,True,3,False,False
2026-09-03,Southland,True,0,Senath-Hornersville,True,3,False,False
2026-09-03,Northeast Vernon County,True,0,Sheldon,True,3,False,False
2026-09-03,Drexel,True,3,Sherwood,True,0,False,False
2026-09-03,Bolivar,True,1,Smith-Cotton,True,2,False,False
2026-09-03,Fredericktown,True,3,South Iron,True,0,False,False
2026-09-03,Malden,True,3,South Pemiscot,True,0,False,False
2026-09-03,Lighthouse Sr. High,False,3,Springfield Catholic,True,0,False,False
2026-09-03,Warrenton,True,3,St. Charles West,True,1,False,False
2026-09-03,Rolla,True,3,St. James,True,0,False,False
2026-09-03,Savannah,True,3,St. Joseph Christian,True,0,False,False
2026-09-03,Valley,True,0,St. Paul Lutheran (Farmington),True,3,False,False
2026-09-03,"Christ Prepatory(Lenexa, KS)",False,1,Summit Christian Academy,True,3,False,False
2026-09-03,Summersville,True,3,Thayer,True,1,False,False
2026-09-03,Versailles,True,3,Tipton,True,0,False,False
2026-09-03,Tarkio with Fairfax,True,3,Union Star with King City,True,1,False,False
2026-09-03,Lutheran North,True,3,University City,True,0,False,False
2026-09-03,Notre Dame (St. Louis),True,3,Visitation Academy,True,1,False,False
2026-09-03,Notre Dame de Sion,True,3,Warrensburg,True,0,False,False
2026-09-03,Ft. Zumwalt South,True,1,Washington,True,3,False,False
2026-09-03,Mt. Vernon,True,0,Webb City,True,,False,False
2026-09-03,Plattsburg,True,1,Wellington-Napoleon,True,3,False,False
2026-09-03,Rock Bridge,True,1,West Plains,True,2,False,False
2026-09-03,Helias Catholic,True,2,West Plains,True,0,False,False
2026-09-03,Lutheran St. Charles,True,1,Westminster Christian Academy,True,3,False,False
2026-09-03,New Covenant Academy,True,3,Willard,True,0,False,False
2026-09-03,Belton,True,3,William Chrisman,True,0,False,False
2026-09-03,Reeds Spring,True,2,Willow Springs,True,3,False,False
2026-09-03,Union,True,3,Windsor (Imperial),True,2,False,False
2026-09-03,Bowling Green,True,0,Wright City,True,3,False,False
2026-09-03,Capital City,True,,Carl Junction,True,,False,False
2026-09-03,Richland (Essex),True,,Clarkton,True,,False,False
2026-09-03,KIPP St. Louis Sr.,True,,Confluence Prep Academy Charter with Grand Center Arts Charter,True,,False,False
2026-09-03,Wheaton,True,,Hurley,True,,False,False
2026-09-03,Winnetonka,True,,Kearney,True,,False,False
2026-09-03,Mansfield,True,,Laquey,True,,False,False
2026-09-03,Zalma,True,,Meadow Heights,True,,False,False
2026-09-03,Webster Groves,True,,Nerinx Hall,True,,False,False
2026-09-03,Raytown,True,,Platte County,True,,False,False
2026-09-03,Lee's Summit,True,,Raymore-Peculiar,True,,False,False
2026-09-03,Lathrop,True,,Richmond,True,,False,False
2026-09-03,Pattonville,True,,Rockwood Summit,True,,False,False
2026-09-03,New Bloomfield,True,,Southern Boone,True,,False,False
2026-09-03,Hillsboro,True,,St. Vincent,True,,False,False
2026-09-03,Ft. Zumwalt North,True,,Timberland,True,,False,False
2026-09-03,St. Joseph's Academy,True,,Ursuline Academy,True,,False,False
2026-09-03,St. Dominic,True,,Villa Duchesne,True,,False,False
2026-09-03,"Pittsburg(, )",False,,Webb City,True,,False,False
2026-09-03,Capital City,True,,West Plains,True,,False,False
2026-09-04,Woodland,True,3,Bell City,True,1,False,False
2026-09-04,Advance,True,3,Bernie,True,0,False,False
2026-09-04,McKinley Classical Leadership,True,0,Bishop DuBourg,True,3,False,False
2026-09-04,Portageville,True,1,Campbell,True,3,False,False
2026-09-04,Belle,True,3,Chamois,True,0,False,False
2026-09-04,MICDS,True,3,Clayton,True,0,False,False
2026-09-04,West County,True,3,Clearwater,True,0,False,False
2026-09-04,"Viola high school(Viola, AR)",False,0,Couch,True,3,False,False
2026-09-04,Blue Eye,True,3,Crane,True,0,False,False
2026-09-04,Winona,True,3,Ellington,True,0,False,False
2026-09-04,Bakersfield,True,0,Eminence,True,3,False,False
2026-09-04,Bradleyville,True,0,Gainesville,True,3,False,False
2026-09-04,Veritas Christian Academy,True,1,Grandview (Hillsboro),True,3,False,False
2026-09-04,Kickapoo,True,1,Helias Catholic,True,2,False,False
2026-09-04,Nixa,True,1,Helias Catholic,True,2,False,False
2026-09-04,Kickapoo,True,2,Jefferson City,True,0,False,False
2026-09-04,Nixa,True,2,Jefferson City,True,0,False,False
2026-09-04,"Mammoth Spring(Mammoth Spring, AR)",False,0,Koshkonong,True,3,False,False
2026-09-04,Perryville,True,3,Leopold,True,1,False,False
2026-09-04,Oak Ridge,True,3,Meadow Heights,True,0,False,False
2026-09-04,Lee's Summit North,True,3,"Millard South HS(Omaha, NE)",False,2,False,False
2026-09-04,Lee's Summit,True,0,"Omaha Westside(Omaha, NE)",False,3,False,False
2026-09-04,Ladue Horton Watkins,True,0,Parkway South,True,3,False,False
2026-09-04,Seymour,True,0,Plato,True,3,False,False
2026-09-04,Hurley,True,1,Purdy,True,3,False,False
2026-09-04,Cooter,True,1,Risco,True,3,False,False
2026-09-04,Metro,True,3,Rosati-Kain,True,0,False,False
2026-09-04,Clarkton,True,2,Senath-Hornersville,True,3,False,False
2026-09-04,Dixon,True,3,Steelville,True,0,False,False
2026-09-04,Cabool,True,3,Summersville,True,0,False,False
2026-09-04,Bunker,True,2,Valley,True,3,False,False
2026-09-04,Bourbon,True,1,Viburnum,True,3,False,False
2026-09-04,North Pemiscot,True,,Bloomfield,True,,False,False
2026-09-04,Lafayette (Wildwood),True,,"Bloomington(Bloomington, IL)",False,,False,False
2026-09-04,Niangua,True,,Everton,True,,False,False
2026-09-04,Chadwick,True,,Fordland,True,,False,False
2026-09-04,Vashon,True,,KIPP St. Louis Sr.,True,,False,False
2026-09-04,Believe Acad Charter,True,,McCluer North,True,,False,False
2026-09-04,Kelly,True,,Puxico,True,,False,False
2026-09-04,Lafayette (Wildwood),True,,"Washington(Washington, IL)",False,,False,False
2026-09-05,Lutheran South,True,1,"Alton(Alton, IL)",False,2,False,False
2026-09-05,Sikeston,True,0,"Benton(Benton, IL)",False,2,False,False
2026-09-05,Sikeston,True,1,"Carbondale(Carbondale , IL)",False,2,False,False
2026-09-05,William Chrisman,True,0,Center,True,2,False,False
2026-09-05,Neosho,True,0,Clinton,True,2,False,False
2026-09-05,Lamar,True,0,Clinton,True,2,False,False
2026-09-05,Joplin,True,0,Clinton,True,2,False,False
2026-09-05,Lone Jack,True,0,Clinton,True,2,False,False
2026-09-05,Harrisonville,True,0,Clinton,True,2,False,False
2026-09-05,Nevada,True,2,Clinton,True,1,False,False
2026-09-05,St. Clair,True,0,"Dyer County(Newbern, TN)",False,2,False,False
2026-09-05,Jackson,True,2,"Dyer County(Dyersburg, TN)",False,0,False,False
2026-09-05,Galena,True,0,Everton,True,2,False,False
2026-09-05,Gloria Deo Academy,True,0,Everton,True,2,False,False
2026-09-05,McAuley Catholic,True,0,Everton,True,2,False,False
2026-09-05,Verona,True,1,Everton,True,1,False,False
2026-09-05,Southwest (Washburn),True,0,Exeter,True,2,False,False
2026-09-05,Gloria Deo Academy,True,2,Exeter,True,0,False,False
2026-09-05,McAuley Catholic,True,2,Exeter,True,0,False,False
2026-09-05,Lamar,True,2,"Frontenac(Frontenac, KS)",False,0,False,False
2026-09-05,Nevada,True,2,"Frontenac(Frontenac, KS)",False,0,False,False
2026-09-05,Harrisonville,True,1,"Frontenac(Frontenac, KS)",False,1,False,False
2026-09-05,McDonald County,True,0,"Frontenac(Frontenac, KS)",False,2,False,False
2026-09-05,Verona,True,0,Galena,True,2,False,False
2026-09-05,McAuley Catholic,True,0,Galena,True,2,False,False
2026-09-05,Northeast Vernon County,True,0,Galena,True,2,False,False
2026-09-05,St. Clair,True,2,"Gibson County(Dyer, TN)",False,0,False,False
2026-09-05,Southwest (Washburn),True,2,Golden City,True,0,False,False
2026-09-05,Exeter,True,1,Golden City,True,1,False,False
2026-09-05,Gloria Deo Academy,True,2,Golden City,True,0,False,False
2026-09-05,Sikeston,True,2,"Harrisburg(Harrisburg, IL)",False,0,False,False
2026-09-05,Nevada,True,1,Harrisonville,True,1,False,False
2026-09-05,Knob Noster,True,0,Harrisonville,True,2,False,False
2026-09-05,McDonald County,True,0,Harrisonville,True,2,False,False
2026-09-05,Lutheran South,True,2,Hermann,True,0,False,False
2026-09-05,St. Clair,True,1,"Herrin(Herrin, IL)",False,2,False,False
2026-09-05,Jackson,True,2,"Herrin(Herrin, IL)",False,0,False,False
2026-09-05,St. Francis Borgia,True,2,Holt,True,0,False,False
2026-09-05,Washington,True,1,Holt,True,2,False,False
2026-09-05,Sikeston,True,2,"Johnston City(Johnston City, IL)",False,0,False,False
2026-09-05,Lamar,True,1,Joplin,True,1,False,False
2026-09-05,Nevada,True,2,Joplin,True,0,False,False
2026-09-05,Lone Jack,True,0,Joplin,True,2,False,False
2026-09-05,Neosho,True,0,Joplin,True,2,False,False
2026-09-05,Nevada,True,2,Knob Noster,True,0,False,False
2026-09-05,McDonald County,True,1,Knob Noster,True,1,False,False
2026-09-05,Lone Jack,True,2,Knob Noster,True,1,False,False
2026-09-05,Lone Jack,True,2,Lamar,True,0,False,False
2026-09-05,Neosho,True,0,Lamar,True,2,False,False
2026-09-05,Southwest (Washburn),True,0,Lockwood,True,2,False,False
2026-09-05,Exeter,True,0,Lockwood,True,2,False,False
2026-09-05,Golden City,True,0,Lockwood,True,2,False,False
2026-09-05,Gloria Deo Academy,True,0,Lockwood,True,2,False,False
2026-09-05,Galena,True,0,Lockwood,True,2,False,False
2026-09-05,Everton,True,0,Lockwood,True,2,False,False
2026-09-05,Nevada,True,2,McDonald County,True,0,False,False
2026-09-05,Neosho,True,2,McDonald County,True,0,False,False
2026-09-05,McAuley Catholic,True,2,Northeast Vernon County,True,0,False,False
2026-09-05,Verona,True,2,Northeast Vernon County,True,0,False,False
2026-09-05,Jackson,True,1,"Northpoint(Southhaven, MS)",False,2,False,False
2026-09-05,St. Clair,True,2,Oakville,True,0,False,False
2026-09-05,Lutheran South,True,0,Orchard Farm,True,2,False,False
2026-09-05,Staley,True,0,Park Hill,True,2,False,False
2026-09-05,Staley,True,2,Park Hill South,True,0,False,False
2026-09-05,Van Horn,True,0,Raytown,True,2,False,False
2026-09-05,William Chrisman,True,1,Raytown South,True,1,False,False
2026-09-05,Ewing Marion Kauffman,True,0,Raytown South,True,2,False,False
2026-09-05,Van Horn,True,1,Raytown South,True,1,False,False
2026-09-05,Grandview,True,2,Raytown South,True,0,False,False
2026-09-05,Jackson,True,2,"Red Bud(Red Bud, IL)",False,1,False,False
2026-09-05,St. Teresa's Academy,True,2,"Skutt Catholic H.S(Omaha, NE)",False,1,False,False
2026-09-05,Gloria Deo Academy,True,1,Southwest (Washburn),True,1,False,False
2026-09-05,Verona,True,2,Southwest (Washburn),True,1,False,False
2026-09-05,Liberty (Wentzville),True,0,St. Francis Borgia,True,2,False,False
2026-09-05,St. Louis Christian Sr.,False,0,St. Francis Borgia,True,2,False,False
2026-09-05,St. Teresa's Academy,True,0,"St. Thomas Aquinas HS(Overland Park, KS)",False,2,False,False
2026-09-05,Washington,True,1,Timberland,True,1,False,False
2026-09-05,St. Francis Borgia,True,2,Timberland,True,0,False,False
2026-09-05,St. Francis Borgia,True,1,Union,True,1,False,False
2026-09-05,Holt,True,2,Union,True,0,False,False
2026-09-05,Liberty (Wentzville),True,1,Union,True,1,False,False
2026-09-05,Lutheran South,True,2,Union,True,1,False,False
2026-09-05,William Chrisman,True,2,Van Horn,True,0,False,False
2026-09-05,Ewing Marion Kauffman,True,0,Van Horn,True,2,False,False
2026-09-05,McAuley Catholic,True,1,Verona,True,1,False,False
2026-09-05,St. Louis Christian Sr.,False,2,Washington,True,0,False,False
2026-09-05,Lutheran South,True,1,Washington,True,1,False,False
2026-09-05,Ewing Marion Kauffman,True,0,William Chrisman,True,2,False,False
2026-09-05,Lafayette (Wildwood),True,,"Breese Central(Breese, IL)",False,,False,False
2026-09-05,University Academy Charter,True,,Center,True,,False,False
2026-09-05,Grandview,True,,Center,True,,False,False
2026-09-05,Raytown,True,,Center,True,,False,False
2026-09-05,University Academy Charter,True,,Grandview,True,,False,False
2026-09-05,University Academy Charter,True,,Raytown,True,,False,False
2026-09-05,Grandview,True,,Raytown,True,,False,False
2026-09-05,Farmington,True,,Webb City,True,,False,False
2026-09-05,"Shiloh(, )",False,,Webb City,True,,False,False
2026-09-06,Lutheran South,True,1,"Alton(Alton, IL)",False,2,False,False
2026-09-06,Sikeston,True,0,"Benton(Benton, IL)",False,2,False,False
2026-09-06,Sikeston,True,1,"Carbondale(Carbondale , IL)",False,2,False,False
2026-09-06,William Chrisman,True,0,Center,True,2,False,False
2026-09-06,Neosho,True,0,Clinton,True,2,False,False
2026-09-06,Lamar,True,0,Clinton,True,2,False,False
2026-09-06,Joplin,True,0,Clinton,True,2,False,False
2026-09-06,Lone Jack,True,0,Clinton,True,2,False,False
2026-09-06,Harrisonville,True,0,Clinton,True,2,False,False
2026-09-06,Nevada,True,2,Clinton,True,1,False,False
2026-09-06,St. Clair,True,0,"Dyer County(Newbern, TN)",False,2,False,False
2026-09-06,Jackson,True,2,"Dyer County(Dyersburg, TN)",False,0,False,False
2026-09-06,Galena,True,0,Everton,True,2,False,False
2026-09-06,Gloria Deo Academy,True,0,Everton,True,2,False,False
2026-09-06,McAuley Catholic,True,0,Everton,True,2,False,False
2026-09-06,Verona,True,1,Everton,True,1,False,False
2026-09-06,Southwest (Washburn),True,0,Exeter,True,2,False,False
2026-09-06,Gloria Deo Academy,True,2,Exeter,True,0,False,False
2026-09-06,McAuley Catholic,True,2,Exeter,True,0,False,False
2026-09-06,Lamar,True,2,"Frontenac(Frontenac, KS)",False,0,False,False
2026-09-06,Nevada,True,2,"Frontenac(Frontenac, KS)",False,0,False,False
2026-09-06,Harrisonville,True,1,"Frontenac(Frontenac, KS)",False,1,False,False
2026-09-06,McDonald County,True,0,"Frontenac(Frontenac, KS)",False,2,False,False
2026-09-06,Verona,True,0,Galena,True,2,False,False
2026-09-06,McAuley Catholic,True,0,Galena,True,2,False,False
2026-09-06,Northeast Vernon County,True,0,Galena,True,2,False,False
2026-09-06,St. Clair,True,2,"Gibson County(Dyer, TN)",False,0,False,False
2026-09-06,Southwest (Washburn),True,2,Golden City,True,0,False,False
2026-09-06,Exeter,True,1,Golden City,True,1,False,False
2026-09-06,Gloria Deo Academy,True,2,Golden City,True,0,False,False
2026-09-06,Sikeston,True,2,"Harrisburg(Harrisburg, IL)",False,0,False,False
2026-09-06,Nevada,True,1,Harrisonville,True,1,False,False
2026-09-06,Knob Noster,True,0,Harrisonville,True,2,False,False
2026-09-06,McDonald County,True,0,Harrisonville,True,2,False,False
2026-09-06,Lutheran South,True,2,Hermann,True,0,False,False
2026-09-06,St. Clair,True,1,"Herrin(Herrin, IL)",False,2,False,False
2026-09-06,Jackson,True,2,"Herrin(Herrin, IL)",False,0,False,False
2026-09-06,St. Francis Borgia,True,2,Holt,True,0,False,False
2026-09-06,Washington,True,1,Holt,True,2,False,False
2026-09-06,Sikeston,True,2,"Johnston City(Johnston City, IL)",False,0,False,False
2026-09-06,Lamar,True,1,Joplin,True,1,False,False
2026-09-06,Nevada,True,2,Joplin,True,0,False,False
2026-09-06,Lone Jack,True,0,Joplin,True,2,False,False
2026-09-06,Neosho,True,0,Joplin,True,2,False,False
2026-09-06,Nevada,True,2,Knob Noster,True,0,False,False
2026-09-06,McDonald County,True,1,Knob Noster,True,1,False,False
2026-09-06,Lone Jack,True,2,Knob Noster,True,1,False,False
2026-09-06,Lone Jack,True,2,Lamar,True,0,False,False
2026-09-06,Neosho,True,0,Lamar,True,2,False,False
2026-09-06,Southwest (Washburn),True,0,Lockwood,True,2,False,False
2026-09-06,Exeter,True,0,Lockwood,True,2,False,False
2026-09-06,Golden City,True,0,Lockwood,True,2,False,False
2026-09-06,Gloria Deo Academy,True,0,Lockwood,True,2,False,False
2026-09-06,Galena,True,0,Lockwood,True,2,False,False
2026-09-06,Everton,True,0,Lockwood,True,2,False,False
2026-09-06,Nevada,True,2,McDonald County,True,0,False,False
2026-09-06,Neosho,True,2,McDonald County,True,0,False,False
2026-09-06,McAuley Catholic,True,2,Northeast Vernon County,True,0,False,False
2026-09-06,Verona,True,2,Northeast Vernon County,True,0,False,False
2026-09-06,Jackson,True,1,"Northpoint(Southhaven, MS)",False,2,False,False
2026-09-06,St. Clair,True,2,Oakville,True,0,False,False
2026-09-06,Lutheran South,True,0,Orchard Farm,True,2,False,False
2026-09-06,Staley,True,0,Park Hill,True,2,False,False
2026-09-06,Staley,True,2,Park Hill South,True,0,False,False
2026-09-06,Van Horn,True,0,Raytown,True,2,False,False
2026-09-06,William Chrisman,True,1,Raytown South,True,1,False,False
2026-09-06,Ewing Marion Kauffman,True,0,Raytown South,True,2,False,False
2026-09-06,Van Horn,True,1,Raytown South,True,1,False,False
2026-09-06,Grandview,True,2,Raytown South,True,0,False,False
2026-09-06,Jackson,True,2,"Red Bud(Red Bud, IL)",False,1,False,False
2026-09-06,St. Teresa's Academy,True,2,"Skutt Catholic H.S(Omaha, NE)",False,1,False,False
2026-09-06,Gloria Deo Academy,True,1,Southwest (Washburn),True,1,False,False
2026-09-06,Verona,True,2,Southwest (Washburn),True,1,False,False
2026-09-06,Liberty (Wentzville),True,0,St. Francis Borgia,True,2,False,False
2026-09-06,St. Louis Christian Sr.,False,0,St. Francis Borgia,True,2,False,False
2026-09-06,St. Teresa's Academy,True,0,"St. Thomas Aquinas HS(Overland Park, KS)",False,2,False,False
2026-09-06,Washington,True,1,Timberland,True,1,False,False
2026-09-06,St. Francis Borgia,True,2,Timberland,True,0,False,False
2026-09-06,St. Francis Borgia,True,1,Union,True,1,False,False
2026-09-06,Holt,True,2,Union,True,0,False,False
2026-09-06,Liberty (Wentzville),True,1,Union,True,1,False,False
2026-09-06,Lutheran South,True,2,Union,True,1,False,False
2026-09-06,William Chrisman,True,2,Van Horn,True,0,False,False
2026-09-06,Ewing Marion Kauffman,True,0,Van Horn,True,2,False,False
2026-09-06,McAuley Catholic,True,1,Verona,True,1,False,False
2026-09-06,St. Louis Christian Sr.,False,2,Washington,True,0,False,False
2026-09-06,Lutheran South,True,1,Washington,True,1,False,False
2026-09-06,Ewing Marion Kauffman,True,0,William Chrisman,True,2,False,False
2026-09-06,Lafayette (Wildwood),True,,"Breese Central(Breese, IL)",False,,False,False
2026-09-06,University Academy Charter,True,,Center,True,,False,False
2026-09-06,Grandview,True,,Center,True,,False,False
2026-09-06,Raytown,True,,Center,True,,False,False
2026-09-06,University Academy Charter,True,,Grandview,True,,False,False
2026-09-06,University Academy Charter,True,,Raytown,True,,False,False
2026-09-06,Grandview,True,,Raytown,True,,False,False
2026-09-06,Farmington,True,,Webb City,True,,False,False
2026-09-06,"Shiloh(, )",False,,Webb City,True,,False,False
2026-09-07,Marshall,True,3,Brookfield,True,0,False,False
2026-09-07,Seneca,True,0,Crane,True,3,False,False
2026-09-07,Holcomb,True,3,Hayti,True,0,False,False
2026-09-07,Spokane,True,2,Hollister,True,3,False,False
2026-09-07,Clinton,True,3,Knob Noster,True,0,False,False
2026-09-07,Diamond,True,0,Lamar,True,3,False,False
2026-09-07,Aurora,True,2,Marshfield,True,3,False,False
2026-09-07,New Heights Christian,True,3,McAuley Catholic,True,0,False,False
2026-09-07,Warsaw,True,3,Osceola,True,1,False,False
2026-09-07,Laquey,True,0,Plato,True,3,False,False
2026-09-07,Central (Springfield),True,0,Republic,True,3,False,False
2026-09-07,Jasper,True,3,Rich Hill,True,1,False,False
2026-09-07,Concordia,True,3,Sacred Heart,True,0,False,False
2026-09-07,Trenton,True,,Cameron,True,,False,False
2026-09-07,Monett,True,,Neosho,True,,False,False
2026-09-07,Jennings,True,,Normandy Collaborative,False,,False,False
2026-09-07,East Prairie,True,,North Pemiscot,True,,False,False
2026-09-08,Barstow,True,3,Archie,True,2,False,False
2026-09-08,Forsyth,True,3,Aurora,True,2,False,False
2026-09-08,Drexel,True,3,Ballard,True,1,False,False
2026-09-08,Crossroads College Preparatory,True,0,Bayless,True,3,False,False
2026-09-08,Fort Osage,True,1,Belton,True,3,False,False
2026-09-08,Conway,True,1,Billings,True,3,False,False
2026-09-08,Liberty North,True,3,Blue Springs South,True,1,False,False
2026-09-08,Cuba,True,3,Bourbon,True,0,False,False
2026-09-08,Montgomery County,True,3,Bowling Green,True,2,False,False
2026-09-08,"Siloam Springs(Siloam Springs, AR)",False,3,Carthage,True,1,False,False
2026-09-08,Lee's Summit North,True,3,Central (St. Joseph),True,0,False,False
2026-09-08,Otterville,True,3,Chamois,True,0,False,False
2026-09-08,Gideon,True,3,Clarkton,True,0,False,False
2026-09-08,Versailles,True,0,Clinton,True,3,False,False
2026-09-08,Bishop DuBourg,True,2,Collegiate School of Med-Bio Science,True,3,False,False
2026-09-08,La Monte,True,1,Columbia Independent,True,3,False,False
2026-09-08,McKinley Classical Leadership,True,3,Confluence Prep Academy Charter with Grand Center Arts Charter,True,1,False,False
2026-09-08,Central (Cape Girardeau),True,0,Dexter,True,3,False,False
2026-09-08,Eugene,True,0,Eldon,True,3,False,False
2026-09-08,Central (Kansas City),True,2,"F. L. Schlagle(Kansas City, KS)",False,,False,False
2026-09-08,Linn,True,2,Fatima,True,3,False,False
2026-09-08,North Point,True,3,Francis Howell,True,1,False,False
2026-09-08,Troy Buchanan,True,3,Ft. Zumwalt North,True,2,False,False
2026-09-08,Seymour,True,0,Gainesville,True,3,False,False
2026-09-08,St. Paul Lutheran (Farmington),True,3,Greenville,True,2,False,False
2026-09-08,Ste. Genevieve,True,3,Herculaneum,True,0,False,False
2026-09-08,Willard,True,2,Hillcrest,True,0,False,False
2026-09-08,Oak Grove,True,3,Holden,True,0,False,False
2026-09-08,Ava,True,1,Hollister,True,3,False,False
2026-09-08,Summersville,True,2,Houston,True,3,False,False
2026-09-08,Poplar Bluff,True,0,Jackson,True,3,False,False
2026-09-08,McCluer,True,2,Jennings,True,3,False,False
2026-09-08,MICDS,True,3,Ladue Horton Watkins,True,0,False,False
2026-09-08,Blue Springs,True,0,Lee's Summit,True,3,False,False
2026-09-08,Appleton City with Montrose,True,3,Leeton with Chilhowee,True,0,False,False
2026-09-08,Mehlville,True,3,Lindbergh,True,0,False,False
2026-09-08,Buffalo,True,0,Logan-Rogersville,True,3,False,False
2026-09-08,Lighthouse Sr. High,False,3,Marionville,True,1,False,False
2026-09-08,Kirkwood,True,3,Marquette,True,0,False,False
2026-09-08,Warrensburg,True,3,Marshall,True,0,False,False
2026-09-08,Bishop LeBlond,True,2,Maryville,True,3,False,False
2026-09-08,Affton,True,3,Metro,True,0,False,False
2026-09-08,Hallsville,True,3,Mexico,True,0,False,False
2026-09-08,Galena,True,0,New Covenant Academy,True,3,False,False
2026-09-08,Pierce City,True,3,New Heights Christian,True,2,False,False
2026-09-08,Ursuline Academy,True,3,Notre Dame (St. Louis),True,0,False,False
2026-09-08,"Christ Preparatory(Lenexa, KS)",False,0,Notre Dame de Sion,True,3,False,False
2026-09-08,Cristo Rey,True,0,Paseo Academy,True,3,False,False
2026-09-08,Wellington-Napoleon,True,3,Penney,True,0,False,False
2026-09-08,Leopold,True,2,Perryville,True,3,False,False
2026-09-08,Cabool,True,3,Plato,True,0,False,False
2026-09-08,Hayti,True,0,Portageville,True,3,False,False
2026-09-08,Van Horn,True,1,Raytown South,True,3,False,False
2026-09-08,Eureka,True,3,Rockwood Summit,True,0,False,False
2026-09-08,Kearney,True,3,Ruskin,True,0,False,False
2026-09-08,Eminence,True,2,Salem,True,3,False,False
2026-09-08,Blue Eye,True,3,School of the Ozarks,True,0,False,False
2026-09-08,Fredericktown,True,3,Scott City,True,0,False,False
2026-09-08,Tipton,True,0,Skyline,True,3,False,False
2026-09-08,Winnetonka,True,0,Smithville,True,3,False,False
2026-09-08,KIPP KC Legacy,True,3,Southeast,True,0,False,False
2026-09-08,South Pemiscot,True,3,Southland,True,0,False,False
2026-09-08,New Haven,True,0,St. Francis Borgia,True,3,False,False
2026-09-08,Summit Christian Academy,True,3,St. Paul Lutheran (Concordia),True,0,False,False
2026-09-08,"St. Thomas Aquinas(Overland Park, KS)",False,3,St. Pius X (Kansas City),True,0,False,False
2026-09-08,Raymore-Peculiar,True,2,Staley,True,3,False,False
2026-09-08,Osceola,True,3,Stockton,True,0,False,False
2026-09-08,Waynesville,True,0,Sullivan,True,3,False,False
2026-09-08,Washington,True,3,Union,True,1,False,False
2026-09-08,McCluer North,True,0,University City,True,3,False,False
2026-09-08,Festus,True,3,Valle Catholic,True,1,False,False
2026-09-08,St. Charles West,True,3,Veritas Christian Academy,True,0,False,False
2026-09-08,Southwest (Washburn),True,0,Verona,True,3,False,False
2026-09-08,Tarkio with Fairfax,True,0,West Nodaway with Nodaway-Holt,True,3,False,False
2026-09-08,Crest Ridge,True,,Adrian,True,,False,False
2026-09-08,Potosi,True,,Arcadia Valley,True,,False,False
2026-09-08,Pleasant Hope,True,,Ash Grove,True,,False,False
2026-09-08,Zalma,True,,Bell City,True,,False,False
2026-09-08,Excelsior Springs,True,,Benton,True,,False,False
2026-09-08,Hermann,True,,Blair Oaks,True,,False,False
2026-09-08,Parkview,True,,Bolivar,True,,False,False
2026-09-08,Hume,True,,Bronaugh,True,,False,False
2026-09-08,Lincoln,True,,Bunceton,True,,False,False
2026-09-08,Couch,True,,Bunker,True,,False,False
2026-09-08,Miami (Amoret),True,,Butler,True,,False,False
2026-09-08,West Plains,True,,Camdenton,True,,False,False
2026-09-08,Bernie,True,,Campbell,True,,False,False
2026-09-08,Miller Career Academy,True,,Cardinal Ritter,True,,False,False
2026-09-08,Lincoln College Prep,True,,Center,True,,False,False
2026-09-08,Joplin,True,,Central (Springfield),True,,False,False
2026-09-08,Boonville,True,,Centralia,True,,False,False
2026-09-08,Oak Ridge,True,,Charleston,True,,False,False
2026-09-08,Parkway Central,True,,Clayton,True,,False,False
2026-09-08,Meadow Heights,True,,Clearwater,True,,False,False
2026-09-08,Cassville,True,,Clever,True,,False,False
2026-09-08,Russellville,True,,Cole Camp,True,,False,False
2026-09-08,Delta (Deering),True,,Cooter,True,,False,False
2026-09-08,Chadwick,True,,Crane,True,,False,False
2026-09-08,Central (Park Hills),True,,DeSoto,True,,False,False
2026-09-08,Maysville,True,,East Buchanan,True,,False,False
2026-09-08,Diamond,True,,East Newton,True,,False,False
2026-09-08,Neosho,True,,El Dorado Springs,True,,False,False
2026-09-08,Lesterville,True,,Ellington,True,,False,False
2026-09-08,Northland Christian,True,,Faith Christian Academy,True,,False,False
2026-09-08,Osage,True,,Father Tolton,True,,False,False
2026-09-08,Oakville,True,,Fox,True,,False,False
2026-09-08,Frontier STEM,True,,Frontier School of Excellence Charter,False,,False,False
2026-09-08,North Callaway,True,,Fulton,True,,False,False
2026-09-08,Truman,True,,Grain Valley,True,,False,False
2026-09-08,Ewing Marion Kauffman,True,,Grandview,True,,False,False
2026-09-08,McDonald County,True,,"Gravette(Gravette, AR)",False,,False,False
2026-09-08,Christian Fellowship Sr.,True,,Green Ridge,True,,False,False
2026-09-08,Everton,True,,Greenfield,True,,False,False
2026-09-08,Crossroads Prep Charter,True,,Guadalupe Centers Charter,True,,False,False
2026-09-08,Hazelwood East,True,,Hazelwood Central,True,,False,False
2026-09-08,Caruthersville,True,,"Hillcrest Baptist(Dyersburg, TN)",False,,False,False
2026-09-08,Farmington,True,,Hillsboro,True,,False,False
2026-09-08,Senath-Hornersville,True,,Holcomb,True,,False,False
2026-09-08,Ft. Zumwalt South,True,,Holt,True,,False,False
2026-09-08,Bradleyville,True,,Hurley,True,,False,False
2026-09-08,Seneca,True,,Jasper,True,,False,False
2026-09-08,Windsor (Imperial),True,,Jefferson (Festus),True,,False,False
2026-09-08,Webster Groves,True,,Jefferson (Festus),True,,False,False
2026-09-08,Lutheran North,True,,John Burroughs,True,,False,False
2026-09-08,"Egyptian(Tamms , IL)",False,,Kelly,True,,False,False
2026-09-08,Doniphan,True,,Kennett,True,,False,False
2026-09-08,Dora,True,,Koshkonong,True,,False,False
2026-09-08,Cameron,True,,Lathrop,True,,False,False
2026-09-08,Lone Jack,True,,Lexington,True,,False,False
2026-09-08,"Galena , Galena, KS(, )",False,,Liberal,True,,False,False
2026-09-08,"Columbus , Columbus, KS(, )",False,,Liberal,True,,False,False
2026-09-08,Park Hill South,True,,Liberty,True,,False,False
2026-09-08,Strafford,True,,Liberty (Mountain View),True,,False,False
2026-09-08,Willow Springs,True,,Licking,True,,False,False
2026-09-08,West Plains,True,,Lift for Life Academy Charter,True,,False,False
2026-09-08,"Heritage Christian(Olathe, KS)",False,,Lutheran (Kansas City),True,,False,False
2026-09-08,Central (New Madrid County),True,,Malden,True,,False,False
2026-09-08,Greenwood,True,,Mansfield,True,,False,False
2026-09-08,Gloria Deo Academy,True,,Marion C. Early,True,,False,False
2026-09-08,Grandview (Hillsboro),True,,Marquand-Zion,False,,False,False
2026-09-08,Northeast Vernon County,True,,McAuley Catholic,True,,False,False
2026-09-08,"Metro(Olathe, KS)",False,,Midway,True,,False,False
2026-09-08,Sarcoxie,True,,Miller,True,,False,False
2026-09-08,Rolla,True,,Mountain Grove,True,,False,False
2026-09-08,Carl Junction,True,,Mt. Vernon,True,,False,False
2026-09-08,Villa Duchesne,True,,Nerinx Hall,True,,False,False
2026-09-08,Calvary Lutheran,True,,New Bloomfield,True,,False,False
2026-09-08,STEAM Academy,True,,Normandy Collaborative,False,,False,False
2026-09-08,Raytown,True,,North Kansas City,True,,False,False
2026-09-08,East Prairie,True,,North Pemiscot,True,,False,False
2026-09-08,University Academy Charter,True,,North Platte,True,,False,False
2026-09-08,Lafayette County,True,,Odessa,True,,False,False
2026-09-08,Advance,True,,Oran,True,,False,False
2026-09-08,Liberty (Wentzville),True,,Orchard Farm,True,,False,False
2026-09-08,Carrollton,True,,Orrick,True,,False,False
2026-09-08,Belle,True,,Owensville,True,,False,False
2026-09-08,Oak Park,True,,Park Hill,True,,False,False
2026-09-08,Parkway South,True,,Parkway West,True,,False,False
2026-09-08,Hannibal,True,,"Payson Seymour(Payson, IL)",False,,False,False
2026-09-08,Pleasant Hill,True,,Pembroke Hill,True,,False,False
2026-09-08,Maplewood-Richmond Hts.,True,,Principia,True,,False,False
2026-09-08,Golden City,True,,Rich Hill,True,,False,False
2026-09-08,Bloomfield,True,,Richland (Essex),True,,False,False
2026-09-08,Union Star with King City,True,,Rock Port,True,,False,False
2026-09-08,Lawson,True,,Santa Fe,True,,False,False
2026-09-08,Stover,True,,Santa Fe,True,,False,False
2026-09-08,St. Vincent,True,,Saxony Lutheran,True,,False,False
2026-09-08,Lakeland,True,,Sheldon,True,,False,False
2026-09-08,Notre Dame (Cape Girardeau),True,,Sikeston,True,,False,False
2026-09-08,California,True,,Smith-Cotton,True,,False,False
2026-09-08,St. Joseph Christian,True,,South Harrison,True,,False,False
2026-09-08,Mound City,True,,South Holt with Craig,True,,False,False
2026-09-08,Sparta,True,,Spokane,True,,False,False
2026-09-08,Branson,True,,Springfield Catholic,True,,False,False
2026-09-08,Whitfield,True,,St. Charles,True,,False,False
2026-09-08,St. Joseph's Academy,True,,St. Dominic,True,,False,False
2026-09-08,Wright City,True,,St. Louis Ignite,False,,False,False
2026-09-08,Lee's Summit West,True,,St. Michael the Archangel,True,,False,False
2026-09-08,Northwest (Hughesville),True,,Sweet Springs,True,,False,False
2026-09-08,Bakersfield,True,,Thayer,True,,False,False
2026-09-08,Exeter,True,,Thomas Jefferson Independent Day,True,,False,False
2026-09-08,Ft. Zumwalt West,True,,Timberland,True,,False,False
2026-09-08,Plattsburg,True,,Trenton,True,,False,False
2026-09-08,Risco,True,,Twin Rivers,True,,False,False
2026-09-08,Crystal City,True,,Valley,True,,False,False
2026-09-08,Brentwood,True,,Valley Park,True,,False,False
2026-09-08,St. James,True,,Viburnum,True,,False,False
2026-09-08,South Iron,True,,West County,True,,False,False
2026-09-08,Francis Howell Central,True,,Westminster Christian Academy,True,,False,False
2026-09-08,Platte County,True,,William Chrisman,True,,False,False
2026-09-08,Sherwood,True,,Windsor,True,,False,False
2026-09-08,Webster Groves,True,,Windsor (Imperial),True,,False,False
2026-09-08,Ft. Zumwalt East,True,,Winfield,True,,False,False
2026-09-08,Puxico,True,,Woodland,True,,False,False
2026-09-09,East (Kansas City),True,,Academie Lafayette,True,,False,False
2026-09-09,Villa Duchesne,True,,Affton,True,,False,False
2026-09-09,Ballard,True,,Archie,True,,False,False
2026-09-09,Portageville,True,,Bernie,True,,False,False
2026-09-09,Gateway Legacy Sr. H.,False,,Bishop DuBourg,True,,False,False
2026-09-09,Notre Dame de Sion,True,,"Blue Valley(Lansing, KS)",False,,False,False
2026-09-09,Southern Boone,True,,Camdenton,True,,False,False
2026-09-09,Hazelwood West,True,,Cardinal Ritter,True,,False,False
2026-09-09,Southeast,True,,Center,True,,False,False
2026-09-09,Central (Cape Girardeau),True,,Central (New Madrid County),True,,False,False
2026-09-09,Brookfield,True,,Chillicothe,True,,False,False
2026-09-09,Miller,True,,Clever,True,,False,False
2026-09-09,Concordia,True,,Cole Camp,True,,False,False
2026-09-09,Rosati-Kain,True,,Collegiate School of Med-Bio Science,True,,False,False
2026-09-09,Prairie Home,True,,Columbia Independent,True,,False,False
2026-09-09,Francis Howell North,True,,Duchesne,True,,False,False
2026-09-09,Oakville,True,,Festus,True,,False,False
2026-09-09,Vashon,True,,Gateway with Soldan International Studies,True,,False,False
2026-09-09,Miller Career Academy,True,,Gateway Science Charter,True,,False,False
2026-09-09,Bismarck,True,,Grandview (Hillsboro),True,,False,False
2026-09-09,Maplewood-Richmond Hts.,True,,Hancock,True,,False,False
2026-09-09,Holt,True,,Hannibal,True,,False,False
2026-09-09,Excelsior Springs,True,,Harrisonville,True,,False,False
2026-09-09,Parkway North,True,,Hazelwood East,True,,False,False
2026-09-09,Hickman,True,,Jefferson City,True,,False,False
2026-09-09,Meadow Heights,True,,Kelly,True,,False,False
2026-09-09,Lincoln,True,,Lakeland,True,,False,False
2026-09-09,Notre Dame de Sion,True,,"Lansing(Lansing, KS)",False,,False,False
2026-09-09,Believe Acad Charter,True,,Lift for Life Academy Charter,True,,False,False
2026-09-09,Raytown South,True,,Lincoln College Prep,True,,False,False
2026-09-09,Normandy Collaborative,False,,McCluer North,True,,False,False
2026-09-09,West Plains,True,,McKinley Classical Leadership,True,,False,False
2026-09-09,Mexico,True,,North Callaway,True,,False,False
2026-09-09,Scott City,True,,Notre Dame (Cape Girardeau),True,,False,False
2026-09-09,Savannah,True,,Oak Grove,True,,False,False
2026-09-09,St. Paul Lutheran (Farmington),True,,Oak Ridge,True,,False,False
2026-09-09,Northeast (Kansas City),True,,Paseo Academy,True,,False,False
2026-09-09,Lexington,True,,Penney,True,,False,False
2026-09-09,Hillsboro,True,,Potosi,True,,False,False
2026-09-09,Dexter,True,,Richland (Essex),True,,False,False
2026-09-09,Northwest (Cedar Hill),True,,Ritenour,True,,False,False
2026-09-09,Sweet Springs,True,,Sacred Heart,True,,False,False
2026-09-09,Windsor (Imperial),True,,Seckman,True,,False,False
2026-09-09,Saxony Lutheran,True,,Sikeston,True,,False,False
2026-09-09,Leeton with Chilhowee,True,,Smithton,True,,False,False
2026-09-09,East Buchanan,True,,South Harrison,True,,False,False
2026-09-09,"STL Panthers(St. Louis, MO)",False,,St. Joseph's Academy,True,,False,False
2026-09-09,Jackson,True,,St. Pius X (Festus),True,,False,False
2026-09-09,Mehlville,True,,STEAM Academy,True,,False,False
2026-09-09,Potosi,True,,Steelville,True,,False,False
2026-09-09,Jennings,True,,Valley Park,True,,False,False
2026-09-09,Sullivan,True,,Warrenton,True,,False,False
2026-09-09,Pacific,True,,Washington,True,,False,False
2026-09-09,Lutheran South,True,,Whitfield,True,,False,False
2026-09-10,Clayton,True,,Affton,True,,False,False
2026-09-10,El Dorado Springs,True,,Appleton City with Montrose,True,,False,False
2026-09-10,Parkview,True,,Aurora,True,,False,False
2026-09-10,Forsyth,True,,Ava,True,,False,False
2026-09-10,"Christ Prep(Olathe, KS)",False,,Barstow,True,,False,False
2026-09-10,Ladue Horton Watkins,True,,Bayless,True,,False,False
2026-09-10,Cuba,True,,Belle,True,,False,False
2026-09-10,Bell City,True,,Bernie,True,,False,False
2026-09-10,Lift for Life Academy Charter,True,,Bishop DuBourg,True,,False,False
2026-09-10,"Maur Hill(Atchison , KS)",False,,Bishop LeBlond,True,,False,False
2026-09-10,Northland Christian,True,,"Bishop Seabury(Lawrence, KS)",False,,False,False
2026-09-10,Boonville,True,,Blair Oaks,True,,False,False
2026-09-10,Liberty North,True,,Blue Springs,True,,False,False
2026-09-10,Veritas Christian Academy,True,,Bowling Green,True,,False,False
2026-09-10,New Covenant Academy,True,,Branson,True,,False,False
2026-09-10,Golden City,True,,Bronaugh,True,,False,False
2026-09-10,Skyline,True,,Buffalo,True,,False,False
2026-09-10,Arcadia Valley,True,,Bunker,True,,False,False
2026-09-10,Winona,True,,Cabool,True,,False,False
2026-09-10,Eldon,True,,California,True,,False,False
2026-09-10,Benton,True,,Cameron,True,,False,False
2026-09-10,Nevada,True,,Carl Junction,True,,False,False
2026-09-10,Trenton,True,,Carrollton,True,,False,False
2026-09-10,Glendale,True,,Carthage,True,,False,False
2026-09-10,Campbell,True,,Caruthersville,True,,False,False
2026-09-10,Hillcrest,True,,Cassville,True,,False,False
2026-09-10,Van Horn,True,,Center,True,,False,False
2026-09-10,Ewing Marion Kauffman,True,,Central (Kansas City),True,,False,False
2026-09-10,Herculaneum,True,,Central (Park Hills),True,,False,False
2026-09-10,Smithville,True,,Central (St. Joseph),True,,False,False
2026-09-10,Father Tolton,True,,Centralia,True,,False,False
2026-09-10,Chamois,True,,Christian Fellowship Sr.,True,,False,False
2026-09-10,Smith-Cotton,True,,Clinton,True,,False,False
2026-09-10,East Newton,True,,"Columbus(Columbus, KS)",False,,False,False
2026-09-10,Rosati-Kain,True,,Confluence Prep Academy Charter with Grand Center Arts Charter,True,,False,False
2026-09-10,East Prairie,True,,Cooter,True,,False,False
2026-09-10,Visitation Academy,True,,Cor Jesu Academy,True,,False,False
2026-09-10,Wheaton,True,,Crane,True,,False,False
2026-09-10,Green Ridge,True,,Crest Ridge,True,,False,False
2026-09-10,Northeast (Kansas City),True,,Crossroads Prep Charter,True,,False,False
2026-09-10,Fredericktown,True,,DeSoto,True,,False,False
2026-09-10,Bradleyville,True,,Dora,True,,False,False
2026-09-10,Lone Jack,True,,Drexel,True,,False,False
2026-09-10,Fulton,True,,Eugene,True,,False,False
2026-09-10,Billings,True,,Everton,True,,False,False
2026-09-10,Chillicothe,True,,Excelsior Springs,True,,False,False
2026-09-10,Marshfield,True,,Fair Grove,True,,False,False
2026-09-10,Hermann,True,,Fatima,True,,False,False
2026-09-10,Ash Grove,True,,Fordland,True,,False,False
2026-09-10,William Chrisman,True,,Fort Osage,True,,False,False
2026-09-10,Liberty (Wentzville),True,,Francis Howell,True,,False,False
2026-09-10,Francis Howell Central,True,,Francis Howell North,True,,False,False
2026-09-10,Cristo Rey,True,,Frontier STEM,True,,False,False
2026-09-10,Ft. Zumwalt North,True,,Ft. Zumwalt South,True,,False,False
2026-09-10,Principia,True,,Gateway Science Charter,True,,False,False
2026-09-10,Holcomb,True,,Gideon,True,,False,False
2026-09-10,KIPP KC Legacy,True,,Guadalupe Centers Charter,True,,False,False
2026-09-10,Battle,True,,Hallsville,True,,False,False
2026-09-10,Gateway with Soldan International Studies,True,,Hancock,True,,False,False
2026-09-10,Holden,True,,Harrisonville,True,,False,False
2026-09-10,Southland,True,,Hayti,True,,False,False
2026-09-10,University City,True,,Hazelwood East,True,,False,False
2026-09-10,Hickman,True,,Helias Catholic,True,,False,False
2026-09-10,Faith Christian Academy,True,,"Heritage Christian(Olathe, KS)",False,,False,False
2026-09-10,Warrenton,True,,Holt,True,,False,False
2026-09-10,"Pleasanton(Pleasanton, KS)",False,,Hume,True,,False,False
2026-09-10,Valle Catholic,True,,Jefferson (Festus),True,,False,False
2026-09-10,Hazelwood Central,True,,Jennings,True,,False,False
2026-09-10,Westminster Christian Academy,True,,John Burroughs,True,,False,False
2026-09-10,Lebanon,True,,Joplin,True,,False,False
2026-09-10,Lincoln College Prep,True,,"Kansas City- Bishop Ward HS(Kansas City, KS)",False,,False,False
2026-09-10,Grandview,True,,Kearney,True,,False,False
2026-09-10,Malden,True,,Kennett,True,,False,False
2026-09-10,"Centerville(Centerville, IA)",False,,Kirksville,True,,False,False
2026-09-10,Parkway Central,True,,Kirkwood,True,,False,False
2026-09-10,Warsaw,True,,Knob Noster,True,,False,False
2026-09-10,Mansfield,True,,Koshkonong,True,,False,False
2026-09-10,Lindbergh,True,,Lafayette (Wildwood),True,,False,False
2026-09-10,Santa Fe,True,,Lafayette County,True,,False,False
2026-09-10,East Buchanan,True,,Lathrop,True,,False,False
2026-09-10,West Platte,True,,Lawson,True,,False,False
2026-09-10,Lee's Summit West,True,,Lee's Summit,True,,False,False
2026-09-10,Park Hill,True,,Lee's Summit North,True,,False,False
2026-09-10,Lamar,True,,Liberal,True,,False,False
2026-09-10,Eminence,True,,Liberty (Mountain View),True,,False,False
2026-09-10,Houston,True,,Licking,True,,False,False
2026-09-10,Jasper,True,,Lockwood,True,,False,False
2026-09-10,"Kansas City Christian(Prairie Village, KS)",False,,Lutheran (Kansas City),True,,False,False
2026-09-10,MICDS,True,,Lutheran North,True,,False,False
2026-09-10,South Holt with Craig,True,,Maysville,True,,False,False
2026-09-10,Normandy Collaborative,False,,McCluer,True,,False,False
2026-09-10,STEAM Academy,True,,McCluer North,True,,False,False
2026-09-10,Webster Groves,True,,Mehlville,True,,False,False
2026-09-10,Marshall,True,,Mexico,True,,False,False
2026-09-10,Penney,True,,Mid-Buchanan,True,,False,False
2026-09-10,"Prairie View(Lacygne, KS)",False,,Midway,True,,False,False
2026-09-10,Hollister,True,,Mountain Grove,True,,False,False
2026-09-10,Clever,True,,Mt. Vernon,True,,False,False
2026-09-10,Kickapoo,True,,Neosho,True,,False,False
2026-09-10,Montgomery County,True,,New Haven,True,,False,False
2026-09-10,Conway,True,,Niangua,True,,False,False
2026-09-10,Kingston,True,,North County,True,,False,False
2026-09-10,Union Star with King City,True,,North Nodaway,True,,False,False
2026-09-10,Clarkton,True,,North Pemiscot,True,,False,False
2026-09-10,Concordia,True,,Northwest (Hughesville),True,,False,False
2026-09-10,Savannah,True,,Oak Grove,True,,False,False
2026-09-10,Liberty,True,,Oak Park,True,,False,False
2026-09-10,Versailles,True,,Osage,True,,False,False
2026-09-10,Butler,True,,Osceola,True,,False,False
2026-09-10,New Bloomfield,True,,Otterville,True,,False,False
2026-09-10,Salem,True,,Owensville,True,,False,False
2026-09-10,North Kansas City,True,,Park Hill South,True,,False,False
2026-09-10,Hazelwood West,True,,Parkway South,True,,False,False
2026-09-10,Eureka,True,,Parkway West,True,,False,False
2026-09-10,Parkway North,True,,Pattonville,True,,False,False
2026-09-10,Southwest (Washburn),True,,Pierce City,True,,False,False
2026-09-10,Grain Valley,True,,Platte County,True,,False,False
2026-09-10,North Platte,True,,Plattsburg,True,,False,False
2026-09-10,Notre Dame de Sion,True,,Pleasant Hill,True,,False,False
2026-09-10,Chadwick,True,,Pleasant Hope,True,,False,False
2026-09-10,Charleston,True,,Portageville,True,,False,False
2026-09-10,Bismarck,True,,Potosi,True,,False,False
2026-09-10,La Monte,True,,Prairie Home,True,,False,False
2026-09-10,Richland (Essex),True,,Puxico,True,,False,False
2026-09-10,Blue Springs South,True,,Raymore-Peculiar,True,,False,False
2026-09-10,Belton,True,,Raytown,True,,False,False
2026-09-10,Blue Eye,True,,Reeds Spring,True,,False,False
2026-09-10,Waynesville,True,,Republic,True,,False,False
2026-09-10,Orrick,True,,Richmond,True,,False,False
2026-09-10,Delta (Deering),True,,Risco,True,,False,False
2026-09-10,Tarkio with Fairfax,True,,Rock Port,True,,False,False
2026-09-10,Capital City,True,,Rolla,True,,False,False
2026-09-10,Stover,True,,Russellville,True,,False,False
2026-09-10,Tipton,True,,Sacred Heart,True,,False,False
2026-09-10,New Heights Christian,True,,Sarcoxie,True,,False,False
2026-09-10,Rockwood Summit,True,,Seckman,True,,False,False
2026-09-10,Diamond,True,,Seneca,True,,False,False
2026-09-10,Gloria Deo Academy,True,,Seymour,True,,False,False
2026-09-10,Adrian,True,,Sherwood,True,,False,False
2026-09-10,Calvary Lutheran,True,,Smithton,True,,False,False
2026-09-10,Staley,True,,Smithville,True,,False,False
2026-09-10,Senath-Hornersville,True,,South Pemiscot,True,,False,False
2026-09-10,Linn,True,,Southern Boone,True,,False,False
2026-09-10,Gainesville,True,,Sparta,True,,False,False
2026-09-10,Marionville,True,,Spokane,True,,False,False
2026-09-10,Monett,True,,Springfield Catholic,True,,False,False
2026-09-10,Orchard Farm,True,,St. Charles West,True,,False,False
2026-09-10,Notre Dame (St. Louis),True,,St. Dominic,True,,False,False
2026-09-10,Lutheran St. Charles,True,,St. Francis Borgia,True,,False,False
2026-09-10,Bourbon,True,,St. James,True,,False,False
2026-09-10,Wright City,True,,St. Louis Christian Sr.,False,,False,False
2026-09-10,East Newton,True,,"St. Mary's - Colgan(Pittsburgh, KS)",False,,False,False
2026-09-10,Lexington,True,,St. Paul Lutheran (Concordia),True,,False,False
2026-09-10,Odessa,True,,St. Pius X (Kansas City),True,,False,False
2026-09-10,"Blue Valley West H.S.(Overland Park, KS)",False,,St. Teresa's Academy,True,,False,False
2026-09-10,St. Michael the Archangel,True,,"St. Thomas Aquinas(Overland Park, KS)",False,,False,False
2026-09-10,Central (St. Joseph),True,,Staley,True,,False,False
2026-09-10,Perryville,True,,Ste. Genevieve,True,,False,False
2026-09-10,Bolivar,True,,Stockton,True,,False,False
2026-09-10,West Plains,True,,Strafford,True,,False,False
2026-09-10,Wellington-Napoleon,True,,Sweet Springs,True,,False,False
2026-09-10,Doniphan,True,,Thayer,True,,False,False
2026-09-10,Northeast Vernon County,True,,Thomas Jefferson Independent Day,True,,False,False
2026-09-10,North Point,True,,Timberland,True,,False,False
2026-09-10,Ft. Zumwalt West,True,,Troy Buchanan,True,,False,False
2026-09-10,Ruskin,True,,Truman,True,,False,False
2026-09-10,Incarnate Word Academy,True,,Ursuline Academy,True,,False,False
2026-09-10,Purdy,True,,Verona,True,,False,False
2026-09-10,Summit Christian Academy,True,,Warrensburg,True,,False,False
2026-09-10,Ft. Zumwalt East,True,,Washington,True,,False,False
2026-09-10,Nixa,True,,Webb City,True,,False,False
2026-09-10,Mound City,True,,West Nodaway with Nodaway-Holt,True,,False,False
2026-09-10,Lutheran South,True,,Whitfield,True,,False,False
2026-09-10,Ozark,True,,Willard,True,,False,False
2026-09-10,Summersville,True,,Willow Springs,True,,False,False
2026-09-10,St. Charles,True,,Winfield,True,,False,False
2026-09-10,Raytown South,True,,Winnetonka,True,,False,False
2026-09-10,Marquand-Zion,False,,Zalma,True,,False,False
2026-09-11,Perryville,True,,Arcadia Valley,True,,False,False
2026-09-11,Collegiate School of Med-Bio Science,True,,Bayless,True,,False,False
2026-09-11,Gideon,True,,Bell City,True,,False,False
2026-09-11,Perryville,True,,Bismarck,True,,False,False
2026-09-11,New Haven,True,,Bloomfield,True,,False,False
2026-09-11,Hurley,True,,Blue Eye,True,,False,False
2026-09-11,Kirkwood,True,,Blue Springs,True,,False,False
2026-09-11,Francis Howell,True,,Blue Springs,True,,False,False
2026-09-11,Incarnate Word Academy,True,,Blue Springs South,True,,False,False
2026-09-11,Eureka,True,,Blue Springs South,True,,False,False
2026-09-11,Ballard,True,,Bronaugh,True,,False,False
2026-09-11,Meadow Heights,True,,"Cape Central JV(Cape Girardeau, MO)",False,,False,False
2026-09-11,Clarkton,True,,Central (Cape Girardeau),True,,False,False
2026-09-11,Niangua,True,,Chadwick,True,,False,False
2026-09-11,St. Paul Lutheran (Farmington),True,,Clearwater,True,,False,False
2026-09-11,Notre Dame (St. Louis),True,,"Collinsville(Collinsville, IL)",False,,False,False
2026-09-11,Clarkton,True,,Crystal City,True,,False,False
2026-09-11,Meadow Heights,True,,Crystal City,True,,False,False
2026-09-11,Sikeston,True,,Doniphan,True,,False,False
2026-09-11,Hazelwood West,True,,East Prairie,True,,False,False
2026-09-11,St. Paul Lutheran (Farmington),True,,Eminence,True,,False,False
2026-09-11,School of the Ozarks,True,,Everton,True,,False,False
2026-09-11,Golden City,True,,Exeter,True,,False,False
2026-09-11,Kirkwood,True,,Francis Howell,True,,False,False
2026-09-11,Westminster Christian Academy,True,,Francis Howell Central,True,,False,False
2026-09-11,Jackson,True,,Francis Howell Central,True,,False,False
2026-09-11,Fordland,True,,Gainesville,True,,False,False
2026-09-11,Greenfield,True,,Galena,True,,False,False
2026-09-11,Jefferson (Festus),True,,Gideon,True,,False,False
2026-09-11,West County,True,,Grandview (Hillsboro),True,,False,False
2026-09-11,Campbell,True,,Grandview (Hillsboro),True,,False,False
2026-09-11,Saxony Lutheran,True,,"Greene County Tech(Paragould , AR)",False,,False,False
2026-09-11,Southland,True,,Hazelwood West,True,,False,False
2026-09-11,St. Francis Borgia,True,,Incarnate Word Academy,True,,False,False
2026-09-11,Westminster Christian Academy,True,,Jackson,True,,False,False
2026-09-11,St. Dominic,True,,Kickapoo,True,,False,False
2026-09-11,Miller Career Academy,True,,KIPP St. Louis Sr.,True,,False,False
2026-09-11,Kingsville,True,,La Monte,True,,False,False
2026-09-11,Lee's Summit,True,,Lafayette (Wildwood),True,,False,False
2026-09-11,Ozark,True,,Lafayette (Wildwood),True,,False,False
2026-09-11,Ozark,True,,Lee's Summit,True,,False,False
2026-09-11,Cor Jesu Academy,True,,Lee's Summit North,True,,False,False
2026-09-11,Rock Bridge,True,,Lutheran St. Charles,True,,False,False
2026-09-11,Dora,True,,"Mammoth Springs(Mammoth Springs, AR)",False,,False,False
2026-09-11,Purdy,True,,Marion C. Early,True,,False,False
2026-09-11,Richland (Essex),True,,Marquand-Zion,False,,False,False
2026-09-11,Oakville,True,,Marquette,True,,False,False
2026-09-11,Nixa,True,,Marquette,True,,False,False
2026-09-11,Sheldon,True,,Miami (Amoret),True,,False,False
2026-09-11,Viburnum,True,,New Haven,True,,False,False
2026-09-11,Hermann,True,,"Normal University(Normal, IL)",False,,False,False
2026-09-11,Confluence Prep Academy Charter with Grand Center Arts Charter,True,,Normandy Collaborative,False,,False,False
2026-09-11,Nixa,True,,Oakville,True,,False,False
2026-09-11,Calvary Lutheran,True,,Otterville,True,,False,False
2026-09-11,Valley,True,,Owensville,True,,False,False
2026-09-11,Greenville,True,,Owensville,True,,False,False
2026-09-11,Woodland,True,,Poplar Bluff,True,,False,False
2026-09-11,Ellington,True,,Poplar Bluff,True,,False,False
2026-09-11,Chamois,True,,Prairie Home,True,,False,False
2026-09-11,Rock Bridge,True,,Republic,True,,False,False
2026-09-11,Lutheran St. Charles,True,,Republic,True,,False,False
2026-09-11,Villa Duchesne,True,,Risco,True,,False,False
2026-09-11,St. Dominic,True,,Rockwood Summit,True,,False,False
2026-09-11,Kennett,True,,Saxony Lutheran,True,,False,False
2026-09-11,Risco,True,,Sikeston,True,,False,False
2026-09-11,Notre Dame (St. Louis),True,,"Southwestern(Piasa, IL)",False,,False,False
2026-09-11,Lee's Summit North,True,,"St Louis Panthers(ST. Louis, MO)",False,,False,False
2026-09-11,Maplewood-Richmond Hts.,True,,Valley Park,True,,False,False
2026-09-11,Veritas Christian Academy,True,,Visitation Academy,True,,False,False
2026-09-11,Hermann,True,,"Wheaton St. Francis(Wheaton, IL)",False,,False,False
2026-09-12,Notre Dame (St. Louis),True,,"Alton(Alton , IL)",False,,False,False
2026-09-12,Bakersfield,True,,Ava,True,,False,False
2026-09-12,Buffalo,True,,Bakersfield,True,,False,False
2026-09-12,RUSH Sr. Home School,False,,Bakersfield,True,,False,False
2026-09-12,Smithville,True,,Benton,True,,False,False
2026-09-12,St. Pius X (Kansas City),True,,Benton,True,,False,False
2026-09-12,Pembroke Hill,True,,Benton,True,,False,False
2026-09-12,Rock Bridge,True,,Blue Springs,True,,False,False
2026-09-12,Marquette,True,,Blue Springs,True,,False,False
2026-09-12,Jackson,True,,Blue Springs South,True,,False,False
2026-09-12,Kirkwood,True,,Blue Springs South,True,,False,False
2026-09-12,Kickapoo,True,,Blue Springs South,True,,False,False
2026-09-12,Westminster Christian Academy,True,,Blue Springs South,True,,False,False
2026-09-12,St. Louis Ignite,False,,Brentwood,True,,False,False
2026-09-12,Lift for Life Academy Charter,True,,Brentwood,True,,False,False
2026-09-12,Confluence Prep Academy Charter with Grand Center Arts Charter,True,,Brentwood,True,,False,False
2026-09-12,Springfield Catholic,True,,Camdenton,True,,False,False
2026-09-12,McKinley Classical Leadership,True,,Cardinal Ritter,True,,False,False
2026-09-12,Excelsior Springs,True,,Carrollton,True,,False,False
2026-09-12,Springfield Catholic,True,,Carthage,True,,False,False
2026-09-12,KIPP KC Legacy,True,,Center,True,,False,False
2026-09-12,Barstow,True,,Central (Kansas City),True,,False,False
2026-09-12,Saxony Lutheran,True,,Central (Park Hills),True,,False,False
2026-09-12,Mountain Grove,True,,Central (Springfield),True,,False,False
2026-09-12,Excelsior Springs,True,,Chillicothe,True,,False,False
2026-09-12,Meadow Heights,True,,Clarkton,True,,False,False
2026-09-12,Sullivan,True,,DeSoto,True,,False,False
2026-09-12,Springfield Catholic,True,,Dixon,True,,False,False
2026-09-12,Risco,True,,Doniphan,True,,False,False
2026-09-12,Lee's Summit North,True,,Eureka,True,,False,False
2026-09-12,St. Paul Lutheran (Concordia),True,,Excelsior Springs,True,,False,False
2026-09-12,St. Pius X (Festus),True,,Francis Howell,True,,False,False
2026-09-12,Republic,True,,Francis Howell,True,,False,False
2026-09-12,Lutheran St. Charles,True,,Francis Howell,True,,False,False
2026-09-12,Republic,True,,Francis Howell Central,True,,False,False
2026-09-12,Lee's Summit,True,,Francis Howell Central,True,,False,False
2026-09-12,Republic,True,,Francis Howell North,True,,False,False
2026-09-12,Sullivan,True,,Ft. Zumwalt North,True,,False,False
2026-09-12,Ozark,True,,Ft. Zumwalt West,True,,False,False
2026-09-12,St. Michael the Archangel,True,,Ft. Zumwalt West,True,,False,False
2026-09-12,Scott City,True,,Grandview (Hillsboro),True,,False,False
2026-09-12,Father Tolton,True,,Hannibal,True,,False,False
2026-09-12,Battle,True,,Hannibal,True,,False,False
2026-09-12,Notre Dame (St. Louis),True,,Hazelwood East,True,,False,False
2026-09-12,Oak Ridge,True,,Hazelwood West,True,,False,False
2026-09-12,Seckman,True,,Hickman,True,,False,False
2026-09-12,Marshfield,True,,"Highland(Highland, AR)",False,,False,False
2026-09-12,Poplar Bluff,True,,Hillsboro,True,,False,False
2026-09-12,Lee's Summit West,True,,Jackson,True,,False,False
2026-09-12,St. Dominic,True,,Jefferson City,True,,False,False
2026-09-12,St. Francis Borgia,True,,Jefferson City,True,,False,False
2026-09-12,McKinley Classical Leadership,True,,Jennings,True,,False,False
2026-09-12,Seckman,True,,"Jonesboro(Jonesboro, AR)",False,,False,False
2026-09-12,Lafayette (Wildwood),True,,Kickapoo,True,,False,False
2026-09-12,Lee's Summit West,True,,Lafayette (Wildwood),True,,False,False
2026-09-12,Westminster Christian Academy,True,,Lafayette (Wildwood),True,,False,False
2026-09-12,Savannah,True,,Lawson,True,,False,False
2026-09-12,St. Francis Borgia,True,,Lee's Summit North,True,,False,False
2026-09-12,Oakville,True,,Lee's Summit North,True,,False,False
2026-09-12,Cor Jesu Academy,True,,Lee's Summit West,True,,False,False
2026-09-12,Westminster Christian Academy,True,,Lee's Summit West,True,,False,False
2026-09-12,New Haven,True,,Lesterville,True,,False,False
2026-09-12,St. Pius X (Festus),True,,Lutheran St. Charles,True,,False,False
2026-09-12,Hannibal,True,,"MADISON HS(MADISON, IL)",False,,False,False
2026-09-12,St. Paul Lutheran (Farmington),True,,Malden,True,,False,False
2026-09-12,Ozark,True,,Marquette,True,,False,False
2026-09-12,St. Michael the Archangel,True,,Marquette,True,,False,False
2026-09-12,St. Louis Christian Sr.,False,,Marquette,True,,False,False
2026-09-12,Liberty (Mountain View),True,,Marshfield,True,,False,False
2026-09-12,Rolla,True,,Marshfield,True,,False,False
2026-09-12,McKinley Classical Leadership,True,,McCluer North,True,,False,False
2026-09-12,Whitfield,True,,Metro,True,,False,False
2026-09-12,Pacific,True,,Metro,True,,False,False
2026-09-12,Winfield,True,,Metro,True,,False,False
2026-09-12,Mountain Grove,True,,Mt. Vernon,True,,False,False
2026-09-12,St. Francis Borgia,True,,Nixa,True,,False,False
2026-09-12,Sullivan,True,,North County,True,,False,False
2026-09-12,Bernie,True,,Owensville,True,,False,False
2026-09-12,St. Dominic,True,,Ozark,True,,False,False
2026-09-12,Whitfield,True,,Pacific,True,,False,False
2026-09-12,Webster Groves,True,,Pattonville,True,,False,False
2026-09-12,Notre Dame (Cape Girardeau),True,,Perryville,True,,False,False
2026-09-12,Barstow,True,,Raytown South,True,,False,False
2026-09-12,St. Michael the Archangel,True,,Rock Bridge,True,,False,False
2026-09-12,Republic,True,,Rockwood Summit,True,,False,False
2026-09-12,KIPP KC Legacy,True,,Ruskin,True,,False,False
2026-09-12,Faith Christian Academy,True,,Sherwood,True,,False,False
2026-09-12,Northland Christian,True,,Sherwood,True,,False,False
2026-09-12,Villa Duchesne,True,,Sikeston,True,,False,False
2026-09-12,Pembroke Hill,True,,Smithville,True,,False,False
2026-09-12,St. Pius X (Kansas City),True,,Smithville,True,,False,False
2026-09-12,Seckman,True,,St. Clair,True,,False,False
2026-09-12,St. Francis Borgia,True,,"St. James(Lenexa, KS)",False,,False,False
2026-09-12,Pembroke Hill,True,,St. Pius X (Kansas City),True,,False,False
2026-09-12,Jackson,True,,"St. Thomas Aquinas(Overland Park, KS)",False,,False,False
2026-09-12,Lafayette (Wildwood),True,,"St. Thomas Aquinas(Overland Park, KS)",False,,False,False
2026-09-12,Blue Springs,True,,"STL Panthers(ST. Charles, MO)",False,,False,False
2026-09-12,St. Michael the Archangel,True,,"STL Panthers(St. Louis, MO)",False,,False,False
2026-09-12,Springfield Catholic,True,,Strafford,True,,False,False
2026-09-12,KIPP KC Legacy,True,,"Sumner(Kansas City, KS)",False,,False,False
2026-09-12,Sherwood,True,,Trenton,True,,False,False
2026-09-12,Gideon,True,,Twin Rivers,True,,False,False
2026-09-12,Central (Kansas City),True,,Van Horn,True,,False,False
2026-09-12,Mountain Grove,True,,Willard,True,,False,False
2026-09-12,Notre Dame (St. Louis),True,,Windsor (Imperial),True,,False,False
2026-09-12,Whitfield,True,,Winfield,True,,False,False
2026-09-14,Bayless,True,,Affton,True,,False,False
2026-09-14,Round Grove Christian Acad,False,,Ash Grove,True,,False,False
2026-09-14,Maryville,True,,"Atchison(Atchison, KS)",False,,False,False
2026-09-14,Blair Oaks,True,,Battle,True,,False,False
2026-09-14,Advance,True,,Bell City,True,,False,False
2026-09-14,Central (St. Joseph),True,,Benton,True,,False,False
2026-09-14,Cassville,True,,"Berryville(Berryville, AR)",False,,False,False
2026-09-14,Exeter,True,,Billings,True,,False,False
2026-09-14,Puxico,True,,Bloomfield,True,,False,False
2026-09-14,Verona,True,,Blue Eye,True,,False,False
2026-09-14,"Pleasant Hill(Pleasant Hill, IL)",False,,Bowling Green,True,,False,False
2026-09-14,Sikeston,True,,Campbell,True,,False,False
2026-09-14,"Rogers(Rogers, AR)",False,,Carl Junction,True,,False,False
2026-09-14,Brookfield,True,,Carrollton,True,,False,False
2026-09-14,"Cairo(Cairo, IL)",False,,Caruthersville,True,,False,False
2026-09-14,Bernie,True,,Central (Cape Girardeau),True,,False,False
2026-09-14,Northeast (Kansas City),True,,Central (Kansas City),True,,False,False
2026-09-14,Branson,True,,Central (Springfield),True,,False,False
2026-09-14,East Buchanan,True,,Chillicothe,True,,False,False
2026-09-14,Twin Rivers,True,,Clarkton,True,,False,False
2026-09-14,Woodland,True,,Clearwater,True,,False,False
2026-09-14,Senath-Hornersville,True,,Cooter,True,,False,False
2026-09-14,Jackson,True,,Cor Jesu Academy,True,,False,False
2026-09-14,Southeast,True,,Crossroads Prep Charter,True,,False,False
2026-09-14,Oak Ridge,True,,Crystal City,True,,False,False
2026-09-14,Salem,True,,Cuba,True,,False,False
2026-09-14,Charleston,True,,Delta (Deering),True,,False,False
2026-09-14,Center,True,,East (Kansas City),True,,False,False
2026-09-14,Stockton,True,,El Dorado Springs,True,,False,False
2026-09-14,Calvary Lutheran,True,,Eugene,True,,False,False
2026-09-14,Paseo Academy,True,,Ewing Marion Kauffman,True,,False,False
2026-09-14,Mexico,True,,Father Tolton,True,,False,False
2026-09-14,Perryville,True,,Fredericktown,True,,False,False
2026-09-14,Couch,True,,Gainesville,True,,False,False
2026-09-14,Believe Acad Charter,True,,Gateway Science Charter,True,,False,False
2026-09-14,McAuley Catholic,True,,Golden City,True,,False,False
2026-09-14,University City,True,,Hazelwood Central,True,,False,False
2026-09-14,STEAM Academy,True,,Hazelwood East,True,,False,False
2026-09-14,Capital City,True,,Helias Catholic,True,,False,False
2026-09-14,Waynesville,True,,Hillcrest,True,,False,False
2026-09-14,Cristo Rey,True,,Hogan Prep Academy Charter,True,,False,False
2026-09-14,Liberty (Wentzville),True,,Holt,True,,False,False
2026-09-14,Ballard,True,,Hume,True,,False,False
2026-09-14,Westminster Christian Academy,True,,Incarnate Word Academy,True,,False,False
2026-09-14,Smith-Cotton,True,,Jefferson City,True,,False,False
2026-09-14,Clayton,True,,John Burroughs,True,,False,False
2026-09-14,South Pemiscot,True,,Kelly,True,,False,False
2026-09-14,Herculaneum,True,,Kingston,True,,False,False
2026-09-14,Warrensburg,True,,Knob Noster,True,,False,False
2026-09-14,Crest Ridge,True,,La Monte,True,,False,False
2026-09-14,Green Ridge,True,,Lakeland,True,,False,False
2026-09-14,Parkview,True,,Lebanon,True,,False,False
2026-09-14,Oran,True,,Leopold,True,,False,False
2026-09-14,North County,True,,Lesterville,True,,False,False
2026-09-14,Concordia,True,,Lexington,True,,False,False
2026-09-14,Osceola,True,,Liberal,True,,False,False
2026-09-14,St. Paul Lutheran (Concordia),True,,Lincoln,True,,False,False
2026-09-14,Seckman,True,,Lindbergh,True,,False,False
2026-09-14,Thomas Jefferson Independent Day,True,,Lockwood,True,,False,False
2026-09-14,Cole Camp,True,,Lone Jack,True,,False,False
2026-09-14,Ladue Horton Watkins,True,,Lutheran St. Charles,True,,False,False
2026-09-14,Cabool,True,,Mansfield,True,,False,False
2026-09-14,Greenfield,True,,Marionville,True,,False,False
2026-09-14,Union Star with King City,True,,Maysville,True,,False,False
2026-09-14,McCluer,True,,McCluer North,True,,False,False
2026-09-14,"Springdale(Springdale, AR)",False,,McDonald County,True,,False,False
2026-09-14,Maplewood-Richmond Hts.,True,,MICDS,True,,False,False
2026-09-14,Guadalupe Centers Charter,True,,"Midland Adventist(Shawnee, KS)",False,,False,False
2026-09-14,Leeton with Chilhowee,True,,Midway,True,,False,False
2026-09-14,Miller,True,,Monett,True,,False,False
2026-09-14,Mid-Buchanan,True,,Mound City,True,,False,False
2026-09-14,Clever,True,,Neosho,True,,False,False
2026-09-14,Crane,True,,New Covenant Academy,True,,False,False
2026-09-14,Diamond,True,,New Heights Christian,True,,False,False
2026-09-14,Hazelwood East,True,,Normandy Collaborative,False,,False,False
2026-09-14,Jennings,True,,Normandy Collaborative,False,,False,False
2026-09-14,Centralia,True,,North Callaway,True,,False,False
2026-09-14,Everton,True,,Northeast Vernon County,True,,False,False
2026-09-14,Mehlville,True,,Notre Dame (St. Louis),True,,False,False
2026-09-14,Fulton,True,,Osage,True,,False,False
2026-09-14,St. Francis Borgia,True,,Pacific,True,,False,False
2026-09-14,Kirkwood,True,,Parkway South,True,,False,False
2026-09-14,Ft. Zumwalt North,True,,Pattonville,True,,False,False
2026-09-14,Kearney,True,,Pembroke Hill,True,,False,False
2026-09-14,Butler,True,,Pleasant Hill,True,,False,False
2026-09-14,Sparta,True,,Pleasant Hope,True,,False,False
2026-09-14,Malden,True,,Portageville,True,,False,False
2026-09-14,Union,True,,Potosi,True,,False,False
2026-09-14,"Pleasanton(Pleasanton, KS)",False,,Rich Hill,True,,False,False
2026-09-14,Gideon,True,,Richland (Essex),True,,False,False
2026-09-14,Holcomb,True,,Risco,True,,False,False
2026-09-14,Sullivan,True,,Rolla,True,,False,False
2026-09-14,Metro,True,,Roosevelt,False,,False,False
2026-09-14,Orrick,True,,Santa Fe,True,,False,False
2026-09-14,Pierce City,True,,Sarcoxie,True,,False,False
2026-09-14,Versailles,True,,Sherwood,True,,False,False
2026-09-14,Warsaw,True,,Smithton,True,,False,False
2026-09-14,Lathrop,True,,South Harrison,True,,False,False
2026-09-14,Fatima,True,,Southern Boone,True,,False,False
2026-09-14,Galena,True,,Spokane,True,,False,False
2026-09-14,Timberland,True,,St. Dominic,True,,False,False
2026-09-14,Dixon,True,,St. James,True,,False,False
2026-09-14,Nerinx Hall,True,,St. Joseph's Academy,True,,False,False
2026-09-14,West County,True,,St. Paul Lutheran (Farmington),True,,False,False
2026-09-14,North Kansas City,True,,St. Pius X (Kansas City),True,,False,False
2026-09-14,Lincoln College Prep,True,,St. Teresa's Academy,True,,False,False
2026-09-14,Notre Dame (Cape Girardeau),True,,St. Vincent,True,,False,False
2026-09-14,Plato,True,,Steelville,True,,False,False
2026-09-14,Oak Grove,True,,Summit Christian Academy,True,,False,False
2026-09-14,Gateway with Soldan International Studies,True,,West Plains,True,,False,False
2026-09-14,Prairie Home,True,,Sweet Springs,True,,False,False
2026-09-14,"Fremont Mills(, )",False,,Tarkio with Fairfax,True,,False,False
2026-09-14,"Earlham(, )",False,,Tarkio with Fairfax,True,,False,False
2026-09-14,"Viola(Viola , AR)",False,,Thayer,True,,False,False
2026-09-14,Christian Fellowship Sr.,True,,Tipton,True,,False,False
2026-09-14,Penney,True,,Trenton,True,,False,False
2026-09-14,North Point,True,,Troy Buchanan,True,,False,False
2026-09-14,Ste. Genevieve,True,,Valle Catholic,True,,False,False
2026-09-14,Collegiate School of Med-Bio Science,True,,Vashon,True,,False,False
2026-09-14,Bishop DuBourg,True,,Veritas Christian Academy,True,,False,False
2026-09-14,Whitfield,True,,Villa Duchesne,True,,False,False
2026-09-14,St. Clair,True,,Washington,True,,False,False
2026-09-14,Liberty (Mountain View),True,,Winona,True,,False,False
2026-09-14,Montgomery County,True,,Wright City,True,,False,False
2026-09-15,Dora,True,,Alton,False,,False,False
2026-09-15,Gainesville,True,,Bakersfield,True,,False,False
2026-09-15,Laquey,True,,Belle,True,,False,False
2026-09-15,Truman,True,,Belton,True,,False,False
2026-09-15,Pleasant Hill,True,,Benton,True,,False,False
2026-09-15,Excelsior Springs,True,,Bishop LeBlond,True,,False,False
2026-09-15,Bunker,True,,Bismarck,True,,False,False
2026-09-15,Eldon,True,,Blair Oaks,True,,False,False
2026-09-15,Blue Eye,True,,Bradleyville,True,,False,False
2026-09-15,Hancock,True,,Brentwood,True,,False,False
2026-09-15,McAuley Catholic,True,,Bronaugh,True,,False,False
2026-09-15,Exeter,True,,Bronaugh,True,,False,False
2026-09-15,Archie,True,,Butler,True,,False,False
2026-09-15,Licking,True,,Cabool,True,,False,False
2026-09-15,Mexico,True,,California,True,,False,False
2026-09-15,Camdenton,True,,Capital City,True,,False,False
2026-09-15,McCluer,True,,Cardinal Ritter,True,,False,False
2026-09-15,Logan-Rogersville,True,,Carl Junction,True,,False,False
2026-09-15,Southland,True,,Caruthersville,True,,False,False
2026-09-15,Aurora,True,,Cassville,True,,False,False
2026-09-15,Jackson,True,,Central (Cape Girardeau),True,,False,False
2026-09-15,Charleston,True,,Central (New Madrid County),True,,False,False
2026-09-15,Wright City,True,,Centralia,True,,False,False
2026-09-15,School of the Ozarks,True,,Chadwick,True,,False,False
2026-09-15,Calvary Lutheran,True,,Chamois,True,,False,False
2026-09-15,Carrollton,True,,Chillicothe,True,,False,False
2026-09-15,Columbia Independent,True,,Christian Fellowship Sr.,True,,False,False
2026-09-15,Appleton City with Montrose,True,,Clinton,True,,False,False
2026-09-15,Lafayette County,True,,Concordia,True,,False,False
2026-09-15,Koshkonong,True,,Couch,True,,False,False
2026-09-15,Sherwood,True,,Crest Ridge,True,,False,False
2026-09-15,St. Vincent,True,,Crystal City,True,,False,False
2026-09-15,Gideon,True,,Delta (Deering),True,,False,False
2026-09-15,Hillsboro,True,,DeSoto,True,,False,False
2026-09-15,Kennett,True,,Dexter,True,,False,False
2026-09-15,Springfield Catholic,True,,Diamond,True,,False,False
2026-09-15,Salem,True,,Dixon,True,,False,False
2026-09-15,University Academy Charter,True,,East Buchanan,True,,False,False
2026-09-15,Nevada,True,,East Newton,True,,False,False
2026-09-15,Winona,True,,Eminence,True,,False,False
2026-09-15,Fatima,True,,Eugene,True,,False,False
2026-09-15,Southwest (Washburn),True,,"Eureka Spring high School(Eureka Spring, AR)",False,,False,False
2026-09-15,Purdy,True,,Everton,True,,False,False
2026-09-15,McAuley Catholic,True,,Exeter,True,,False,False
2026-09-15,Lutheran (Kansas City),True,,Faith Christian Academy,True,,False,False
2026-09-15,Heritage AthleticsA,False,,Father Tolton,True,,False,False
2026-09-15,Conway,True,,Fordland,True,,False,False
2026-09-15,Ritenour,True,,Fox,True,,False,False
2026-09-15,Oakville,True,,Francis Howell,True,,False,False
2026-09-15,Lafayette (Wildwood),True,,Francis Howell,True,,False,False
2026-09-15,Arcadia Valley,True,,Fredericktown,True,,False,False
2026-09-15,"Hyman Brand(Overland Park, KS)",False,,Frontier STEM,True,,False,False
2026-09-15,Ft. Zumwalt East,True,,Ft. Zumwalt South,True,,False,False
2026-09-15,Kirksville,True,,Fulton,True,,False,False
2026-09-15,Sparta,True,,Galena,True,,False,False
2026-09-15,Joplin,True,,Glendale,True,,False,False
2026-09-15,William Chrisman,True,,Grain Valley,True,,False,False
2026-09-15,Cole Camp,True,,Green Ridge,True,,False,False
2026-09-15,Sarcoxie,True,,Greenfield,True,,False,False
2026-09-15,Gloria Deo Academy,True,,Greenwood,True,,False,False
2026-09-15,Northeast (Kansas City),True,,Guadalupe Centers Charter,True,,False,False
2026-09-15,Adrian,True,,Harrisonville,True,,False,False
2026-09-15,Risco,True,,Hayti,True,,False,False
2026-09-15,Pattonville,True,,Hazelwood West,True,,False,False
2026-09-15,Northland Christian,True,,"Heritage Christian(Olathe, KS)",False,,False,False
2026-09-15,Rock Bridge,True,,Hermann,True,,False,False
2026-09-15,Hannibal,True,,Hickman,True,,False,False
2026-09-15,Twin Rivers,True,,Holcomb,True,,False,False
2026-09-15,Lighthouse Sr. High,False,,Hollister,True,,False,False
2026-09-15,Winfield,True,,Holt,True,,False,False
2026-09-15,St. Dominic,True,,Incarnate Word Academy,True,,False,False
2026-09-15,New Heights Christian,True,,Jasper,True,,False,False
2026-09-15,Republic,True,,Kickapoo,True,,False,False
2026-09-15,South Iron,True,,Kingston,True,,False,False
2026-09-15,Lutheran South,True,,Ladue Horton Watkins,True,,False,False
2026-09-15,Oakville,True,,Lafayette (Wildwood),True,,False,False
2026-09-15,St. Paul Lutheran (Concordia),True,,Lawson,True,,False,False
2026-09-15,Carthage,True,,Lebanon,True,,False,False
2026-09-15,Staley,True,,Lee's Summit,True,,False,False
2026-09-15,Liberty,True,,Lee's Summit North,True,,False,False
2026-09-15,Blue Springs,True,,Lee's Summit West,True,,False,False
2026-09-15,Drexel,True,,Leeton with Chilhowee,True,,False,False
2026-09-15,El Dorado Springs,True,,Liberal,True,,False,False
2026-09-15,Ft. Zumwalt West,True,,Liberty (Wentzville),True,,False,False
2026-09-15,Raymore-Peculiar,True,,Liberty North,True,,False,False
2026-09-15,McCluer North,True,,Lift for Life Academy Charter,True,,False,False
2026-09-15,Northwest (Hughesville),True,,Lincoln,True,,False,False
2026-09-15,New Haven,True,,Linn,True,,False,False
2026-09-15,Clarkton,True,,Malden,True,,False,False
2026-09-15,Crossroads College Preparatory,True,,Maplewood-Richmond Hts.,True,,False,False
2026-09-15,Sweet Springs,True,,Marshall,True,,False,False
2026-09-15,North Platte,True,,Maysville,True,,False,False
2026-09-15,Lesterville,True,,Meadow Heights,True,,False,False
2026-09-15,Pacific,True,,Mehlville,True,,False,False
2026-09-15,Lakeland,True,,Miami (Amoret),True,,False,False
2026-09-15,Fair Grove,True,,Miller,True,,False,False
2026-09-15,Lamar,True,,Monett,True,,False,False
2026-09-15,North Nodaway,True,,Mound City,True,,False,False
2026-09-15,Thayer,True,,Mountain Grove,True,,False,False
2026-09-15,Notre Dame (St. Louis),True,,Nerinx Hall,True,,False,False
2026-09-15,Ava,True,,New Covenant Academy,True,,False,False
2026-09-15,Mansfield,True,,Niangua,True,,False,False
2026-09-15,Willard,True,,Nixa,True,,False,False
2026-09-15,Jefferson (Festus),True,,North County,True,,False,False
2026-09-15,Central (St. Joseph),True,,North Kansas City,True,,False,False
2026-09-15,Cooter,True,,North Pemiscot,True,,False,False
2026-09-15,Ft. Zumwalt North,True,,North Point,True,,False,False
2026-09-15,Wheaton,True,,Northeast Vernon County,True,,False,False
2026-09-15,Parkway North,True,,Northwest (Cedar Hill),True,,False,False
2026-09-15,Zalma,True,,Oak Ridge,True,,False,False
2026-09-15,Holden,True,,Odessa,True,,False,False
2026-09-15,Warrenton,True,,Orchard Farm,True,,False,False
2026-09-15,Boonville,True,,Osage,True,,False,False
2026-09-15,Skyline,True,,Osceola,True,,False,False
2026-09-15,Smithton,True,,Otterville,True,,False,False
2026-09-15,Webb City,True,,Ozark,True,,False,False
2026-09-15,Blue Springs South,True,,Park Hill,True,,False,False
2026-09-15,Oak Park,True,,Park Hill South,True,,False,False
2026-09-15,Forsyth,True,,Parkview,True,,False,False
2026-09-15,Webster Groves,True,,Parkway West,True,,False,False
2026-09-15,Central (Kansas City),True,,Paseo Academy,True,,False,False
2026-09-15,Windsor (Imperial),True,,Perryville,True,,False,False
2026-09-15,Crane,True,,Pierce City,True,,False,False
2026-09-15,Houston,True,,Plato,True,,False,False
2026-09-15,Kearney,True,,Platte County,True,,False,False
2026-09-15,Orrick,True,,Plattsburg,True,,False,False
2026-09-15,Marion C. Early,True,,Pleasant Hope,True,,False,False
2026-09-15,West Plains,True,,Poplar Bluff,True,,False,False
2026-09-15,South Pemiscot,True,,Portageville,True,,False,False
2026-09-15,Bernie,True,,Puxico,True,,False,False
2026-09-15,Fort Osage,True,,Raytown,True,,False,False
2026-09-15,Smithville,True,,Raytown South,True,,False,False
2026-09-15,Branson,True,,Reeds Spring,True,,False,False
2026-09-15,KIPP KC Legacy,True,,Richmond,True,,False,False
2026-09-15,West Nodaway with Nodaway-Holt,True,,Rock Port,True,,False,False
2026-09-15,Marquette,True,,Rockwood Summit,True,,False,False
2026-09-15,Bishop DuBourg,True,,Rosati-Kain,True,,False,False
2026-09-15,Grandview,True,,Ruskin,True,,False,False
2026-09-15,Hallsville,True,,Russellville,True,,False,False
2026-09-15,Stover,True,,Sacred Heart,True,,False,False
2026-09-15,Midway,True,,Santa Fe,True,,False,False
2026-09-15,Pembroke Hill,True,,Savannah,True,,False,False
2026-09-15,Kelly,True,,Scott City,True,,False,False
2026-09-15,Farmington,True,,Seckman,True,,False,False
2026-09-15,East Prairie,True,,Senath-Hornersville,True,,False,False
2026-09-15,Mt. Vernon,True,,Seneca,True,,False,False
2026-09-15,Billings,True,,Seymour,True,,False,False
2026-09-15,Trenton,True,,South Harrison,True,,False,False
2026-09-15,St. Charles West,True,,St. Charles,True,,False,False
2026-09-15,Veritas Christian Academy,True,,St. Louis Ignite,False,,False,False
2026-09-15,Clearwater,True,,St. Paul Lutheran (Farmington),True,,False,False
2026-09-15,Notre Dame de Sion,True,,St. Pius X (Kansas City),True,,False,False
2026-09-15,Buffalo,True,,Stockton,True,,False,False
2026-09-15,Marshfield,True,,Strafford,True,,False,False
2026-09-15,St. Francis Borgia,True,,Sullivan,True,,False,False
2026-09-15,Ellington,True,,Summersville,True,,False,False
2026-09-15,Lincoln College Prep,True,,Summit Christian Academy,True,,False,False
2026-09-15,St. Joseph Christian,True,,Tarkio with Fairfax,True,,False,False
2026-09-15,Francis Howell North,True,,Troy Buchanan,True,,False,False
2026-09-15,South Holt with Craig,True,,Union Star with King City,True,,False,False
2026-09-15,Bourbon,True,,Valley,True,,False,False
2026-09-15,Bayless,True,,Valley Park,True,,False,False
2026-09-15,Winnetonka,True,,Van Horn,True,,False,False
2026-09-15,Marionville,True,,Verona,True,,False,False
2026-09-15,Steelville,True,,Viburnum,True,,False,False
2026-09-15,John Burroughs,True,,Villa Duchesne,True,,False,False
2026-09-15,Ursuline Academy,True,,Visitation Academy,True,,False,False
2026-09-15,Smith-Cotton,True,,Warrensburg,True,,False,False
2026-09-15,Timberland,True,,Washington,True,,False,False
2026-09-15,Neosho,True,,Waynesville,True,,False,False
2026-09-15,Lathrop,True,,Wellington-Napoleon,True,,False,False
2026-09-15,Grandview (Hillsboro),True,,West County,True,,False,False
2026-09-15,Cameron,True,,West Platte,True,,False,False
2026-09-15,Doniphan,True,,Willow Springs,True,,False,False
2026-09-15,La Monte,True,,Windsor,True,,False,False
2026-09-15,Saxony Lutheran,True,,Woodland,True,,False,False
2026-09-16,Appleton City with Montrose,True,,Ballard,True,,False,False
2026-09-16,Helias Catholic,True,,Battle,True,,False,False
2026-09-16,Bloomfield,True,,Bell City,True,,False,False
2026-09-16,Odessa,True,,Belton,True,,False,False
2026-09-16,Scott City,True,,Bernie,True,,False,False
2026-09-16,Tipton,True,,Boonville,True,,False,False
2026-09-16,Otterville,True,,Bunceton,True,,False,False
2026-09-16,Columbia Independent,True,,Chamois,True,,False,False
2026-09-16,"Madison(Madison, IL)",False,,Confluence Prep Academy Charter with Grand Center Arts Charter,True,,False,False
2026-09-16,Union,True,,DeSoto,True,,False,False
2026-09-16,Kingsville,True,,Drexel,True,,False,False
2026-09-16,Owensville,True,,Fatima,True,,False,False
2026-09-16,Eureka,True,,Francis Howell North,True,,False,False
2026-09-16,Eldon,True,,Hallsville,True,,False,False
2026-09-16,Crossroads College Preparatory,True,,Hancock,True,,False,False
2026-09-16,Crossroads Prep Charter,True,,Hogan Prep Academy Charter,True,,False,False
2026-09-16,McCluer North,True,,Jennings,True,,False,False
2026-09-16,Lutheran St. Charles,True,,Kirkwood,True,,False,False
2026-09-16,Parkway West,True,,Lindbergh,True,,False,False
2026-09-16,Harrisonville,True,,"Louisburg(Louisburg , KS)",False,,False,False
2026-09-16,Villa Duchesne,True,,Lutheran South,True,,False,False
2026-09-16,Hazelwood East,True,,McCluer,True,,False,False
2026-09-16,Collegiate School of Med-Bio Science,True,,McKinley Classical Leadership,True,,False,False
2026-09-16,Vashon,True,,Metro,True,,False,False
2026-09-16,Duchesne,True,,MICDS,True,,False,False
2026-09-16,West Plains,True,,Miller Career Academy,True,,False,False
2026-09-16,McCluer,True,,Normandy Collaborative,False,,False,False
2026-09-16,Hazelwood Central,True,,Normandy Collaborative,False,,False,False
2026-09-16,Herculaneum,True,,North County,True,,False,False
2026-09-16,Academie Lafayette,True,,Northeast (Kansas City),True,,False,False
2026-09-16,Central (New Madrid County),True,,Oran,True,,False,False
2026-09-16,Farmington,True,,St. Pius X (Festus),True,,False,False
2026-09-16,St. Michael the Archangel,True,,St. Teresa's Academy,True,,False,False
2026-09-16,Arcadia Valley,True,,Ste. Genevieve,True,,False,False
2026-09-16,St. James,True,,Steelville,True,,False,False
2026-09-16,STEAM Academy,True,,University City,True,,False,False
2026-09-16,St. Paul Lutheran (Farmington),True,,Valle Catholic,True,,False,False
2026-09-16,Believe Acad Charter,True,,Whitfield,True,,False,False
2026-09-16,North Callaway,True,,Wright City,True,,False,False
2026-09-17,Butler,True,,Adrian,True,,False,False
2026-09-17,Leopold,True,,Advance,True,,False,False
2026-09-17,Parkway South,True,,Affton,True,,False,False
2026-09-17,Hume,True,,Appleton City with Montrose,True,,False,False
2026-09-17,Sherwood,True,,Appleton City with Montrose,True,,False,False
2026-09-17,Central (Park Hills),True,,Arcadia Valley,True,,False,False
2026-09-17,Monett,True,,Aurora,True,,False,False
2026-09-17,Houston,True,,Ava,True,,False,False
2026-09-17,Leeton with Chilhowee,True,,Ballard,True,,False,False
2026-09-17,Center,True,,Barstow,True,,False,False
2026-09-17,Villa Duchesne,True,,Bayless,True,,False,False
2026-09-17,East Prairie,True,,Bell City,True,,False,False
2026-09-17,Dixon,True,,Belle,True,,False,False
2026-09-17,Platte County,True,,Belton,True,,False,False
2026-09-17,Notre Dame (St. Louis),True,,Bishop DuBourg,True,,False,False
2026-09-17,Chillicothe,True,,Bishop LeBlond,True,,False,False
2026-09-17,Lutheran (Kansas City),True,,"Bishop Seabury(Lawrence, KS)",False,,False,False
2026-09-17,North County,True,,Bismarck,True,,False,False
2026-09-17,Lee's Summit,True,,Blue Springs South,True,,False,False
2026-09-17,Buffalo,True,,Bolivar,True,,False,False
2026-09-17,Hallsville,True,,Boonville,True,,False,False
2026-09-17,Crystal City,True,,Bourbon,True,,False,False
2026-09-17,Plato,True,,Bradleyville,True,,False,False
2026-09-17,Willow Springs,True,,Cabool,True,,False,False
2026-09-17,Blair Oaks,True,,California,True,,False,False
2026-09-17,Hayti,True,,Campbell,True,,False,False
2026-09-17,Jefferson City,True,,Capital City,True,,False,False
2026-09-17,Central (Springfield),True,,Carl Junction,True,,False,False
2026-09-17,Holden,True,,Carrollton,True,,False,False
2026-09-17,Kickapoo,True,,Carthage,True,,False,False
2026-09-17,South Pemiscot,True,,Caruthersville,True,,False,False
2026-09-17,Seneca,True,,Cassville,True,,False,False
2026-09-17,Perryville,True,,Central (Cape Girardeau),True,,False,False
2026-09-17,Southeast,True,,Central (Kansas City),True,,False,False
2026-09-17,Park Hill South,True,,Central (St. Joseph),True,,False,False
2026-09-17,Richland (Essex),True,,Charleston,True,,False,False
2026-09-17,Risco,True,,Clarkton,True,,False,False
2026-09-17,Spokane,True,,Clever,True,,False,False
2026-09-17,Warsaw,True,,Clinton,True,,False,False
2026-09-17,Lincoln,True,,Cole Camp,True,,False,False
2026-09-17,Ursuline Academy,True,,Cor Jesu Academy,True,,False,False
2026-09-17,Billings,True,,Crane,True,,False,False
2026-09-17,Bernie,True,,Dexter,True,,False,False
2026-09-17,Stockton,True,,Diamond,True,,False,False
2026-09-17,Archie,True,,Drexel,True,,False,False
2026-09-17,Meadow Heights,True,,Eagle Ridge Christian,False,,False,False
2026-09-17,Lawson,True,,East Buchanan,True,,False,False
2026-09-17,Fair Grove,True,,El Dorado Springs,True,,False,False
2026-09-17,Bunker,True,,Eminence,True,,False,False
2026-09-17,Southwest (Washburn),True,,Everton,True,,False,False
2026-09-17,Galena,True,,Exeter,True,,False,False
2026-09-17,Battle,True,,Father Tolton,True,,False,False
2026-09-17,School of the Ozarks,True,,Fordland,True,,False,False
2026-09-17,Grain Valley,True,,Fort Osage,True,,False,False
2026-09-17,Troy Buchanan,True,,Francis Howell,True,,False,False
2026-09-17,Academie Lafayette,True,,Frontier School of Excellence Charter,False,,False,False
2026-09-17,Hogan Prep Academy Charter,True,,Frontier STEM,True,,False,False
2026-09-17,Ft. Zumwalt North,True,,Ft. Zumwalt East,True,,False,False
2026-09-17,Francis Howell North,True,,Ft. Zumwalt West,True,,False,False
2026-09-17,North Pemiscot,True,,Gideon,True,,False,False
2026-09-17,Sheldon,True,,Greenfield,True,,False,False
2026-09-17,South Iron,True,,Greenville,True,,False,False
2026-09-17,"Hyman Brand Hebrew(Overland Park, KS)",False,,Guadalupe Centers Charter,True,,False,False
2026-09-17,Valley Park,True,,Herculaneum,True,,False,False
2026-09-17,St. James,True,,Hermann,True,,False,False
2026-09-17,Southern Boone,True,,Hickman,True,,False,False
2026-09-17,Hollister,True,,Hillcrest,True,,False,False
2026-09-17,St. Louis Ignite,False,,Hillsboro,True,,False,False
2026-09-17,Cooter,True,,Holcomb,True,,False,False
2026-09-17,East (Kansas City),True,,"J C Harmon(Kansas City, KS)",False,,False,False
2026-09-17,Notre Dame (Cape Girardeau),True,,Jackson,True,,False,False
2026-09-17,St. Louis Christian Sr.,False,,John Burroughs,True,,False,False
2026-09-17,Nixa,True,,Joplin,True,,False,False
2026-09-17,Faith Christian Academy,True,,"Kansas City Christian(Kansas City, KS)",False,,False,False
2026-09-17,Smithville,True,,Kearney,True,,False,False
2026-09-17,Portageville,True,,Kennett,True,,False,False
2026-09-17,Cuba,True,,Kingston,True,,False,False
2026-09-17,Believe Acad Charter,True,,KIPP St. Louis Sr.,True,,False,False
2026-09-17,Trenton,True,,Kirksville,True,,False,False
2026-09-17,Ladue Horton Watkins,True,,Kirkwood,True,,False,False
2026-09-17,Bakersfield,True,,Koshkonong,True,,False,False
2026-09-17,Sacred Heart,True,,La Monte,True,,False,False
2026-09-17,Knob Noster,True,,Lafayette County,True,,False,False
2026-09-17,East Newton,True,,Lamar,True,,False,False
2026-09-17,Niangua,True,,Laquey,True,,False,False
2026-09-17,Excelsior Springs,True,,Lexington,True,,False,False
2026-09-17,Liberty North,True,,Liberty,True,,False,False
2026-09-17,Thayer,True,,Liberty (Mountain View),True,,False,False
2026-09-17,Francis Howell Central,True,,Liberty (Wentzville),True,,False,False
2026-09-17,Veritas Christian Academy,True,,Liberty Christian Sr.,False,,False,False
2026-09-17,Gateway with Soldan International Studies,True,,Lift for Life Academy Charter,True,,False,False
2026-09-17,Chamois,True,,Lighthouse Sr.,False,,False,False
2026-09-17,Ash Grove,True,,Lockwood,True,,False,False
2026-09-17,Concordia,True,,Lone Jack,True,,False,False
2026-09-17,Marion C. Early,True,,Lutie,True,,False,False
2026-09-17,Twin Rivers,True,,Malden,True,,False,False
2026-09-17,Chadwick,True,,Mansfield,True,,False,False
2026-09-17,Northland Christian,True,,"Maranatha Christian(Shawnee, KS)",False,,False,False
2026-09-17,New Heights Christian,True,,Marionville,True,,False,False
2026-09-17,Eureka,True,,Marquette,True,,False,False
2026-09-17,Liberal,True,,McAuley Catholic,True,,False,False
2026-09-17,University City,True,,McCluer,True,,False,False
2026-09-17,Nevada,True,,McDonald County,True,,False,False
2026-09-17,Rosati-Kain,True,,McKinley Classical Leadership,True,,False,False
2026-09-17,Hannibal,True,,Mexico,True,,False,False
2026-09-17,Lathrop,True,,Mid-Buchanan,True,,False,False
2026-09-17,Lakeland,True,,Midway,True,,False,False
2026-09-17,North Callaway,True,,Montgomery County,True,,False,False
2026-09-17,Glendale,True,,Neosho,True,,False,False
2026-09-17,Incarnate Word Academy,True,,Nerinx Hall,True,,False,False
2026-09-17,Centralia,True,,New Bloomfield,True,,False,False
2026-09-17,Lighthouse Sr. High,False,,New Covenant Academy,True,,False,False
2026-09-17,Miller Career Academy,True,,Normandy Collaborative,False,,False,False
2026-09-17,Rock Port,True,,North Nodaway,True,,False,False
2026-09-17,West Platte,True,,North Platte,True,,False,False
2026-09-17,Washington,True,,North Point,True,,False,False
2026-09-17,Jasper,True,,Northeast Vernon County,True,,False,False
2026-09-17,Hazelwood West,True,,Northwest (Cedar Hill),True,,False,False
2026-09-17,Pembroke Hill,True,,Notre Dame de Sion,True,,False,False
2026-09-17,Lee's Summit North,True,,Oak Park,True,,False,False
2026-09-17,Mehlville,True,,Oakville,True,,False,False
2026-09-17,Marshall,True,,Odessa,True,,False,False
2026-09-17,Oak Ridge,True,,Oran,True,,False,False
2026-09-17,St. Charles,True,,Orchard Farm,True,,False,False
2026-09-17,Crest Ridge,True,,Orrick,True,,False,False
2026-09-17,Eugene,True,,Osage,True,,False,False
2026-09-17,Windsor,True,,Otterville,True,,False,False
2026-09-17,New Haven,True,,Owensville,True,,False,False
2026-09-17,St. Clair,True,,Pacific,True,,False,False
2026-09-17,North Kansas City,True,,Park Hill,True,,False,False
2026-09-17,Fox,True,,Parkway North,True,,False,False
2026-09-17,Clayton,True,,Pattonville,True,,False,False
2026-09-17,Plattsburg,True,,Penney,True,,False,False
2026-09-17,Conway,True,,Pleasant Hope,True,,False,False
2026-09-17,Sikeston,True,,Poplar Bluff,True,,False,False
2026-09-17,St. Pius X (Festus),True,,Potosi,True,,False,False
2026-09-17,Golden City,True,,Purdy,True,,False,False
2026-09-17,Clearwater,True,,Puxico,True,,False,False
2026-09-17,Blue Springs,True,,Raymore-Peculiar,True,,False,False
2026-09-17,Ozark,True,,Republic,True,,False,False
2026-09-17,Riverview Gardens,False,,Ritenour,True,,False,False
2026-09-17,Blue Eye,True,,RUSH Sr. Home School,False,,False,False
2026-09-17,Mountain Grove,True,,Salem,True,,False,False
2026-09-17,Cameron,True,,Savannah,True,,False,False
2026-09-17,Valle Catholic,True,,Saxony Lutheran,True,,False,False
2026-09-17,Woodland,True,,Scott City,True,,False,False
2026-09-17,Parkway Central,True,,Seckman,True,,False,False
2026-09-17,Greenwood,True,,Seymour,True,,False,False
2026-09-17,Hume,True,,Sherwood,True,,False,False
2026-09-17,Pierce City,True,,Skyline,True,,False,False
2026-09-17,Rock Bridge,True,,Smith-Cotton,True,,False,False
2026-09-17,Green Ridge,True,,Smithton,True,,False,False
2026-09-17,Delta (Deering),True,,Southland,True,,False,False
2026-09-17,Marshfield,True,,Springfield Catholic,True,,False,False
2026-09-17,Holt,True,,St. Charles West,True,,False,False
2026-09-17,Visitation Academy,True,,St. Dominic,True,,False,False
2026-09-17,St. Louis Christian Sr.,False,,St. Francis Borgia,True,,False,False
2026-09-17,Maysville,True,,St. Joseph Christian,True,,False,False
2026-09-17,Van Horn,True,,St. Michael the Archangel,True,,False,False
2026-09-17,Jefferson (Festus),True,,St. Vincent,True,,False,False
2026-09-17,Lee's Summit West,True,,Staley,True,,False,False
2026-09-17,Northwest (Hughesville),True,,Stover,True,,False,False
2026-09-17,Union,True,,Sullivan,True,,False,False
2026-09-17,Lesterville,True,,Summersville,True,,False,False
2026-09-17,Pleasant Hill,True,,Summit Christian Academy,True,,False,False
2026-09-17,Lincoln College Prep,True,,Summit Christian Academy,True,,False,False
2026-09-17,South Holt with Craig,True,,Tarkio with Fairfax,True,,False,False
2026-09-17,Ft. Zumwalt South,True,,Timberland,True,,False,False
2026-09-17,Raytown,True,,Truman,True,,False,False
2026-09-17,Paseo Academy,True,,"Turner(Kansas City, KS)",False,,False,False
2026-09-17,Ewing Marion Kauffman,True,,University Academy Charter,True,,False,False
2026-09-17,Gloria Deo Academy,True,,Verona,True,,False,False
2026-09-17,Russellville,True,,Versailles,True,,False,False
2026-09-17,Valley,True,,Viburnum,True,,False,False
2026-09-17,Winfield,True,,Warrenton,True,,False,False
2026-09-17,Lebanon,True,,Webb City,True,,False,False
2026-09-17,Rockwood Summit,True,,Webster Groves,True,,False,False
2026-09-17,Richmond,True,,Wellington-Napoleon,True,,False,False
2026-09-17,Fredericktown,True,,West County,True,,False,False
2026-09-17,Union Star with King City,True,,West Nodaway with Nodaway-Holt,True,,False,False
2026-09-17,Rolla,True,,West Plains,True,,False,False
2026-09-17,Lutheran North,True,,Westminster Christian Academy,True,,False,False
2026-09-17,Thomas Jefferson Independent Day,True,,Wheaton,True,,False,False
2026-09-17,Waynesville,True,,Willard,True,,False,False
2026-09-17,Grandview,True,,William Chrisman,True,,False,False
2026-09-17,Festus,True,,Windsor (Imperial),True,,False,False
2026-09-17,Ruskin,True,,Winnetonka,True,,False,False
2026-09-18,Woodland,True,,Advance,True,,False,False
2026-09-18,St. Paul Lutheran (Farmington),True,,Bismarck,True,,False,False
2026-09-18,Crossroads College Preparatory,True,,Brentwood,True,,False,False
2026-09-18,Prairie Home,True,,Christian Fellowship Sr.,True,,False,False
2026-09-18,Bernie,True,,Clarkton,True,,False,False
2026-09-18,Cardinal Ritter,True,,Collegiate School of Med-Bio Science,True,,False,False
2026-09-18,West Plains,True,,Confluence Prep Academy Charter with Grand Center Arts Charter,True,,False,False
2026-09-18,Marquette,True,,Cor Jesu Academy,True,,False,False
2026-09-18,Raytown South,True,,Cristo Rey,True,,False,False
2026-09-18,Eminence,True,,Dora,True,,False,False
2026-09-18,Sparta,True,,Fordland,True,,False,False
2026-09-18,Chadwick,True,,Galena,True,,False,False
2026-09-18,Bloomfield,True,,Gideon,True,,False,False
2026-09-18,Southwest (Washburn),True,,Golden City,True,,False,False
2026-09-18,Meadow Heights,True,,Greenville,True,,False,False
2026-09-18,Crane,True,,Greenwood,True,,False,False
2026-09-18,Valley Park,True,,Hancock,True,,False,False
2026-09-18,Jennings,True,,Hazelwood East,True,,False,False
2026-09-18,Lift for Life Academy Charter,True,,Hazelwood West,True,,False,False
2026-09-18,South Pemiscot,True,,Holcomb,True,,False,False
2026-09-18,East Prairie,True,,Kelly,True,,False,False
2026-09-18,Blair Oaks,True,,Logan-Rogersville,True,,False,False
2026-09-18,Villa Duchesne,True,,Lutheran South,True,,False,False
2026-09-18,Bayless,True,,Maplewood-Richmond Hts.,True,,False,False
2026-09-18,Normandy Collaborative,False,,McCluer North,True,,False,False
2026-09-18,Gateway Science Charter,True,,McKinley Classical Leadership,True,,False,False
2026-09-18,Richland (Essex),True,,North Pemiscot,True,,False,False
2026-09-18,Mehlville,True,,Northwest (Cedar Hill),True,,False,False
2026-09-18,"Egyptian(Tamms, IL)",False,,Oak Ridge,True,,False,False
2026-09-18,Winona,True,,Potosi,True,,False,False
2026-09-18,Blair Oaks,True,,Potosi,True,,False,False
2026-09-18,Leopold,True,,Puxico,True,,False,False
2026-09-18,Senath-Hornersville,True,,Risco,True,,False,False
2026-09-18,Bronaugh,True,,Sheldon,True,,False,False
2026-09-18,Mineral Area Sr High Homeschool Assn,False,,South Iron,True,,False,False
2026-09-18,Hazelwood Central,True,,STEAM Academy,True,,False,False
2026-09-18,Delta (Deering),True,,Twin Rivers,True,,False,False
2026-09-18,KIPP St. Louis Sr.,True,,Vashon,True,,False,False
2026-09-18,Camdenton,True,,Webb City,True,,False,False
2026-09-18,Branson,True,,Webb City,True,,False,False
2026-09-18,Willard,True,,Webb City,True,,False,False
2026-09-18,Ursuline Academy,True,,Whitfield,True,,False,False
2026-09-18,St. Louis Ignite,False,,Winfield,True,,False,False
2026-09-19,Ste. Genevieve,True,,Affton,True,,False,False
2026-09-19,Pattonville,True,,Affton,True,,False,False
2026-09-19,Ft. Zumwalt South,True,,Affton,True,,False,False
2026-09-19,St. Joseph's Academy,True,,"Belleville East(Belleville, IL)",False,,False,False
2026-09-19,Jackson,True,,"Belleville East(Belleville, IL)",False,,False,False
2026-09-19,Winona,True,,Blair Oaks,True,,False,False
2026-09-19,Leopold,True,,Bowling Green,True,,False,False
2026-09-19,New Haven,True,,Bowling Green,True,,False,False
2026-09-19,Fordland,True,,Cabool,True,,False,False
2026-09-19,Salem,True,,Cabool,True,,False,False
2026-09-19,Hannibal,True,,Clayton,True,,False,False
2026-09-19,Jackson,True,,"Columbia(Columbia , IL)",False,,False,False
2026-09-19,Mountain Grove,True,,Couch,True,,False,False
2026-09-19,Harrisonville,True,,East Buchanan,True,,False,False
2026-09-19,Holden,True,,East Buchanan,True,,False,False
2026-09-19,Lone Jack,True,,East Buchanan,True,,False,False
2026-09-19,Sheldon,True,,Exeter,True,,False,False
2026-09-19,Pattonville,True,,Ft. Zumwalt South,True,,False,False
2026-09-19,Ste. Genevieve,True,,Ft. Zumwalt South,True,,False,False
2026-09-19,Exeter,True,,Galena,True,,False,False
2026-09-19,Sheldon,True,,Galena,True,,False,False
2026-09-19,STEAM Academy,True,,Hannibal,True,,False,False
2026-09-19,St. Charles,True,,Hannibal,True,,False,False
2026-09-19,Pembroke Hill,True,,Hickman,True,,False,False
2026-09-19,Cabool,True,,"Hollister JV(Hollister, MO)",False,,False,False
2026-09-19,St. Joseph's Academy,True,,Jackson,True,,False,False
2026-09-19,Rock Bridge,True,,Kickapoo,True,,False,False
2026-09-19,Potosi,True,,Logan-Rogersville,True,,False,False
2026-09-19,Winona,True,,Logan-Rogersville,True,,False,False
2026-09-19,Seymour,True,,Mountain Grove,True,,False,False
2026-09-19,Niangua,True,,Mountain Grove,True,,False,False
2026-09-19,Rock Bridge,True,,Nixa,True,,False,False
2026-09-19,Pembroke Hill,True,,Oak Park,True,,False,False
2026-09-19,Rock Bridge,True,,Ozark,True,,False,False
2026-09-19,Grandview,True,,Raytown,True,,False,False
2026-09-19,Van Horn,True,,Raytown,True,,False,False
2026-09-19,Rock Bridge,True,,Republic,True,,False,False
2026-09-19,Windsor (Imperial),True,,Seckman,True,,False,False
2026-09-19,Liberty (Wentzville),True,,Seckman,True,,False,False
2026-09-19,Troy Buchanan,True,,Seckman,True,,False,False
2026-09-19,Hillcrest,True,,Springfield Catholic,True,,False,False
2026-09-19,Aurora,True,,Springfield Catholic,True,,False,False
2026-09-19,Pembroke Hill,True,,St. Pius X (Kansas City),True,,False,False
2026-09-21,Gideon,True,,Advance,True,,False,False
2026-09-21,Hazelwood East,True,,Alton,False,,False,False
2026-09-21,Butler,True,,Appleton City with Montrose,True,,False,False
2026-09-21,Osceola,True,,Archie,True,,False,False
2026-09-21,Hillcrest,True,,Aurora,True,,False,False
2026-09-21,Fordland,True,,Ava,True,,False,False
2026-09-21,Puxico,True,,Bell City,True,,False,False
2026-09-21,Chillicothe,True,,Benton,True,,False,False
2026-09-21,Poplar Bluff,True,,Bernie,True,,False,False
2026-09-21,Parkview,True,,Billings,True,,False,False
2026-09-21,Cristo Rey,True,,"Bishop Ward(Kansas City, KS)",False,,False,False
2026-09-21,Sikeston,True,,Bloomfield,True,,False,False
2026-09-21,Liberty,True,,Blue Springs,True,,False,False
2026-09-21,Eldon,True,,Boonville,True,,False,False
2026-09-21,Miami (Amoret),True,,Bronaugh,True,,False,False
2026-09-21,Osage,True,,Buffalo,True,,False,False
2026-09-21,Sacred Heart,True,,Bunceton,True,,False,False
2026-09-21,Licking,True,,Capital City,True,,False,False
2026-09-21,Diamond,True,,Cassville,True,,False,False
2026-09-21,Scott City,True,,Central (Cape Girardeau),True,,False,False
2026-09-21,South Pemiscot,True,,Central (New Madrid County),True,,False,False
2026-09-21,Bismarck,True,,Central (Park Hills),True,,False,False
2026-09-21,North Callaway,True,,Centralia,True,,False,False
2026-09-21,New Bloomfield,True,,Chamois,True,,False,False
2026-09-21,Zalma,True,,Charleston,True,,False,False
2026-09-21,Gateway with Soldan International Studies,True,,Collegiate School of Med-Bio Science,True,,False,False
2026-09-21,Russellville,True,,Columbia Independent,True,,False,False
2026-09-21,Mansfield,True,,Couch,True,,False,False
2026-09-21,Marionville,True,,Crane,True,,False,False
2026-09-21,Plato,True,,Dixon,True,,False,False
2026-09-21,Liberty (Mountain View),True,,Doniphan,True,,False,False
2026-09-21,Thayer,True,,Dora,True,,False,False
2026-09-21,Paseo Academy,True,,East (Kansas City),True,,False,False
2026-09-21,Southland,True,,East Prairie,True,,False,False
2026-09-21,Willow Springs,True,,Eminence,True,,False,False
2026-09-21,Belle,True,,Eugene,True,,False,False
2026-09-21,North Point,True,,Eureka,True,,False,False
2026-09-21,Mehlville,True,,Fox,True,,False,False
2026-09-21,North Point,True,,Francis Howell Central,True,,False,False
2026-09-21,Eureka,True,,Francis Howell Central,True,,False,False
2026-09-21,Timberland,True,,Francis Howell North,True,,False,False
2026-09-21,Lutheran St. Charles,True,,Ft. Zumwalt North,True,,False,False
2026-09-21,Mexico,True,,Fulton,True,,False,False
2026-09-21,Hancock,True,,Gateway Science Charter,True,,False,False
2026-09-21,Fair Grove,True,,Glendale,True,,False,False
2026-09-21,Kearney,True,,Grain Valley,True,,False,False
2026-09-21,Van Horn,True,,Grandview,True,,False,False
2026-09-21,St. Clair,True,,Grandview (Hillsboro),True,,False,False
2026-09-21,Leeton with Chilhowee,True,,Green Ridge,True,,False,False
2026-09-21,Kingsville,True,,Green Ridge,True,,False,False
2026-09-21,"Blytheville(Blytheville , AR)",False,,Hayti,True,,False,False
2026-09-21,Affton,True,,Hazelwood Central,True,,False,False
2026-09-21,Camdenton,True,,Helias Catholic,True,,False,False
2026-09-21,Kennett,True,,Holcomb,True,,False,False
2026-09-21,Jefferson City,True,,Incarnate Word Academy,True,,False,False
2026-09-21,Northeast (Kansas City),True,,"J.C. Harmon High Schoo(Kansas City, KS)",False,,False,False
2026-09-21,Midway,True,,Jasper,True,,False,False
2026-09-21,Rosati-Kain,True,,Jennings,True,,False,False
2026-09-21,Caruthersville,True,,Kelly,True,,False,False
2026-09-21,St. Paul Lutheran (Farmington),True,,Kingston,True,,False,False
2026-09-21,Leeton with Chilhowee,True,,Kingsville,True,,False,False
2026-09-21,Miller,True,,Lamar,True,,False,False
2026-09-21,University Academy Charter,True,,Lathrop,True,,False,False
2026-09-21,Excelsior Springs,True,,Lawson,True,,False,False
2026-09-21,St. Michael the Archangel,True,,Lee's Summit,True,,False,False
2026-09-21,Lee's Summit North,True,,Lee's Summit West,True,,False,False
2026-09-21,Bunker,True,,Lesterville,True,,False,False
2026-09-21,Belton,True,,Liberty North,True,,False,False
2026-09-21,Kirkwood,True,,Lindbergh,True,,False,False
2026-09-21,Cuba,True,,Linn,True,,False,False
2026-09-21,Willard,True,,Logan-Rogersville,True,,False,False
2026-09-21,Oran,True,,Malden,True,,False,False
2026-09-21,Koshkonong,True,,"Mammoth Spring(Mammoth Spring, AR)",False,,False,False
2026-09-21,Mid-Buchanan,True,,"Maur Hill Mount(Atchison, KS)",False,,False,False
2026-09-21,"Ozark Catholic(Springdale, AR)",False,,McDonald County,True,,False,False
2026-09-21,Leopold,True,,Meadow Heights,True,,False,False
2026-09-21,West Plains,True,,Metro,True,,False,False
2026-09-21,Hollister,True,,Monett,True,,False,False
2026-09-21,Fatima,True,,Montgomery County,True,,False,False
2026-09-21,North Platte,True,,Mound City,True,,False,False
2026-09-21,Marshfield,True,,Mountain Grove,True,,False,False
2026-09-21,Pleasant Hope,True,,New Covenant Academy,True,,False,False
2026-09-21,Liberal,True,,New Heights Christian,True,,False,False
2026-09-21,Greenwood,True,,Niangua,True,,False,False
2026-09-21,Hillsboro,True,,North County,True,,False,False
2026-09-21,Fort Osage,True,,North Kansas City,True,,False,False
2026-09-21,Delta (Deering),True,,North Pemiscot,True,,False,False
2026-09-21,Golden City,True,,Northeast Vernon County,True,,False,False
2026-09-21,Summit Christian Academy,True,,Northland Christian,True,,False,False
2026-09-21,Knob Noster,True,,Oak Grove,True,,False,False
2026-09-21,Grain Valley,True,,Oak Park,True,,False,False
2026-09-21,Kearney,True,,Oak Park,True,,False,False
2026-09-21,La Monte,True,,Orrick,True,,False,False
2026-09-21,Jefferson (Festus),True,,Perryville,True,,False,False
2026-09-21,Park Hill,True,,Platte County,True,,False,False
2026-09-21,Smithton,True,,Prairie Home,True,,False,False
2026-09-21,Smithville,True,,Raymore-Peculiar,True,,False,False
2026-09-21,Richland (Essex),True,,Risco,True,,False,False
2026-09-21,Lutheran North,True,,Ritenour,True,,False,False
2026-09-21,Lebanon,True,,Rolla,True,,False,False
2026-09-21,Summersville,True,,Salem,True,,False,False
2026-09-21,McAuley Catholic,True,,Sarcoxie,True,,False,False
2026-09-21,Pleasant Hill,True,,Savannah,True,,False,False
2026-09-21,Oak Ridge,True,,Saxony Lutheran,True,,False,False
2026-09-21,Portageville,True,,Senath-Hornersville,True,,False,False
2026-09-21,Sparta,True,,Seymour,True,,False,False
2026-09-21,Rich Hill,True,,Sheldon,True,,False,False
2026-09-21,Marshall,True,,Smith-Cotton,True,,False,False
2026-09-21,North Nodaway,True,,South Harrison,True,,False,False
2026-09-21,Blue Eye,True,,Southwest (Washburn),True,,False,False
2026-09-21,Reeds Spring,True,,Spokane,True,,False,False
2026-09-21,Central (Springfield),True,,Springfield Catholic,True,,False,False
2026-09-21,Father Tolton,True,,St. Francis Borgia,True,,False,False
2026-09-21,Villa Duchesne,True,,St. Joseph's Academy,True,,False,False
2026-09-21,Lutheran (Kansas City),True,,St. Paul Lutheran (Concordia),True,,False,False
2026-09-21,DeSoto,True,,Ste. Genevieve,True,,False,False
2026-09-21,Maplewood-Richmond Hts.,True,,STEAM Academy,True,,False,False
2026-09-21,Skyline,True,,Strafford,True,,False,False
2026-09-21,Santa Fe,True,,Sweet Springs,True,,False,False
2026-09-21,Maysville,True,,Tarkio with Fairfax,True,,False,False
2026-09-21,Windsor,True,,Tipton,True,,False,False
2026-09-21,Warrenton,True,,Troy Buchanan,True,,False,False
2026-09-21,Central (St. Joseph),True,,Truman,True,,False,False
2026-09-21,Winnetonka,True,,Truman,True,,False,False
2026-09-21,St. Vincent,True,,Valle Catholic,True,,False,False
2026-09-21,Roosevelt,False,,Valley Park,True,,False,False
2026-09-21,McKinley Classical Leadership,True,,Vashon,True,,False,False
2026-09-21,Galena,True,,Verona,True,,False,False
2026-09-21,Cole Camp,True,,Versailles,True,,False,False
2026-09-21,Seckman,True,,Webster Groves,True,,False,False
2026-09-21,Greenville,True,,West County,True,,False,False
2026-09-21,Purdy,True,,Wheaton,True,,False,False
2026-09-21,Dexter,True,,Woodland,True,,False,False
2026-09-21,St. Charles West,True,,Wright City,True,,False,False
2026-09-22,Pembroke Hill,True,,Adrian,True,,False,False
2026-09-22,Odessa,True,,Adrian,True,,False,False
2026-09-22,Drexel,True,,Appleton City with Montrose,True,,False,False
2026-09-22,North County,True,,Arcadia Valley,True,,False,False
2026-09-22,Diamond,True,,Ash Grove,True,,False,False
2026-09-22,Salem,True,,Ava,True,,False,False
2026-09-22,Lincoln College Prep,True,,Barstow,True,,False,False
2026-09-22,Hancock,True,,Bayless,True,,False,False
2026-09-22,Linn,True,,Belle,True,,False,False
2026-09-22,Raymore-Peculiar,True,,Belton,True,,False,False
2026-09-22,Veritas Christian Academy,True,,Bishop DuBourg,True,,False,False
2026-09-22,Savannah,True,,Bishop LeBlond,True,,False,False
2026-09-22,Wheaton,True,,Blue Eye,True,,False,False
2026-09-22,Lee's Summit West,True,,Blue Springs South,True,,False,False
2026-09-22,Centralia,True,,Bowling Green,True,,False,False
2026-09-22,Maplewood-Richmond Hts.,True,,Brentwood,True,,False,False
2026-09-22,North Platte,True,,Brookfield,True,,False,False
2026-09-22,Hillcrest,True,,Buffalo,True,,False,False
2026-09-22,Liberal,True,,Butler,True,,False,False
2026-09-22,Thayer,True,,Cabool,True,,False,False
2026-09-22,Heritage AthleticsA,False,,Calvary Lutheran,True,,False,False
2026-09-22,Hickman,True,,Camdenton,True,,False,False
2026-09-22,Mid-Buchanan,True,,Cameron,True,,False,False
2026-09-22,Branson,True,,Carl Junction,True,,False,False
2026-09-22,Portageville,True,,Caruthersville,True,,False,False
2026-09-22,Woodland,True,,Central (Cape Girardeau),True,,False,False
2026-09-22,Farmington,True,,Central (Cape Girardeau),True,,False,False
2026-09-22,Lawson,True,,Chillicothe,True,,False,False
2026-09-22,Northland Christian,True,,Chillicothe,True,,False,False
2026-09-22,Bunceton,True,,Christian Fellowship Sr.,True,,False,False
2026-09-22,Central (New Madrid County),True,,Clarkton,True,,False,False
2026-09-22,Northwest (Cedar Hill),True,,Clayton,True,,False,False
2026-09-22,Stover,True,,Cole Camp,True,,False,False
2026-09-22,Wellington-Napoleon,True,,Concordia,True,,False,False
2026-09-22,Cardinal Ritter,True,,Confluence Prep Academy Charter with Grand Center Arts Charter,True,,False,False
2026-09-22,Gideon,True,,Cooter,True,,False,False
2026-09-22,Frontier STEM,True,,Cristo Rey,True,,False,False
2026-09-22,Valley Park,True,,Crossroads College Preparatory,True,,False,False
2026-09-22,Clearwater,True,,Doniphan,True,,False,False
2026-09-22,Trenton,True,,East Buchanan,True,,False,False
2026-09-22,Penney,True,,East Buchanan,True,,False,False
2026-09-22,Charleston,True,,East Prairie,True,,False,False
2026-09-22,Koshkonong,True,,Eminence,True,,False,False
2026-09-22,Verona,True,,Everton,True,,False,False
2026-09-22,Logan-Rogersville,True,,Fair Grove,True,,False,False
2026-09-22,Woodland,True,,Farmington,True,,False,False
2026-09-22,Montgomery County,True,,Father Tolton,True,,False,False
2026-09-22,Boonville,True,,Fatima,True,,False,False
2026-09-22,DeSoto,True,,Festus,True,,False,False
2026-09-22,Platte County,True,,Fort Osage,True,,False,False
2026-09-22,Ft. Zumwalt West,True,,Francis Howell Central,True,,False,False
2026-09-22,Francis Howell,True,,Francis Howell North,True,,False,False
2026-09-22,Valle Catholic,True,,Fredericktown,True,,False,False
2026-09-22,North Point,True,,Ft. Zumwalt South,True,,False,False
2026-09-22,Chadwick,True,,Gainesville,True,,False,False
2026-09-22,Bradleyville,True,,Galena,True,,False,False
2026-09-22,Webb City,True,,Glendale,True,,False,False
2026-09-22,Winnetonka,True,,Grandview,True,,False,False
2026-09-22,Bourbon,True,,Grandview (Hillsboro),True,,False,False
2026-09-22,Jasper,True,,Greenfield,True,,False,False
2026-09-22,Billings,True,,Greenwood,True,,False,False
2026-09-22,North Callaway,True,,Hallsville,True,,False,False
2026-09-22,"Quincy Notre Dame(Quincy, IL)",False,,Hannibal,True,,False,False
2026-09-22,Fox,True,,Hazelwood West,True,,False,False
2026-09-22,Smith-Cotton,True,,Helias Catholic,True,,False,False
2026-09-22,Crystal City,True,,Herculaneum,True,,False,False
2026-09-22,Pacific,True,,Hermann,True,,False,False
2026-09-22,Perryville,True,,Hillsboro,True,,False,False
2026-09-22,Orchard Farm,True,,Holt,True,,False,False
2026-09-22,School of the Ozarks,True,,Hurley,True,,False,False
2026-09-22,Battle,True,,Jefferson City,True,,False,False
2026-09-22,Senath-Hornersville,True,,Kennett,True,,False,False
2026-09-22,Willard,True,,Kickapoo,True,,False,False
2026-09-22,Ewing Marion Kauffman,True,,KIPP KC Legacy,True,,False,False
2026-09-22,McKinley Classical Leadership,True,,KIPP St. Louis Sr.,True,,False,False
2026-09-22,Mexico,True,,Kirksville,True,,False,False
2026-09-22,Holden,True,,Knob Noster,True,,False,False
2026-09-22,Oakville,True,,Ladue Horton Watkins,True,,False,False
2026-09-22,Kirkwood,True,,Lafayette (Wildwood),True,,False,False
2026-09-22,Carrollton,True,,Lafayette County,True,,False,False
2026-09-22,Rich Hill,True,,Lakeland,True,,False,False
2026-09-22,McDonald County,True,,Lamar,True,,False,False
2026-09-22,Eugene,True,,Laquey,True,,False,False
2026-09-22,Northland Christian,True,,Lawson,True,,False,False
2026-09-22,Republic,True,,Lebanon,True,,False,False
2026-09-22,Bell City,True,,Leopold,True,,False,False
2026-09-22,Harrisonville,True,,Lexington,True,,False,False
2026-09-22,Wright City,True,,Liberty Christian Sr.,False,,False,False
2026-09-22,Lee's Summit,True,,Liberty North,True,,False,False
2026-09-22,Green Ridge,True,,Lincoln,True,,False,False
2026-09-22,John Burroughs,True,,Lindbergh,True,,False,False
2026-09-22,Santa Fe,True,,Lone Jack,True,,False,False
2026-09-22,Westminster Christian Academy,True,,Lutheran South,True,,False,False
2026-09-22,Duchesne,True,,Lutheran St. Charles,True,,False,False
2026-09-22,Lockwood,True,,Marionville,True,,False,False
2026-09-22,Rock Bridge,True,,Marquette,True,,False,False
2026-09-22,Bolivar,True,,Marshfield,True,,False,False
2026-09-22,Faith Christian Academy,True,,Maysville,True,,False,False
2026-09-22,Hazelwood Central,True,,McCluer North,True,,False,False
2026-09-22,South Iron,True,,Meadow Heights,True,,False,False
2026-09-22,St. Louis Ignite,False,,Mehlville,True,,False,False
2026-09-22,Visitation Academy,True,,MICDS,True,,False,False
2026-09-22,Sherwood,True,,Midway,True,,False,False
2026-09-22,East Newton,True,,Monett,True,,False,False
2026-09-22,Liberty (Mountain View),True,,Mountain Grove,True,,False,False
2026-09-22,Nevada,True,,Mt. Vernon,True,,False,False
2026-09-22,Parkway Central,True,,Nerinx Hall,True,,False,False
2026-09-22,Spokane,True,,New Covenant Academy,True,,False,False
2026-09-22,Exeter,True,,New Heights Christian,True,,False,False
2026-09-22,Gloria Deo Academy,True,,Niangua,True,,False,False
2026-09-22,Carthage,True,,Nixa,True,,False,False
2026-09-22,West Plains,True,,Normandy Collaborative,False,,False,False
2026-09-22,Hazelwood East,True,,Normandy Collaborative,False,,False,False
2026-09-22,West Nodaway with Nodaway-Holt,True,,North Nodaway,True,,False,False
2026-09-22,Hayti,True,,North Pemiscot,True,,False,False
2026-09-22,La Monte,True,,Northwest (Hughesville),True,,False,False
2026-09-22,Clinton,True,,Notre Dame de Sion,True,,False,False
2026-09-22,Pembroke Hill,True,,Odessa,True,,False,False
2026-09-22,St. Paul Lutheran (Concordia),True,,Orrick,True,,False,False
2026-09-22,El Dorado Springs,True,,Osceola,True,,False,False
2026-09-22,Neosho,True,,Ozark,True,,False,False
2026-09-22,Central (St. Joseph),True,,Park Hill,True,,False,False
2026-09-22,Lee's Summit North,True,,Park Hill South,True,,False,False
2026-09-22,Lighthouse Sr. High,False,,Parkview,True,,False,False
2026-09-22,Pattonville,True,,Parkway South,True,,False,False
2026-09-22,Academie Lafayette,True,,Paseo Academy,True,,False,False
2026-09-22,Trenton,True,,Penney,True,,False,False
2026-09-22,Miller,True,,Pierce City,True,,False,False
2026-09-22,Maryville,True,,Plattsburg,True,,False,False
2026-09-22,St. Pius X (Kansas City),True,,Pleasant Hill,True,,False,False
2026-09-22,Grain Valley,True,,Raytown,True,,False,False
2026-09-22,Kearney,True,,Raytown South,True,,False,False
2026-09-22,Cassville,True,,Reeds Spring,True,,False,False
2026-09-22,Southland,True,,Risco,True,,False,False
2026-09-22,Affton,True,,Ritenour,True,,False,False
2026-09-22,Principia,True,,Roosevelt,False,,False,False
2026-09-22,Dixon,True,,Russellville,True,,False,False
2026-09-22,Otterville,True,,Sacred Heart,True,,False,False
2026-09-22,Advance,True,,Saxony Lutheran,True,,False,False
2026-09-22,Oran,True,,Scott City,True,,False,False
2026-09-22,Aurora,True,,Seneca,True,,False,False
2026-09-22,Pleasant Hope,True,,Seymour,True,,False,False
2026-09-22,Ballard,True,,Sheldon,True,,False,False
2026-09-22,Jackson,True,,Sikeston,True,,False,False
2026-09-22,Ruskin,True,,Smithville,True,,False,False
2026-09-22,Union Star with King City,True,,South Harrison,True,,False,False
2026-09-22,Rock Port,True,,South Holt with Craig,True,,False,False
2026-09-22,Campbell,True,,South Pemiscot,True,,False,False
2026-09-22,East (Kansas City),True,,Southeast,True,,False,False
2026-09-22,Osage,True,,Southern Boone,True,,False,False
2026-09-22,Sarcoxie,True,,Southwest (Washburn),True,,False,False
2026-09-22,Conway,True,,Sparta,True,,False,False
2026-09-22,Warrenton,True,,St. Charles,True,,False,False
2026-09-22,Winfield,True,,St. Charles West,True,,False,False
2026-09-22,Sullivan,True,,St. Clair,True,,False,False
2026-09-22,Owensville,True,,St. James,True,,False,False
2026-09-22,Cor Jesu Academy,True,,St. Joseph's Academy,True,,False,False
2026-09-22,Blue Springs,True,,Staley,True,,False,False
2026-09-22,McCluer,True,,STEAM Academy,True,,False,False
2026-09-22,Kingston,True,,Steelville,True,,False,False
2026-09-22,Skyline,True,,Stockton,True,,False,False
2026-09-22,Mound City,True,,Tarkio with Fairfax,True,,False,False
2026-09-22,McAuley Catholic,True,,Thomas Jefferson Independent Day,True,,False,False
2026-09-22,Ft. Zumwalt East,True,,Timberland,True,,False,False
2026-09-22,California,True,,Tipton,True,,False,False
2026-09-22,Liberty (Wentzville),True,,Troy Buchanan,True,,False,False
2026-09-22,William Chrisman,True,,Truman,True,,False,False
2026-09-22,New Haven,True,,Union,True,,False,False
2026-09-22,Jennings,True,,University City,True,,False,False
2026-09-22,St. Dominic,True,,Ursuline Academy,True,,False,False
2026-09-22,Ellington,True,,Valley,True,,False,False
2026-09-22,Notre Dame (St. Louis),True,,Villa Duchesne,True,,False,False
2026-09-22,Oak Grove,True,,Warrensburg,True,,False,False
2026-09-22,Versailles,True,,Warsaw,True,,False,False
2026-09-22,Ft. Zumwalt North,True,,Washington,True,,False,False
2026-09-22,Joplin,True,,Waynesville,True,,False,False
2026-09-22,Jefferson (Festus),True,,West County,True,,False,False
2026-09-22,Winona,True,,West Plains,True,,False,False
2026-09-22,Excelsior Springs,True,,West Platte,True,,False,False
2026-09-22,Principia,True,,Whitfield,True,,False,False
2026-09-22,Houston,True,,Willow Springs,True,,False,False
2026-09-22,Smithton,True,,Windsor,True,,False,False
2026-09-22,Central (Park Hills),True,,Windsor (Imperial),True,,False,False
2026-09-23,Bishop DuBourg,True,,Brentwood,True,,False,False
2026-09-23,Marshall,True,,Concordia,True,,False,False
2026-09-23,Believe Acad Charter,True,,Confluence Prep Academy Charter with Grand Center Arts Charter,True,,False,False
2026-09-23,Archie,True,,Crest Ridge,True,,False,False
2026-09-23,West County,True,,Crystal City,True,,False,False
2026-09-23,Sikeston,True,,Dexter,True,,False,False
2026-09-23,Whitfield,True,,Duchesne,True,,False,False
2026-09-23,Father Tolton,True,,Eldon,True,,False,False
2026-09-23,Francis Howell,True,,Eureka,True,,False,False
2026-09-23,Westminster Christian Academy,True,,Eureka,True,,False,False
2026-09-23,DeSoto,True,,Farmington,True,,False,False
2026-09-23,Potosi,True,,Festus,True,,False,False
2026-09-23,Westminster Christian Academy,True,,Francis Howell,True,,False,False
2026-09-23,Frontier STEM,True,,Guadalupe Centers Charter,True,,False,False
2026-09-23,Hazelwood Central,True,,Hazelwood West,True,,False,False
2026-09-23,St. Paul Lutheran (Farmington),True,,Herculaneum,True,,False,False
2026-09-23,Northeast Vernon County,True,,Hume,True,,False,False
2026-09-23,Blair Oaks,True,,Jefferson City,True,,False,False
2026-09-23,Marquand-Zion,False,,Kelly,True,,False,False
2026-09-23,Lincoln,True,,Kingsville,True,,False,False
2026-09-23,Parkway West,True,,Lafayette (Wildwood),True,,False,False
2026-09-23,Windsor,True,,Lakeland,True,,False,False
2026-09-23,North Kansas City,True,,Lee's Summit North,True,,False,False
2026-09-23,Gateway with Soldan International Studies,True,,Metro,True,,False,False
2026-09-23,Collegiate School of Med-Bio Science,True,,Miller Career Academy,True,,False,False
2026-09-23,Fulton,True,,New Bloomfield,True,,False,False
2026-09-23,Maplewood-Richmond Hts.,True,,Notre Dame (St. Louis),True,,False,False
2026-09-23,Bell City,True,,Portageville,True,,False,False
2026-09-23,Otterville,True,,Prairie Home,True,,False,False
2026-09-23,Lexington,True,,Richmond,True,,False,False
2026-09-23,Oakville,True,,Rockwood Summit,True,,False,False
2026-09-23,Owensville,True,,Rolla,True,,False,False
2026-09-23,Vashon,True,,Roosevelt,False,,False,False
2026-09-23,Cardinal Ritter,True,,Rosati-Kain,True,,False,False
2026-09-23,Miller,True,,Skyline,True,,False,False
2026-09-23,Hallsville,True,,Smith-Cotton,True,,False,False
2026-09-23,Notre Dame de Sion,True,,St. Michael the Archangel,True,,False,False
2026-09-23,Gateway Legacy Sr. H.,False,,St. Pius X (Festus),True,,False,False
2026-09-23,Hogan Prep Academy Charter,True,,University Academy Charter,True,,False,False
2026-09-23,Parkway Central,True,,Webster Groves,True,,False,False
2026-09-24,Barstow,True,,Adrian,True,,False,False
2026-09-24,Pattonville,True,,Affton,True,,False,False
2026-09-24,Central (Springfield),True,,Ash Grove,True,,False,False
2026-09-24,Cabool,True,,Ava,True,,False,False
2026-09-24,Northeast Vernon County,True,,Ballard,True,,False,False
2026-09-24,Hickman,True,,Battle,True,,False,False
2026-09-24,Dexter,True,,Bell City,True,,False,False
2026-09-24,Savannah,True,,Benton,True,,False,False
2026-09-24,St. Pius X (Kansas City),True,,Bishop LeBlond,True,,False,False
2026-09-24,Valle Catholic,True,,Bismarck,True,,False,False
2026-09-24,Fort Osage,True,,Blue Springs,True,,False,False
2026-09-24,Hillcrest,True,,Bolivar,True,,False,False
2026-09-24,Steelville,True,,Bourbon,True,,False,False
2026-09-24,Marshfield,True,,Branson,True,,False,False
2026-09-24,South Harrison,True,,Brookfield,True,,False,False
2026-09-24,Columbia Independent,True,,Bunceton,True,,False,False
2026-09-24,Versailles,True,,Butler,True,,False,False
2026-09-24,Kelly,True,,"Cairo(Cairo, IL)",False,,False,False
2026-09-24,Helias Catholic,True,,California,True,,False,False
2026-09-24,Eldon,True,,Camdenton,True,,False,False
2026-09-24,Maryville,True,,Cameron,True,,False,False
2026-09-24,Rock Bridge,True,,Capital City,True,,False,False
2026-09-24,Knob Noster,True,,Carrollton,True,,False,False
2026-09-24,Ozark,True,,Carthage,True,,False,False
2026-09-24,Saxony Lutheran,True,,Central (Cape Girardeau),True,,False,False
2026-09-24,Holcomb,True,,Central (New Madrid County),True,,False,False
2026-09-24,Oak Park,True,,Central (St. Joseph),True,,False,False
2026-09-24,Blue Eye,True,,Chadwick,True,,False,False
2026-09-24,Eugene,True,,Christian Fellowship Sr.,True,,False,False
2026-09-24,Forsyth,True,,Clever,True,,False,False
2026-09-24,St. Dominic,True,,Cor Jesu Academy,True,,False,False
2026-09-24,Galena,True,,Crane,True,,False,False
2026-09-24,Concordia,True,,Crest Ridge,True,,False,False
2026-09-24,Ewing Marion Kauffman,True,,Crossroads Prep Charter,True,,False,False
2026-09-24,Hancock,True,,Crystal City,True,,False,False
2026-09-24,Belle,True,,Cuba,True,,False,False
2026-09-24,Caruthersville,True,,Delta (Deering),True,,False,False
2026-09-24,Sarcoxie,True,,Diamond,True,,False,False
2026-09-24,Greenville,True,,Doniphan,True,,False,False
2026-09-24,Lakeland,True,,Drexel,True,,False,False
2026-09-24,Central (Kansas City),True,,East (Kansas City),True,,False,False
2026-09-24,West Platte,True,,East Buchanan,True,,False,False
2026-09-24,Aurora,True,,East Newton,True,,False,False
2026-09-24,Seckman,True,,Eureka,True,,False,False
2026-09-24,Hurley,True,,Everton,True,,False,False
2026-09-24,Van Horn,True,,Excelsior Springs,True,,False,False
2026-09-24,Marion C. Early,True,,Exeter,True,,False,False
2026-09-24,Hollister,True,,Fair Grove,True,,False,False
2026-09-24,Lindbergh,True,,Festus,True,,False,False
2026-09-24,Clayton,True,,Fox,True,,False,False
2026-09-24,Marquette,True,,Francis Howell Central,True,,False,False
2026-09-24,Potosi,True,,Fredericktown,True,,False,False
2026-09-24,Washington,True,,Ft. Zumwalt East,True,,False,False
2026-09-24,St. Charles West,True,,Ft. Zumwalt South,True,,False,False
2026-09-24,Lutie,True,,Gainesville,True,,False,False
2026-09-24,Greenfield,True,,Golden City,True,,False,False
2026-09-24,Belton,True,,Grain Valley,True,,False,False
2026-09-24,Spokane,True,,Greenwood,True,,False,False
2026-09-24,Blair Oaks,True,,Hallsville,True,,False,False
2026-09-24,Kirksville,True,,Hannibal,True,,False,False
2026-09-24,Summit Christian Academy,True,,Harrisonville,True,,False,False
2026-09-24,McCluer,True,,Hazelwood Central,True,,False,False
2026-09-24,McCluer North,True,,Hazelwood East,True,,False,False
2026-09-24,Windsor (Imperial),True,,Hillsboro,True,,False,False
2026-09-24,Lexington,True,,Holden,True,,False,False
2026-09-24,Ft. Zumwalt West,True,,Holt,True,,False,False
2026-09-24,Villa Duchesne,True,,Incarnate Word Academy,True,,False,False
2026-09-24,Arcadia Valley,True,,Jefferson (Festus),True,,False,False
2026-09-24,STEAM Academy,True,,Jennings,True,,False,False
2026-09-24,Principia,True,,John Burroughs,True,,False,False
2026-09-24,Kickapoo,True,,Joplin,True,,False,False
2026-09-24,Valley,True,,Kingston,True,,False,False
2026-09-24,Cole Camp,True,,La Monte,True,,False,False
2026-09-24,Mehlville,True,,Ladue Horton Watkins,True,,False,False
2026-09-24,Richmond,True,,Lafayette County,True,,False,False
2026-09-24,Seymour,True,,Laquey,True,,False,False
2026-09-24,North Platte,True,,Lathrop,True,,False,False
2026-09-24,Penney,True,,Lawson,True,,False,False
2026-09-24,Raymore-Peculiar,True,,Lee's Summit,True,,False,False
2026-09-24,Liberty North,True,,Lee's Summit West,True,,False,False
2026-09-24,Zalma,True,,Leopold,True,,False,False
2026-09-24,Archie,True,,Liberal,True,,False,False
2026-09-24,Park Hill,True,,Liberty,True,,False,False
2026-09-24,Willow Springs,True,,Liberty (Mountain View),True,,False,False
2026-09-24,Timberland,True,,Liberty (Wentzville),True,,False,False
2026-09-24,University City,True,,Lift for Life Academy Charter,True,,False,False
2026-09-24,Centralia,True,,Linn,True,,False,False
2026-09-24,Pierce City,True,,Lockwood,True,,False,False
2026-09-24,Crossroads College Preparatory,True,,Lutheran North,True,,False,False
2026-09-24,Lutheran St. Charles,True,,Lutheran South,True,,False,False
2026-09-24,Bloomfield,True,,Malden,True,,False,False
2026-09-24,Conway,True,,Mansfield,True,,False,False
2026-09-24,Stockton,True,,Marionville,True,,False,False
2026-09-24,Monett,True,,McDonald County,True,,False,False
2026-09-24,Bowling Green,True,,Mexico,True,,False,False
2026-09-24,Kingsville,True,,Miami (Amoret),True,,False,False
2026-09-24,Orchard Farm,True,,MICDS,True,,False,False
2026-09-24,Plattsburg,True,,Mid-Buchanan,True,,False,False
2026-09-24,Wright City,True,,Montgomery County,True,,False,False
2026-09-24,Union Star with King City,True,,Mound City,True,,False,False
2026-09-24,Licking,True,,Mountain Grove,True,,False,False
2026-09-24,Lamar,True,,Mt. Vernon,True,,False,False
2026-09-24,Lebanon,True,,Neosho,True,,False,False
2026-09-24,Cassville,True,,Nevada,True,,False,False
2026-09-24,Parkview,True,,New Covenant Academy,True,,False,False
2026-09-24,Hermann,True,,New Haven,True,,False,False
2026-09-24,Bradleyville,True,,Niangua,True,,False,False
2026-09-24,Sunnydale Adventist Acad HS,False,,North Callaway,True,,False,False
2026-09-24,Central (Park Hills),True,,North County,True,,False,False
2026-09-24,Tarkio with Fairfax,True,,North Nodaway,True,,False,False
2026-09-24,Parkway South,True,,Northwest (Cedar Hill),True,,False,False
2026-09-24,St. Joseph's Academy,True,,Notre Dame (St. Louis),True,,False,False
2026-09-24,Center,True,,Oak Grove,True,,False,False
2026-09-24,Warrensburg,True,,Odessa,True,,False,False
2026-09-24,Leeton with Chilhowee,True,,Orrick,True,,False,False
2026-09-24,Appleton City with Montrose,True,,Osceola,True,,False,False
2026-09-24,Northwest (Hughesville),True,,Otterville,True,,False,False
2026-09-24,St. Clair,True,,Owensville,True,,False,False
2026-09-24,Union,True,,Pacific,True,,False,False
2026-09-24,Ritenour,True,,Parkway North,True,,False,False
2026-09-24,Lincoln College Prep,True,,Pembroke Hill,True,,False,False
2026-09-24,Herculaneum,True,,Perryville,True,,False,False
2026-09-24,North Pemiscot,True,,"Piggott High shcool(Piggott, AR)",False,,False,False
2026-09-24,Truman,True,,Platte County,True,,False,False
2026-09-24,Clinton,True,,Pleasant Hill,True,,False,False
2026-09-24,Kennett,True,,Poplar Bluff,True,,False,False
2026-09-24,McAuley Catholic,True,,Purdy,True,,False,False
2026-09-24,Oak Ridge,True,,Puxico,True,,False,False
2026-09-24,Nixa,True,,Republic,True,,False,False
2026-09-24,Midway,True,,Rich Hill,True,,False,False
2026-09-24,Wellington-Napoleon,True,,Rock Port,True,,False,False
2026-09-24,Calvary Lutheran,True,,Russellville,True,,False,False
2026-09-24,Houston,True,,Salem,True,,False,False
2026-09-24,Gloria Deo Academy,True,,School of the Ozarks,True,,False,False
2026-09-24,Twin Rivers,True,,Senath-Hornersville,True,,False,False
2026-09-24,El Dorado Springs,True,,Sherwood,True,,False,False
2026-09-24,Scott City,True,,Sikeston,True,,False,False
2026-09-24,Lincoln,True,,Smithton,True,,False,False
2026-09-24,Park Hill South,True,,Smithville,True,,False,False
2026-09-24,Fulton,True,,Southern Boone,True,,False,False
2026-09-24,Thomas Jefferson Independent Day,True,,Southwest (Washburn),True,,False,False
2026-09-24,Billings,True,,Sparta,True,,False,False
2026-09-24,Reeds Spring,True,,Springfield Catholic,True,,False,False
2026-09-24,Veritas Christian Academy,True,,St. Charles,True,,False,False
2026-09-24,"Riverside(Wathena, KS)",False,,St. Joseph Christian,True,,False,False
2026-09-24,Boonville,True,,St. Paul Lutheran (Concordia),True,,False,False
2026-09-24,"Bishop Miege HS(Roeland Park , KS)",False,,St. Teresa's Academy,True,,False,False
2026-09-24,Grandview (Hillsboro),True,,St. Vincent,True,,False,False
2026-09-24,Blue Springs South,True,,Staley,True,,False,False
2026-09-24,Farmington,True,,Ste. Genevieve,True,,False,False
2026-09-24,Green Ridge,True,,Stover,True,,False,False
2026-09-24,Buffalo,True,,Strafford,True,,False,False
2026-09-24,St. James,True,,Sullivan,True,,False,False
2026-09-24,Lone Jack,True,,Sweet Springs,True,,False,False
2026-09-24,Maysville,True,,Trenton,True,,False,False
2026-09-24,Van Horn,True,,University Academy Charter,True,,False,False
2026-09-24,Nerinx Hall,True,,Visitation Academy,True,,False,False
2026-09-24,Francis Howell North,True,,Warrenton,True,,False,False
2026-09-24,Waynesville,True,,Webb City,True,,False,False
2026-09-24,South Holt with Craig,True,,West Nodaway with Nodaway-Holt,True,,False,False
2026-09-24,Logan-Rogersville,True,,West Plains,True,,False,False
2026-09-24,Verona,True,,Wheaton,True,,False,False
2026-09-24,Glendale,True,,Willard,True,,False,False
2026-09-24,Raytown,True,,William Chrisman,True,,False,False
2026-09-24,Sacred Heart,True,,Windsor,True,,False,False
2026-09-24,Kearney,True,,Winnetonka,True,,False,False
2026-09-24,Meadow Heights,True,,Woodland,True,,False,False
2026-09-25,Meadow Heights,True,,Advance,True,,False,False
2026-09-25,West County,True,,Arcadia Valley,True,,False,False
2026-09-25,Lutie,True,,Bradleyville,True,,False,False
2026-09-25,Valley Park,True,,Brentwood,True,,False,False
2026-09-25,Faith Christian Academy,True,,"Christ Prep(Lenexa, KS)",False,,False,False
2026-09-25,Guadalupe Centers Charter,True,,Cristo Rey,True,,False,False
2026-09-25,Frontier School of Excellence Charter,False,,Cristo Rey,True,,False,False
2026-09-25,Bayless,True,,Crossroads College Preparatory,True,,False,False
2026-09-25,Gateway Science Charter,True,,"First Baptist(Ofallon, IL)",False,,False,False
2026-09-25,Webster Groves,True,,Francis Howell,True,,False,False
2026-09-25,Miami (Amoret),True,,Golden City,True,,False,False
2026-09-25,New Covenant Academy,True,,Greenwood,True,,False,False
2026-09-25,Frontier School of Excellence Charter,False,,Guadalupe Centers Charter,True,,False,False
2026-09-25,"Mater Dei(Breese, IL)",False,,Incarnate Word Academy,True,,False,False
2026-09-25,Westminster Christian Academy,True,,Ladue Horton Watkins,True,,False,False
2026-09-25,Prairie Home,True,,Leeton with Chilhowee,True,,False,False
2026-09-25,Winfield,True,,Montgomery County,True,,False,False
2026-09-25,Christian Fellowship Sr.,True,,New Bloomfield,True,,False,False
2026-09-25,Hurley,True,,Northeast Vernon County,True,,False,False
2026-09-25,Lutheran St. Charles,True,,Parkway West,True,,False,False
2026-09-25,Sheldon,True,,Purdy,True,,False,False
2026-09-25,Crane,True,,School of the Ozarks,True,,False,False
2026-09-25,Puxico,True,,Twin Rivers,True,,False,False
2026-09-25,Normandy Collaborative,False,,University City,True,,False,False
2026-09-25,Ursuline Academy,True,,"Ursuline(New Orleans, LA)",False,,False,False
2026-09-25,Cor Jesu Academy,True,,Villa Duchesne,True,,False,False
2026-09-25,Kelly,True,,Zalma,True,,False,False
2026-09-26,Central (Cape Girardeau),True,,Advance,True,,False,False
2026-09-26,Portageville,True,,Advance,True,,False,False
2026-09-26,Rock Bridge,True,,Blue Springs,True,,False,False
2026-09-26,Liberty (Wentzville),True,,Blue Springs,True,,False,False
2026-09-26,Hickman,True,,Blue Springs,True,,False,False
2026-09-26,Westminster Christian Academy,True,,Blue Springs,True,,False,False
2026-09-26,Portageville,True,,Central (Cape Girardeau),True,,False,False
2026-09-26,West Plains,True,,Central (Cape Girardeau),True,,False,False
2026-09-26,Linn,True,,Centralia,True,,False,False
2026-09-26,Webster Groves,True,,Francis Howell,True,,False,False
2026-09-26,Rock Bridge,True,,Grain Valley,True,,False,False
2026-09-26,Valle Catholic,True,,Hannibal,True,,False,False
2026-09-26,Nixa,True,,Jackson,True,,False,False
2026-09-26,Lafayette (Wildwood),True,,Jackson,True,,False,False
2026-09-26,MICDS,True,,John Burroughs,True,,False,False
2026-09-26,St. Dominic,True,,Lafayette (Wildwood),True,,False,False
2026-09-26,Nixa,True,,Lafayette (Wildwood),True,,False,False
2026-09-26,Bismarck,True,,Leopold,True,,False,False
2026-09-26,Ellington,True,,Leopold,True,,False,False
2026-09-26,Father Tolton,True,,Linn,True,,False,False
2026-09-26,St. Dominic,True,,Nixa,True,,False,False
2026-09-26,STEAM Academy,True,,North Callaway,True,,False,False
2026-09-26,Liberty Christian Sr.,False,,North Callaway,True,,False,False
2026-09-26,Winfield,True,,North Callaway,True,,False,False
2026-09-26,West Plains,True,,Notre Dame (Cape Girardeau),True,,False,False
2026-09-26,North Point,True,,Rock Bridge,True,,False,False
2026-09-26,Jackson,True,,St. Dominic,True,,False,False
2026-09-26,Ursuline Academy,True,,"Ursuline(New Orleans, LA)",False,,False,False
2026-09-26,Saxony Lutheran,True,,West Plains,True,,False,False
2026-09-26,Rock Bridge,True,,Westminster Christian Academy,True,,False,False
2026-09-26,Valle Catholic,True,,Windsor (Imperial),True,,False,False
2026-09-26,Hannibal,True,,Windsor (Imperial),True,,False,False
2026-09-28,Marion C. Early,True,,Ash Grove,True,,False,False
2026-09-28,East Buchanan,True,,Bishop LeBlond,True,,False,False
2026-09-28,Southern Boone,True,,Blair Oaks,True,,False,False
2026-09-28,Notre Dame de Sion,True,,"Blue Valley Southwest(Overland Park, KS)",False,,False,False
2026-09-28,Trenton,True,,Brookfield,True,,False,False
2026-09-28,New Bloomfield,True,,Bunceton,True,,False,False
2026-09-28,Hallsville,True,,California,True,,False,False
2026-09-28,Prairie Home,True,,Calvary Lutheran,True,,False,False
2026-09-28,Carrollton,True,,Cameron,True,,False,False
2026-09-28,Warrensburg,True,,Capital City,True,,False,False
2026-09-28,Guadalupe Centers Charter,True,,Central (Kansas City),True,,False,False
2026-09-28,North Pemiscot,True,,Central (New Madrid County),True,,False,False
2026-09-28,West County,True,,Central (Park Hills),True,,False,False
2026-09-28,Dixon,True,,Chamois,True,,False,False
2026-09-28,Marshall,True,,Chillicothe,True,,False,False
2026-09-28,Bell City,True,,Clarkton,True,,False,False
2026-09-28,Metro,True,,Collegiate School of Med-Bio Science,True,,False,False
2026-09-28,Perryville,True,,DeSoto,True,,False,False
2026-09-28,Bloomfield,True,,Dexter,True,,False,False
2026-09-28,Cabool,True,,Dora,True,,False,False
2026-09-28,Lebanon,True,,Eldon,True,,False,False
2026-09-28,Houston,True,,Eminence,True,,False,False
2026-09-28,Fatima,True,,Father Tolton,True,,False,False
2026-09-28,Springfield Catholic,True,,Forsyth,True,,False,False
2026-09-28,Seckman,True,,Fox,True,,False,False
2026-09-28,Pattonville,True,,Francis Howell Central,True,,False,False
2026-09-28,St. Charles West,True,,Ft. Zumwalt East,True,,False,False
2026-09-28,Ft. Zumwalt North,True,,Ft. Zumwalt West,True,,False,False
2026-09-28,McKinley Classical Leadership,True,,Gateway with Soldan International Studies,True,,False,False
2026-09-28,Southwest (Washburn),True,,"Gentry(Gentry, AR)",False,,False,False
2026-09-28,Central (Springfield),True,,Glendale,True,,False,False
2026-09-28,New Heights Christian,True,,Golden City,True,,False,False
2026-09-28,Appleton City with Montrose,True,,Green Ridge,True,,False,False
2026-09-28,Pleasant Hope,True,,Greenfield,True,,False,False
2026-09-28,Clearwater,True,,Greenville,True,,False,False
2026-09-28,Chadwick,True,,Greenwood,True,,False,False
2026-09-28,St. Pius X (Kansas City),True,,"Hayden Catholic(Topeka, KS)",False,,False,False
2026-09-28,Hazelwood Central,True,,Hazelwood East,True,,False,False
2026-09-28,Reeds Spring,True,,Hillcrest,True,,False,False
2026-09-28,Exeter,True,,Hurley,True,,False,False
2026-09-28,Rockwood Summit,True,,Incarnate Word Academy,True,,False,False
2026-09-28,"Baxter Springs(, )",False,,Joplin,True,,False,False
2026-09-28,,False,,Joplin,True,,False,False
2026-09-28,Bernie,True,,Kennett,True,,False,False
2026-09-28,Crystal City,True,,Kingston,True,,False,False
2026-09-28,Orrick,True,,Kingsville,True,,False,False
2026-09-28,East (Kansas City),True,,KIPP KC Legacy,True,,False,False
2026-09-28,Nerinx Hall,True,,Kirkwood,True,,False,False
2026-09-28,Lexington,True,,Lafayette County,True,,False,False
2026-09-28,Liberal,True,,Lakeland,True,,False,False
2026-09-28,Conway,True,,Laquey,True,,False,False
2026-09-28,Concordia,True,,Lincoln,True,,False,False
2026-09-28,Lutheran North,True,,Lutheran St. Charles,True,,False,False
2026-09-28,St. Louis Ignite,False,,Maplewood-Richmond Hts.,True,,False,False
2026-09-28,North Nodaway,True,,Maysville,True,,False,False
2026-09-28,Jennings,True,,McCluer,True,,False,False
2026-09-28,University City,True,,McCluer North,True,,False,False
2026-09-28,Fredericktown,True,,Meadow Heights,True,,False,False
2026-09-28,Boonville,True,,Mexico,True,,False,False
2026-09-28,Webster Groves,True,,MICDS,True,,False,False
2026-09-28,Frontier STEM,True,,"Midland(Olathe, KS)",False,,False,False
2026-09-28,Warrenton,True,,Montgomery County,True,,False,False
2026-09-28,Aurora,True,,New Covenant Academy,True,,False,False
2026-09-28,Seymour,True,,Niangua,True,,False,False
2026-09-28,STEAM Academy,True,,Normandy Collaborative,False,,False,False
2026-09-28,Russellville,True,,North Callaway,True,,False,False
2026-09-28,Staley,True,,North Kansas City,True,,False,False
2026-09-28,Purdy,True,,Northeast Vernon County,True,,False,False
2026-09-28,Mid-Buchanan,True,,Northland Christian,True,,False,False
2026-09-28,Bayless,True,,Notre Dame (St. Louis),True,,False,False
2026-09-28,Winnetonka,True,,Oak Park,True,,False,False
2026-09-28,Woodland,True,,Oak Ridge,True,,False,False
2026-09-28,Westminster Christian Academy,True,,Parkway Central,True,,False,False
2026-09-28,Ladue Horton Watkins,True,,Parkway North,True,,False,False
2026-09-28,Ursuline Academy,True,,Parkway West,True,,False,False
2026-09-28,Southeast,True,,Paseo Academy,True,,False,False
2026-09-28,Mansfield,True,,Plato,True,,False,False
2026-09-28,Malden,True,,Puxico,True,,False,False
2026-09-28,Hannibal,True,,"Quincy Senior High(Quincy, IL)",False,,False,False
2026-09-28,Campbell,True,,Richland (Essex),True,,False,False
2026-09-28,Knob Noster,True,,Richmond,True,,False,False
2026-09-28,East Prairie,True,,Risco,True,,False,False
2026-09-28,St. Clair,True,,Salem,True,,False,False
2026-09-28,Jackson,True,,Saxony Lutheran,True,,False,False
2026-09-28,Leopold,True,,Scott City,True,,False,False
2026-09-28,Hume,True,,Sheldon,True,,False,False
2026-09-28,Portageville,True,,Sikeston,True,,False,False
2026-09-28,Eugene,True,,Smithton,True,,False,False
2026-09-28,Park Hill South,True,,Smithville,True,,False,False
2026-09-28,Hayti,True,,South Pemiscot,True,,False,False
2026-09-28,Gideon,True,,Southland,True,,False,False
2026-09-28,Lathrop,True,,St. Joseph Christian,True,,False,False
2026-09-28,Marquette,True,,St. Joseph's Academy,True,,False,False
2026-09-28,University Academy Charter,True,,St. Michael the Archangel,True,,False,False
2026-09-28,Butler,True,,Stockton,True,,False,False
2026-09-28,Logan-Rogersville,True,,Strafford,True,,False,False
2026-09-28,Roosevelt,False,,West Plains,True,,False,False
2026-09-28,St. Paul Lutheran (Concordia),True,,Sweet Springs,True,,False,False
2026-09-28,Koshkonong,True,,Thayer,True,,False,False
2026-09-28,Cole Camp,True,,Tipton,True,,False,False
2026-09-28,Caruthersville,True,,Twin Rivers,True,,False,False
2026-09-28,Potosi,True,,Valle Catholic,True,,False,False
2026-09-28,Grandview (Hillsboro),True,,Valley,True,,False,False
2026-09-28,Miller Career Academy,True,,Vashon,True,,False,False
2026-09-28,Smith-Cotton,True,,Versailles,True,,False,False
2026-09-28,Duchesne,True,,Villa Duchesne,True,,False,False
2026-09-28,South Harrison,True,,West Nodaway with Nodaway-Holt,True,,False,False
2026-09-28,Holcomb,True,,Westwood Baptist Sr.,False,,False,False
2026-09-28,Jasper,True,,Wheaton,True,,False,False
2026-09-28,Bishop DuBourg,True,,Windsor (Imperial),True,,False,False
2026-09-28,Lesterville,True,,Winona,True,,False,False
2026-09-28,Centralia,True,,Wright City,True,,False,False
2026-09-29,El Dorado Springs,True,,Adrian,True,,False,False
2026-09-29,Dexter,True,,Advance,True,,False,False
2026-09-29,Archie,True,,Appleton City with Montrose,True,,False,False
2026-09-29,Marionville,True,,Ash Grove,True,,False,False
2026-09-29,Summersville,True,,Bakersfield,True,,False,False
2026-09-29,Bronaugh,True,,Ballard,True,,False,False
2026-09-29,"KC Metro(Olathe, KS)",False,,Barstow,True,,False,False
2026-09-29,Brentwood,True,,Bayless,True,,False,False
2026-09-29,Woodland,True,,Bell City,True,,False,False
2026-09-29,Viburnum,True,,Belle,True,,False,False
2026-09-29,Grandview,True,,Belton,True,,False,False
2026-09-29,Lawson,True,,Benton,True,,False,False
2026-09-29,Warrensburg,True,,Benton,True,,False,False
2026-09-29,Risco,True,,Bernie,True,,False,False
2026-09-29,Verona,True,,Billings,True,,False,False
2026-09-29,Cardinal Ritter,True,,Bishop DuBourg,True,,False,False
2026-09-29,Kingston,True,,Bismarck,True,,False,False
2026-09-29,Fulton,True,,Blair Oaks,True,,False,False
2026-09-29,Greenville,True,,Bloomfield,True,,False,False
2026-09-29,Sparta,True,,Blue Eye,True,,False,False
2026-09-29,Christian Fellowship Sr.,True,,Boonville,True,,False,False
2026-09-29,Plato,True,,Bourbon,True,,False,False
2026-09-29,Gloria Deo Academy,True,,Bradleyville,True,,False,False
2026-09-29,Clearwater,True,,Bunker,True,,False,False
2026-09-29,Southern Boone,True,,California,True,,False,False
2026-09-29,Jefferson City,True,,Camdenton,True,,False,False
2026-09-29,Hillcrest,True,,Carl Junction,True,,False,False
2026-09-29,Lamar,True,,Cassville,True,,False,False
2026-09-29,Clinton,True,,Center,True,,False,False
2026-09-29,Portageville,True,,Central (New Madrid County),True,,False,False
2026-09-29,Fair Grove,True,,Clever,True,,False,False
2026-09-29,Otterville,True,,Cole Camp,True,,False,False
2026-09-29,Lighthouse Sr.,False,,Columbia Independent,True,,False,False
2026-09-29,Gateway Science Charter,True,,Confluence Prep Academy Charter with Grand Center Arts Charter,True,,False,False
2026-09-29,South Pemiscot,True,,Cooter,True,,False,False
2026-09-29,Hancock,True,,Crossroads College Preparatory,True,,False,False
2026-09-29,Cristo Rey,True,,Crossroads Prep Charter,True,,False,False
2026-09-29,Ft. Zumwalt South,True,,Duchesne,True,,False,False
2026-09-29,McDonald County,True,,East Newton,True,,False,False
2026-09-29,Malden,True,,East Prairie,True,,False,False
2026-09-29,Doniphan,True,,Ellington,True,,False,False
2026-09-29,Versailles,True,,Eugene,True,,False,False
2026-09-29,Lindbergh,True,,Eureka,True,,False,False
2026-09-29,Ewing Marion Kauffman,True,,Faith Christian Academy,True,,False,False
2026-09-29,Potosi,True,,Farmington,True,,False,False
2026-09-29,Hillsboro,True,,Festus,True,,False,False
2026-09-29,Ft. Zumwalt West,True,,Francis Howell,True,,False,False
2026-09-29,Liberty (Wentzville),True,,Francis Howell North,True,,False,False
2026-09-29,Central (Park Hills),True,,Fredericktown,True,,False,False
2026-09-29,Frontier School of Excellence Charter,False,,Frontier STEM,True,,False,False
2026-09-29,North Point,True,,Ft. Zumwalt East,True,,False,False
2026-09-29,Timberland,True,,Ft. Zumwalt North,True,,False,False
2026-09-29,Campbell,True,,Gideon,True,,False,False
2026-09-29,Republic,True,,Glendale,True,,False,False
2026-09-29,Raytown,True,,Grain Valley,True,,False,False
2026-09-29,La Monte,True,,Green Ridge,True,,False,False
2026-09-29,Greenwood,True,,Greenfield,True,,False,False
2026-09-29,Academie Lafayette,True,,Guadalupe Centers Charter,True,,False,False
2026-09-29,Centralia,True,,Hallsville,True,,False,False
2026-09-29,Smith-Cotton,True,,Hickman,True,,False,False
2026-09-29,Caruthersville,True,,Holcomb,True,,False,False
2026-09-29,Lafayette County,True,,Holden,True,,False,False
2026-09-29,Buffalo,True,,Hollister,True,,False,False
2026-09-29,Mountain Grove,True,,Houston,True,,False,False
2026-09-29,Mansfield,True,,Hurley,True,,False,False
2026-09-29,Oakville,True,,Jackson,True,,False,False
2026-09-29,Drexel,True,,Jasper,True,,False,False
2026-09-29,Crystal City,True,,Jefferson (Festus),True,,False,False
2026-09-29,Ruskin,True,,Kearney,True,,False,False
2026-09-29,Webb City,True,,Kickapoo,True,,False,False
2026-09-29,Chillicothe,True,,Kirksville,True,,False,False
2026-09-29,John Burroughs,True,,Ladue Horton Watkins,True,,False,False
2026-09-29,Excelsior Springs,True,,Lathrop,True,,False,False
2026-09-29,Warrensburg,True,,Lawson,True,,False,False
2026-09-29,Willard,True,,Lebanon,True,,False,False
2026-09-29,Central (St. Joseph),True,,Lee's Summit North,True,,False,False
2026-09-29,Knob Noster,True,,Lexington,True,,False,False
2026-09-29,Ava,True,,Liberty (Mountain View),True,,False,False
2026-09-29,Staley,True,,Liberty North,True,,False,False
2026-09-29,Steelville,True,,Licking,True,,False,False
2026-09-29,McCluer,True,,Lift for Life Academy Charter,True,,False,False
2026-09-29,Stover,True,,Lincoln,True,,False,False
2026-09-29,Capital City,True,,Linn,True,,False,False
2026-09-29,Branson,True,,Logan-Rogersville,True,,False,False
2026-09-29,Sherwood,True,,Lutheran (Kansas City),True,,False,False
2026-09-29,Couch,True,,Lutie,True,,False,False
2026-09-29,Valley Park,True,,Maplewood-Richmond Hts.,True,,False,False
2026-09-29,Everton,True,,Marion C. Early,True,,False,False
2026-09-29,Wheaton,True,,McAuley Catholic,True,,False,False
2026-09-29,Gateway Legacy Sr. H.,False,,McCluer North,True,,False,False
2026-09-29,Chamois,True,,Mexico,True,,False,False
2026-09-29,Lutheran South,True,,MICDS,True,,False,False
2026-09-29,Osceola,True,,Midway,True,,False,False
2026-09-29,New Covenant Academy,True,,Miller,True,,False,False
2026-09-29,Mt. Vernon,True,,Monett,True,,False,False
2026-09-29,Osage,True,,North Callaway,True,,False,False
2026-09-29,Orrick,True,,North Platte,True,,False,False
2026-09-29,Southeast,True,,Northeast (Kansas City),True,,False,False
2026-09-29,Miami (Amoret),True,,Northeast Vernon County,True,,False,False
2026-09-29,Windsor,True,,Northwest (Hughesville),True,,False,False
2026-09-29,Cor Jesu Academy,True,,Notre Dame (St. Louis),True,,False,False
2026-09-29,Park Hill,True,,Oak Park,True,,False,False
2026-09-29,Kelly,True,,Oak Ridge,True,,False,False
2026-09-29,Oak Grove,True,,Odessa,True,,False,False
2026-09-29,Joplin,True,,Ozark,True,,False,False
2026-09-29,Liberty,True,,Park Hill South,True,,False,False
2026-09-29,Rolla,True,,Parkview,True,,False,False
2026-09-29,Affton,True,,Parkway North,True,,False,False
2026-09-29,Fox,True,,Parkway South,True,,False,False
2026-09-29,Rockwood Summit,True,,Parkway West,True,,False,False
2026-09-29,Lincoln College Prep,True,,Paseo Academy,True,,False,False
2026-09-29,Northwest (Cedar Hill),True,,Pattonville,True,,False,False
2026-09-29,Summit Christian Academy,True,,Pembroke Hill,True,,False,False
2026-09-29,Brookfield,True,,Penney,True,,False,False
2026-09-29,Diamond,True,,Pierce City,True,,False,False
2026-09-29,Fort Osage,True,,Platte County,True,,False,False
2026-09-29,South Harrison,True,,Plattsburg,True,,False,False
2026-09-29,Harrisonville,True,,Pleasant Hill,True,,False,False
2026-09-29,Central (Cape Girardeau),True,,Poplar Bluff,True,,False,False
2026-09-29,Rosati-Kain,True,,Principia,True,,False,False
2026-09-29,Crane,True,,Purdy,True,,False,False
2026-09-29,Lee's Summit West,True,,Raymore-Peculiar,True,,False,False
2026-09-29,Strafford,True,,Reeds Spring,True,,False,False
2026-09-29,Carrollton,True,,Richmond,True,,False,False
2026-09-29,Hazelwood West,True,,Ritenour,True,,False,False
2026-09-29,Neosho,True,,"Riverton(Riverton , KS)",False,,False,False
2026-09-29,Helias Catholic,True,,Rock Bridge,True,,False,False
2026-09-29,Mound City,True,,Rock Port,True,,False,False
2026-09-29,Dixon,True,,RUSH Sr. Home School,False,,False,False
2026-09-29,Sunnydale Adventist Acad HS,False,,Russellville,True,,False,False
2026-09-29,Smithton,True,,Sacred Heart,True,,False,False
2026-09-29,Cabool,True,,Salem,True,,False,False
2026-09-29,Wellington-Napoleon,True,,Santa Fe,True,,False,False
2026-09-29,Skyline,True,,Sarcoxie,True,,False,False
2026-09-29,Galena,True,,School of the Ozarks,True,,False,False
2026-09-29,Charleston,True,,Scott City,True,,False,False
2026-09-29,Nevada,True,,Seneca,True,,False,False
2026-09-29,Puxico,True,,Sikeston,True,,False,False
2026-09-29,Raytown South,True,,Smithville,True,,False,False
2026-09-29,North Nodaway,True,,South Holt with Craig,True,,False,False
2026-09-29,Eminence,True,,South Iron,True,,False,False
2026-09-29,Clarkton,True,,Southland,True,,False,False
2026-09-29,New Heights Christian,True,,Southwest (Washburn),True,,False,False
2026-09-29,Pleasant Hope,True,,Spokane,True,,False,False
2026-09-29,Holt,True,,St. Charles,True,,False,False
2026-09-29,Montgomery County,True,,St. Clair,True,,False,False
2026-09-29,Nerinx Hall,True,,St. Dominic,True,,False,False
2026-09-29,Cuba,True,,St. James,True,,False,False
2026-09-29,West Platte,True,,St. Joseph Christian,True,,False,False
2026-09-29,Incarnate Word Academy,True,,St. Joseph's Academy,True,,False,False
2026-09-29,Lone Jack,True,,St. Paul Lutheran (Concordia),True,,False,False
2026-09-29,Herculaneum,True,,St. Vincent,True,,False,False
2026-09-29,North County,True,,Ste. Genevieve,True,,False,False
2026-09-29,Lockwood,True,,Stockton,True,,False,False
2026-09-29,Fatima,True,,Sullivan,True,,False,False
2026-09-29,Crest Ridge,True,,Sweet Springs,True,,False,False
2026-09-29,Union Star with King City,True,,Tarkio with Fairfax,True,,False,False
2026-09-29,Willow Springs,True,,Thayer,True,,False,False
2026-09-29,Francis Howell Central,True,,Troy Buchanan,True,,False,False
2026-09-29,Richland (Essex),True,,Twin Rivers,True,,False,False
2026-09-29,Battle,True,,Union,True,,False,False
2026-09-29,East (Kansas City),True,,University Academy Charter,True,,False,False
2026-09-29,Arcadia Valley,True,,Valley,True,,False,False
2026-09-29,Visitation Academy,True,,Villa Duchesne,True,,False,False
2026-09-29,St. Charles West,True,,Warrenton,True,,False,False
2026-09-29,Conway,True,,Warsaw,True,,False,False
2026-09-29,Carthage,True,,Waynesville,True,,False,False
2026-09-29,Valle Catholic,True,,West County,True,,False,False
2026-09-29,"Falls City Public(Falls City, NE)",False,,West Nodaway with Nodaway-Holt,True,,False,False
2026-09-29,Bolivar,True,,West Plains,True,,False,False
2026-09-29,Ursuline Academy,True,,Westminster Christian Academy,True,,False,False
2026-09-29,Veritas Christian Academy,True,,Whitfield,True,,False,False
2026-09-29,Truman,True,,William Chrisman,True,,False,False
2026-09-29,DeSoto,True,,Windsor (Imperial),True,,False,False
2026-09-29,Orchard Farm,True,,Winfield,True,,False,False
2026-09-29,North Kansas City,True,,Winnetonka,True,,False,False
2026-09-29,Meadow Heights,True,,Zalma,True,,False,False
2026-09-30,Roosevelt,False,,Collegiate School of Med-Bio Science,True,,False,False
2026-09-30,Valley Park,True,,Crystal City,True,,False,False
2026-09-30,Northeast (Kansas City),True,,East (Kansas City),True,,False,False
2026-09-30,Kearney,True,,Excelsior Springs,True,,False,False
2026-09-30,Helias Catholic,True,,Father Tolton,True,,False,False
2026-09-30,Hannibal,True,,Francis Howell,True,,False,False
2026-09-30,Francis Howell North,True,,Francis Howell Central,True,,False,False
2026-09-30,Miller Career Academy,True,,Gateway with Soldan International Studies,True,,False,False
2026-09-30,Caruthersville,True,,Hayti,True,,False,False
2026-09-30,Jennings,True,,Hazelwood Central,True,,False,False
2026-09-30,Frontier STEM,True,,Hogan Prep Academy Charter,True,,False,False
2026-09-30,Lakeland,True,,Hume,True,,False,False
2026-09-30,Notre Dame (St. Louis),True,,Incarnate Word Academy,True,,False,False
2026-09-30,Normandy Collaborative,False,,Jennings,True,,False,False
2026-09-30,Sweet Springs,True,,Kingsville,True,,False,False
2026-09-30,Seckman,True,,Kirkwood,True,,False,False
2026-09-30,Crest Ridge,True,,Leeton with Chilhowee,True,,False,False
2026-09-30,St. Paul Lutheran (Farmington),True,,Leopold,True,,False,False
2026-09-30,Blue Springs South,True,,Liberty North,True,,False,False
2026-09-30,"Madison High (IL)(Madison, IL)",False,,Lift for Life Academy Charter,True,,False,False
2026-09-30,Warrensburg,True,,Lincoln College Prep,True,,False,False
2026-09-30,Marquette,True,,Lindbergh,True,,False,False
2026-09-30,Affton,True,,Lutheran South,True,,False,False
2026-09-30,Eureka,True,,"Mater Dei Catholic(Breese, IL)",False,,False,False
2026-09-30,Metro,True,,McKinley Classical Leadership,True,,False,False
2026-09-30,Oran,True,,Meadow Heights,True,,False,False
2026-09-30,Windsor (Imperial),True,,Mehlville,True,,False,False
2026-09-30,Neosho,True,,Nixa,True,,False,False
2026-09-30,McCluer,True,,Normandy Collaborative,False,,False,False
2026-09-30,"Belleville East(Belleville, IL)",False,,Oakville,True,,False,False
2026-09-30,Webster Groves,True,,Parkway South,True,,False,False
2026-09-30,North County,True,,Perryville,True,,False,False
2026-09-30,McAuley Catholic,True,,Rich Hill,True,,False,False
2026-09-30,Santa Fe,True,,Sacred Heart,True,,False,False
2026-09-30,Festus,True,,St. Clair,True,,False,False
2026-09-30,Lafayette (Wildwood),True,,St. Dominic,True,,False,False
2026-09-30,St. Pius X (Kansas City),True,,St. Michael the Archangel,True,,False,False
2026-09-30,St. Pius X (Festus),True,,St. Vincent,True,,False,False
2026-09-30,McCluer North,True,,STEAM Academy,True,,False,False
2026-09-30,Hazelwood East,True,,University City,True,,False,False
2026-09-30,Arcadia Valley,True,,Valle Catholic,True,,False,False
2026-09-30,Oak Grove,True,,Van Horn,True,,False,False
2026-09-30,Confluence Prep Academy Charter with Grand Center Arts Charter,True,,Vashon,True,,False,False
2026-09-30,Warsaw,True,,Windsor,True,,False,False
2026-09-30,Veritas Christian Academy,True,,Wright City,True,,False,False
2026-10-01,Northwest (Cedar Hill),True,,Affton,True,,False,False
2026-10-01,Jasper,True,,Archie,True,,False,False
2026-10-01,Pierce City,True,,Ash Grove,True,,False,False
2026-10-01,McDonald County,True,,Aurora,True,,False,False
2026-10-01,Van Horn,True,,Barstow,True,,False,False
2026-10-01,Lutheran North,True,,Bayless,True,,False,False
2026-10-01,Risco,True,,Bell City,True,,False,False
2026-10-01,Benton,True,,Bishop LeBlond,True,,False,False
2026-10-01,Valley,True,,Bismarck,True,,False,False
2026-10-01,Fatima,True,,Blair Oaks,True,,False,False
2026-10-01,Woodland,True,,Bloomfield,True,,False,False
2026-10-01,Lee's Summit,True,,Blue Springs,True,,False,False
2026-10-01,Carl Junction,True,,Bolivar,True,,False,False
2026-10-01,Fulton,True,,Boonville,True,,False,False
2026-10-01,North Callaway,True,,Bowling Green,True,,False,False
2026-10-01,West Plains,True,,Branson,True,,False,False
2026-10-01,St. Louis Ignite,False,,Brentwood,True,,False,False
2026-10-01,Northeast Vernon County,True,,Bronaugh,True,,False,False
2026-10-01,Clever,True,,Buffalo,True,,False,False
2026-10-01,Prairie Home,True,,Bunceton,True,,False,False
2026-10-01,Doniphan,True,,Bunker,True,,False,False
2026-10-01,Liberty (Mountain View),True,,Cabool,True,,False,False
2026-10-01,Russellville,True,,California,True,,False,False
2026-10-01,Columbia Independent,True,,Calvary Lutheran,True,,False,False
2026-10-01,Battle,True,,Capital City,True,,False,False
2026-10-01,Principia,True,,Cardinal Ritter,True,,False,False
2026-10-01,Webb City,True,,Carthage,True,,False,False
2026-10-01,"Hillcrest Baptist(Dyersburg, TN)",False,,Caruthersville,True,,False,False
2026-10-01,Harrisonville,True,,Center,True,,False,False
2026-10-01,Farmington,True,,Central (Park Hills),True,,False,False
2026-10-01,Logan-Rogersville,True,,Central (Springfield),True,,False,False
2026-10-01,Kearney,True,,Central (St. Joseph),True,,False,False
2026-10-01,Sparta,True,,Chadwick,True,,False,False
2026-10-01,Hermann,True,,Chamois,True,,False,False
2026-10-01,Cameron,True,,Chillicothe,True,,False,False
2026-10-01,Hallsville,True,,Christian Fellowship Sr.,True,,False,False
2026-10-01,Ritenour,True,,Clayton,True,,False,False
2026-10-01,Maplewood-Richmond Hts.,True,,Collegiate School of Med-Bio Science,True,,False,False
2026-10-01,Roosevelt,False,,Confluence Prep Academy Charter with Grand Center Arts Charter,True,,False,False
2026-10-01,Nerinx Hall,True,,Cor Jesu Academy,True,,False,False
2026-10-01,Summersville,True,,Couch,True,,False,False
2026-10-01,Spokane,True,,Crane,True,,False,False
2026-10-01,Paseo Academy,True,,Crossroads Prep Charter,True,,False,False
2026-10-01,Meadow Heights,True,,Crystal City,True,,False,False
2026-10-01,Skyline,True,,Diamond,True,,False,False
2026-10-01,Bourbon,True,,Dixon,True,,False,False
2026-10-01,Bakersfield,True,,Dora,True,,False,False
2026-10-01,Oak Ridge,True,,East Prairie,True,,False,False
2026-10-01,Sheldon,True,,Everton,True,,False,False
2026-10-01,Academie Lafayette,True,,Ewing Marion Kauffman,True,,False,False
2026-10-01,Purdy,True,,Exeter,True,,False,False
2026-10-01,Kingsville,True,,Faith Christian Academy,True,,False,False
2026-10-01,Blue Eye,True,,Fordland,True,,False,False
2026-10-01,Belton,True,,Fort Osage,True,,False,False
2026-10-01,Pattonville,True,,Fox,True,,False,False
2026-10-01,Liberty (Wentzville),True,,Francis Howell,True,,False,False
2026-10-01,Lutheran St. Charles,True,,Francis Howell North,True,,False,False
2026-10-01,Ft. Zumwalt South,True,,Ft. Zumwalt North,True,,False,False
2026-10-01,Troy Buchanan,True,,Ft. Zumwalt West,True,,False,False
2026-10-01,Conway,True,,Gainesville,True,,False,False
2026-10-01,Billings,True,,Galena,True,,False,False
2026-10-01,Malden,True,,Gideon,True,,False,False
2026-10-01,Nixa,True,,Glendale,True,,False,False
2026-10-01,Gloria Deo Academy,True,,Golden City,True,,False,False
2026-10-01,Round Grove Christian Acad,False,,Greenfield,True,,False,False
2026-10-01,McKinley Classical Leadership,True,,Hancock,True,,False,False
2026-10-01,Cooter,True,,Hayti,True,,False,False
2026-10-01,Parkway North,True,,Hazelwood West,True,,False,False
2026-10-01,Marshfield,True,,Hillcrest,True,,False,False
2026-10-01,Frontier STEM,True,,Hogan Prep Academy Charter,True,,False,False
2026-10-01,North Pemiscot,True,,Holcomb,True,,False,False
2026-10-01,Thayer,True,,Houston,True,,False,False
2026-10-01,Lift for Life Academy Charter,True,,Jefferson (Festus),True,,False,False
2026-10-01,Rolla,True,,Jefferson City,True,,False,False
2026-10-01,Neosho,True,,Joplin,True,,False,False
2026-10-01,West County,True,,Kingston,True,,False,False
2026-10-01,Lafayette County,True,,Knob Noster,True,,False,False
2026-10-01,Seymour,True,,Koshkonong,True,,False,False
2026-10-01,Lincoln,True,,La Monte,True,,False,False
2026-10-01,Seneca,True,,Lamar,True,,False,False
2026-10-01,Plattsburg,True,,Lawson,True,,False,False
2026-10-01,Kickapoo,True,,Lebanon,True,,False,False
2026-10-01,St. Teresa's Academy,True,,Lee's Summit West,True,,False,False
2026-10-01,South Iron,True,,Lesterville,True,,False,False
2026-10-01,Carrollton,True,,Lexington,True,,False,False
2026-10-01,Rich Hill,True,,Liberal,True,,False,False
2026-10-01,Oak Park,True,,Liberty,True,,False,False
2026-10-01,Warrensburg,True,,Lincoln College Prep,True,,False,False
2026-10-01,Miller,True,,Lockwood,True,,False,False
2026-10-01,Sherwood,True,,Lone Jack,True,,False,False
2026-10-01,Concordia,True,,Lutheran (Kansas City),True,,False,False
2026-10-01,Gloria Deo Academy,True,,Lutie,True,,False,False
2026-10-01,Bradleyville,True,,Mansfield,True,,False,False
2026-10-01,Sarcoxie,True,,Marionville,True,,False,False
2026-10-01,Lafayette (Wildwood),True,,Marquette,True,,False,False
2026-10-01,Kirksville,True,,Marshall,True,,False,False
2026-10-01,Savannah,True,,Maryville,True,,False,False
2026-10-01,Verona,True,,McAuley Catholic,True,,False,False
2026-10-01,McCluer North,True,,McCluer,True,,False,False
2026-10-01,Ballard,True,,Miami (Amoret),True,,False,False
2026-10-01,East Buchanan,True,,Mid-Buchanan,True,,False,False
2026-10-01,Appleton City with Montrose,True,,Midway,True,,False,False
2026-10-01,Cassville,True,,Monett,True,,False,False
2026-10-01,Mexico,True,,Montgomery County,True,,False,False
2026-10-01,South Holt with Craig,True,,Mound City,True,,False,False
2026-10-01,Ava,True,,Mountain Grove,True,,False,False
2026-10-01,East Newton,True,,Mt. Vernon,True,,False,False
2026-10-01,Eugene,True,,New Bloomfield,True,,False,False
2026-10-01,Thomas Jefferson Independent Day,True,,New Heights Christian,True,,False,False
2026-10-01,Fredericktown,True,,North County,True,,False,False
2026-10-01,Park Hill South,True,,North Kansas City,True,,False,False
2026-10-01,Penney,True,,North Platte,True,,False,False
2026-10-01,Timberland,True,,North Point,True,,False,False
2026-10-01,Central (Kansas City),True,,Northeast (Kansas City),True,,False,False
2026-10-01,Metro,True,,Notre Dame (St. Louis),True,,False,False
2026-10-01,Kirkwood,True,,Oakville,True,,False,False
2026-10-01,St. Charles West,True,,Orchard Farm,True,,False,False
2026-10-01,Eldon,True,,Osage,True,,False,False
2026-10-01,Drexel,True,,Osceola,True,,False,False
2026-10-01,Green Ridge,True,,Otterville,True,,False,False
2026-10-01,Waynesville,True,,Ozark,True,,False,False
2026-10-01,Lee's Summit North,True,,Park Hill,True,,False,False
2026-10-01,Mehlville,True,,Parkway Central,True,,False,False
2026-10-01,Niangua,True,,Plato,True,,False,False
2026-10-01,William Chrisman,True,,Platte County,True,,False,False
2026-10-01,"Louisburg(Louisburg, KS)",False,,Pleasant Hill,True,,False,False
2026-10-01,Stockton,True,,Pleasant Hope,True,,False,False
2026-10-01,Ste. Genevieve,True,,Potosi,True,,False,False
2026-10-01,Butler,True,,"Prairie View(LaCygne, KS)",False,,False,False
2026-10-01,Advance,True,,Puxico,True,,False,False
2026-10-01,Staley,True,,Raymore-Peculiar,True,,False,False
2026-10-01,Raytown South,True,,Raytown,True,,False,False
2026-10-01,Forsyth,True,,Reeds Spring,True,,False,False
2026-10-01,Holden,True,,Richmond,True,,False,False
2026-10-01,Ladue Horton Watkins,True,,Rockwood Summit,True,,False,False
2026-10-01,Whitfield,True,,Rosati-Kain,True,,False,False
2026-10-01,Winnetonka,True,,Ruskin,True,,False,False
2026-10-01,Northwest (Hughesville),True,,Sacred Heart,True,,False,False
2026-10-01,Southeast,True,,"Schlagle(Kansas City, KS)",False,,False,False
2026-10-01,New Covenant Academy,True,,School of the Ozarks,True,,False,False
2026-10-01,Campbell,True,,Senath-Hornersville,True,,False,False
2026-10-01,Camdenton,True,,Smith-Cotton,True,,False,False
2026-10-01,Stover,True,,Smithton,True,,False,False
2026-10-01,Grandview,True,,Smithville,True,,False,False
2026-10-01,Centralia,True,,Southern Boone,True,,False,False
2026-10-01,Wheaton,True,,Southwest (Washburn),True,,False,False
2026-10-01,Fair Grove,True,,Springfield Catholic,True,,False,False
2026-10-01,Winfield,True,,St. Charles,True,,False,False
2026-10-01,Visitation Academy,True,,St. Joseph's Academy,True,,False,False
2026-10-01,Oak Grove,True,,St. Michael the Archangel,True,,False,False
2026-10-01,Warsaw,True,,St. Paul Lutheran (Concordia),True,,False,False
2026-10-01,Hazelwood East,True,,STEAM Academy,True,,False,False
2026-10-01,Cuba,True,,Steelville,True,,False,False
2026-10-01,Hollister,True,,Strafford,True,,False,False
2026-10-01,Adrian,True,,Summit Christian Academy,True,,False,False
2026-10-01,West Nodaway with Nodaway-Holt,True,,Tarkio with Fairfax,True,,False,False
2026-10-01,Linn,True,,Tipton,True,,False,False
2026-10-01,South Harrison,True,,Trenton,True,,False,False
2026-10-01,Grain Valley,True,,Truman,True,,False,False
2026-10-01,Hillsboro,True,,Union,True,,False,False
2026-10-01,Rock Port,True,,Union Star with King City,True,,False,False
2026-10-01,Villa Duchesne,True,,Ursuline Academy,True,,False,False
2026-10-01,Believe Acad Charter,True,,Vashon,True,,False,False
2026-10-01,El Dorado Springs,True,,Versailles,True,,False,False
2026-10-01,Holt,True,,Warrenton,True,,False,False
2026-10-01,Orrick,True,,Wellington-Napoleon,True,,False,False
2026-10-01,Lathrop,True,,West Platte,True,,False,False
2026-10-01,Republic,True,,Willard,True,,False,False
2026-10-01,Salem,True,,Willow Springs,True,,False,False
2026-10-01,Cole Camp,True,,Windsor,True,,False,False
2026-10-01,Licking,True,,Winona,True,,False,False
2026-10-01,Ft. Zumwalt East,True,,Wright City,True,,False,False
2026-10-02,"Viola(Viola, AR)",False,,Bakersfield,True,,False,False
2026-10-02,Valley Park,True,,Bayless,True,,False,False
2026-10-02,Steelville,True,,Belle,True,,False,False
2026-10-02,Marion C. Early,True,,Billings,True,,False,False
2026-10-02,Niangua,True,,Blue Eye,True,,False,False
2026-10-02,Everton,True,,Chadwick,True,,False,False
2026-10-02,St. James,True,,Chamois,True,,False,False
2026-10-02,Holcomb,True,,Clarkton,True,,False,False
2026-10-02,Parkway South,True,,Clayton,True,,False,False
2026-10-02,Hurley,True,,Crane,True,,False,False
2026-10-02,Hogan Prep Academy Charter,True,,Cristo Rey,True,,False,False
2026-10-02,Maplewood-Richmond Hts.,True,,Crossroads College Preparatory,True,,False,False
2026-10-02,Orchard Farm,True,,Duchesne,True,,False,False
2026-10-02,Brentwood,True,,Gateway Science Charter,True,,False,False
2026-10-02,Ellington,True,,Greenville,True,,False,False
2026-10-02,Normandy Collaborative,False,,Jennings,True,,False,False
2026-10-02,Calvary Lutheran,True,,La Monte,True,,False,False
2026-10-02,Notre Dame (Cape Girardeau),True,,Leopold,True,,False,False
2026-10-02,Notre Dame (St. Louis),True,,Lutheran South,True,,False,False
2026-10-02,Vashon,True,,McKinley Classical Leadership,True,,False,False
2026-10-02,STEAM Academy,True,,Miller Career Academy,True,,False,False
2026-10-02,Advance,True,,Oak Ridge,True,,False,False
2026-10-02,Leeton with Chilhowee,True,,Otterville,True,,False,False
2026-10-02,Parkway West,True,,Parkway Central,True,,False,False
2026-10-02,Gideon,True,,"Piggott(Piggott , AR)",False,,False,False
2026-10-02,Zalma,True,,Puxico,True,,False,False
2026-10-02,Gainesville,True,,Seymour,True,,False,False
2026-10-02,Southland,True,,South Pemiscot,True,,False,False
2026-10-02,Fatima,True,,Stover,True,,False,False
2026-10-02,Bloomfield,True,,Twin Rivers,True,,False,False
2026-10-02,Hazelwood Central,True,,University City,True,,False,False
2026-10-02,Rosati-Kain,True,,Villa Duchesne,True,,False,False
2026-10-02,Hannibal,True,,Webster Groves,True,,False,False
2026-10-03,Staley,True,,Belton,True,,False,False
2026-10-03,Blue Springs,True,,Belton,True,,False,False
2026-10-03,Pembroke Hill,True,,Belton,True,,False,False
2026-10-03,Lee's Summit North,True,,Blue Springs,True,,False,False
2026-10-03,Oak Grove,True,,Blue Springs,True,,False,False
2026-10-03,Ozark,True,,Blue Springs,True,,False,False
2026-10-03,Liberty North,True,,"Blue Valley North(Overland Park, KS)",False,,False,False
2026-10-03,Liberty,True,,"Blue Valley North(Overland Park, KS)",False,,False,False
2026-10-03,Licking,True,,Dixon,True,,False,False
2026-10-03,Laquey,True,,Dixon,True,,False,False
2026-10-03,Plato,True,,Dixon,True,,False,False
2026-10-03,Staley,True,,Kickapoo,True,,False,False
2026-10-03,Liberty,True,,Lee's Summit West,True,,False,False
2026-10-03,Staley,True,,Liberty,True,,False,False
2026-10-03,Pembroke Hill,True,,Liberty,True,,False,False
2026-10-03,Staley,True,,Oak Grove,True,,False,False
2026-10-03,Pembroke Hill,True,,Oak Grove,True,,False,False
2026-10-03,Staley,True,,Ozark,True,,False,False
2026-10-03,Liberty North,True,,Pembroke Hill,True,,False,False
2026-10-03,Kennett,True,,"Piggott(Piggott, AR)",False,,False,False
2026-10-03,Liberty North,True,,St. Dominic,True,,False,False
2026-10-03,Liberty North,True,,St. Teresa's Academy,True,,False,False
2026-10-03,Pleasant Hill,True,,Warrensburg,True,,False,False
2026-10-03,"Colgan(, )",False,,Webb City,True,,False,False
2026-10-03,West Plains,True,,Webb City,True,,False,False
2026-10-03,"Colgan-Pittsburg, KS.(, )",False,,West Plains,True,,False,False
2026-10-05,Notre Dame (Cape Girardeau),True,,Advance,True,,False,False
2026-10-05,RUSH Sr. Home School,False,,Ash Grove,True,,False,False
2026-10-05,Mt. Vernon,True,,Aurora,True,,False,False
2026-10-05,Bradleyville,True,,Bakersfield,True,,False,False
2026-10-05,Gideon,True,,Bernie,True,,False,False
2026-10-05,Pembroke Hill,True,,Blue Springs,True,,False,False
2026-10-05,Grain Valley,True,,Blue Springs South,True,,False,False
2026-10-05,Logan-Rogersville,True,,Bolivar,True,,False,False
2026-10-05,Kirksville,True,,Boonville,True,,False,False
2026-10-05,Camdenton,True,,Branson,True,,False,False
2026-10-05,Warsaw,True,,Butler,True,,False,False
2026-10-05,Miller Career Academy,True,,"Cahokia(Cahokia, IL)",False,,False,False
2026-10-05,Sweet Springs,True,,Calvary Lutheran,True,,False,False
2026-10-05,Father Tolton,True,,Capital City,True,,False,False
2026-10-05,Senath-Hornersville,True,,Caruthersville,True,,False,False
2026-10-05,Paseo Academy,True,,Central (Kansas City),True,,False,False
2026-10-05,Jefferson (Festus),True,,Central (Park Hills),True,,False,False
2026-10-05,Mexico,True,,Centralia,True,,False,False
2026-10-05,Eugene,True,,Chamois,True,,False,False
2026-10-05,Cooter,True,,Charleston,True,,False,False
2026-10-05,Wright City,True,,Christian Fellowship Sr.,True,,False,False
2026-10-05,Sacred Heart,True,,Cole Camp,True,,False,False
2026-10-05,New Bloomfield,True,,Columbia Independent,True,,False,False
2026-10-05,Orrick,True,,Concordia,True,,False,False
2026-10-05,Kelly,True,,Delta (Deering),True,,False,False
2026-10-05,Potosi,True,,DeSoto,True,,False,False
2026-10-05,Puxico,True,,Dexter,True,,False,False
2026-10-05,Laquey,True,,Dixon,True,,False,False
2026-10-05,Miller,True,,East Newton,True,,False,False
2026-10-05,Southern Boone,True,,Eldon,True,,False,False
2026-10-05,Neosho,True,,"Elkins(Elkins, AR)",False,,False,False
2026-10-05,"KC Metro(Kansas City, KS)",False,,Ewing Marion Kauffman,True,,False,False
2026-10-05,St. Pius X (Kansas City),True,,Excelsior Springs,True,,False,False
2026-10-05,McAuley Catholic,True,,Exeter,True,,False,False
2026-10-05,Jackson,True,,Farmington,True,,False,False
2026-10-05,Spokane,True,,Forsyth,True,,False,False
2026-10-05,Raymore-Peculiar,True,,Fort Osage,True,,False,False
2026-10-05,Central (Cape Girardeau),True,,Fredericktown,True,,False,False
2026-10-05,Academie Lafayette,True,,Frontier School of Excellence Charter,False,,False,False
2026-10-05,KIPP KC Legacy,True,,Frontier STEM,True,,False,False
2026-10-05,Warrenton,True,,Fulton,True,,False,False
2026-10-05,Niangua,True,,Galena,True,,False,False
2026-10-05,Gateway Legacy Sr. H.,False,,Gateway Science Charter,True,,False,False
2026-10-05,Pembroke Hill,True,,Grain Valley,True,,False,False
2026-10-05,Center,True,,Grandview,True,,False,False
2026-10-05,Kingston,True,,Grandview (Hillsboro),True,,False,False
2026-10-05,Windsor,True,,Green Ridge,True,,False,False
2026-10-05,Twin Rivers,True,,Greenville,True,,False,False
2026-10-05,Marshall,True,,Hallsville,True,,False,False
2026-10-05,Hollister,True,,"Harrison(Harrison , AR)",False,,False,False
2026-10-05,Normandy Collaborative,False,,Hazelwood Central,True,,False,False
2026-10-05,McCluer,True,,Hazelwood East,True,,False,False
2026-10-05,Washington,True,,Hermann,True,,False,False
2026-10-05,Parkview,True,,Hillcrest,True,,False,False
2026-10-05,St. Clair,True,,Hillsboro,True,,False,False
2026-10-05,Rich Hill,True,,Hume,True,,False,False
2026-10-05,Billings,True,,Hurley,True,,False,False
2026-10-05,Central (New Madrid County),True,,Kennett,True,,False,False
2026-10-05,Lakeland,True,,Kingsville,True,,False,False
2026-10-05,Francis Howell Central,True,,Kirkwood,True,,False,False
2026-10-05,"Viola(Viola, AR)",False,,Koshkonong,True,,False,False
2026-10-05,Fox,True,,Ladue Horton Watkins,True,,False,False
2026-10-05,Ft. Zumwalt West,True,,Lafayette (Wildwood),True,,False,False
2026-10-05,St. Louis Christian Sr.,False,,Lafayette (Wildwood),True,,False,False
2026-10-05,Blue Springs South,True,,Lee's Summit North,True,,False,False
2026-10-05,Grain Valley,True,,Lee's Summit North,True,,False,False
2026-10-05,Pembroke Hill,True,,Lee's Summit North,True,,False,False
2026-10-05,Park Hill,True,,Lee's Summit West,True,,False,False
2026-10-05,Houston,True,,Lesterville,True,,False,False
2026-10-05,Greenfield,True,,Liberal,True,,False,False
2026-10-05,Lee's Summit,True,,Liberty,True,,False,False
2026-10-05,West Plains,True,,Liberty (Mountain View),True,,False,False
2026-10-05,Collegiate School of Med-Bio Science,True,,Lift for Life Academy Charter,True,,False,False
2026-10-05,Van Horn,True,,Lincoln College Prep,True,,False,False
2026-10-05,St. James,True,,Linn,True,,False,False
2026-10-05,Lathrop,True,,Lone Jack,True,,False,False
2026-10-05,Nerinx Hall,True,,Lutheran St. Charles,True,,False,False
2026-10-05,Campbell,True,,Malden,True,,False,False
2026-10-05,Affton,True,,Maplewood-Richmond Hts.,True,,False,False
2026-10-05,Lutie,True,,Marion C. Early,True,,False,False
2026-10-05,Penney,True,,Maysville,True,,False,False
2026-10-05,Jennings,True,,McCluer North,True,,False,False
2026-10-05,"Providence(Rogers, AR)",False,,McDonald County,True,,False,False
2026-10-05,Ritenour,True,,McKinley Classical Leadership,True,,False,False
2026-10-05,Cristo Rey,True,,"Midland Adventist(Shawnee, KS)",False,,False,False
2026-10-05,Eminence,True,,Mountain Grove,True,,False,False
2026-10-05,Bourbon,True,,New Haven,True,,False,False
2026-10-05,McCluer North,True,,Normandy Collaborative,False,,False,False
2026-10-05,Brookfield,True,,North Callaway,True,,False,False
2026-10-05,St. Paul Lutheran (Farmington),True,,North County,True,,False,False
2026-10-05,South Harrison,True,,North Nodaway,True,,False,False
2026-10-05,East (Kansas City),True,,Northeast (Kansas City),True,,False,False
2026-10-05,Sheldon,True,,Northeast Vernon County,True,,False,False
2026-10-05,North Platte,True,,Northland Christian,True,,False,False
2026-10-05,Smithton,True,,Northwest (Hughesville),True,,False,False
2026-10-05,Pleasant Hill,True,,Oak Grove,True,,False,False
2026-10-05,Smithville,True,,Oak Park,True,,False,False
2026-10-05,Truman,True,,Oak Park,True,,False,False
2026-10-05,St. Joseph's Academy,True,,Oakville,True,,False,False
2026-10-05,Conway,True,,Osage,True,,False,False
2026-10-05,Lincoln,True,,Otterville,True,,False,False
2026-10-05,Liberty North,True,,Park Hill South,True,,False,False
2026-10-05,Parkway North,True,,Parkway Central,True,,False,False
2026-10-05,Staley,True,,Platte County,True,,False,False
2026-10-05,Doniphan,True,,Poplar Bluff,True,,False,False
2026-10-05,Clarkton,True,,Portageville,True,,False,False
2026-10-05,Lift for Life Academy Charter,True,,Principia,True,,False,False
2026-10-05,Knob Noster,True,,Raytown South,True,,False,False
2026-10-05,Monett,True,,Reeds Spring,True,,False,False
2026-10-05,Bell City,True,,Richland (Essex),True,,False,False
2026-10-05,Cameron,True,,Richmond,True,,False,False
2026-10-05,Notre Dame (St. Louis),True,,Rosati-Kain,True,,False,False
2026-10-05,William Chrisman,True,,Ruskin,True,,False,False
2026-10-05,Bunker,True,,Salem,True,,False,False
2026-10-05,Crest Ridge,True,,Santa Fe,True,,False,False
2026-10-05,Notre Dame de Sion,True,,Savannah,True,,False,False
2026-10-05,Leopold,True,,Saxony Lutheran,True,,False,False
2026-10-05,Oak Ridge,True,,Scott City,True,,False,False
2026-10-05,Mansfield,True,,Seymour,True,,False,False
2026-10-05,Osceola,True,,Sherwood,True,,False,False
2026-10-05,Battle,True,,Smith-Cotton,True,,False,False
2026-10-05,Truman,True,,Smithville,True,,False,False
2026-10-05,Arcadia Valley,True,,South Iron,True,,False,False
2026-10-05,Holcomb,True,,South Pemiscot,True,,False,False
2026-10-05,North Pemiscot,True,,Southland,True,,False,False
2026-10-05,Crane,True,,Southwest (Washburn),True,,False,False
2026-10-05,Pattonville,True,,St. Charles West,True,,False,False
2026-10-05,Duchesne,True,,St. Francis Borgia,True,,False,False
2026-10-05,South Holt with Craig,True,,St. Joseph Christian,True,,False,False
2026-10-05,University City,True,,STEAM Academy,True,,False,False
2026-10-05,Viburnum,True,,Steelville,True,,False,False
2026-10-05,La Monte,True,,Stover,True,,False,False
2026-10-05,Cuba,True,,Sullivan,True,,False,False
2026-10-05,Dora,True,,Summersville,True,,False,False
2026-10-05,Vashon,True,,West Plains,True,,False,False
2026-10-05,Purdy,True,,Thomas Jefferson Independent Day,True,,False,False
2026-10-05,Chillicothe,True,,Trenton,True,,False,False
2026-10-05,Perryville,True,,Valle Catholic,True,,False,False
2026-10-05,Crystal City,True,,Veritas Christian Academy,True,,False,False
2026-10-05,Bishop DuBourg,True,,Villa Duchesne,True,,False,False
2026-10-05,Seneca,True,,Wheaton,True,,False,False
2026-10-05,Lutheran North,True,,Whitfield,True,,False,False
2026-10-05,Fair Grove,True,,Willard,True,,False,False
2026-10-05,Belton,True,,Winnetonka,True,,False,False
2026-10-05,St. Vincent,True,,Woodland,True,,False,False
2026-10-05,Risco,True,,Zalma,True,,False,False
2026-10-06,Bloomfield,True,,Advance,True,,False,False
2026-10-06,Kingston,True,,Arcadia Valley,True,,False,False
2026-10-06,Rich Hill,True,,Archie,True,,False,False
2026-10-06,Faith Christian Academy,True,,"Atchison Classical(Atchison , KS)",False,,False,False
2026-10-06,Pembroke Hill,True,,Barstow,True,,False,False
2026-10-06,Maplewood-Richmond Hts.,True,,Bayless,True,,False,False
2026-10-06,Oran,True,,Bell City,True,,False,False
2026-10-06,Raytown,True,,Belton,True,,False,False
2026-10-06,Twin Rivers,True,,Bernie,True,,False,False
2026-10-06,Guadalupe Centers Charter,True,,"Bishop Ward(Kansas City, KS)",False,,False,False
2026-10-06,Raymore-Peculiar,True,,Blue Springs South,True,,False,False
2026-10-06,Versailles,True,,Boonville,True,,False,False
2026-10-06,Belle,True,,Bourbon,True,,False,False
2026-10-06,Everton,True,,Bradleyville,True,,False,False
2026-10-06,Plattsburg,True,,Brookfield,True,,False,False
2026-10-06,Chamois,True,,Bunceton,True,,False,False
2026-10-06,Capital City,True,,California,True,,False,False
2026-10-06,Rock Bridge,True,,Camdenton,True,,False,False
2026-10-06,Malden,True,,Caruthersville,True,,False,False
2026-10-06,East Newton,True,,Cassville,True,,False,False
2026-10-06,Odessa,True,,Center,True,,False,False
2026-10-06,Lighthouse Sr. High,False,,Central (Springfield),True,,False,False
2026-10-06,North Kansas City,True,,Central (St. Joseph),True,,False,False
2026-10-06,Montgomery County,True,,Centralia,True,,False,False
2026-10-06,East Prairie,True,,Charleston,True,,False,False
2026-10-06,Kennett,True,,Clarkton,True,,False,False
2026-10-06,Scott City,True,,Clearwater,True,,False,False
2026-10-06,Hollister,True,,Clever,True,,False,False
2026-10-06,Harrisonville,True,,Clinton,True,,False,False
2026-10-06,Christian Fellowship Sr.,True,,Columbia Independent,True,,False,False
2026-10-06,Gateway with Soldan International Studies,True,,Confluence Prep Academy Charter with Grand Center Arts Charter,True,,False,False
2026-10-06,Kingsville,True,,Crest Ridge,True,,False,False
2026-10-06,Brentwood,True,,Crossroads College Preparatory,True,,False,False
2026-10-06,Hogan Prep Academy Charter,True,,Crossroads Prep Charter,True,,False,False
2026-10-06,Frontier STEM,True,,"Daniel(Kansas City, MO)",False,,False,False
2026-10-06,Couch,True,,Doniphan,True,,False,False
2026-10-06,John Burroughs,True,,Duchesne,True,,False,False
2026-10-06,Oak Ridge,True,,Eagle Ridge Christian,False,,False,False
2026-10-06,St. Joseph Christian,True,,East Buchanan,True,,False,False
2026-10-06,South Iron,True,,Ellington,True,,False,False
2026-10-06,Thayer,True,,Eminence,True,,False,False
2026-10-06,Russellville,True,,Eugene,True,,False,False
2026-10-06,Southwest (Washburn),True,,Exeter,True,,False,False
2026-10-06,Reeds Spring,True,,Fair Grove,True,,False,False
2026-10-06,North County,True,,Farmington,True,,False,False
2026-10-06,Carl Junction,True,,"Farmington(Farmington, AR)",False,,False,False
2026-10-06,Bowling Green,True,,Father Tolton,True,,False,False
2026-10-06,Osage,True,,Fatima,True,,False,False
2026-10-06,Strafford,True,,Forsyth,True,,False,False
2026-10-06,Francis Howell Central,True,,Francis Howell,True,,False,False
2026-10-06,Troy Buchanan,True,,Francis Howell North,True,,False,False
2026-10-06,Ste. Genevieve,True,,Fredericktown,True,,False,False
2026-10-06,Ft. Zumwalt South,True,,Ft. Zumwalt East,True,,False,False
2026-10-06,North Point,True,,Ft. Zumwalt North,True,,False,False
2026-10-06,Liberty (Wentzville),True,,Ft. Zumwalt West,True,,False,False
2026-10-06,Eldon,True,,Fulton,True,,False,False
2026-10-06,Dora,True,,Gainesville,True,,False,False
2026-10-06,Purdy,True,,Galena,True,,False,False
2026-10-06,Sheldon,True,,Golden City,True,,False,False
2026-10-06,Platte County,True,,Grain Valley,True,,False,False
2026-10-06,Conway,True,,Greenfield,True,,False,False
2026-10-06,Zalma,True,,Greenville,True,,False,False
2026-10-06,McKinley Classical Leadership,True,,Hazelwood Central,True,,False,False
2026-10-06,Affton,True,,Hazelwood West,True,,False,False
2026-10-06,Blair Oaks,True,,Helias Catholic,True,,False,False
2026-10-06,Calvary Lutheran,True,,Heritage AthleticsA,False,,False,False
2026-10-06,Carrollton,True,,Holden,True,,False,False
2026-10-06,Bronaugh,True,,Hume,True,,False,False
2026-10-06,Gloria Deo Academy,True,,Hurley,True,,False,False
2026-10-06,Eureka,True,,Incarnate Word Academy,True,,False,False
2026-10-06,Osceola,True,,Jasper,True,,False,False
2026-10-06,Glendale,True,,Kickapoo,True,,False,False
2026-10-06,Paseo Academy,True,,KIPP KC Legacy,True,,False,False
2026-10-06,Hannibal,True,,Kirksville,True,,False,False
2026-10-06,Richmond,True,,Knob Noster,True,,False,False
2026-10-06,Lutie,True,,Koshkonong,True,,False,False
2026-10-06,Parkway West,True,,Ladue Horton Watkins,True,,False,False
2026-10-06,Appleton City with Montrose,True,,Lakeland,True,,False,False
2026-10-06,Trenton,True,,Lathrop,True,,False,False
2026-10-06,Lee's Summit,True,,Lee's Summit West,True,,False,False
2026-10-06,Lafayette County,True,,Lexington,True,,False,False
2026-10-06,Drexel,True,,Liberal,True,,False,False
2026-10-06,Lee's Summit North,True,,Liberty,True,,False,False
2026-10-06,Poplar Bluff,True,,Liberty (Mountain View),True,,False,False
2026-10-06,Blue Springs,True,,Liberty North,True,,False,False
2026-10-06,Windsor (Imperial),True,,Lift for Life Academy Charter,True,,False,False
2026-10-06,Lawson,True,,Lincoln College Prep,True,,False,False
2026-10-06,Hillcrest,True,,Logan-Rogersville,True,,False,False
2026-10-06,Ava,True,,Mansfield,True,,False,False
2026-10-06,Lutie,True,,Marion C. Early,True,,False,False
2026-10-06,Mt. Vernon,True,,McDonald County,True,,False,False
2026-10-06,Westminster Christian Academy,True,,MICDS,True,,False,False
2026-10-06,Lutheran (Kansas City),True,,Midway,True,,False,False
2026-10-06,Diamond,True,,Miller,True,,False,False
2026-10-06,West Nodaway with Nodaway-Holt,True,,Mound City,True,,False,False
2026-10-06,Carthage,True,,Neosho,True,,False,False
2026-10-06,Aurora,True,,Nevada,True,,False,False
2026-10-06,Sullivan,True,,New Haven,True,,False,False
2026-10-06,Verona,True,,New Heights Christian,True,,False,False
2026-10-06,Ozark,True,,Nixa,True,,False,False
2026-10-06,Linn,True,,North Callaway,True,,False,False
2026-10-06,Risco,True,,North Pemiscot,True,,False,False
2026-10-06,Ballard,True,,Northeast Vernon County,True,,False,False
2026-10-06,"Kansas City Christian(Prairie Village, KS)",False,,Northland Christian,True,,False,False
2026-10-06,Fox,True,,Northwest (Cedar Hill),True,,False,False
2026-10-06,Whitfield,True,,Notre Dame (St. Louis),True,,False,False
2026-10-06,Smith-Cotton,True,,Oak Grove,True,,False,False
2026-10-06,Park Hill South,True,,Oak Park,True,,False,False
2026-10-06,Cor Jesu Academy,True,,Oakville,True,,False,False
2026-10-06,Owensville,True,,Pacific,True,,False,False
2026-10-06,Villa Duchesne,True,,Parkway Central,True,,False,False
2026-10-06,Clayton,True,,Parkway North,True,,False,False
2026-10-06,Marionville,True,,Pierce City,True,,False,False
2026-10-06,Dixon,True,,Plato,True,,False,False
2026-10-06,Greenwood,True,,Pleasant Hope,True,,False,False
2026-10-06,Central (Park Hills),True,,Potosi,True,,False,False
2026-10-06,Grandview,True,,Raytown South,True,,False,False
2026-10-06,Joplin,True,,Republic,True,,False,False
2026-10-06,Central (New Madrid County),True,,Richland (Essex),True,,False,False
2026-10-06,Cardinal Ritter,True,,Ritenour,True,,False,False
2026-10-06,Hickman,True,,Rolla,True,,False,False
2026-10-06,Lockwood,True,,Sarcoxie,True,,False,False
2026-10-06,"Sacred Heart(Falls City, NE)",False,,Savannah,True,,False,False
2026-10-06,Parkway South,True,,Seckman,True,,False,False
2026-10-06,Hayti,True,,Senath-Hornersville,True,,False,False
2026-10-06,Monett,True,,Seneca,True,,False,False
2026-10-06,El Dorado Springs,True,,Skyline,True,,False,False
2026-10-06,Kearney,True,,Smithville,True,,False,False
2026-10-06,Mid-Buchanan,True,,South Harrison,True,,False,False
2026-10-06,North Platte,True,,South Holt with Craig,True,,False,False
2026-10-06,Delta (Deering),True,,South Pemiscot,True,,False,False
2026-10-06,Central (Kansas City),True,,Southeast,True,,False,False
2026-10-06,Cooter,True,,Southland,True,,False,False
2026-10-06,School of the Ozarks,True,,Sparta,True,,False,False
2026-10-06,Blue Eye,True,,Spokane,True,,False,False
2026-10-06,Buffalo,True,,Springfield Catholic,True,,False,False
2026-10-06,St. Charles,True,,St. Charles West,True,,False,False
2026-10-06,Hermann,True,,St. Clair,True,,False,False
2026-10-06,Union,True,,St. James,True,,False,False
2026-10-06,Santa Fe,True,,St. Paul Lutheran (Concordia),True,,False,False
2026-10-06,Crystal City,True,,St. Paul Lutheran (Farmington),True,,False,False
2026-10-06,Notre Dame (Cape Girardeau),True,,St. Pius X (Festus),True,,False,False
2026-10-06,St. Pius X (Kansas City),True,,St. Teresa's Academy,True,,False,False
2026-10-06,Ash Grove,True,,Stockton,True,,False,False
2026-10-06,Licking,True,,Summersville,True,,False,False
2026-10-06,St. Michael the Archangel,True,,Summit Christian Academy,True,,False,False
2026-10-06,Concordia,True,,Sweet Springs,True,,False,False
2026-10-06,Rock Port,True,,Tarkio with Fairfax,True,,False,False
2026-10-06,Washington,True,,Timberland,True,,False,False
2026-10-06,New Bloomfield,True,,Tipton,True,,False,False
2026-10-06,Winnetonka,True,,Truman,True,,False,False
2026-10-06,North Nodaway,True,,Union Star with King City,True,,False,False
2026-10-06,Lutheran South,True,,Ursuline Academy,True,,False,False
2026-10-06,Valle Catholic,True,,Valley,True,,False,False
2026-10-06,Hancock,True,,Valley Park,True,,False,False
2026-10-06,University Academy Charter,True,,Van Horn,True,,False,False
2026-10-06,Roosevelt,False,,Vashon,True,,False,False
2026-10-06,Cuba,True,,Viburnum,True,,False,False
2026-10-06,Pleasant Hill,True,,Warrensburg,True,,False,False
2026-10-06,Orchard Farm,True,,Warrenton,True,,False,False
2026-10-06,Lebanon,True,,Waynesville,True,,False,False
2026-10-06,Willard,True,,Webb City,True,,False,False
2026-10-06,Marquette,True,,Webster Groves,True,,False,False
2026-10-06,Lone Jack,True,,Wellington-Napoleon,True,,False,False
2026-10-06,Bismarck,True,,West County,True,,False,False
2026-10-06,Marshfield,True,,West Plains,True,,False,False
2026-10-06,Bishop LeBlond,True,,West Platte,True,,False,False
2026-10-06,Fort Osage,True,,William Chrisman,True,,False,False
2026-10-06,Herculaneum,True,,Windsor (Imperial),True,,False,False
2026-10-06,Holt,True,,Winfield,True,,False,False
2026-10-06,Willow Springs,True,,Winona,True,,False,False
2026-10-06,Leopold,True,,Woodland,True,,False,False
2026-10-07,Fatima,True,,Battle,True,,False,False
2026-10-07,Affton,True,,Bishop DuBourg,True,,False,False
2026-10-07,St. Michael the Archangel,True,,"Bishop Miege(Roeland Park, KS)",False,,False,False
2026-10-07,Metro,True,,Cardinal Ritter,True,,False,False
2026-10-07,Caruthersville,True,,Cooter,True,,False,False
2026-10-07,"Edwardsville(Edwardsville, IL)",False,,Cor Jesu Academy,True,,False,False
2026-10-07,Guadalupe Centers Charter,True,,Cristo Rey,True,,False,False
2026-10-07,Grandview (Hillsboro),True,,Crystal City,True,,False,False
2026-10-07,Steelville,True,,Dixon,True,,False,False
2026-10-07,St. Francis Borgia,True,,Festus,True,,False,False
2026-10-07,Ft. Zumwalt East,True,,Ft. Zumwalt North,True,,False,False
2026-10-07,Fordland,True,,Greenwood,True,,False,False
2026-10-07,Father Tolton,True,,Hallsville,True,,False,False
2026-10-07,Collegiate School of Med-Bio Science,True,,Hancock,True,,False,False
2026-10-07,STEAM Academy,True,,Hazelwood Central,True,,False,False
2026-10-07,Normandy Collaborative,False,,Hazelwood East,True,,False,False
2026-10-07,Lutheran St. Charles,True,,Holt,True,,False,False
2026-10-07,Jackson,True,,Incarnate Word Academy,True,,False,False
2026-10-07,Hillsboro,True,,Jefferson (Festus),True,,False,False
2026-10-07,Hazelwood East,True,,Jennings,True,,False,False
2026-10-07,"Cairo(Cairo, IL)",False,,Kelly,True,,False,False
2026-10-07,Ballard,True,,Kingsville,True,,False,False
2026-10-07,Southeast,True,,KIPP KC Legacy,True,,False,False
2026-10-07,Westminster Christian Academy,True,,Lindbergh,True,,False,False
2026-10-07,"Granite City(Granite City, IL)",False,,Lutheran North,True,,False,False
2026-10-07,Confluence Prep Academy Charter with Grand Center Arts Charter,True,,"Madison(Madison, IL)",False,,False,False
2026-10-07,Plattsburg,True,,Maysville,True,,False,False
2026-10-07,"Cahokia(Cahokia, IL)",False,,McKinley Classical Leadership,True,,False,False
2026-10-07,Rockwood Summit,True,,Mehlville,True,,False,False
2026-10-07,St. Pius X (Festus),True,,Nerinx Hall,True,,False,False
2026-10-07,McCluer North,True,,Normandy Collaborative,False,,False,False
2026-10-07,Perryville,True,,Northwest (Cedar Hill),True,,False,False
2026-10-07,Dexter,True,,Notre Dame (Cape Girardeau),True,,False,False
2026-10-07,Barstow,True,,Notre Dame de Sion,True,,False,False
2026-10-07,Orrick,True,,Penney,True,,False,False
2026-10-07,Jefferson City,True,,Rock Bridge,True,,False,False
2026-10-07,Hazelwood West,True,,Rosati-Kain,True,,False,False
2026-10-07,Scott City,True,,Saxony Lutheran,True,,False,False
2026-10-07,Oran,True,,Sikeston,True,,False,False
2026-10-07,Meadow Heights,True,,St. Vincent,True,,False,False
2026-10-07,McCluer,True,,University City,True,,False,False
2026-10-07,Tipton,True,,Warsaw,True,,False,False
2026-10-08,Zalma,True,,Advance,True,,False,False
2026-10-08,Liberal,True,,Appleton City with Montrose,True,,False,False
2026-10-08,Bismarck,True,,Arcadia Valley,True,,False,False
2026-10-08,Miller,True,,Ash Grove,True,,False,False
2026-10-08,Gainesville,True,,Ava,True,,False,False
2026-10-08,Mansfield,True,,Bakersfield,True,,False,False
2026-10-08,William Chrisman,True,,Belton,True,,False,False
2026-10-08,Galena,True,,Blue Eye,True,,False,False
2026-10-08,Staley,True,,Blue Springs,True,,False,False
2026-10-08,Bolivar,True,,Branson,True,,False,False
2026-10-08,Marion C. Early,True,,Bronaugh,True,,False,False
2026-10-08,"Pleasanton(Pleasanton, KS)",False,,Bronaugh,True,,False,False
2026-10-08,Maysville,True,,Brookfield,True,,False,False
2026-10-08,Sweet Springs,True,,Bunceton,True,,False,False
2026-10-08,Battle,True,,Camdenton,True,,False,False
2026-10-08,Metro,True,,Cardinal Ritter,True,,False,False
2026-10-08,Lafayette County,True,,Carrollton,True,,False,False
2026-10-08,Willard,True,,Carthage,True,,False,False
2026-10-08,Kennett,True,,Central (Cape Girardeau),True,,False,False
2026-10-08,Oak Ridge,True,,Central (New Madrid County),True,,False,False
2026-10-08,Ste. Genevieve,True,,Central (Park Hills),True,,False,False
2026-10-08,Liberty,True,,Central (St. Joseph),True,,False,False
2026-10-08,Hurley,True,,Chadwick,True,,False,False
2026-10-08,Savannah,True,,Chillicothe,True,,False,False
2026-10-08,"Piggott(Piggott, AR)",False,,Clarkton,True,,False,False
2026-10-08,Lesterville,True,,Clearwater,True,,False,False
2026-10-08,Odessa,True,,Clinton,True,,False,False
2026-10-08,Principia,True,,Collegiate School of Med-Bio Science,True,,False,False
2026-10-08,St. Paul Lutheran (Concordia),True,,Concordia,True,,False,False
2026-10-08,Pleasant Hope,True,,Crane,True,,False,False
2026-10-08,Wellington-Napoleon,True,,Crest Ridge,True,,False,False
2026-10-08,Grandview (Hillsboro),True,,Cuba,True,,False,False
2026-10-08,Fordland,True,,Dora,True,,False,False
2026-10-08,Hogan Prep Academy Charter,True,,Drexel,True,,False,False
2026-10-08,Bishop DuBourg,True,,Duchesne,True,,False,False
2026-10-08,Seneca,True,,East Newton,True,,False,False
2026-10-08,Butler,True,,El Dorado Springs,True,,False,False
2026-10-08,Versailles,True,,Eldon,True,,False,False
2026-10-08,Summersville,True,,Eminence,True,,False,False
2026-10-08,Tarkio with Fairfax,True,,"Essex Community School District(Essex, IA)",False,,False,False
2026-10-08,Tipton,True,,Eugene,True,,False,False
2026-10-08,Lafayette (Wildwood),True,,Eureka,True,,False,False
2026-10-08,Lindbergh,True,,Eureka,True,,False,False
2026-10-08,Golden City,True,,Everton,True,,False,False
2026-10-08,Cameron,True,,Excelsior Springs,True,,False,False
2026-10-08,Fredericktown,True,,Farmington,True,,False,False
2026-10-08,Chamois,True,,Fatima,True,,False,False
2026-10-08,Fair Grove,True,,Forsyth,True,,False,False
2026-10-08,Notre Dame (St. Louis),True,,Fox,True,,False,False
2026-10-08,Francis Howell North,True,,Ft. Zumwalt North,True,,False,False
2026-10-08,Washington,True,,Ft. Zumwalt South,True,,False,False
2026-10-08,California,True,,Fulton,True,,False,False
2026-10-08,Confluence Prep Academy Charter with Grand Center Arts Charter,True,,Gateway Legacy Sr. H.,False,,False,False
2026-10-08,Risco,True,,Gideon,True,,False,False
2026-10-08,Ozark,True,,Glendale,True,,False,False
2026-10-08,St. Michael the Archangel,True,,Grain Valley,True,,False,False
2026-10-08,Ruskin,True,,Grandview,True,,False,False
2026-10-08,Northeast Vernon County,True,,Greenfield,True,,False,False
2026-10-08,Conway,True,,Greenwood,True,,False,False
2026-10-08,Osage,True,,Hallsville,True,,False,False
2026-10-08,Warrensburg,True,,Harrisonville,True,,False,False
2026-10-08,Winfield,True,,Hazelwood Central,True,,False,False
2026-10-08,McCluer North,True,,Hazelwood West,True,,False,False
2026-10-08,Jefferson (Festus),True,,Herculaneum,True,,False,False
2026-10-08,Blair Oaks,True,,Hickman,True,,False,False
2026-10-08,West Plains,True,,Hillcrest,True,,False,False
2026-10-08,Campbell,True,,Holcomb,True,,False,False
2026-10-08,Knob Noster,True,,Holden,True,,False,False
2026-10-08,Springfield Catholic,True,,Hollister,True,,False,False
2026-10-08,Laquey,True,,Houston,True,,False,False
2026-10-08,Sheldon,True,,Hume,True,,False,False
2026-10-08,Lakeland,True,,Jasper,True,,False,False
2026-10-08,Visitation Academy,True,,John Burroughs,True,,False,False
2026-10-08,Webb City,True,,Joplin,True,,False,False
2026-10-08,Raytown South,True,,Kearney,True,,False,False
2026-10-08,Charleston,True,,Kelly,True,,False,False
2026-10-08,Waynesville,True,,Kickapoo,True,,False,False
2026-10-08,Webster Groves,True,,Kirkwood,True,,False,False
2026-10-08,Nevada,True,,Lamar,True,,False,False
2026-10-08,Nixa,True,,Lebanon,True,,False,False
2026-10-08,Liberty North,True,,Lee's Summit,True,,False,False
2026-10-08,Blue Springs South,True,,Lee's Summit West,True,,False,False
2026-10-08,Sherwood,True,,Leeton with Chilhowee,True,,False,False
2026-10-08,Richmond,True,,Lexington,True,,False,False
2026-10-08,Ellington,True,,Liberty (Mountain View),True,,False,False
2026-10-08,Salem,True,,Licking,True,,False,False
2026-10-08,Believe Acad Charter,True,,Lift for Life Academy Charter,True,,False,False
2026-10-08,Russellville,True,,Linn,True,,False,False
2026-10-08,Diamond,True,,Lockwood,True,,False,False
2026-10-08,Miami (Amoret),True,,Lutheran (Kansas City),True,,False,False
2026-10-08,Miller Career Academy,True,,Lutheran North,True,,False,False
2026-10-08,St. Dominic,True,,Lutheran St. Charles,True,,False,False
2026-10-08,Gloria Deo Academy,True,,Lutie,True,,False,False
2026-10-08,"Pleasanton  (Pleasanton, Kansas)(, )",False,,Marion C. Early,True,,False,False
2026-10-08,Skyline,True,,Marionville,True,,False,False
2026-10-08,Boonville,True,,Marshall,True,,False,False
2026-10-08,Carl Junction,True,,Marshfield,True,,False,False
2026-10-08,Benton,True,,Maryville,True,,False,False
2026-10-08,Cassville,True,,McDonald County,True,,False,False
2026-10-08,"STL Panthers(St. Louis, MO)",False,,MICDS,True,,False,False
2026-10-08,Archie,True,,Midway,True,,False,False
2026-10-08,Bowling Green,True,,Montgomery County,True,,False,False
2026-10-08,Winona,True,,Mountain Grove,True,,False,False
2026-10-08,Republic,True,,Neosho,True,,False,False
2026-10-08,North Callaway,True,,New Bloomfield,True,,False,False
2026-10-08,Billings,True,,New Covenant Academy,True,,False,False
2026-10-08,St. James,True,,New Haven,True,,False,False
2026-10-08,Oak Park,True,,North Kansas City,True,,False,False
2026-10-08,Mound City,True,,North Nodaway,True,,False,False
2026-10-08,Lawson,True,,North Platte,True,,False,False
2026-10-08,Ft. Zumwalt West,True,,North Point,True,,False,False
2026-10-08,Ewing Marion Kauffman,True,,Northeast (Kansas City),True,,False,False
2026-10-08,Bishop LeBlond,True,,Northland Christian,True,,False,False
2026-10-08,Lindbergh,True,,Northwest (Cedar Hill),True,,False,False
2026-10-08,Saxony Lutheran,True,,Notre Dame (Cape Girardeau),True,,False,False
2026-10-08,Hermann,True,,Owensville,True,,False,False
2026-10-08,Park Hill South,True,,Park Hill,True,,False,False
2026-10-08,Oakville,True,,Parkway Central,True,,False,False
2026-10-08,St. Charles West,True,,Parkway North,True,,False,False
2026-10-08,Marquette,True,,Parkway West,True,,False,False
2026-10-08,East Buchanan,True,,Penney,True,,False,False
2026-10-08,Willow Springs,True,,Plato,True,,False,False
2026-10-08,Lathrop,True,,Plattsburg,True,,False,False
2026-10-08,"Christ Preparatory(Lenexa, KS)",False,,Pleasant Hill,True,,False,False
2026-10-08,Dexter,True,,Poplar Bluff,True,,False,False
2026-10-08,North County,True,,Potosi,True,,False,False
2026-10-08,Columbia Independent,True,,Prairie Home,True,,False,False
2026-10-08,Southwest (Washburn),True,,Purdy,True,,False,False
2026-10-08,Lee's Summit North,True,,Raymore-Peculiar,True,,False,False
2026-10-08,Platte County,True,,Raytown,True,,False,False
2026-10-08,Buffalo,True,,Reeds Spring,True,,False,False
2026-10-08,Osceola,True,,Rich Hill,True,,False,False
2026-10-08,Bell City,True,,Richland (Essex),True,,False,False
2026-10-08,Parkway South,True,,Ritenour,True,,False,False
2026-10-08,Hannibal,True,,Rock Bridge,True,,False,False
2026-10-08,Ladue Horton Watkins,True,,Seckman,True,,False,False
2026-10-08,School of the Ozarks,True,,Seymour,True,,False,False
2026-10-08,Malden,True,,Sikeston,True,,False,False
2026-10-08,Capital City,True,,Smith-Cotton,True,,False,False
2026-10-08,Union Star with King City,True,,South Holt with Craig,True,,False,False
2026-10-08,Bunker,True,,South Iron,True,,False,False
2026-10-08,Mexico,True,,Southern Boone,True,,False,False
2026-10-08,Pierce City,True,,Spokane,True,,False,False
2026-10-08,Clayton,True,,St. Charles,True,,False,False
2026-10-08,Ursuline Academy,True,,St. Pius X (Festus),True,,False,False
2026-10-08,Belle,True,,Steelville,True,,False,False
2026-10-08,Sarcoxie,True,,Stockton,True,,False,False
2026-10-08,Clever,True,,Strafford,True,,False,False
2026-10-08,Pacific,True,,Sullivan,True,,False,False
2026-10-08,Couch,True,,Thayer,True,,False,False
2026-10-08,Francis Howell Central,True,,Timberland,True,,False,False
2026-10-08,Holt,True,,Troy Buchanan,True,,False,False
2026-10-08,Fort Osage,True,,Truman,True,,False,False
2026-10-08,Central (Kansas City),True,,"Turner(Kansas City, KS)",False,,False,False
2026-10-08,Southland,True,,Twin Rivers,True,,False,False
2026-10-08,St. Clair,True,,Union,True,,False,False
2026-10-08,Summit Christian Academy,True,,University Academy Charter,True,,False,False
2026-10-08,Gateway with Soldan International Studies,True,,University City,True,,False,False
2026-10-08,Kingston,True,,Valle Catholic,True,,False,False
2026-10-08,West County,True,,Valley,True,,False,False
2026-10-08,STEAM Academy,True,,Valley Park,True,,False,False
2026-10-08,Pembroke Hill,True,,Van Horn,True,,False,False
2026-10-08,St. Louis Ignite,False,,Veritas Christian Academy,True,,False,False
2026-10-08,Thomas Jefferson Independent Day,True,,Verona,True,,False,False
2026-10-08,Adrian,True,,Warsaw,True,,False,False
2026-10-08,Rock Port,True,,West Nodaway with Nodaway-Holt,True,,False,False
2026-10-08,Mid-Buchanan,True,,West Platte,True,,False,False
2026-10-08,Whitfield,True,,Westminster Christian Academy,True,,False,False
2026-10-08,Lutheran South,True,,Windsor (Imperial),True,,False,False
2026-10-08,Smithville,True,,Winnetonka,True,,False,False
2026-10-08,Warrenton,True,,Wright City,True,,False,False
2026-10-09,Ellington,True,,Arcadia Valley,True,,False,False
2026-10-09,Hume,True,,Ballard,True,,False,False
2026-10-09,Chadwick,True,,Billings,True,,False,False
2026-10-09,Clarkton,True,,Bloomfield,True,,False,False
2026-10-09,Sheldon,True,,Bronaugh,True,,False,False
2026-10-09,Visitation Academy,True,,Clayton,True,,False,False
2026-10-09,Guadalupe Centers Charter,True,,Daniel Academy Sr. High,False,,False,False
2026-10-09,Wheaton,True,,Exeter,True,,False,False
2026-10-09,Bell City,True,,Gideon,True,,False,False
2026-10-09,Puxico,True,,Greenville,True,,False,False
2026-10-09,Sparta,True,,Hurley,True,,False,False
2026-10-09,Miller Career Academy,True,,Jennings,True,,False,False
2026-10-09,Nerinx Hall,True,,John Burroughs,True,,False,False
2026-10-09,Couch,True,,Koshkonong,True,,False,False
2026-10-09,Doniphan,True,,Lesterville,True,,False,False
2026-10-09,Bradleyville,True,,Lutie,True,,False,False
2026-10-09,Brentwood,True,,Maplewood-Richmond Hts.,True,,False,False
2026-10-09,Metro,True,,MICDS,True,,False,False
2026-10-09,Clever,True,,New Covenant Academy,True,,False,False
2026-10-09,Campbell,True,,North Pemiscot,True,,False,False
2026-10-09,St. Teresa's Academy,True,,Notre Dame de Sion,True,,False,False
2026-10-09,Francis Howell Central,True,,Parkway West,True,,False,False
2026-10-09,Holcomb,True,,"Piggott(Piggott, AR)",False,,False,False
2026-10-09,Lutheran North,True,,Principia,True,,False,False
2026-10-09,West Plains,True,,Rosati-Kain,True,,False,False
2026-10-09,"Founders(Rogers, AR)",False,,Southwest (Washburn),True,,False,False
2026-10-09,Crossroads College Preparatory,True,,Valley Park,True,,False,False
2026-10-09,Clearwater,True,,Viburnum,True,,False,False
2026-10-09,Parkway North,True,,Whitfield,True,,False,False
2026-10-09,St. Louis Christian Sr.,False,,Winfield,True,,False,False
2026-10-09,Richland (Essex),True,,Zalma,True,,False,False
2026-10-10,Brentwood,True,,Bayless,True,,False,False
2026-10-10,Excelsior Springs,True,,Benton,True,,False,False
2026-10-10,Bishop LeBlond,True,,Benton,True,,False,False
2026-10-10,St. Michael the Archangel,True,,"Blue Valley Southwest(Overland Park, KS)",False,,False,False
2026-10-10,Hancock,True,,Brentwood,True,,False,False
2026-10-10,Bayless,True,,Hancock,True,,False,False
2026-10-10,Hickman,True,,Hermann,True,,False,False
2026-10-10,Lebanon,True,,Hermann,True,,False,False
2026-10-10,Bolivar,True,,Hermann,True,,False,False
2026-10-10,St. Michael the Archangel,True,,"Mill Valley(Shawnee, KS)",False,,False,False
2026-10-10,West Platte,True,,Rock Port,True,,False,False
2026-10-10,Benton,True,,Savannah,True,,False,False
2026-10-10,St. Michael the Archangel,True,,"Topeka Hayden(Topeka , KS)",False,,False,False
2026-10-10,West Platte,True,,University Academy Charter,True,,False,False
2026-10-12,Gateway Science Charter,True,,Affton,True,,False,False
2026-10-12,Conway,True,,Ava,True,,False,False
2026-10-12,Pleasant Hope,True,,Billings,True,,False,False
2026-10-12,Owensville,True,,Blair Oaks,True,,False,False
2026-10-12,Blue Springs,True,,Blue Springs South,True,,False,False
2026-10-12,Viburnum,True,,Bourbon,True,,False,False
2026-10-12,Collegiate School of Med-Bio Science,True,,Brentwood,True,,False,False
2026-10-12,"Northeast Arma, KS(, )",False,,Bronaugh,True,,False,False
2026-10-12,"Chetopa, KS(, )",False,,Bronaugh,True,,False,False
2026-10-12,Penney,True,,Brookfield,True,,False,False
2026-10-12,Greenville,True,,Bunker,True,,False,False
2026-10-12,Sherwood,True,,Butler,True,,False,False
2026-10-12,Cole Camp,True,,California,True,,False,False
2026-10-12,McKinley Classical Leadership,True,,"Carbondale(Carbondale , IL)",False,,False,False
2026-10-12,Sikeston,True,,Central (Cape Girardeau),True,,False,False
2026-10-12,Jackson,True,,Central (Cape Girardeau),True,,False,False
2026-10-12,"JC Harmon(Kansas City, KS)",False,,Central (Kansas City),True,,False,False
2026-10-12,Bowling Green,True,,Centralia,True,,False,False
2026-10-12,Christian Fellowship Sr.,True,,Chamois,True,,False,False
2026-10-12,Kelly,True,,Charleston,True,,False,False
2026-10-12,Benton,True,,Chillicothe,True,,False,False
2026-10-12,Eminence,True,,Clearwater,True,,False,False
2026-10-12,Steelville,True,,Cuba,True,,False,False
2026-10-12,Thayer,True,,Doniphan,True,,False,False
2026-10-12,Couch,True,,Dora,True,,False,False
2026-10-12,Smith-Cotton,True,,Eldon,True,,False,False
2026-10-12,Bunceton,True,,Eugene,True,,False,False
2026-10-12,Camdenton,True,,Father Tolton,True,,False,False
2026-10-12,Holt,True,,Ft. Zumwalt East,True,,False,False
2026-10-12,Francis Howell Central,True,,Ft. Zumwalt North,True,,False,False
2026-10-12,Linn,True,,Fulton,True,,False,False
2026-10-12,Herculaneum,True,,Grandview (Hillsboro),True,,False,False
2026-10-12,"Illini West HS(Carthage , IL)",False,,Hannibal,True,,False,False
2026-10-12,Archie,True,,Harrisonville,True,,False,False
2026-10-12,McCluer North,True,,Hazelwood Central,True,,False,False
2026-10-12,Normandy Collaborative,False,,Hazelwood East,True,,False,False
2026-10-12,Helias Catholic,True,,Hermann,True,,False,False
2026-10-12,Northeast (Kansas City),True,,Hogan Prep Academy Charter,True,,False,False
2026-10-12,Richmond,True,,Holden,True,,False,False
2026-10-12,Aurora,True,,Hollister,True,,False,False
2026-10-12,Dixon,True,,Houston,True,,False,False
2026-10-12,Southwest (Washburn),True,,Hurley,True,,False,False
2026-10-12,Believe Acad Charter,True,,Jennings,True,,False,False
2026-10-12,Carl Junction,True,,Joplin,True,,False,False
2026-10-12,Eureka,True,,Kirkwood,True,,False,False
2026-10-12,Carrollton,True,,Knob Noster,True,,False,False
2026-10-12,Ritenour,True,,Lift for Life Academy Charter,True,,False,False
2026-10-12,Russellville,True,,Lighthouse Sr.,False,,False,False
2026-10-12,Tipton,True,,Lincoln,True,,False,False
2026-10-12,Golden City,True,,Lockwood,True,,False,False
2026-10-12,Rockwood Summit,True,,Lutheran St. Charles,True,,False,False
2026-10-12,Fordland,True,,Mansfield,True,,False,False
2026-10-12,Hancock,True,,Maplewood-Richmond Hts.,True,,False,False
2026-10-12,Gateway with Soldan International Studies,True,,Maplewood-Richmond Hts.,True,,False,False
2026-10-12,Zalma,True,,Marquand-Zion,False,,False,False
2026-10-12,St. Louis Christian Sr.,False,,Marquette,True,,False,False
2026-10-12,Glendale,True,,Marshfield,True,,False,False
2026-10-12,South Harrison,True,,Maryville,True,,False,False
2026-10-12,STEAM Academy,True,,McCluer,True,,False,False
2026-10-12,Normandy Collaborative,False,,McCluer,True,,False,False
2026-10-12,Perryville,True,,Meadow Heights,True,,False,False
2026-10-12,Crane,True,,Miller,True,,False,False
2026-10-12,Diamond,True,,Monett,True,,False,False
2026-10-12,Hallsville,True,,Montgomery County,True,,False,False
2026-10-12,St. Joseph Christian,True,,Mound City,True,,False,False
2026-10-12,Carthage,True,,Mt. Vernon,True,,False,False
2026-10-12,McDonald County,True,,Neosho,True,,False,False
2026-10-12,Parkway West,True,,Nerinx Hall,True,,False,False
2026-10-12,El Dorado Springs,True,,Nevada,True,,False,False
2026-10-12,Lutie,True,,Niangua,True,,False,False
2026-10-12,Rich Hill,True,,Northeast Vernon County,True,,False,False
2026-10-12,Hillsboro,True,,Northwest (Cedar Hill),True,,False,False
2026-10-12,Crest Ridge,True,,Northwest (Hughesville),True,,False,False
2026-10-12,Poplar Bluff,True,,Notre Dame (Cape Girardeau),True,,False,False
2026-10-12,Leopold,True,,Oak Ridge,True,,False,False
2026-10-12,Sacred Heart,True,,Osceola,True,,False,False
2026-10-12,Central (Springfield),True,,Parkview,True,,False,False
2026-10-12,Parkway South,True,,Parkway Central,True,,False,False
2026-10-12,East (Kansas City),True,,Paseo Academy,True,,False,False
2026-10-12,Ladue Horton Watkins,True,,Pattonville,True,,False,False
2026-10-12,Salem,True,,Plato,True,,False,False
2026-10-12,Northland Christian,True,,Plattsburg,True,,False,False
2026-10-12,Odessa,True,,Pleasant Hill,True,,False,False
2026-10-12,New Bloomfield,True,,Prairie Home,True,,False,False
2026-10-12,Crystal City,True,,Principia,True,,False,False
2026-10-12,Clever,True,,Reeds Spring,True,,False,False
2026-10-12,Kennett,True,,Saxony Lutheran,True,,False,False
2026-10-12,Greenwood,True,,School of the Ozarks,True,,False,False
2026-10-12,Festus,True,,Seckman,True,,False,False
2026-10-12,Koshkonong,True,,Seymour,True,,False,False
2026-10-12,Exeter,True,,Sheldon,True,,False,False
2026-10-12,Guadalupe Centers Charter,True,,Southeast,True,,False,False
2026-10-12,Versailles,True,,Southern Boone,True,,False,False
2026-10-12,New Covenant Academy,True,,Sparta,True,,False,False
2026-10-12,Duchesne,True,,St. Charles West,True,,False,False
2026-10-12,Belle,True,,St. James,True,,False,False
2026-10-12,Vashon,True,,St. Louis Ignite,False,,False,False
2026-10-12,St. Joseph's Academy,True,,St. Pius X (Festus),True,,False,False
2026-10-12,Kearney,True,,St. Pius X (Kansas City),True,,False,False
2026-10-12,Skyline,True,,Stover,True,,False,False
2026-10-12,Winona,True,,Summersville,True,,False,False
2026-10-12,Orrick,True,,Sweet Springs,True,,False,False
2026-10-12,Liberal,True,,Thomas Jefferson Independent Day,True,,False,False
2026-10-12,Lexington,True,,Trenton,True,,False,False
2026-10-12,St. Francis Borgia,True,,Union,True,,False,False
2026-10-12,Maysville,True,,Union Star with King City,True,,False,False
2026-10-12,Lindbergh,True,,Ursuline Academy,True,,False,False
2026-10-12,Greenfield,True,,Verona,True,,False,False
2026-10-12,Clinton,True,,Warrensburg,True,,False,False
2026-10-12,Mexico,True,,Warrenton,True,,False,False
2026-10-12,Sullivan,True,,Washington,True,,False,False
2026-10-12,Osage,True,,Waynesville,True,,False,False
2026-10-12,East Newton,True,,Wheaton,True,,False,False
2026-10-12,Concordia,True,,Windsor,True,,False,False
2026-10-12,Lincoln College Prep,True,,Winnetonka,True,,False,False
2026-10-13,Fox,True,,Affton,True,,False,False
2026-10-13,Seymour,True,,Bakersfield,True,,False,False
2026-10-13,Sheldon,True,,Ballard,True,,False,False
2026-10-13,University Academy Charter,True,,Barstow,True,,False,False
2026-10-13,Rock Bridge,True,,Battle,True,,False,False
2026-10-13,Metro,True,,Bayless,True,,False,False
2026-10-13,Platte County,True,,Benton,True,,False,False
2026-10-13,Gateway with Soldan International Studies,True,,Bishop DuBourg,True,,False,False
2026-10-13,Trenton,True,,Bishop LeBlond,True,,False,False
2026-10-13,Everton,True,,Blue Eye,True,,False,False
2026-10-13,Lee's Summit West,True,,Blue Springs,True,,False,False
2026-10-13,Liberty,True,,Blue Springs South,True,,False,False
2026-10-13,Southern Boone,True,,Boonville,True,,False,False
2026-10-13,Gainesville,True,,Bradleyville,True,,False,False
2026-10-13,Forsyth,True,,Buffalo,True,,False,False
2026-10-13,Mountain Grove,True,,Cabool,True,,False,False
2026-10-13,Fatima,True,,California,True,,False,False
2026-10-13,Belle,True,,Calvary Lutheran,True,,False,False
2026-10-13,Logan-Rogersville,True,,Camdenton,True,,False,False
2026-10-13,Blair Oaks,True,,Capital City,True,,False,False
2026-10-13,Hazelwood East,True,,Cardinal Ritter,True,,False,False
2026-10-13,New Covenant Academy,True,,Central (Springfield),True,,False,False
2026-10-13,Kirksville,True,,Centralia,True,,False,False
2026-10-13,Montgomery County,True,,Christian Fellowship Sr.,True,,False,False
2026-10-13,Hazelwood West,True,,Clayton,True,,False,False
2026-10-13,Springfield Catholic,True,,Clever,True,,False,False
2026-10-13,Gateway Science Charter,True,,Collegiate School of Med-Bio Science,True,,False,False
2026-10-13,Bunceton,True,,Columbia Independent,True,,False,False
2026-10-13,Prairie Home,True,,Concordia,True,,False,False
2026-10-13,Dixon,True,,Conway,True,,False,False
2026-10-13,Eureka,True,,Cor Jesu Academy,True,,False,False
2026-10-13,Lone Jack,True,,Crest Ridge,True,,False,False
2026-10-13,Maysville,True,,Crossroads Prep Charter,True,,False,False
2026-10-13,Thomas Jefferson Independent Day,True,,Diamond,True,,False,False
2026-10-13,Koshkonong,True,,Dora,True,,False,False
2026-10-13,Central (Kansas City),True,,East (Kansas City),True,,False,False
2026-10-13,North Platte,True,,East Buchanan,True,,False,False
2026-10-13,Kelly,True,,East Prairie,True,,False,False
2026-10-13,New Heights Christian,True,,El Dorado Springs,True,,False,False
2026-10-13,Viburnum,True,,Ellington,True,,False,False
2026-10-13,Cristo Rey,True,,Ewing Marion Kauffman,True,,False,False
2026-10-13,Maryville,True,,Excelsior Springs,True,,False,False
2026-10-13,Gloria Deo Academy,True,,Exeter,True,,False,False
2026-10-13,Strafford,True,,Fair Grove,True,,False,False
2026-10-13,Spokane,True,,Fordland,True,,False,False
2026-10-13,Liberty (Wentzville),True,,Francis Howell Central,True,,False,False
2026-10-13,Ft. Zumwalt West,True,,Francis Howell North,True,,False,False
2026-10-13,Timberland,True,,Ft. Zumwalt South,True,,False,False
2026-10-13,Hallsville,True,,Fulton,True,,False,False
2026-10-13,Hurley,True,,Galena,True,,False,False
2026-10-13,Chadwick,True,,Greenfield,True,,False,False
2026-10-13,Doniphan,True,,Greenville,True,,False,False
2026-10-13,DeSoto,True,,Herculaneum,True,,False,False
2026-10-13,Sullivan,True,,Hermann,True,,False,False
2026-10-13,Eldon,True,,Hickman,True,,False,False
2026-10-13,Branson,True,,Hillcrest,True,,False,False
2026-10-13,Meadow Heights,True,,Hillsboro,True,,False,False
2026-10-13,Reeds Spring,True,,Hollister,True,,False,False
2026-10-13,St. Charles West,True,,Holt,True,,False,False
2026-10-13,Liberty (Mountain View),True,,Houston,True,,False,False
2026-10-13,Appleton City with Montrose,True,,Jasper,True,,False,False
2026-10-13,Helias Catholic,True,,Jefferson City,True,,False,False
2026-10-13,Whitfield,True,,John Burroughs,True,,False,False
2026-10-13,Notre Dame de Sion,True,,Kearney,True,,False,False
2026-10-13,Sikeston,True,,Kennett,True,,False,False
2026-10-13,Incarnate Word Academy,True,,Lafayette (Wildwood),True,,False,False
2026-10-13,Archie,True,,Lakeland,True,,False,False
2026-10-13,Aurora,True,,Lamar,True,,False,False
2026-10-13,Mid-Buchanan,True,,Lawson,True,,False,False
2026-10-13,Oak Park,True,,Lee's Summit North,True,,False,False
2026-10-13,Miami (Amoret),True,,Leeton with Chilhowee,True,,False,False
2026-10-13,Eminence,True,,Lesterville,True,,False,False
2026-10-13,Holden,True,,Lexington,True,,False,False
2026-10-13,Eugene,True,,Linn,True,,False,False
2026-10-13,Lutheran South,True,,Lutheran North,True,,False,False
2026-10-13,Sparta,True,,Mansfield,True,,False,False
2026-10-13,Valley Park,True,,McKinley Classical Leadership,True,,False,False
2026-10-13,Kirkwood,True,,Mehlville,True,,False,False
2026-10-13,Brookfield,True,,Mexico,True,,False,False
2026-10-13,Liberal,True,,Midway,True,,False,False
2026-10-13,Marionville,True,,Miller,True,,False,False
2026-10-13,Confluence Prep Academy Charter with Grand Center Arts Charter,True,,Miller Career Academy,True,,False,False
2026-10-13,Cassville,True,,Mt. Vernon,True,,False,False
2026-10-13,Monett,True,,Nevada,True,,False,False
2026-10-13,Kickapoo,True,,Nixa,True,,False,False
2026-10-13,Bowling Green,True,,North Callaway,True,,False,False
2026-10-13,Park Hill,True,,North Kansas City,True,,False,False
2026-10-13,Hume,True,,Northeast Vernon County,True,,False,False
2026-10-13,Savannah,True,,Northland Christian,True,,False,False
2026-10-13,Cole Camp,True,,Northwest (Hughesville),True,,False,False
2026-10-13,Harrisonville,True,,Oak Grove,True,,False,False
2026-10-13,Stover,True,,Otterville,True,,False,False
2026-10-13,Lebanon,True,,Ozark,True,,False,False
2026-10-13,New Haven,True,,Pacific,True,,False,False
2026-10-13,Central (St. Joseph),True,,Park Hill South,True,,False,False
2026-10-13,Purdy,True,,Parkview,True,,False,False
2026-10-13,Ritenour,True,,Pattonville,True,,False,False
2026-10-13,St. Michael the Archangel,True,,Pembroke Hill,True,,False,False
2026-10-13,Lathrop,True,,Penney,True,,False,False
2026-10-13,St. Vincent,True,,Perryville,True,,False,False
2026-10-13,Stockton,True,,Pierce City,True,,False,False
2026-10-13,Summersville,True,,Plato,True,,False,False
2026-10-13,Center,True,,Pleasant Hill,True,,False,False
2026-10-13,Niangua,True,,Pleasant Hope,True,,False,False
2026-10-13,Saxony Lutheran,True,,Poplar Bluff,True,,False,False
2026-10-13,MICDS,True,,Principia,True,,False,False
2026-10-13,Liberty North,True,,Raymore-Peculiar,True,,False,False
2026-10-13,Carthage,True,,Republic,True,,False,False
2026-10-13,Drexel,True,,Rich Hill,True,,False,False
2026-10-13,Lafayette County,True,,Richmond,True,,False,False
2026-10-13,North Nodaway,True,,Rock Port,True,,False,False
2026-10-13,Parkway Central,True,,Rockwood Summit,True,,False,False
2026-10-13,Licking,True,,Rolla,True,,False,False
2026-10-13,Raytown South,True,,Ruskin,True,,False,False
2026-10-13,New Bloomfield,True,,Russellville,True,,False,False
2026-10-13,Green Ridge,True,,Sacred Heart,True,,False,False
2026-10-13,Marshall,True,,Santa Fe,True,,False,False
2026-10-13,Ash Grove,True,,Sarcoxie,True,,False,False
2026-10-13,Billings,True,,School of the Ozarks,True,,False,False
2026-10-13,Central (New Madrid County),True,,Scott City,True,,False,False
2026-10-13,Oakville,True,,Seckman,True,,False,False
2026-10-13,McDonald County,True,,Seneca,True,,False,False
2026-10-13,Warsaw,True,,Sherwood,True,,False,False
2026-10-13,Lockwood,True,,Skyline,True,,False,False
2026-10-13,Knob Noster,True,,Smith-Cotton,True,,False,False
2026-10-13,La Monte,True,,Smithton,True,,False,False
2026-10-13,Tarkio with Fairfax,True,,South Holt with Craig,True,,False,False
2026-10-13,Winona,True,,South Iron,True,,False,False
2026-10-13,Marion C. Early,True,,Southwest (Washburn),True,,False,False
2026-10-13,Orchard Farm,True,,St. Charles,True,,False,False
2026-10-13,Marquette,True,,St. Dominic,True,,False,False
2026-10-13,St. Clair,True,,St. James,True,,False,False
2026-10-13,St. Teresa's Academy,True,,"St. James(Lenexa, KS)",False,,False,False
2026-10-13,Chillicothe,True,,St. Joseph Christian,True,,False,False
2026-10-13,Grandview (Hillsboro),True,,St. Paul Lutheran (Farmington),True,,False,False
2026-10-13,Lee's Summit,True,,Staley,True,,False,False
2026-10-13,Bourbon,True,,Steelville,True,,False,False
2026-10-13,Believe Acad Charter,True,,West Plains,True,,False,False
2026-10-13,Salem,True,,Thayer,True,,False,False
2026-10-13,Francis Howell,True,,Troy Buchanan,True,,False,False
2026-10-13,Belton,True,,Truman,True,,False,False
2026-10-13,Clearwater,True,,Twin Rivers,True,,False,False
2026-10-13,Owensville,True,,Union,True,,False,False
2026-10-13,West Nodaway with Nodaway-Holt,True,,Union Star with King City,True,,False,False
2026-10-13,Hancock,True,,University City,True,,False,False
2026-10-13,Summit Christian Academy,True,,Van Horn,True,,False,False
2026-10-13,Round Grove Christian Acad,False,,Verona,True,,False,False
2026-10-13,Adrian,True,,Versailles,True,,False,False
2026-10-13,Brentwood,True,,Villa Duchesne,True,,False,False
2026-10-13,North Point,True,,Washington,True,,False,False
2026-10-13,Glendale,True,,Waynesville,True,,False,False
2026-10-13,Neosho,True,,Webb City,True,,False,False
2026-10-13,Ladue Horton Watkins,True,,Webster Groves,True,,False,False
2026-10-13,St. Paul Lutheran (Concordia),True,,Wellington-Napoleon,True,,False,False
2026-10-13,Plattsburg,True,,West Platte,True,,False,False
2026-10-13,Parkway West,True,,Westminster Christian Academy,True,,False,False
2026-10-13,Golden City,True,,Wheaton,True,,False,False
2026-10-13,Joplin,True,,Willard,True,,False,False
2026-10-13,Grain Valley,True,,William Chrisman,True,,False,False
2026-10-13,Ava,True,,Willow Springs,True,,False,False
2026-10-13,Lincoln,True,,Windsor,True,,False,False
2026-10-13,Webster Groves,True,,Windsor (Imperial),True,,False,False
2026-10-13,Warrenton,True,,Winfield,True,,False,False
2026-10-13,Grandview,True,,Winnetonka,True,,False,False
2026-10-13,Eagle Ridge Christian,False,,Zalma,True,,False,False
2026-10-14,Rosati-Kain,True,,Bishop DuBourg,True,,False,False
2026-10-14,Russellville,True,,Bunceton,True,,False,False
2026-10-14,Jefferson (Festus),True,,DeSoto,True,,False,False
2026-10-14,Scott City,True,,East Prairie,True,,False,False
2026-10-14,North Point,True,,Francis Howell North,True,,False,False
2026-10-14,Orchard Farm,True,,Ft. Zumwalt East,True,,False,False
2026-10-14,St. James,True,,Gateway Legacy Sr. H.,False,,False,False
2026-10-14,Lift for Life Academy Charter,True,,Hazelwood West,True,,False,False
2026-10-14,Father Tolton,True,,Hickman,True,,False,False
2026-10-14,Francis Howell,True,,Incarnate Word Academy,True,,False,False
2026-10-14,Lincoln College Prep,True,,"JC Harmon(Kansas City, KS)",False,,False,False
2026-10-14,Leeton with Chilhowee,True,,Kingsville,True,,False,False
2026-10-14,Sweet Springs,True,,La Monte,True,,False,False
2026-10-14,St. Vincent,True,,Leopold,True,,False,False
2026-10-14,Nerinx Hall,True,,Lindbergh,True,,False,False
2026-10-14,Hazelwood Central,True,,McCluer,True,,False,False
2026-10-14,Hazelwood East,True,,McCluer North,True,,False,False
2026-10-14,Stockton,True,,Miller,True,,False,False
2026-10-14,McKinley Classical Leadership,True,,Normandy Collaborative,False,,False,False
2026-10-14,Wright City,True,,North Callaway,True,,False,False
2026-10-14,Central (Cape Girardeau),True,,Notre Dame (Cape Girardeau),True,,False,False
2026-10-14,Duchesne,True,,Notre Dame (St. Louis),True,,False,False
2026-10-14,Webster Groves,True,,Oakville,True,,False,False
2026-10-14,Kelly,True,,Oran,True,,False,False
2026-10-14,Brookfield,True,,Orrick,True,,False,False
2026-10-14,Parkway North,True,,Parkway South,True,,False,False
2026-10-14,Northeast (Kansas City),True,,Southeast,True,,False,False
2026-10-14,Northwest (Cedar Hill),True,,St. Clair,True,,False,False
2026-10-14,Hannibal,True,,St. Dominic,True,,False,False
2026-10-14,St. Pius X (Festus),True,,St. Francis Borgia,True,,False,False
2026-10-14,Smithville,True,,St. Michael the Archangel,True,,False,False
2026-10-14,Jennings,True,,STEAM Academy,True,,False,False
2026-10-14,Columbia Independent,True,,Sweet Springs,True,,False,False
2026-10-14,John Burroughs,True,,Ursuline Academy,True,,False,False
2026-10-14,Villa Duchesne,True,,Veritas Christian Academy,True,,False,False
2026-10-14,Ursuline Academy,True,,Westminster Christian Academy,True,,False,False
2026-10-15,Lamar,True,,Adrian,True,,False,False
2026-10-15,Collegiate School of Med-Bio Science,True,,Affton,True,,False,False
2026-10-15,Rich Hill,True,,Appleton City with Montrose,True,,False,False
2026-10-15,Plato,True,,Belle,True,,False,False
2026-10-15,Lutheran North,True,,Bishop DuBourg,True,,False,False
2026-10-15,Rock Bridge,True,,Blair Oaks,True,,False,False
2026-10-15,Raymore-Peculiar,True,,Blue Springs,True,,False,False
2026-10-15,Dixon,True,,Bourbon,True,,False,False
2026-10-15,Wright City,True,,Bowling Green,True,,False,False
2026-10-15,Crystal City,True,,Brentwood,True,,False,False
2026-10-15,Kingsville,True,,Bronaugh,True,,False,False
2026-10-15,Fair Grove,True,,Buffalo,True,,False,False
2026-10-15,Christian Fellowship Sr.,True,,Calvary Lutheran,True,,False,False
2026-10-15,Bishop LeBlond,True,,Cameron,True,,False,False
2026-10-15,West Plains,True,,Carl Junction,True,,False,False
2026-10-15,Richmond,True,,Carrollton,True,,False,False
2026-10-15,Joplin,True,,Carthage,True,,False,False
2026-10-15,Warrensburg,True,,Center,True,,False,False
2026-10-15,Sikeston,True,,Central (New Madrid County),True,,False,False
2026-10-15,Hillcrest,True,,Central (Springfield),True,,False,False
2026-10-15,Park Hill,True,,Central (St. Joseph),True,,False,False
2026-10-15,Lighthouse Sr.,False,,Chamois,True,,False,False
2026-10-15,Maryville,True,,Chillicothe,True,,False,False
2026-10-15,Zalma,True,,Clearwater,True,,False,False
2026-10-15,Oak Grove,True,,Clinton,True,,False,False
2026-10-15,Smithton,True,,Cole Camp,True,,False,False
2026-10-15,Santa Fe,True,,Concordia,True,,False,False
2026-10-15,KIPP KC Legacy,True,,Crossroads Prep Charter,True,,False,False
2026-10-15,Licking,True,,Cuba,True,,False,False
2026-10-15,Fox,True,,DeSoto,True,,False,False
2026-10-15,Marionville,True,,Diamond,True,,False,False
2026-10-15,Midway,True,,Drexel,True,,False,False
2026-10-15,Veritas Christian Academy,True,,Duchesne,True,,False,False
2026-10-15,Warsaw,True,,El Dorado Springs,True,,False,False
2026-10-15,North Callaway,True,,Eugene,True,,False,False
2026-10-15,Jackson,True,,Eureka,True,,False,False
2026-10-15,Central (Kansas City),True,,Ewing Marion Kauffman,True,,False,False
2026-10-15,Capital City,True,,Fatima,True,,False,False
2026-10-15,Francis Howell North,True,,Francis Howell,True,,False,False
2026-10-15,Timberland,True,,Ft. Zumwalt East,True,,False,False
2026-10-15,Washington,True,,Ft. Zumwalt North,True,,False,False
2026-10-15,Francis Howell Central,True,,Ft. Zumwalt West,True,,False,False
2026-10-15,Bakersfield,True,,Gainesville,True,,False,False
2026-10-15,Everton,True,,Galena,True,,False,False
2026-10-15,Lebanon,True,,Glendale,True,,False,False
2026-10-15,Fort Osage,True,,Grain Valley,True,,False,False
2026-10-15,Kearney,True,,Grandview,True,,False,False
2026-10-15,Northwest (Hughesville),True,,Green Ridge,True,,False,False
2026-10-15,Southern Boone,True,,Hallsville,True,,False,False
2026-10-15,Odessa,True,,Harrisonville,True,,False,False
2026-10-15,Hazelwood East,True,,Hazelwood West,True,,False,False
2026-10-15,Bayless,True,,Herculaneum,True,,False,False
2026-10-15,Forsyth,True,,Hollister,True,,False,False
2026-10-15,Cabool,True,,Houston,True,,False,False
2026-10-15,Grandview (Hillsboro),True,,Jefferson (Festus),True,,False,False
2026-10-15,Ozark,True,,Kickapoo,True,,False,False
2026-10-15,Father Tolton,True,,Kirksville,True,,False,False
2026-10-15,Rockwood Summit,True,,Kirkwood,True,,False,False
2026-10-15,Lexington,True,,Knob Noster,True,,False,False
2026-10-15,Summersville,True,,Koshkonong,True,,False,False
2026-10-15,Otterville,True,,La Monte,True,,False,False
2026-10-15,Holden,True,,Lafayette County,True,,False,False
2026-10-15,Gloria Deo Academy,True,,Laquey,True,,False,False
2026-10-15,Lawson,True,,Lathrop,True,,False,False
2026-10-15,Blue Springs South,True,,Lee's Summit,True,,False,False
2026-10-15,Park Hill South,True,,Lee's Summit North,True,,False,False
2026-10-15,Staley,True,,Lee's Summit West,True,,False,False
2026-10-15,Jasper,True,,Liberal,True,,False,False
2026-10-15,Troy Buchanan,True,,Liberty (Wentzville),True,,False,False
2026-10-15,Believe Acad Charter,True,,Lift for Life Academy Charter,True,,False,False
2026-10-15,Sacred Heart,True,,Lincoln,True,,False,False
2026-10-15,Cor Jesu Academy,True,,Lindbergh,True,,False,False
2026-10-15,Greenfield,True,,Lockwood,True,,False,False
2026-10-15,Butler,True,,Lone Jack,True,,False,False
2026-10-15,Wellington-Napoleon,True,,Lutheran (Kansas City),True,,False,False
2026-10-15,Principia,True,,Lutheran South,True,,False,False
2026-10-15,Couch,True,,Lutie,True,,False,False
2026-10-15,Miller Career Academy,True,,"Madison(Madison, IL)",False,,False,False
2026-10-15,Dora,True,,Mansfield,True,,False,False
2026-10-15,Pattonville,True,,Marquette,True,,False,False
2026-10-15,Mexico,True,,Marshall,True,,False,False
2026-10-15,Logan-Rogersville,True,,Marshfield,True,,False,False
2026-10-15,Lafayette (Wildwood),True,,"Mater Dei(Breese, IL)",False,,False,False
2026-10-15,St. Paul Lutheran (Farmington),True,,McKinley Classical Leadership,True,,False,False
2026-10-15,Seckman,True,,Mehlville,True,,False,False
2026-10-15,Centralia,True,,Montgomery County,True,,False,False
2026-10-15,Tarkio with Fairfax,True,,Mound City,True,,False,False
2026-10-15,Willow Springs,True,,Mountain Grove,True,,False,False
2026-10-15,Branson,True,,Mt. Vernon,True,,False,False
2026-10-15,Willard,True,,Neosho,True,,False,False
2026-10-15,Ursuline Academy,True,,Nerinx Hall,True,,False,False
2026-10-15,Bolivar,True,,Nevada,True,,False,False
2026-10-15,Linn,True,,New Bloomfield,True,,False,False
2026-10-15,Wheaton,True,,New Heights Christian,True,,False,False
2026-10-15,Hurley,True,,Niangua,True,,False,False
2026-10-15,Mid-Buchanan,True,,North Platte,True,,False,False
2026-10-15,Ft. Zumwalt South,True,,North Point,True,,False,False
2026-10-15,Cristo Rey,True,,Northeast (Kansas City),True,,False,False
2026-10-15,Miami (Amoret),True,,Northeast Vernon County,True,,False,False
2026-10-15,Charleston,True,,Oran,True,,False,False
2026-10-15,Holt,True,,Orchard Farm,True,,False,False
2026-10-15,California,True,,Osage,True,,False,False
2026-10-15,Lakeland,True,,Osceola,True,,False,False
2026-10-15,Sullivan,True,,Owensville,True,,False,False
2026-10-15,Greenwood,True,,Parkview,True,,False,False
2026-10-15,Hazelwood Central,True,,Parkway North,True,,False,False
2026-10-15,Southeast,True,,Paseo Academy,True,,False,False
2026-10-15,Festus,True,,Perryville,True,,False,False
2026-10-15,Belton,True,,Platte County,True,,False,False
2026-10-15,East Buchanan,True,,Plattsburg,True,,False,False
2026-10-15,St. Teresa's Academy,True,,Pleasant Hill,True,,False,False
2026-10-15,Cassville,True,,Pleasant Hope,True,,False,False
2026-10-15,Truman,True,,Raytown,True,,False,False
2026-10-15,Winnetonka,True,,Raytown South,True,,False,False
2026-10-15,Webb City,True,,Republic,True,,False,False
2026-10-15,McCluer North,True,,Ritenour,True,,False,False
2026-10-15,South Holt with Craig,True,,Rock Port,True,,False,False
2026-10-15,Camdenton,True,,Rolla,True,,False,False
2026-10-15,Smithville,True,,Ruskin,True,,False,False
2026-10-15,Tipton,True,,Russellville,True,,False,False
2026-10-15,Liberty (Mountain View),True,,Salem,True,,False,False
2026-10-15,Seneca,True,,Sarcoxie,True,,False,False
2026-10-15,Excelsior Springs,True,,Savannah,True,,False,False
2026-10-15,Meadow Heights,True,,Scott City,True,,False,False
2026-10-15,Conway,True,,Seymour,True,,False,False
2026-10-15,Ash Grove,True,,Skyline,True,,False,False
2026-10-15,Boonville,True,,Smith-Cotton,True,,False,False
2026-10-15,Maysville,True,,South Harrison,True,,False,False
2026-10-15,Crane,True,,Sparta,True,,False,False
2026-10-15,Billings,True,,Spokane,True,,False,False
2026-10-15,New Haven,True,,St. Clair,True,,False,False
2026-10-15,Pacific,True,,St. James,True,,False,False
2026-10-15,Trenton,True,,St. Joseph Christian,True,,False,False
2026-10-15,Liberty North,True,,St. Michael the Archangel,True,,False,False
2026-10-15,Crest Ridge,True,,St. Paul Lutheran (Concordia),True,,False,False
2026-10-15,Northland Christian,True,,St. Pius X (Kansas City),True,,False,False
2026-10-15,Gateway with Soldan International Studies,True,,STEAM Academy,True,,False,False
2026-10-15,Bunker,True,,Steelville,True,,False,False
2026-10-15,Windsor,True,,Stover,True,,False,False
2026-10-15,Springfield Catholic,True,,Strafford,True,,False,False
2026-10-15,Barstow,True,,Summit Christian Academy,True,,False,False
2026-10-15,Jennings,True,,West Plains,True,,False,False
2026-10-15,Ava,True,,Thayer,True,,False,False
2026-10-15,Golden City,True,,Thomas Jefferson Independent Day,True,,False,False
2026-10-15,Kennett,True,,Twin Rivers,True,,False,False
2026-10-15,Hermann,True,,Union,True,,False,False
2026-10-15,Pembroke Hill,True,,University Academy Charter,True,,False,False
2026-10-15,Maplewood-Richmond Hts.,True,,University City,True,,False,False
2026-10-15,Gateway Science Charter,True,,Valley Park,True,,False,False
2026-10-15,Cardinal Ritter,True,,Vashon,True,,False,False
2026-10-15,Sheldon,True,,Verona,True,,False,False
2026-10-15,South Iron,True,,Viburnum,True,,False,False
2026-10-15,St. Charles,True,,Warrenton,True,,False,False
2026-10-15,Nixa,True,,Waynesville,True,,False,False
2026-10-15,North Nodaway,True,,West Nodaway with Nodaway-Holt,True,,False,False
2026-10-15,Penney,True,,West Platte,True,,False,False
2026-10-15,St. Dominic,True,,Westminster Christian Academy,True,,False,False
2026-10-15,Lutheran St. Charles,True,,Whitfield,True,,False,False
2026-10-15,Van Horn,True,,William Chrisman,True,,False,False
2026-10-15,Poplar Bluff,True,,Windsor (Imperial),True,,False,False
2026-10-15,"Pocahontas(Pocahontas, AR)",False,,Winona,True,,False,False
2026-10-16,Twin Rivers,True,,Campbell,True,,False,False
2026-10-16,Lutheran North,True,,Clayton,True,,False,False
2026-10-16,Ellington,True,,Clearwater,True,,False,False
2026-10-16,Bradleyville,True,,Couch,True,,False,False
2026-10-16,Kelly,True,,Eagle Ridge Christian,False,,False,False
2026-10-16,School of the Ozarks,True,,Exeter,True,,False,False
2026-10-16,St. Francis Borgia,True,,Fatima,True,,False,False
2026-10-16,Metro,True,,Hancock,True,,False,False
2026-10-16,Confluence Prep Academy Charter with Grand Center Arts Charter,True,,KIPP St. Louis Sr.,True,,False,False
2026-10-16,Parkway Central,True,,Ladue Horton Watkins,True,,False,False
2026-10-16,Plato,True,,Laquey,True,,False,False
2026-10-16,Prairie Home,True,,Lighthouse Sr.,False,,False,False
2026-10-16,Springfield Catholic,True,,Logan-Rogersville,True,,False,False
2026-10-16,Viburnum,True,,Marquand-Zion,False,,False,False
2026-10-16,Everton,True,,McAuley Catholic,True,,False,False
2026-10-16,Greenville,True,,Oak Ridge,True,,False,False
2026-10-16,Hazelwood Central,True,,Parkway North,True,,False,False
2026-10-16,Valley,True,,South Iron,True,,False,False
2026-10-16,Parkway West,True,,St. Joseph's Academy,True,,False,False
2026-10-16,Meadow Heights,True,,St. Paul Lutheran (Farmington),True,,False,False
2026-10-16,Gateway Legacy Sr. H.,False,,Villa Duchesne,True,,False,False
2026-10-16,St. Charles West,True,,Winfield,True,,False,False
2026-10-16,Leopold,True,,Winona,True,,False,False
2026-10-17,Incarnate Word Academy,True,,Francis Howell North,True,,False,False
2026-10-17,Francis Howell North,True,,Marquette,True,,False,False
2026-10-17,Incarnate Word Academy,True,,Marquette,True,,False,False
2026-10-17,Cor Jesu Academy,True,,"Mater Dei Catholic(Breese, IL)",False,,False,False
2026-10-17,Francis Howell,True,,Webb City,True,,False,False
2026-10-17,Academie Lafayette,True,,Webb City,True,,False,False
2026-10-19,Veritas Christian Academy,True,,Brentwood,True,,False,False
2026-10-19,Lathrop,True,,Brookfield,True,,False,False
2026-10-19,Plattsburg,True,,Cameron,True,,False,False
2026-10-19,Clarkton,True,,Campbell,True,,False,False
2026-10-19,South Iron,True,,Clearwater,True,,False,False
2026-10-19,Windsor,True,,Crest Ridge,True,,False,False
2026-10-19,St. Clair,True,,DeSoto,True,,False,False
2026-10-19,Sikeston,True,,East Prairie,True,,False,False
2026-10-19,Helias Catholic,True,,Eldon,True,,False,False
2026-10-19,Bunker,True,,Ellington,True,,False,False
2026-10-19,Diamond,True,,Fair Grove,True,,False,False
2026-10-19,Southern Boone,True,,Father Tolton,True,,False,False
2026-10-19,New Bloomfield,True,,Fatima,True,,False,False
2026-10-19,Mansfield,True,,Gainesville,True,,False,False
2026-10-19,Providence Academy Sr.,False,,Gateway Science Charter,True,,False,False
2026-10-19,St. Francis Borgia,True,,Hermann,True,,False,False
2026-10-19,Notre Dame (Cape Girardeau),True,,Kennett,True,,False,False
2026-10-19,El Dorado Springs,True,,Lamar,True,,False,False
2026-10-19,Bismarck,True,,Lesterville,True,,False,False
2026-10-19,Everton,True,,Lockwood,True,,False,False
2026-10-19,Bell City,True,,Meadow Heights,True,,False,False
2026-10-19,Malden,True,,North Pemiscot,True,,False,False
2026-10-19,Paseo Academy,True,,Northeast (Kansas City),True,,False,False
2026-10-19,Richland (Essex),True,,Oran,True,,False,False
2026-10-19,Russellville,True,,Otterville,True,,False,False
2026-10-19,Holcomb,True,,Portageville,True,,False,False
2026-10-19,Doniphan,True,,Puxico,True,,False,False
2026-10-19,South Pemiscot,True,,Risco,True,,False,False
2026-10-19,Hickman,True,,Rock Bridge,True,,False,False
2026-10-19,Lindbergh,True,,Rockwood Summit,True,,False,False
2026-10-19,Advance,True,,Scott City,True,,False,False
2026-10-19,Delta (Deering),True,,Senath-Hornersville,True,,False,False
2026-10-19,Clinton,True,,Skyline,True,,False,False
2026-10-19,McAuley Catholic,True,,Southwest (Washburn),True,,False,False
2026-10-19,Oak Ridge,True,,St. Vincent,True,,False,False
2026-10-19,Winfield,True,,Sunnydale Adventist Acad HS,False,,False,False
2026-10-19,North Platte,True,,Union Star with King City,True,,False,False
2026-10-19,Exeter,True,,Verona,True,,False,False
2026-10-19,Buffalo,True,,Warsaw,True,,False,False
2026-10-19,Bernie,True,,Woodland,True,,False,False
2026-10-20,Puxico,True,,Campbell,True,,False,False
2026-10-20,Dexter,True,,Central (New Madrid County),True,,False,False
2026-10-20,Southland,True,,Delta (Deering),True,,False,False
2026-10-20,"Turner(Kansas City, KS)",False,,Ewing Marion Kauffman,True,,False,False
2026-10-20,Malden,True,,Holcomb,True,,False,False
2026-10-20,"Greene County Tech(Paragould, AR)",False,,Kennett,True,,False,False
2026-10-20,"Wyandotte(Kansas City, KS)",False,,KIPP KC Legacy,True,,False,False
2026-10-20,Portageville,True,,Saxony Lutheran,True,,False,False
2026-10-20,South Pemiscot,True,,Senath-Hornersville,True,,False,False
2026-10-20,St. Paul Lutheran (Farmington),True,,Zalma,True,,False,False
2026-10-21,Hayti,True,,Delta (Deering),True,,False,False
2026-10-21,Portageville,True,,Leopold,True,,False,False
2026-10-22,"East St Louis Senior(East Saint Louis, IL)",False,,Cardinal Ritter,True,,False,False
