Date,Home Team,Home Score,Away Team,Away Score
2026-08-22,New Haven,0,Calvary Lutheran,2
2026-08-22,Stover,2,Calvary Lutheran,0
2026-08-22,Maryville,2,Lathrop,0
2026-08-22,Cameron,0,Maryville,2
2026-08-22,Clarkton,3,Southland,0
2026-08-22,Twin Rivers,3,Southland,0
2026-08-25,Windsor (Imperial),1,DeSoto,1
2026-08-25,St. Clair,2,DeSoto,0
2026-08-25,Belle,2,Dixon,1
2026-08-25,Plato,2,Dixon,1
2026-08-25,Ft. Zumwalt North,3,Ft. Zumwalt East,0
2026-08-25,Miller Career Academy,1,McKinley Classical Leadership,2
2026-08-25,Gateway with Soldan International Studies,0,McKinley Classical Leadership,2
2026-08-25,West Nodaway with Nodaway-Holt,3,Tarkio with Fairfax,0
2026-08-26,Lebanon,3,Central (Springfield),0
2026-08-26,Strafford,2,Central (Springfield),1
2026-08-27,Clearwater,0,Arcadia Valley,3
2026-08-27,Dora,1,Bakersfield,3
2026-08-27,Ash Grove,3,Billings,2
2026-08-27,Park Hill,2,Blue Springs,0
2026-08-27,St. Michael the Archangel,0,Blue Springs,2
2026-08-27,Fort Osage,1,Blue Springs South,3
2026-08-27,Winona,3,Bunker,0
2026-08-27,Knob Noster,0,California,3
2026-08-27,Osage,3,Capital City,1
2026-08-27,Perryville,3,Central (Park Hills),0
2026-08-27,Smithville,3,Central (St. Joseph),0
2026-08-27,Greenville,0,Clarkton,3
2026-08-27,Hazelwood Central,0,Clayton,3
2026-08-27,STEAM Academy,3,Collegiate School of Med-Bio Science,2
2026-08-27,Gloria Deo Academy,0,Crane,3
2026-08-27,New Haven,0,Crystal City,3
2026-08-27,St. Charles,1,Duchesne,3
2026-08-27,St. Dominic,1,Eureka,2
2026-08-27,New Bloomfield,0,Father Tolton,3
2026-08-27,Hickman,3,Fatima,1
2026-08-27,Northwest (Cedar Hill),0,Festus,3
2026-08-27,Lutheran St. Charles,2,Francis Howell Central,3
2026-08-27,Troy Buchanan,3,Ft. Zumwalt South,0
2026-08-27,St. Dominic,2,Ft. Zumwalt West,0
2026-08-27,Eureka,2,Ft. Zumwalt West,1
2026-08-27,Gateway with Soldan International Studies,0,Gateway Science Charter,3
2026-08-27,Greenfield,2,Golden City,0
2026-08-27,Everton,1,Golden City,1
2026-08-27,Lee's Summit West,3,Grain Valley,0
2026-08-27,Guadalupe Centers Charter,0,Grandview,3
2026-08-27,Oak Ridge,3,Grandview (Hillsboro),0
2026-08-27,Everton,0,Greenfield,2
2026-08-27,Hillcrest,3,Greenwood,1
2026-08-27,Hallsville,3,Kirksville,0
2026-08-27,Pattonville,0,Lafayette (Wildwood),2
2026-08-27,Parkway Central,0,Lafayette (Wildwood),2
2026-08-27,Wellington-Napoleon,0,Lafayette County,3
2026-08-27,Union Star with King City,0,Lathrop,3
2026-08-27,Viburnum,0,Lesterville,3
2026-08-27,Platte County,0,Liberty North,3
2026-08-27,McKinley Classical Leadership,0,Lift for Life Academy Charter,3
2026-08-27,Mansfield,3,Lutie,1
2026-08-27,Bernie,0,Malden,3
2026-08-27,Francis Howell,2,Marquette,3
2026-08-27,West Nodaway with Nodaway-Holt,3,Maysville,0
2026-08-27,St. Joseph Christian,0,Mid-Buchanan,3
2026-08-27,East Newton,3,New Heights Christian,0
2026-08-27,Hillsboro,3,Notre Dame (Cape Girardeau),2
2026-08-27,Parkway West,1,Oakville,3
2026-08-27,Smith-Cotton,0,Odessa,3
2026-08-27,Zalma,0,Oran,3
2026-08-27,Lone Jack,3,Orrick,0
2026-08-27,Northwest (Hughesville),0,Osceola,3
2026-08-27,Eugene,2,Otterville,3
2026-08-27,Jefferson City,0,Ozark,3
2026-08-27,St. Michael the Archangel,2,Park Hill,1
2026-08-27,Pattonville,0,Parkway Central,2
2026-08-27,North Pemiscot,1,Portageville,3
2026-08-27,Park Hill South,3,Raymore-Peculiar,2
2026-08-27,Ruskin,0,Raytown,3
2026-08-27,William Chrisman,3,Raytown South,0
2026-08-27,Woodland,3,Richland (Essex),0
2026-08-27,Bloomfield,0,Risco,3
2026-08-27,New Covenant Academy,3,Sarcoxie,0
2026-08-27,Caruthersville,0,Scott City,3
2026-08-27,Exeter,1,Seneca,3
2026-08-27,Tipton,3,Smithton,1
2026-08-27,East Buchanan,3,South Holt with Craig,0
2026-08-27,Bismarck,3,South Iron,1
2026-08-27,Liberty,2,St. Pius X (Kansas City),3
2026-08-27,Oak Park,0,Staley,3
2026-08-27,Holt,3,Timberland,2
2026-08-27,Warrensburg,3,Van Horn,0
2026-08-27,Stover,3,Versailles,1
2026-08-27,Cole Camp,3,Warsaw,0
2026-08-27,St. Francis Borgia,3,Washington,0
2026-08-27,Bowling Green,0,Winfield,3
2026-08-28,Cristo Rey,3,Academie Lafayette,0
2026-08-28,Benton,0,Adrian,2
2026-08-28,Sullivan,2,Adrian,0
2026-08-28,Couch,3,Bakersfield,1
2026-08-28,KIPP KC Legacy,0,Barstow,3
2026-08-28,Licking,2,Belle,1
2026-08-28,Bishop LeBlond,1,Belton,2
2026-08-28,Notre Dame de Sion,0,Belton,2
2026-08-28,Liberty (Mountain View),1,Benton,2
2026-08-28,Richland (Essex),0,Bernie,3
2026-08-28,Leopold,3,Bloomfield,0
2026-08-28,Valley Park,0,Bourbon,3
2026-08-28,Purdy,3,Bronaugh,0
2026-08-28,Saxony Lutheran,2,Cameron,0
2026-08-28,Fatima,2,Cameron,1
2026-08-28,Nerinx Hall,2,Cardinal Ritter,0
2026-08-28,St. Pius X (Kansas City),2,Central (St. Joseph),0
2026-08-28,Seckman,2,Central (St. Joseph),0
2026-08-28,Delta (Deering),0,Clarkton,3
2026-08-28,Mehlville,2,Clayton,0
2026-08-28,Cardinal Ritter,0,Clayton,2
2026-08-28,St. Joseph's Academy,2,Duchesne,0
2026-08-28,Ellington,1,Eminence,3
2026-08-28,Marion C. Early,0,Everton,3
2026-08-28,MICDS,1,Farmington,2
2026-08-28,North Point,0,Farmington,3
2026-08-28,Rock Port,0,Fatima,2
2026-08-28,Hurley,0,Fordland,3
2026-08-28,Bishop LeBlond,2,Hannibal,0
2026-08-28,Collegiate School of Med-Bio Science,1,Hazelwood West,3
2026-08-28,Southland,0,Holcomb,3
2026-08-28,Ballard,0,La Monte,3
2026-08-28,Liberty (Mountain View),2,Lafayette County,0
2026-08-28,Sullivan,2,Lafayette County,0
2026-08-28,Jennings,0,Maplewood-Richmond Hts.,3
2026-08-28,Oak Grove,2,Maryville,0
2026-08-28,Notre Dame de Sion,2,Maryville,1
2026-08-28,Oak Ridge,3,Meadow Heights,0
2026-08-28,Nerinx Hall,2,Mehlville,0
2026-08-28,North Point,1,MICDS,2
2026-08-28,Vashon,3,Miller Career Academy,0
2026-08-28,Hannibal,1,Oak Grove,2
2026-08-28,Prairie Home,0,Otterville,3
2026-08-28,Liberty North,1,Ozark,3
2026-08-28,Whitfield,0,Parkway South,3
2026-08-28,Risco,1,Portageville,3
2026-08-28,Westminster Christian Academy,3,Principia,0
2026-08-28,St. Pius X (Kansas City),2,Raymore-Peculiar,1
2026-08-28,Savannah,1,Raymore-Peculiar,2
2026-08-28,Northland Christian,0,Rock Port,2
2026-08-28,Seckman,1,Savannah,2
2026-08-28,Northland Christian,0,Saxony Lutheran,2
2026-08-28,Spokane,3,School of the Ozarks,1
2026-08-28,North Pemiscot,3,Senath-Hornersville,0
2026-08-28,Miami (Amoret),0,Sheldon,3
2026-08-28,St. Pius X (Festus),0,St. Joseph's Academy,2
2026-08-28,Rock Bridge,2,Webster Groves,0
2026-08-28,Lesterville,3,West County,1
2026-08-28,Greenville,3,Zalma,1
2026-08-29,Liberty (Mountain View),1,Adrian,2
2026-08-29,Lafayette County,0,Adrian,2
2026-08-29,Stockton,1,Ash Grove,2
2026-08-29,Osceola,2,Ash Grove,0
2026-08-29,El Dorado Springs,0,Ash Grove,2
2026-08-29,Sparta,0,Ash Grove,2
2026-08-29,Hannibal,2,Belton,0
2026-08-29,Maryville,1,Belton,2
2026-08-29,Notre Dame de Sion,2,Bishop LeBlond,1
2026-08-29,Seymour,0,Blue Eye,2
2026-08-29,Couch,0,Blue Eye,2
2026-08-29,Gainesville,0,Blue Eye,2
2026-08-29,Helias Catholic,2,Bolivar,0
2026-08-29,Lebanon,2,Bolivar,0
2026-08-29,Summit Christian Academy,2,Bolivar,0
2026-08-29,Strafford,2,Bolivar,0
2026-08-29,Linn,1,Boonville,1
2026-08-29,Father Tolton,1,Boonville,1
2026-08-29,Christian Fellowship Sr.,0,Boonville,2
2026-08-29,Tipton,0,Boonville,2
2026-08-29,Laquey,0,Bourbon,2
2026-08-29,Plato,1,Bourbon,1
2026-08-29,Strafford,2,Branson,1
2026-08-29,Ash Grove,2,Buffalo,0
2026-08-29,El Dorado Springs,0,Buffalo,2
2026-08-29,Sparta,0,Buffalo,2
2026-08-29,Diamond,2,Buffalo,0
2026-08-29,Northland Christian,2,Cameron,0
2026-08-29,Rock Port,2,Cameron,0
2026-08-29,Clever,2,Capital City,3
2026-08-29,Marshfield,3,Capital City,0
2026-08-29,Branson,1,Carthage,1
2026-08-29,Rolla,0,Carthage,2
2026-08-29,Helias Catholic,2,Carthage,0
2026-08-29,Parkview,0,Carthage,2
2026-08-29,Springfield Catholic,0,Carthage,2
2026-08-29,Strafford,0,Carthage,2
2026-08-29,Ste. Genevieve,2,Central (Cape Girardeau),0
2026-08-29,Veritas Christian Academy,0,Central (Cape Girardeau),2
2026-08-29,Savannah,2,Central (St. Joseph),0
2026-08-29,Raymore-Peculiar,2,Central (St. Joseph),0
2026-08-29,Mehlville,0,Centralia,2
2026-08-29,Nerinx Hall,2,Clayton,1
2026-08-29,Lutheran North,0,Clayton,2
2026-08-29,Ladue Horton Watkins,2,Clayton,0
2026-08-29,Marshfield,3,Clever,0
2026-08-29,Gainesville,2,Couch,0
2026-08-29,Seymour,0,Couch,2
2026-08-29,Winona,2,Crane,0
2026-08-29,Miller,2,Crane,0
2026-08-29,Marionville,1,Crane,1
2026-08-29,New Heights Christian,1,Crane,2
2026-08-29,Sarcoxie,2,Crane,0
2026-08-29,Owensville,2,Cuba,0
2026-08-29,North County,1,Cuba,2
2026-08-29,Licking,1,Cuba,2
2026-08-29,Ste. Genevieve,2,DeSoto,0
2026-08-29,Poplar Bluff,2,DeSoto,0
2026-08-29,Central (Cape Girardeau),1,DeSoto,1
2026-08-29,Warrenton,2,DeSoto,0
2026-08-29,Stockton,1,Diamond,1
2026-08-29,Osceola,2,Diamond,0
2026-08-29,Pleasant Hope,1,Diamond,1
2026-08-29,St. Pius X (Festus),2,Duchesne,1
2026-08-29,North Platte,0,East Buchanan,2
2026-08-29,Lathrop,0,East Buchanan,2
2026-08-29,Lawson,0,East Buchanan,2
2026-08-29,West Platte,2,East Buchanan,1
2026-08-29,Fair Grove,1,East Newton,1
2026-08-29,Republic,2,East Newton,0
2026-08-29,Kearney,1,East Newton,1
2026-08-29,Stockton,2,El Dorado Springs,0
2026-08-29,Sparta,0,El Dorado Springs,2
2026-08-29,Kearney,1,Fair Grove,1
2026-08-29,Republic,2,Fair Grove,0
2026-08-29,Blair Oaks,2,Farmington,0
2026-08-29,Northland Christian,2,Fatima,0
2026-08-29,Saxony Lutheran,2,Fatima,0
2026-08-29,Sarcoxie,1,Forsyth,1
2026-08-29,New Heights Christian,1,Forsyth,1
2026-08-29,Monett,1,Forsyth,1
2026-08-29,Pierce City,1,Forsyth,1
2026-08-29,Winona,2,Forsyth,0
2026-08-29,Francis Howell North,0,Francis Howell Central,2
2026-08-29,St. Vincent,0,Francis Howell Central,2
2026-08-29,Westminster Christian Academy,2,Francis Howell Central,0
2026-08-29,Parkway Central,2,Francis Howell Central,1
2026-08-29,Oakville,2,Francis Howell North,1
2026-08-29,Westminster Christian Academy,1,Francis Howell North,1
2026-08-29,St. Vincent,0,Francis Howell North,2
2026-08-29,Niangua,0,Gainesville,2
2026-08-29,STEAM Academy,0,Gateway Science Charter,2
2026-08-29,Christian Fellowship Sr.,0,Hallsville,2
2026-08-29,Montgomery County,1,Hallsville,1
2026-08-29,Linn,0,Hallsville,2
2026-08-29,Father Tolton,0,Hallsville,2
2026-08-29,Hazelwood West,2,Hazelwood Central,0
2026-08-29,Jennings,0,Hazelwood Central,2
2026-08-29,McCluer,0,Hazelwood Central,2
2026-08-29,University City,1,Hazelwood Central,2
2026-08-29,Hazelwood West,2,Hazelwood East,0
2026-08-29,Jennings,0,Hazelwood East,2
2026-08-29,McCluer,0,Hazelwood East,2
2026-08-29,University City,1,Hazelwood East,2
2026-08-29,Jennings,0,Hazelwood West,2
2026-08-29,McCluer North,0,Hazelwood West,2
2026-08-29,Summit Christian Academy,0,Helias Catholic,2
2026-08-29,Lutheran South,1,Hermann,1
2026-08-29,Windsor,2,Hermann,0
2026-08-29,Orchard Farm,2,Hermann,0
2026-08-29,Notre Dame (Cape Girardeau),2,Hermann,0
2026-08-29,Poplar Bluff,1,Hillsboro,1
2026-08-29,Ste. Genevieve,2,Hillsboro,1
2026-08-29,Veritas Christian Academy,0,Hillsboro,2
2026-08-29,Northwest (Cedar Hill),0,Hillsboro,2
2026-08-29,Warrenton,0,Hillsboro,2
2026-08-29,John Burroughs,1,Holt,2
2026-08-29,Visitation Academy,0,Holt,2
2026-08-29,Villa Duchesne,0,Holt,2
2026-08-29,McCluer North,0,Jennings,2
2026-08-29,Notre Dame (St. Louis),0,John Burroughs,2
2026-08-29,Lebanon,2,Kearney,0
2026-08-29,Republic,2,Kearney,0
2026-08-29,Summit Christian Academy,0,Kearney,2
2026-08-29,Liberty,0,Kickapoo,2
2026-08-29,Liberty North,2,Kickapoo,0
2026-08-29,Christian Fellowship Sr.,0,Kirksville,2
2026-08-29,Hallsville,2,Kirksville,0
2026-08-29,Montgomery County,2,Kirksville,0
2026-08-29,Tipton,2,Kirksville,0
2026-08-29,Blue Eye,2,Koshkonong,0
2026-08-29,Gainesville,2,Koshkonong,0
2026-08-29,Niangua,0,Koshkonong,2
2026-08-29,Couch,2,Koshkonong,0
2026-08-29,Benton,2,Lafayette County,0
2026-08-29,North Platte,0,Lathrop,2
2026-08-29,Penney,0,Lathrop,2
2026-08-29,Plattsburg,2,Lathrop,0
2026-08-29,Lathrop,0,Lawson,2
2026-08-29,North Platte,0,Lawson,2
2026-08-29,Mid-Buchanan,2,Lawson,0
2026-08-29,Springfield Catholic,1,Lebanon,1
2026-08-29,Mt. Vernon,1,Lebanon,1
2026-08-29,Nixa,2,Liberty,0
2026-08-29,Nixa,2,Liberty North,1
2026-08-29,Gateway Science Charter,2,Lift for Life Academy Charter,1
2026-08-29,STEAM Academy,2,Lift for Life Academy Charter,0
2026-08-29,Tipton,0,Linn,2
2026-08-29,Father Tolton,0,Linn,2
2026-08-29,Montgomery County,0,Linn,2
2026-08-29,Blue Eye,2,Lutie,0
2026-08-29,Seymour,2,Lutie,0
2026-08-29,Couch,2,Lutie,0
2026-08-29,Winona,2,Marionville,0
2026-08-29,Miller,2,Marionville,0
2026-08-29,Sarcoxie,2,Marionville,0
2026-08-29,Hannibal,2,Maryville,0
2026-08-29,St. Joseph Christian,2,Maysville,0
2026-08-29,West Nodaway with Nodaway-Holt,2,Maysville,0
2026-08-29,South Holt with Craig,2,Maysville,0
2026-08-29,University City,2,McCluer,0
2026-08-29,University City,2,McCluer North,0
2026-08-29,Neosho,2,McDonald County,0
2026-08-29,Cardinal Ritter,0,Mehlville,2
2026-08-29,St. Charles West,0,Mehlville,3
2026-08-29,Rock Bridge,1,MICDS,2
2026-08-29,Penney,0,Mid-Buchanan,2
2026-08-29,Plattsburg,0,Mid-Buchanan,2
2026-08-29,West Platte,0,Mid-Buchanan,2
2026-08-29,Winona,2,Miller,0
2026-08-29,Sarcoxie,0,Monett,2
2026-08-29,Miller,2,Monett,1
2026-08-29,New Heights Christian,0,Monett,2
2026-08-29,Pierce City,1,Monett,1
2026-08-29,Christian Fellowship Sr.,0,Montgomery County,2
2026-08-29,Tarkio with Fairfax,0,Mound City,2
2026-08-29,St. Joseph Christian,0,Mound City,2
2026-08-29,Helias Catholic,2,Mt. Vernon,0
2026-08-29,Springfield Catholic,0,Mt. Vernon,2
2026-08-29,Licking,2,North County,1
2026-08-29,Plattsburg,2,North Platte,0
2026-08-29,Penney,0,North Platte,2
2026-08-29,Poplar Bluff,0,Northwest (Cedar Hill),2
2026-08-29,Ste. Genevieve,2,Northwest (Cedar Hill),0
2026-08-29,Veritas Christian Academy,0,Northwest (Cedar Hill),2
2026-08-29,Villa Duchesne,0,Notre Dame (St. Louis),2
2026-08-29,Visitation Academy,1,Notre Dame (St. Louis),2
2026-08-29,Bishop LeBlond,1,Oak Grove,2
2026-08-29,Notre Dame de Sion,0,Oak Grove,2
2026-08-29,John Burroughs,1,Oakville,1
2026-08-29,Notre Dame (St. Louis),0,Oakville,2
2026-08-29,Holt,0,Oakville,2
2026-08-29,Rockwood Summit,1,Oakville,1
2026-08-29,Windsor (Imperial),1,Orchard Farm,1
2026-08-29,Lutheran South,0,Orchard Farm,2
2026-08-29,Pacific,2,Orchard Farm,1
2026-08-29,Stockton,1,Osceola,1
2026-08-29,Pleasant Hope,0,Osceola,2
2026-08-29,North County,0,Owensville,2
2026-08-29,Licking,0,Owensville,2
2026-08-29,Notre Dame (Cape Girardeau),1,Pacific,1
2026-08-29,Windsor (Imperial),1,Pacific,2
2026-08-29,Branson,2,Parkview,0
2026-08-29,Summit Christian Academy,2,Parkview,0
2026-08-29,Rolla,2,Parkview,0
2026-08-29,Holt,0,Parkway Central,2
2026-08-29,Orchard Farm,1,Parkway West,2
2026-08-29,Pacific,1,Parkway West,1
2026-08-29,Notre Dame (Cape Girardeau),0,Parkway West,2
2026-08-29,West Platte,2,Penney,0
2026-08-29,Plattsburg,2,Penney,0
2026-08-29,Sarcoxie,2,Pierce City,0
2026-08-29,New Heights Christian,1,Pierce City,1
2026-08-29,Laquey,0,Plato,2
2026-08-29,West Platte,2,Plattsburg,0
2026-08-29,Stockton,2,Pleasant Hope,0
2026-08-29,Veritas Christian Academy,0,Poplar Bluff,2
2026-08-29,Central (Cape Girardeau),2,Poplar Bluff,1
2026-08-29,Seckman,0,Raymore-Peculiar,2
2026-08-29,Lebanon,1,Reeds Spring,1
2026-08-29,Springfield Catholic,2,Reeds Spring,0
2026-08-29,Mt. Vernon,1,Reeds Spring,1
2026-08-29,Rolla,2,Reeds Spring,1
2026-08-29,Helias Catholic,2,Republic,0
2026-08-29,STEAM Academy,2,Ritenour,0
2026-08-29,Gateway Science Charter,0,Ritenour,2
2026-08-29,Lift for Life Academy Charter,0,Ritenour,2
2026-08-29,North Point,1,Rock Bridge,2
2026-08-29,Saxony Lutheran,2,Rock Port,0
2026-08-29,John Burroughs,0,Rockwood Summit,2
2026-08-29,Notre Dame (St. Louis),0,Rockwood Summit,2
2026-08-29,Westminster Christian Academy,2,Rockwood Summit,1
2026-08-29,Branson,2,Rolla,0
2026-08-29,Lebanon,2,Rolla,0
2026-08-29,New Heights Christian,1,Sarcoxie,1
2026-08-29,St. Pius X (Kansas City),2,Savannah,0
2026-08-29,St. Pius X (Kansas City),2,Seckman,0
2026-08-29,Winona,2,Seneca,0
2026-08-29,Miller,2,Seneca,0
2026-08-29,Marionville,2,Seneca,0
2026-08-29,Crane,2,Seneca,0
2026-08-29,West Nodaway with Nodaway-Holt,2,South Holt with Craig,0
2026-08-29,St. Joseph Christian,2,South Holt with Craig,0
2026-08-29,Tarkio with Fairfax,1,South Holt with Craig,2
2026-08-29,Nerinx Hall,2,St. Charles West,1
2026-08-29,Bourbon,2,St. James,0
2026-08-29,Plato,2,St. James,0
2026-08-29,Laquey,0,St. James,2
2026-08-29,Warrenton,1,Ste. Genevieve,1
2026-08-29,Helias Catholic,1,Strafford,1
2026-08-29,Summit Christian Academy,1,Strafford,1
2026-08-29,Liberty (Mountain View),0,Sullivan,2
2026-08-29,Benton,0,Sullivan,2
2026-08-29,Father Tolton,2,Tipton,0
2026-08-29,MICDS,2,Webster Groves,0
2026-08-29,North Point,2,Webster Groves,0
2026-08-29,St. Joseph Christian,2,West Nodaway with Nodaway-Holt,0
2026-08-29,Lutheran South,1,Windsor (Imperial),1
2026-08-31,Crystal City,3,Bayless,0
2026-08-31,Meadow Heights,1,Bell City,3
2026-08-31,East Newton,0,Billings,3
2026-08-31,Duchesne,3,Bowling Green,0
2026-08-31,Verona,3,Bronaugh,0
2026-08-31,Calvary Lutheran,3,Bunceton,0
2026-08-31,Marshfield,3,Cabool,0
2026-08-31,Webb City,1,Carl Junction,3
2026-08-31,Lexington,1,Carrollton,3
2026-08-31,Caruthersville,0,Central (New Madrid County),3
2026-08-31,Miller,3,Central (Springfield),1
2026-08-31,Tipton,3,Centralia,1
2026-08-31,Puxico,3,Clarkton,0
2026-08-31,Logan-Rogersville,1,Clever,3
2026-08-31,Viburnum,0,Cuba,3
2026-08-31,Saxony Lutheran,3,Dexter,1
2026-08-31,Eugene,3,Dixon,1
2026-08-31,Oakville,1,Eureka,3
2026-08-31,New Covenant Academy,3,Fordland,0
2026-08-31,Bismarck,3,Fredericktown,2
2026-08-31,Parkway Central,3,Ft. Zumwalt South,0
2026-08-31,Vashon,0,Gateway Science Charter,3
2026-08-31,Santa Fe,3,Green Ridge,0
2026-08-31,Perryville,3,Greenville,0
2026-08-31,St. Charles West,3,Hazelwood West,0
2026-08-31,Seckman,0,Hillsboro,3
2026-08-31,Bakersfield,0,Houston,3
2026-08-31,Visitation Academy,0,Incarnate Word Academy,3
2026-08-31,Thomas Jefferson Independent Day,3,Jasper,1
2026-08-31,Hermann,0,Jefferson City,3
2026-08-31,Jefferson (Festus),3,Kingston,0
2026-08-31,Zalma,0,Leopold,3
2026-08-31,Leeton with Chilhowee,0,Lincoln,3
2026-08-31,Rosati-Kain,0,Lutheran North,3
2026-08-31,Senath-Hornersville,0,Malden,3
2026-08-31,Lutheran St. Charles,1,Marquette,3
2026-08-31,Sacred Heart,3,Marshall,0
2026-08-31,Parkview,3,McAuley Catholic,0
2026-08-31,New Heights Christian,3,McDonald County,0
2026-08-31,Miller Career Academy,0,Metro,3
2026-08-31,Crane,0,Monett,3
2026-08-31,Liberal,3,Neosho,0
2026-08-31,Liberty (Wentzville),0,North Point,3
2026-08-31,Woodland,3,Oak Ridge,0
2026-08-31,Lindbergh,3,Pacific,2
2026-08-31,Notre Dame (St. Louis),3,Parkway North,0
2026-08-31,STEAM Academy,0,Pattonville,3
2026-08-31,Union,2,Rolla,3
2026-08-31,North Callaway,3,Russellville,1
2026-08-31,Butler,3,Skyline,0
2026-08-31,Crest Ridge,3,Smithton,0
2026-08-31,North Platte,3,South Harrison,0
2026-08-31,Twin Rivers,1,South Pemiscot,3
2026-08-31,Kirksville,0,Southern Boone,3
2026-08-31,St. Francis Borgia,0,St. Dominic,3
2026-08-31,Plattsburg,2,St. Joseph Christian,3
2026-08-31,Lafayette (Wildwood),3,St. Joseph's Academy,0
2026-08-31,Cole Camp,3,St. Paul Lutheran (Concordia),1
2026-08-31,Battle,3,Troy Buchanan,1
2026-08-31,DeSoto,0,Valle Catholic,3
2026-08-31,California,3,Versailles,1
2026-08-31,Ft. Zumwalt East,0,Warrenton,3
2026-08-31,Odessa,3,Wellington-Napoleon,0
2026-08-31,Wright City,0,Winfield,3
2026-09-01,Paseo Academy,3,Academie Lafayette,0
2026-09-01,Gateway with Soldan International Studies,0,Affton,3
2026-09-01,Crest Ridge,3,Appleton City with Montrose,0
2026-09-01,Sherwood,0,Archie,3
2026-09-01,Dora,0,Ava,3
2026-09-01,Eldon,0,Battle,3
2026-09-01,Maplewood-Richmond Hts.,1,Bayless,1
2026-09-01,Valley Park,0,Bayless,2
2026-09-01,Hancock,0,Bayless,2
2026-09-01,Leopold,3,Bell City,2
2026-09-01,Bourbon,0,Belle,3
2026-09-01,Grain Valley,2,Belton,3
2026-09-01,Maryville,3,Benton,2
2026-09-01,Lawson,1,Bishop LeBlond,3
2026-09-01,Ellington,3,Bismarck,0
2026-09-01,Clearwater,1,Bloomfield,3
2026-09-01,Purdy,0,Blue Eye,3
2026-09-01,Blue Springs South,3,Blue Springs,2
2026-09-01,Strafford,2,Bolivar,1
2026-09-01,Monett,1,Bolivar,2
2026-09-01,Chadwick,3,Bradleyville,0
2026-09-01,Republic,3,Branson,1
2026-09-01,Principia,1,Brentwood,1
2026-09-01,Grandview (Hillsboro),0,Brentwood,2
2026-09-01,Crossroads College Preparatory,0,Brentwood,2
2026-09-01,Aurora,2,Buffalo,3
2026-09-01,Bakersfield,0,Cabool,3
2026-09-01,Lebanon,3,Camdenton,1
2026-09-01,Kennett,2,Campbell,3
2026-09-01,Carthage,3,Carl Junction,1
2026-09-01,Santa Fe,3,Carrollton,0
2026-09-01,Winnetonka,0,Center,3
2026-09-01,Wright City,3,Chamois,0
2026-09-01,La Monte,3,Christian Fellowship Sr.,0
2026-09-01,Ladue Horton Watkins,3,Clayton,2
2026-09-01,Webb City,3,Clever,0
2026-09-01,Holden,0,Cole Camp,3
2026-09-01,Otterville,3,Columbia Independent,1
2026-09-01,Clarkton,3,Cooter,1
2026-09-01,Eminence,3,Couch,0
2026-09-01,Principia,2,Crossroads College Preparatory,0
2026-09-01,New Haven,0,Cuba,3
2026-09-01,Arcadia Valley,1,Dexter,3
2026-09-01,East Prairie,2,Doniphan,3
2026-09-01,Hume,0,Drexel,3
2026-09-01,Sarcoxie,1,East Newton,3
2026-09-01,Clinton,3,El Dorado Springs,0
2026-09-01,Skyline,2,Fair Grove,3
2026-09-01,California,2,Father Tolton,3
2026-09-01,Helias Catholic,3,Fatima,0
2026-09-01,Central (Park Hills),0,Festus,3
2026-09-01,Seymour,1,Fordland,3
2026-09-01,Kearney,1,Fort Osage,3
2026-09-01,Guadalupe Centers Charter,2,Frontier STEM,0
2026-09-01,St. Charles West,0,Ft. Zumwalt North,3
2026-09-01,Ft. Zumwalt South,0,Ft. Zumwalt West,3
2026-09-01,Centralia,0,Fulton,3
2026-09-01,Koshkonong,0,Gainesville,3
2026-09-01,Central (New Madrid County),0,Gideon,3
2026-09-01,Jasper,3,Golden City,0
2026-09-01,Raytown South,1,Grandview,3
2026-09-01,Crossroads College Preparatory,0,Grandview (Hillsboro),2
2026-09-01,Principia,1,Grandview (Hillsboro),1
2026-09-01,Galena,0,Greenwood,3
2026-09-01,Valley Park,1,Hancock,1
2026-09-01,Troy Buchanan,0,Hannibal,3
2026-09-01,Butler,3,Harrisonville,2
2026-09-01,Malden,3,Hayti,0
2026-09-01,Fredericktown,3,Herculaneum,0
2026-09-01,Capital City,0,Hickman,3
2026-09-01,Glendale,3,Hillcrest,0
2026-09-01,Parkview,0,Hollister,3
2026-09-01,Twin Rivers,3,Kelly,1
2026-09-01,Marshall,0,Kirksville,3
2026-09-01,Parkway West,1,Kirkwood,3
2026-09-01,Leeton with Chilhowee,0,Lakeland,2
2026-09-01,Northeast Vernon County,0,Lakeland,2
2026-09-01,Chillicothe,3,Lathrop,1
2026-09-01,Lee's Summit,1,Lee's Summit North,3
2026-09-01,Raymore-Peculiar,0,Lee's Summit West,3
2026-09-01,Northeast Vernon County,0,Leeton with Chilhowee,2
2026-09-01,Valley,1,Lesterville,3
2026-09-01,Central (St. Joseph),2,Liberty,3
2026-09-01,Liberty (Mountain View),3,Licking,1
2026-09-01,Ozark,3,Logan-Rogersville,1
2026-09-01,Lafayette County,3,Lone Jack,1
2026-09-01,STEAM Academy,2,Lutheran North,2
2026-09-01,Nerinx Hall,3,Lutheran South,1
2026-09-01,John Burroughs,3,Lutheran St. Charles,2
2026-09-01,Houston,3,Lutie,0
2026-09-01,Gloria Deo Academy,3,Mansfield,0
2026-09-01,Hancock,0,Maplewood-Richmond Hts.,2
2026-09-01,Valley Park,0,Maplewood-Richmond Hts.,2
2026-09-01,Forsyth,1,Marionville,3
2026-09-01,Parkway Central,0,Marquette,3
2026-09-01,Hazelwood West,3,McKinley Classical Leadership,0
2026-09-01,Eugene,3,Mexico,1
2026-09-01,Rich Hill,3,Miami (Amoret),0
2026-09-01,Excelsior Springs,0,Mid-Buchanan,3
2026-09-01,Spokane,0,Miller,3
2026-09-01,Strafford,2,Monett,1
2026-09-01,Hermann,3,Montgomery County,1
2026-09-01,Conway,0,Mountain Grove,3
2026-09-01,Cassville,3,Neosho,0
2026-09-01,Pleasant Hill,3,Nevada,1
2026-09-01,Lockwood,3,New Heights Christian,0
2026-09-01,New Bloomfield,0,North Callaway,3
2026-09-01,West Plains,3,Northeast (Kansas City),0
2026-09-01,Lutheran (Kansas City),0,Northland Christian,3
2026-09-01,Prairie Home,0,Northwest (Hughesville),3
2026-09-01,Farmington,3,Notre Dame (Cape Girardeau),2
2026-09-01,North Kansas City,3,Oak Park,1
2026-09-01,Northwest (Cedar Hill),0,Oakville,3
2026-09-01,Boonville,1,Odessa,3
2026-09-01,Risco,3,Oran,1
2026-09-01,Maysville,3,Orrick,1
2026-09-01,Smith-Cotton,1,Osage,3
2026-09-01,Linn,3,Owensville,2
2026-09-01,Fox,0,Pacific,3
2026-09-01,Park Hill,3,Park Hill South,0
2026-09-01,Visitation Academy,1,Pattonville,3
2026-09-01,South Harrison,3,Penney,0
2026-09-01,Woodland,1,Perryville,3
2026-09-01,Billings,3,Pierce City,0
2026-09-01,Everton,0,Pleasant Hope,3
2026-09-01,Central (Cape Girardeau),2,Poplar Bluff,3
2026-09-01,St. Vincent,1,Portageville,3
2026-09-01,West County,0,Potosi,3
2026-09-01,Scott City,3,Puxico,2
2026-09-01,William Chrisman,3,Raytown,0
2026-09-01,Central (Springfield),1,Reeds Spring,3
2026-09-01,Advance,3,Richland (Essex),0
2026-09-01,Van Horn,3,Ruskin,0
2026-09-01,Bowling Green,0,Russellville,3
2026-09-01,St. James,0,Salem,3
2026-09-01,East Buchanan,2,Savannah,3
2026-09-01,St. Pius X (Festus),1,Saxony Lutheran,3
2026-09-01,Niangua,0,School of the Ozarks,3
2026-09-01,Jefferson (Festus),0,Seckman,3
2026-09-01,McAuley Catholic,1,Seneca,3
2026-09-01,West Nodaway with Nodaway-Holt,3,South Holt with Craig,2
2026-09-01,St. Paul Lutheran (Farmington),3,South Iron,0
2026-09-01,North Pemiscot,3,South Pemiscot,0
2026-09-01,Bronaugh,0,Southwest (Washburn),3
2026-09-01,Ash Grove,3,Sparta,0
2026-09-01,Mt. Vernon,3,Springfield Catholic,0
2026-09-01,Ft. Zumwalt East,2,St. Charles,3
2026-09-01,Windsor (Imperial),3,St. Clair,1
2026-09-01,Francis Howell Central,0,St. Dominic,3
2026-09-01,Barstow,0,St. Michael the Archangel,3
2026-09-01,Pembroke Hill,1,St. Pius X (Kansas City),3
2026-09-01,Liberty North,3,Staley,0
2026-09-01,Laquey,0,Steelville,3
2026-09-01,Greenfield,1,Stockton,3
2026-09-01,Adrian,3,Stover,0
2026-09-01,Blair Oaks,1,Sullivan,3
2026-09-01,Bunker,2,Summersville,3
2026-09-01,Notre Dame de Sion,3,Summit Christian Academy,1
2026-09-01,Green Ridge,0,Sweet Springs,3
2026-09-01,North Nodaway,0,Tarkio with Fairfax,3
2026-09-01,Winona,3,Thayer,0
2026-09-01,Francis Howell,3,Timberland,1
2026-09-01,Dixon,0,Tipton,3
2026-09-01,Brookfield,0,Trenton,3
2026-09-01,Platte County,3,Truman,0
2026-09-01,Mound City,3,Union Star with King City,0
2026-09-01,Crossroads Prep Charter,0,University Academy Charter,3
2026-09-01,Ritenour,3,University City,0
2026-09-01,North County,0,Valle Catholic,3
2026-09-01,Hurley,1,Verona,3
2026-09-01,Kingston,3,Viburnum,2
2026-09-01,MICDS,3,Villa Duchesne,0
2026-09-01,Lincoln,1,Warsaw,3
2026-09-01,Warrenton,0,Washington,3
2026-09-01,Lindbergh,3,Webster Groves,2
2026-09-01,Lexington,3,Wellington-Napoleon,1
2026-09-01,Willow Springs,0,West Plains,3
2026-09-01,Sheldon,0,Wheaton,3
2026-09-01,Marshfield,3,Willard,1
2026-09-01,Kingsville,3,Windsor,0
2026-09-01,Hazelwood East,0,Winfield,3
2026-09-02,Lincoln,0,Archie,3
2026-09-02,Grandview (Hillsboro),0,Bayless,2
2026-09-02,Herculaneum,3,Bishop DuBourg,1
2026-09-02,Lafayette (Wildwood),3,Cor Jesu Academy,2
2026-09-02,Cardinal Ritter,0,Crystal City,3
2026-09-02,Southeast,0,Ewing Marion Kauffman,3
2026-09-02,Arcadia Valley,0,Farmington,3
2026-09-02,Poplar Bluff,3,Fox,1
2026-09-02,Parkway West,3,Francis Howell North,2
2026-09-02,Hancock,1,Grandview (Hillsboro),2
2026-09-02,Valley Park,0,Grandview (Hillsboro),2
2026-09-02,Principia,2,Hancock,0
2026-09-02,Crossroads College Preparatory,0,Hancock,2
2026-09-02,Rolla,0,Helias Catholic,3
2026-09-02,Richland (Essex),3,Kelly,0
2026-09-02,Scott City,3,Kennett,0
2026-09-02,Midway,3,Kingsville,1
2026-09-02,Northeast (Kansas City),0,KIPP KC Legacy,3
2026-09-02,Bunceton,0,La Monte,3
2026-09-02,Windsor,3,Leeton with Chilhowee,0
2026-09-02,University Academy Charter,0,Lincoln College Prep,3
2026-09-02,Eldon,1,Linn,3
2026-09-02,Parkway North,1,Lutheran St. Charles,3
2026-09-02,Kirksville,2,Mexico,3
2026-09-02,Appleton City with Montrose,3,Miami (Amoret),0
2026-09-02,McKinley Classical Leadership,3,Miller Career Academy,0
2026-09-02,Fatima,3,New Haven,2
2026-09-02,Lee's Summit North,3,North Kansas City,0
2026-09-02,Holt,1,North Point,3
2026-09-02,Excelsior Springs,0,Oak Grove,3
2026-09-02,Penney,0,Orrick,3
2026-09-02,Washington,3,Owensville,2
2026-09-02,Hillsboro,1,Potosi,3
2026-09-02,Tipton,3,Prairie Home,0
2026-09-02,Notre Dame (St. Louis),3,Ritenour,0
2026-09-02,Parkway South,0,Rockwood Summit,3
2026-09-02,Warsaw,3,Skyline,0
2026-09-02,Sweet Springs,3,Smithton,2
2026-09-02,St. Clair,0,St. Francis Borgia,3
2026-09-02,Ste. Genevieve,3,St. Paul Lutheran (Farmington),0
2026-09-02,Kirkwood,3,Ursuline Academy,1
2026-09-02,Truman,3,Van Horn,0
2026-09-02,West Plains,0,Vashon,3
2026-09-02,St. Michael the Archangel,3,Warrensburg,0
2026-09-02,Clayton,0,Westminster Christian Academy,3
2026-09-02,MICDS,3,Whitfield,0
2026-09-03,Clinton,2,Adrian,3
2026-09-03,Skyline,3,Appleton City with Montrose,0
2026-09-03,Lesterville,3,Arcadia Valley,2
2026-09-03,Clever,3,Aurora,0
2026-09-03,Sparta,0,Ava,3
2026-09-03,Koshkonong,0,Bakersfield,3
2026-09-03,Holden,0,Barstow,3
2026-09-03,Brentwood,1,Bayless,2
2026-09-03,Maplewood-Richmond Hts.,2,Bayless,0
2026-09-03,Bloomfield,2,Bernie,3
2026-09-03,Exeter,0,Blue Eye,3
2026-09-03,Park Hill South,1,Blue Springs,2
2026-09-03,Staley,1,Blue Springs South,3
2026-09-03,Battle,2,Bolivar,0
2026-09-03,Capital City,2,Bolivar,1
2026-09-03,California,3,Boonville,1
2026-09-03,Kingston,3,Bourbon,2
2026-09-03,School of the Ozarks,3,Bradleyville,0
2026-09-03,Helias Catholic,2,Branson,0
2026-09-03,Principia,2,Brentwood,1
2026-09-03,Viburnum,0,Bunker,3
2026-09-03,Dixon,0,Calvary Lutheran,3
2026-09-03,Marshfield,2,Camdenton,0
2026-09-03,Branson,2,Camdenton,0
2026-09-03,Logan-Rogersville,2,Camdenton,0
2026-09-03,Risco,0,Campbell,3
2026-09-03,Hickman,2,Carl Junction,1
2026-09-03,Capital City,1,Carl Junction,2
2026-09-03,Battle,2,Carl Junction,0
2026-09-03,Penney,0,Carrollton,3
2026-09-03,Cooter,3,Caruthersville,0
2026-09-03,Crossroads Prep Charter,3,Central (Kansas City),1
2026-09-03,Valle Catholic,3,Central (Park Hills),0
2026-09-03,Lebanon,3,Central (Springfield),0
2026-09-03,Trenton,1,Chillicothe,3
2026-09-03,Father Tolton,3,Christian Fellowship Sr.,0
2026-09-03,Richland (Essex),0,Clarkton,3
2026-09-03,Chamois,0,Columbia Independent,3
2026-09-03,Smithton,1,Concordia,3
2026-09-03,Vashon,3,Confluence Prep Academy Charter with Grand Center Arts Charter,1
2026-09-03,Incarnate Word Academy,1,Cor Jesu Academy,3
2026-09-03,Sacred Heart,2,Crest Ridge,3
2026-09-03,Bismarck,3,Crystal City,1
2026-09-03,St. Clair,3,Cuba,2
2026-09-03,Holcomb,3,Delta (Deering),1
2026-09-03,North County,3,DeSoto,1
2026-09-03,Pleasant Hope,1,Diamond,3
2026-09-03,Twin Rivers,2,Doniphan,3
2026-09-03,Gainesville,3,Dora,0
2026-09-03,Guadalupe Centers Charter,3,East (Kansas City),0
2026-09-03,Maryville,3,East Buchanan,1
2026-09-03,Pierce City,0,East Newton,3
2026-09-03,Oran,0,East Prairie,3
2026-09-03,Buffalo,2,El Dorado Springs,3
2026-09-03,Centralia,1,Eldon,3
2026-09-03,Cabool,3,Eminence,0
2026-09-03,Stover,3,Eugene,0
2026-09-03,St. Francis Borgia,0,Eureka,3
2026-09-03,Gloria Deo Academy,0,Everton,3
2026-09-03,Battle,2,Fair Grove,0
2026-09-03,Festus,1,Farmington,3
2026-09-03,Crane,2,Fordland,3
2026-09-03,Mountain Grove,3,Forsyth,0
2026-09-03,Truman,0,Fort Osage,3
2026-09-03,Troy Buchanan,2,Francis Howell Central,3
2026-09-03,Francis Howell,0,Ft. Zumwalt West,3
2026-09-03,Hollister,3,Galena,0
2026-09-03,Verona,1,Golden City,3
2026-09-03,Blue Springs,2,Grain Valley,0
2026-09-03,Park Hill South,2,Grain Valley,0
2026-09-03,Smithville,3,Grandview,0
2026-09-03,Ash Grove,3,Greenfield,0
2026-09-03,Oak Ridge,3,Greenville,0
2026-09-03,Central (New Madrid County),3,Hayti,0
2026-09-03,West County,3,Herculaneum,1
2026-09-03,Hillcrest,0,Hickman,2
2026-09-03,Fair Grove,0,Hickman,2
2026-09-03,Capital City,2,Hillcrest,0
2026-09-03,Smith-Cotton,2,Hillcrest,0
2026-09-03,St. Charles,0,Holt,3
2026-09-03,Wheaton,1,Hurley,3
2026-09-03,Dexter,0,Jackson,3
2026-09-03,McAuley Catholic,0,Jasper,3
2026-09-03,Ste. Genevieve,3,Jefferson (Festus),0
2026-09-03,Marshfield,0,Jefferson City,2
2026-09-03,West Plains,2,Jefferson City,0
2026-09-03,Branson,2,Jefferson City,1
2026-09-03,Lutheran South,0,John Burroughs,3
2026-09-03,Winnetonka,0,Kearney,3
2026-09-03,Charleston,0,Kennett,3
2026-09-03,Russellville,3,La Monte,1
2026-09-03,Affton,0,Ladue Horton Watkins,3
2026-09-03,St. Paul Lutheran (Concordia),0,Lafayette County,3
2026-09-03,Ballard,1,Lakeland,3
2026-09-03,Stockton,0,Lamar,3
2026-09-03,Mansfield,3,Laquey,0
2026-09-03,Cameron,2,Lawson,3
2026-09-03,Sweet Springs,3,Lexington,2
2026-09-03,Francis Howell North,3,Liberty (Wentzville),0
2026-09-03,Lee's Summit West,3,Liberty North,0
2026-09-03,Oakville,2,Lindbergh,3
2026-09-03,Billings,0,Lockwood,3
2026-09-03,Rock Bridge,2,Logan-Rogersville,0
2026-09-03,Helias Catholic,2,Logan-Rogersville,0
2026-09-03,Archie,2,Lone Jack,3
2026-09-03,Seymour,3,Lutie,0
2026-09-03,Principia,0,Maplewood-Richmond Hts.,2
2026-09-03,Greenwood,3,Marion C. Early,0
2026-09-03,Southwest (Washburn),0,Marionville,3
2026-09-03,St. Pius X (Festus),0,Marquette,3
2026-09-03,Fulton,2,Marshall,3
2026-09-03,Rock Bridge,2,Marshfield,0
2026-09-03,Gateway with Soldan International Studies,3,McCluer North,1
2026-09-03,Zalma,0,Meadow Heights,3
2026-09-03,Hume,3,Miami (Amoret),1
2026-09-03,Maysville,0,Mid-Buchanan,3
2026-09-03,Butler,3,Midway,1
2026-09-03,Rock Port,3,Mound City,2
2026-09-03,Webster Groves,3,Nerinx Hall,0
2026-09-03,Joplin,0,Nevada,3
2026-09-03,Belle,1,New Haven,3
2026-09-03,Montgomery County,0,North Callaway,3
2026-09-03,South Holt with Craig,3,North Nodaway,1
2026-09-03,West Nodaway with Nodaway-Holt,3,North Platte,0
2026-09-03,Ft. Zumwalt East,0,North Point,3
2026-09-03,West Platte,2,Northland Christian,3
2026-09-03,Seckman,3,Northwest (Cedar Hill),0
2026-09-03,Santa Fe,3,Northwest (Hughesville),0
2026-09-03,Potosi,3,Notre Dame (Cape Girardeau),0
2026-09-03,Central (St. Joseph),3,Oak Park,2
2026-09-03,Knob Noster,0,Odessa,3
2026-09-03,Winfield,0,Orchard Farm,3
2026-09-03,Blair Oaks,3,Osage,1
2026-09-03,Green Ridge,0,Osceola,3
2026-09-03,Kingsville,0,Otterville,3
2026-09-03,Liberty,1,Park Hill,3
2026-09-03,Monett,3,Parkview,0
2026-09-03,STEAM Academy,0,Parkway North,3
2026-09-03,St. Teresa's Academy,3,Pembroke Hill,0
2026-09-03,Conway,3,Plato,1
2026-09-03,Raytown,0,Platte County,3
2026-09-03,St. Michael the Archangel,3,Pleasant Hill,0
2026-09-03,Scott City,3,Portageville,1
2026-09-03,Bunceton,0,Prairie Home,3
2026-09-03,New Heights Christian,3,Purdy,0
2026-09-03,Lee's Summit,3,Raymore-Peculiar,1
2026-09-03,Ruskin,0,Raytown South,3
2026-09-03,Lathrop,3,Richmond,1
2026-09-03,Pattonville,0,Rockwood Summit,3
2026-09-03,Ritenour,3,Rosati-Kain,0
2026-09-03,Sullivan,3,Salem,0
2026-09-03,Cassville,1,Sarcoxie,3
2026-09-03,Southland,0,Senath-Hornersville,3
2026-09-03,Northeast Vernon County,0,Sheldon,3
2026-09-03,Drexel,3,Sherwood,0
2026-09-03,Bolivar,1,Smith-Cotton,2
2026-09-03,Fair Grove,2,Smith-Cotton,0
2026-09-03,Fredericktown,3,South Iron,0
2026-09-03,Malden,3,South Pemiscot,0
2026-09-03,New Bloomfield,0,Southern Boone,3
2026-09-03,Warrenton,3,St. Charles West,1
2026-09-03,Rolla,3,St. James,0
2026-09-03,Savannah,3,St. Joseph Christian,0
2026-09-03,Valley,0,St. Paul Lutheran (Farmington),3
2026-09-03,Hillsboro,3,St. Vincent,0
2026-09-03,Summersville,3,Thayer,1
2026-09-03,Ft. Zumwalt North,3,Timberland,2
2026-09-03,Versailles,3,Tipton,0
2026-09-03,Tarkio with Fairfax,3,Union Star with King City,1
2026-09-03,Lutheran North,3,University City,0
2026-09-03,St. Joseph's Academy,3,Ursuline Academy,1
2026-09-03,St. Dominic,3,Villa Duchesne,0
2026-09-03,Notre Dame (St. Louis),3,Visitation Academy,1
2026-09-03,Notre Dame de Sion,3,Warrensburg,0
2026-09-03,Ft. Zumwalt South,1,Washington,3
2026-09-03,Mt. Vernon,0,Webb City,2
2026-09-03,Plattsburg,1,Wellington-Napoleon,3
2026-09-03,Rock Bridge,1,West Plains,2
2026-09-03,Helias Catholic,2,West Plains,0
2026-09-03,Lutheran St. Charles,1,Westminster Christian Academy,3
2026-09-03,New Covenant Academy,3,Willard,0
2026-09-03,Belton,3,William Chrisman,0
2026-09-03,Reeds Spring,2,Willow Springs,3
2026-09-03,Union,3,Windsor (Imperial),2
2026-09-03,Bowling Green,0,Wright City,3
2026-09-04,Woodland,3,Bell City,1
2026-09-04,Advance,3,Bernie,0
2026-09-04,McKinley Classical Leadership,0,Bishop DuBourg,3
2026-09-04,North Pemiscot,3,Bloomfield,1
2026-09-04,Portageville,1,Campbell,3
2026-09-04,Belle,3,Chamois,0
2026-09-04,MICDS,3,Clayton,0
2026-09-04,West County,3,Clearwater,0
2026-09-04,Blue Eye,3,Crane,0
2026-09-04,Winona,3,Ellington,0
2026-09-04,Bakersfield,0,Eminence,3
2026-09-04,Niangua,0,Everton,3
2026-09-04,Chadwick,1,Fordland,3
2026-09-04,Bradleyville,0,Gainesville,3
2026-09-04,Veritas Christian Academy,1,Grandview (Hillsboro),3
2026-09-04,Kickapoo,1,Helias Catholic,2
2026-09-04,Nixa,1,Helias Catholic,2
2026-09-04,Kickapoo,2,Jefferson City,0
2026-09-04,Nixa,2,Jefferson City,0
2026-09-04,Perryville,3,Leopold,1
2026-09-04,Believe Acad Charter,0,McCluer North,3
2026-09-04,Oak Ridge,3,Meadow Heights,0
2026-09-04,Ladue Horton Watkins,0,Parkway South,3
2026-09-04,Seymour,0,Plato,3
2026-09-04,Hurley,1,Purdy,3
2026-09-04,Kelly,0,Puxico,3
2026-09-04,Cooter,1,Risco,3
2026-09-04,Metro,3,Rosati-Kain,0
2026-09-04,Clarkton,2,Senath-Hornersville,3
2026-09-04,Dixon,3,Steelville,0
2026-09-04,Cabool,3,Summersville,0
2026-09-04,Bunker,2,Valley,3
2026-09-04,Bourbon,1,Viburnum,3
2026-09-05,University Academy Charter,1,Center,1
2026-09-05,Grandview,1,Center,1
2026-09-05,William Chrisman,0,Center,2
2026-09-05,Raytown,0,Center,1
2026-09-05,Neosho,0,Clinton,2
2026-09-05,Lamar,0,Clinton,2
2026-09-05,Joplin,0,Clinton,2
2026-09-05,Lone Jack,0,Clinton,2
2026-09-05,Harrisonville,0,Clinton,2
2026-09-05,Nevada,2,Clinton,1
2026-09-05,Galena,0,Everton,2
2026-09-05,Gloria Deo Academy,0,Everton,2
2026-09-05,McAuley Catholic,0,Everton,2
2026-09-05,Verona,1,Everton,1
2026-09-05,Northeast Vernon County,0,Everton,2
2026-09-05,Southwest (Washburn),0,Exeter,2
2026-09-05,Gloria Deo Academy,2,Exeter,0
2026-09-05,McAuley Catholic,2,Exeter,0
2026-09-05,Webb City,0,Farmington,3
2026-09-05,Verona,0,Galena,2
2026-09-05,McAuley Catholic,0,Galena,2
2026-09-05,Northeast Vernon County,0,Galena,2
2026-09-05,Southwest (Washburn),2,Golden City,0
2026-09-05,Exeter,1,Golden City,1
2026-09-05,Gloria Deo Academy,2,Golden City,0
2026-09-05,University Academy Charter,1,Grandview,1
2026-09-05,Nevada,1,Harrisonville,1
2026-09-05,Knob Noster,0,Harrisonville,2
2026-09-05,McDonald County,0,Harrisonville,2
2026-09-05,Lutheran South,2,Hermann,0
2026-09-05,St. Francis Borgia,2,Holt,0
2026-09-05,Washington,1,Holt,2
2026-09-05,Liberty (Wentzville),2,Holt,0
2026-09-05,Lamar,1,Joplin,1
2026-09-05,Nevada,2,Joplin,0
2026-09-05,Lone Jack,0,Joplin,2
2026-09-05,Neosho,0,Joplin,2
2026-09-05,Nevada,2,Knob Noster,0
2026-09-05,McDonald County,1,Knob Noster,1
2026-09-05,Lone Jack,2,Knob Noster,1
2026-09-05,Lone Jack,2,Lamar,0
2026-09-05,Neosho,0,Lamar,2
2026-09-05,Southwest (Washburn),0,Lockwood,2
2026-09-05,Exeter,0,Lockwood,2
2026-09-05,Golden City,0,Lockwood,2
2026-09-05,Gloria Deo Academy,0,Lockwood,2
2026-09-05,Galena,0,Lockwood,2
2026-09-05,Everton,0,Lockwood,2
2026-09-05,Neosho,0,Lone Jack,2
2026-09-05,Nevada,2,McDonald County,0
2026-09-05,Neosho,2,McDonald County,0
2026-09-05,McAuley Catholic,2,Northeast Vernon County,0
2026-09-05,Verona,2,Northeast Vernon County,0
2026-09-05,St. Clair,2,Oakville,0
2026-09-05,Lutheran South,0,Orchard Farm,2
2026-09-05,Staley,0,Park Hill,2
2026-09-05,Staley,2,Park Hill South,0
2026-09-05,University Academy Charter,1,Raytown,1
2026-09-05,Grandview,2,Raytown,0
2026-09-05,Van Horn,0,Raytown,2
2026-09-05,William Chrisman,1,Raytown South,1
2026-09-05,Ewing Marion Kauffman,0,Raytown South,2
2026-09-05,Van Horn,1,Raytown South,1
2026-09-05,Grandview,2,Raytown South,0
2026-09-05,Gloria Deo Academy,1,Southwest (Washburn),1
2026-09-05,Verona,2,Southwest (Washburn),1
2026-09-05,Liberty (Wentzville),0,St. Francis Borgia,2
2026-09-05,Washington,1,Timberland,1
2026-09-05,St. Francis Borgia,2,Timberland,0
2026-09-05,Lutheran South,0,Timberland,2
2026-09-05,Liberty (Wentzville),2,Timberland,1
2026-09-05,St. Francis Borgia,1,Union,1
2026-09-05,Holt,2,Union,0
2026-09-05,Liberty (Wentzville),1,Union,1
2026-09-05,Lutheran South,2,Union,1
2026-09-05,Ewing Marion Kauffman,0,University Academy Charter,2
2026-09-05,William Chrisman,2,Van Horn,0
2026-09-05,Ewing Marion Kauffman,0,Van Horn,2
2026-09-05,McAuley Catholic,1,Verona,1
2026-09-05,Lutheran South,1,Washington,1
2026-09-05,Ewing Marion Kauffman,0,William Chrisman,2
2026-09-07,Marshall,3,Brookfield,0
2026-09-07,Trenton,0,Cameron,3
2026-09-07,Seneca,0,Crane,3
2026-09-07,Holcomb,3,Hayti,0
2026-09-07,Spokane,2,Hollister,3
2026-09-07,Clinton,3,Knob Noster,0
2026-09-07,Diamond,0,Lamar,3
2026-09-07,Aurora,1,Marshfield,3
2026-09-07,New Heights Christian,3,McAuley Catholic,0
2026-09-07,Monett,3,Neosho,0
2026-09-07,East Prairie,0,North Pemiscot,3
2026-09-07,Warsaw,3,Osceola,1
2026-09-07,Laquey,0,Plato,3
2026-09-07,Central (Springfield),0,Republic,3
2026-09-07,Jasper,3,Rich Hill,1
2026-09-07,Concordia,3,Sacred Heart,0
2026-09-08,Crest Ridge,0,Adrian,3
2026-09-08,Potosi,3,Arcadia Valley,0
2026-09-08,Barstow,3,Archie,2
2026-09-08,Pleasant Hope,0,Ash Grove,3
2026-09-08,Forsyth,3,Aurora,2
2026-09-08,Drexel,3,Ballard,1
2026-09-08,Crossroads College Preparatory,0,Bayless,3
2026-09-08,Zalma,0,Bell City,3
2026-09-08,Fort Osage,1,Belton,3
2026-09-08,Excelsior Springs,0,Benton,3
2026-09-08,Conway,1,Billings,3
2026-09-08,Hermann,0,Blair Oaks,3
2026-09-08,Liberty North,3,Blue Springs South,1
2026-09-08,Parkview,0,Bolivar,3
2026-09-08,Cuba,3,Bourbon,0
2026-09-08,Montgomery County,3,Bowling Green,2
2026-09-08,Hume,3,Bronaugh,0
2026-09-08,Couch,3,Bunker,1
2026-09-08,West Plains,3,Camdenton,1
2026-09-08,Bernie,0,Campbell,3
2026-09-08,Miller Career Academy,0,Cardinal Ritter,3
2026-09-08,Lincoln College Prep,3,Center,2
2026-09-08,Joplin,3,Central (Springfield),1
2026-09-08,Lee's Summit North,3,Central (St. Joseph),0
2026-09-08,Boonville,3,Centralia,0
2026-09-08,Otterville,3,Chamois,0
2026-09-08,Oak Ridge,3,Charleston,0
2026-09-08,Gideon,3,Clarkton,0
2026-09-08,Parkway Central,3,Clayton,0
2026-09-08,Meadow Heights,3,Clearwater,0
2026-09-08,Cassville,1,Clever,3
2026-09-08,Versailles,0,Clinton,3
2026-09-08,Russellville,0,Cole Camp,3
2026-09-08,Bishop DuBourg,2,Collegiate School of Med-Bio Science,3
2026-09-08,La Monte,1,Columbia Independent,3
2026-09-08,McKinley Classical Leadership,3,Confluence Prep Academy Charter with Grand Center Arts Charter,1
2026-09-08,Delta (Deering),3,Cooter,2
2026-09-08,Chadwick,0,Crane,3
2026-09-08,Central (Park Hills),3,DeSoto,0
2026-09-08,Central (Cape Girardeau),0,Dexter,3
2026-09-08,Maysville,0,East Buchanan,3
2026-09-08,Diamond,0,East Newton,3
2026-09-08,Neosho,3,El Dorado Springs,1
2026-09-08,Eugene,0,Eldon,3
2026-09-08,Lesterville,1,Ellington,3
2026-09-08,Northland Christian,1,Faith Christian Academy,3
2026-09-08,Osage,3,Father Tolton,0
2026-09-08,Linn,2,Fatima,3
2026-09-08,Oakville,3,Fox,0
2026-09-08,North Point,3,Francis Howell,1
2026-09-08,Troy Buchanan,3,Ft. Zumwalt North,2
2026-09-08,North Callaway,3,Fulton,1
2026-09-08,Seymour,0,Gainesville,3
2026-09-08,Truman,0,Grain Valley,3
2026-09-08,Ewing Marion Kauffman,2,Grandview,3
2026-09-08,Christian Fellowship Sr.,0,Green Ridge,3
2026-09-08,Everton,0,Greenfield,3
2026-09-08,St. Paul Lutheran (Farmington),3,Greenville,2
2026-09-08,Crossroads Prep Charter,3,Guadalupe Centers Charter,0
2026-09-08,Hazelwood East,3,Hazelwood Central,0
2026-09-08,Ste. Genevieve,3,Herculaneum,0
2026-09-08,Willard,2,Hillcrest,0
2026-09-08,Farmington,3,Hillsboro,0
2026-09-08,Senath-Hornersville,0,Holcomb,3
2026-09-08,Oak Grove,3,Holden,0
2026-09-08,Ava,1,Hollister,3
2026-09-08,Ft. Zumwalt South,0,Holt,3
2026-09-08,Summersville,2,Houston,3
2026-09-08,Bradleyville,0,Hurley,3
2026-09-08,Poplar Bluff,0,Jackson,3
2026-09-08,Seneca,0,Jasper,3
2026-09-08,McCluer,2,Jennings,3
2026-09-08,Lutheran North,0,John Burroughs,3
2026-09-08,Doniphan,1,Kennett,3
2026-09-08,Dora,3,Koshkonong,0
2026-09-08,MICDS,3,Ladue Horton Watkins,0
2026-09-08,Cameron,2,Lathrop,3
2026-09-08,Stover,2,Lawson,1
2026-09-08,Blue Springs,0,Lee's Summit,3
2026-09-08,Appleton City with Montrose,3,Leeton with Chilhowee,0
2026-09-08,Lone Jack,3,Lexington,0
2026-09-08,Park Hill South,2,Liberty,3
2026-09-08,Strafford,3,Liberty (Mountain View),0
2026-09-08,Willow Springs,0,Licking,3
2026-09-08,Mehlville,3,Lindbergh,0
2026-09-08,Buffalo,0,Logan-Rogersville,3
2026-09-08,Central (New Madrid County),0,Malden,3
2026-09-08,Greenwood,3,Mansfield,0
2026-09-08,Gloria Deo Academy,3,Marion C. Early,1
2026-09-08,Kirkwood,3,Marquette,0
2026-09-08,Warrensburg,3,Marshall,0
2026-09-08,Bishop LeBlond,2,Maryville,3
2026-09-08,Northeast Vernon County,0,McAuley Catholic,3
2026-09-08,Affton,3,Metro,0
2026-09-08,Hallsville,3,Mexico,0
2026-09-08,Sarcoxie,1,Miller,3
2026-09-08,Rolla,0,Mountain Grove,3
2026-09-08,Carl Junction,3,Mt. Vernon,0
2026-09-08,Villa Duchesne,0,Nerinx Hall,3
2026-09-08,Calvary Lutheran,3,New Bloomfield,0
2026-09-08,Galena,0,New Covenant Academy,3
2026-09-08,Pierce City,3,New Heights Christian,2
2026-09-08,Raytown,0,North Kansas City,3
2026-09-08,University Academy Charter,3,North Platte,0
2026-09-08,Ursuline Academy,3,Notre Dame (St. Louis),0
2026-09-08,Lafayette County,0,Odessa,3
2026-09-08,Advance,3,Oran,0
2026-09-08,Liberty (Wentzville),2,Orchard Farm,3
2026-09-08,Carrollton,3,Orrick,0
2026-09-08,Belle,0,Owensville,3
2026-09-08,Oak Park,0,Park Hill,3
2026-09-08,Parkway South,3,Parkway West,2
2026-09-08,Cristo Rey,0,Paseo Academy,3
2026-09-08,Pleasant Hill,1,Pembroke Hill,3
2026-09-08,Wellington-Napoleon,3,Penney,0
2026-09-08,Leopold,2,Perryville,3
2026-09-08,Cabool,3,Plato,0
2026-09-08,Hayti,0,Portageville,3
2026-09-08,Maplewood-Richmond Hts.,3,Principia,0
2026-09-08,Van Horn,1,Raytown South,3
2026-09-08,Golden City,3,Rich Hill,1
2026-09-08,Bloomfield,0,Richland (Essex),3
2026-09-08,Union Star with King City,0,Rock Port,3
2026-09-08,Eureka,3,Rockwood Summit,0
2026-09-08,Kearney,3,Ruskin,0
2026-09-08,Eminence,2,Salem,3
2026-09-08,Lawson,2,Santa Fe,0
2026-09-08,Stover,2,Santa Fe,0
2026-09-08,St. Vincent,0,Saxony Lutheran,3
2026-09-08,Blue Eye,3,School of the Ozarks,0
2026-09-08,Fredericktown,3,Scott City,0
2026-09-08,Lakeland,3,Sheldon,1
2026-09-08,Notre Dame (Cape Girardeau),3,Sikeston,2
2026-09-08,Tipton,0,Skyline,3
2026-09-08,California,3,Smith-Cotton,2
2026-09-08,Winnetonka,0,Smithville,3
2026-09-08,St. Joseph Christian,3,South Harrison,0
2026-09-08,Mound City,3,South Holt with Craig,0
2026-09-08,KIPP KC Legacy,3,Southeast,0
2026-09-08,South Pemiscot,3,Southland,0
2026-09-08,Sparta,0,Spokane,3
2026-09-08,Branson,3,Springfield Catholic,0
2026-09-08,Whitfield,3,St. Charles,2
2026-09-08,St. Joseph's Academy,0,St. Dominic,3
2026-09-08,New Haven,0,St. Francis Borgia,3
2026-09-08,Lee's Summit West,3,St. Michael the Archangel,1
2026-09-08,Summit Christian Academy,3,St. Paul Lutheran (Concordia),0
2026-09-08,Raymore-Peculiar,2,Staley,3
2026-09-08,Osceola,3,Stockton,0
2026-09-08,Waynesville,0,Sullivan,3
2026-09-08,Northwest (Hughesville),0,Sweet Springs,3
2026-09-08,Bakersfield,0,Thayer,3
2026-09-08,Exeter,0,Thomas Jefferson Independent Day,3
2026-09-08,Ft. Zumwalt West,3,Timberland,0
2026-09-08,Plattsburg,3,Trenton,0
2026-09-08,Risco,0,Twin Rivers,3
2026-09-08,Washington,3,Union,1
2026-09-08,McCluer North,0,University City,3
2026-09-08,Festus,3,Valle Catholic,1
2026-09-08,Crystal City,3,Valley,1
2026-09-08,Brentwood,3,Valley Park,0
2026-09-08,St. Charles West,3,Veritas Christian Academy,0
2026-09-08,Southwest (Washburn),0,Verona,3
2026-09-08,St. James,0,Viburnum,3
2026-09-08,Jefferson (Festus),2,Webster Groves,1
2026-09-08,South Iron,2,West County,3
2026-09-08,Tarkio with Fairfax,0,West Nodaway with Nodaway-Holt,3
2026-09-08,Francis Howell Central,1,Westminster Christian Academy,3
2026-09-08,Platte County,3,William Chrisman,0
2026-09-08,Sherwood,3,Windsor,2
2026-09-08,Ft. Zumwalt East,0,Winfield,3
2026-09-08,Puxico,0,Woodland,3
2026-09-09,East (Kansas City),0,Academie Lafayette,3
2026-09-09,Villa Duchesne,3,Affton,1
2026-09-09,Ballard,0,Archie,3
2026-09-09,Portageville,3,Bernie,0
2026-09-09,Southern Boone,3,Camdenton,2
2026-09-09,Hazelwood West,3,Cardinal Ritter,0
2026-09-09,Central (Cape Girardeau),3,Central (New Madrid County),1
2026-09-09,Brookfield,1,Chillicothe,2
2026-09-09,Miller,1,Clever,3
2026-09-09,Concordia,0,Cole Camp,3
2026-09-09,Rosati-Kain,0,Collegiate School of Med-Bio Science,3
2026-09-09,Prairie Home,0,Columbia Independent,3
2026-09-09,Francis Howell North,3,Duchesne,1
2026-09-09,Oakville,0,Festus,3
2026-09-09,Vashon,3,Gateway with Soldan International Studies,0
2026-09-09,Miller Career Academy,0,Gateway Science Charter,3
2026-09-09,Bismarck,3,Grandview (Hillsboro),0
2026-09-09,Maplewood-Richmond Hts.,0,Hancock,3
2026-09-09,Holt,0,Hannibal,3
2026-09-09,Excelsior Springs,0,Harrisonville,3
2026-09-09,Parkway North,3,Hazelwood East,0
2026-09-09,Hickman,0,Jefferson City,3
2026-09-09,Meadow Heights,3,Kelly,0
2026-09-09,Lincoln,1,Lakeland,3
2026-09-09,Raytown South,0,Lincoln College Prep,3
2026-09-09,West Plains,0,McKinley Classical Leadership,3
2026-09-09,Mexico,0,North Callaway,3
2026-09-09,Scott City,0,Notre Dame (Cape Girardeau),3
2026-09-09,Savannah,0,Oak Grove,3
2026-09-09,St. Paul Lutheran (Farmington),0,Oak Ridge,3
2026-09-09,Northeast (Kansas City),0,Paseo Academy,3
2026-09-09,Lexington,3,Penney,0
2026-09-09,Hillsboro,1,Potosi,3
2026-09-09,Dexter,3,Richland (Essex),0
2026-09-09,Northwest (Cedar Hill),3,Ritenour,0
2026-09-09,Sweet Springs,0,Sacred Heart,3
2026-09-09,Windsor (Imperial),0,Seckman,3
2026-09-09,Saxony Lutheran,3,Sikeston,0
2026-09-09,Leeton with Chilhowee,0,Smithton,3
2026-09-09,East Buchanan,3,South Harrison,0
2026-09-09,Jackson,3,St. Pius X (Festus),0
2026-09-09,Mehlville,3,STEAM Academy,0
2026-09-09,Potosi,3,Steelville,0
2026-09-09,Jennings,0,Valley Park,3
2026-09-09,Sullivan,3,Warrenton,0
2026-09-09,Pacific,3,Washington,2
2026-09-09,Lutheran South,3,Whitfield,0
2026-09-10,Clayton,3,Affton,2
2026-09-10,El Dorado Springs,3,Appleton City with Montrose,1
2026-09-10,Parkview,0,Aurora,3
2026-09-10,Forsyth,0,Ava,3
2026-09-10,Ladue Horton Watkins,3,Bayless,1
2026-09-10,Cuba,3,Belle,0
2026-09-10,Bell City,3,Bernie,0
2026-09-10,Lift for Life Academy Charter,3,Bishop DuBourg,1
2026-09-10,Boonville,0,Blair Oaks,3
2026-09-10,Liberty North,3,Blue Springs,2
2026-09-10,Veritas Christian Academy,0,Bowling Green,3
2026-09-10,New Covenant Academy,3,Branson,0
2026-09-10,Golden City,3,Bronaugh,0
2026-09-10,Skyline,3,Buffalo,0
2026-09-10,Arcadia Valley,3,Bunker,0
2026-09-10,Winona,3,Cabool,2
2026-09-10,Eldon,1,California,3
2026-09-10,Benton,3,Cameron,0
2026-09-10,Nevada,3,Carl Junction,0
2026-09-10,Trenton,3,Carrollton,1
2026-09-10,Glendale,1,Carthage,3
2026-09-10,Campbell,3,Caruthersville,0
2026-09-10,Hillcrest,3,Cassville,1
2026-09-10,Van Horn,0,Center,3
2026-09-10,Ewing Marion Kauffman,3,Central (Kansas City),0
2026-09-10,Herculaneum,0,Central (Park Hills),3
2026-09-10,Smithville,2,Central (St. Joseph),0
2026-09-10,Father Tolton,3,Centralia,0
2026-09-10,Chamois,0,Christian Fellowship Sr.,3
2026-09-10,Smith-Cotton,0,Clinton,3
2026-09-10,Rosati-Kain,3,Confluence Prep Academy Charter with Grand Center Arts Charter,0
2026-09-10,East Prairie,3,Cooter,0
2026-09-10,Visitation Academy,0,Cor Jesu Academy,3
2026-09-10,Wheaton,0,Crane,3
2026-09-10,Green Ridge,0,Crest Ridge,3
2026-09-10,Northeast (Kansas City),0,Crossroads Prep Charter,3
2026-09-10,Fredericktown,3,DeSoto,0
2026-09-10,Bradleyville,0,Dora,3
2026-09-10,Lone Jack,3,Drexel,0
2026-09-10,Fulton,3,Eugene,0
2026-09-10,Billings,3,Everton,0
2026-09-10,Chillicothe,3,Excelsior Springs,0
2026-09-10,Marshfield,3,Fair Grove,2
2026-09-10,Hermann,3,Fatima,0
2026-09-10,Ash Grove,3,Fordland,0
2026-09-10,William Chrisman,0,Fort Osage,3
2026-09-10,Francis Howell Central,2,Francis Howell North,3
2026-09-10,Cristo Rey,3,Frontier STEM,0
2026-09-10,Ft. Zumwalt North,3,Ft. Zumwalt South,2
2026-09-10,Principia,3,Gateway Science Charter,0
2026-09-10,Holcomb,0,Gideon,3
2026-09-10,KIPP KC Legacy,2,Guadalupe Centers Charter,3
2026-09-10,Battle,3,Hallsville,0
2026-09-10,Gateway with Soldan International Studies,0,Hancock,3
2026-09-10,Holden,0,Harrisonville,3
2026-09-10,Southland,0,Hayti,3
2026-09-10,University City,1,Hazelwood East,3
2026-09-10,Hickman,0,Helias Catholic,3
2026-09-10,Warrenton,0,Holt,3
2026-09-10,Valle Catholic,3,Jefferson (Festus),0
2026-09-10,Hazelwood Central,3,Jennings,1
2026-09-10,Westminster Christian Academy,3,John Burroughs,2
2026-09-10,Lebanon,0,Joplin,3
2026-09-10,Grandview,0,Kearney,3
2026-09-10,Malden,3,Kennett,1
2026-09-10,Parkway Central,0,Kirkwood,3
2026-09-10,Warsaw,3,Knob Noster,0
2026-09-10,Mansfield,0,Koshkonong,3
2026-09-10,Lindbergh,0,Lafayette (Wildwood),3
2026-09-10,Santa Fe,2,Lafayette County,3
2026-09-10,East Buchanan,3,Lathrop,0
2026-09-10,West Platte,3,Lawson,2
2026-09-10,Lee's Summit West,3,Lee's Summit,0
2026-09-10,Park Hill,0,Lee's Summit North,3
2026-09-10,Lamar,3,Liberal,1
2026-09-10,Eminence,0,Liberty (Mountain View),3
2026-09-10,Francis Howell,1,Liberty (Wentzville),3
2026-09-10,Houston,0,Licking,3
2026-09-10,Jasper,0,Lockwood,3
2026-09-10,MICDS,3,Lutheran North,0
2026-09-10,South Holt with Craig,3,Maysville,0
2026-09-10,STEAM Academy,3,McCluer North,0
2026-09-10,Webster Groves,3,Mehlville,0
2026-09-10,Marshall,2,Mexico,3
2026-09-10,Penney,0,Mid-Buchanan,3
2026-09-10,Hollister,3,Mountain Grove,0
2026-09-10,Clever,2,Mt. Vernon,3
2026-09-10,Kickapoo,3,Neosho,0
2026-09-10,Montgomery County,3,New Haven,0
2026-09-10,Conway,3,Niangua,0
2026-09-10,Kingston,1,North County,3
2026-09-10,Union Star with King City,3,North Nodaway,2
2026-09-10,Clarkton,0,North Pemiscot,3
2026-09-10,Concordia,3,Northwest (Hughesville),0
2026-09-10,Liberty,3,Oak Park,0
2026-09-10,Versailles,1,Osage,3
2026-09-10,Butler,3,Osceola,2
2026-09-10,New Bloomfield,0,Otterville,3
2026-09-10,Salem,0,Owensville,3
2026-09-10,North Kansas City,3,Park Hill South,0
2026-09-10,Hazelwood West,0,Parkway South,3
2026-09-10,Eureka,3,Parkway West,0
2026-09-10,Parkway North,3,Pattonville,2
2026-09-10,Southwest (Washburn),0,Pierce City,3
2026-09-10,Grain Valley,0,Platte County,3
2026-09-10,North Platte,0,Plattsburg,3
2026-09-10,Notre Dame de Sion,2,Pleasant Hill,3
2026-09-10,Chadwick,1,Pleasant Hope,3
2026-09-10,Charleston,0,Portageville,3
2026-09-10,Bismarck,0,Potosi,3
2026-09-10,La Monte,3,Prairie Home,0
2026-09-10,Richland (Essex),0,Puxico,3
2026-09-10,Blue Springs South,1,Raymore-Peculiar,3
2026-09-10,Belton,3,Raytown,0
2026-09-10,Blue Eye,3,Reeds Spring,1
2026-09-10,Waynesville,0,Republic,3
2026-09-10,Orrick,0,Richmond,3
2026-09-10,Delta (Deering),0,Risco,3
2026-09-10,Tarkio with Fairfax,0,Rock Port,3
2026-09-10,Capital City,3,Rolla,1
2026-09-10,Stover,3,Russellville,1
2026-09-10,Tipton,3,Sacred Heart,0
2026-09-10,New Heights Christian,3,Sarcoxie,2
2026-09-10,Rockwood Summit,1,Seckman,3
2026-09-10,Diamond,3,Seneca,0
2026-09-10,Gloria Deo Academy,3,Seymour,2
2026-09-10,Adrian,3,Sherwood,0
2026-09-10,Calvary Lutheran,3,Smithton,2
2026-09-10,Staley,2,Smithville,1
2026-09-10,Senath-Hornersville,3,South Pemiscot,2
2026-09-10,Linn,2,Southern Boone,3
2026-09-10,Gainesville,3,Sparta,1
2026-09-10,Marionville,0,Spokane,3
2026-09-10,Monett,2,Springfield Catholic,3
2026-09-10,Orchard Farm,3,St. Charles West,0
2026-09-10,Notre Dame (St. Louis),0,St. Dominic,3
2026-09-10,Lutheran St. Charles,0,St. Francis Borgia,3
2026-09-10,Lexington,0,St. Paul Lutheran (Concordia),3
2026-09-10,Odessa,1,St. Pius X (Kansas City),3
2026-09-10,Central (St. Joseph),0,Staley,2
2026-09-10,Perryville,3,Ste. Genevieve,2
2026-09-10,Bolivar,1,Stockton,3
2026-09-10,West Plains,3,Strafford,2
2026-09-10,Wellington-Napoleon,0,Sweet Springs,3
2026-09-10,Doniphan,2,Thayer,3
2026-09-10,Northeast Vernon County,0,Thomas Jefferson Independent Day,3
2026-09-10,North Point,3,Timberland,0
2026-09-10,Ft. Zumwalt West,3,Troy Buchanan,0
2026-09-10,Ruskin,0,Truman,3
2026-09-10,Incarnate Word Academy,3,Ursuline Academy,1
2026-09-10,Purdy,1,Verona,3
2026-09-10,Summit Christian Academy,1,Warrensburg,3
2026-09-10,Ft. Zumwalt East,0,Washington,3
2026-09-10,Nixa,3,Webb City,0
2026-09-10,Mound City,3,West Nodaway with Nodaway-Holt,0
2026-09-10,Ozark,3,Willard,0
2026-09-10,Summersville,3,Willow Springs,0
2026-09-10,St. Charles,1,Winfield,3
2026-09-10,Raytown South,3,Winnetonka,0
2026-09-11,Ellington,0,Advance,2
2026-09-11,Hillsboro,2,Advance,0
2026-09-11,Perryville,1,Arcadia Valley,1
2026-09-11,Notre Dame (Cape Girardeau),2,Arcadia Valley,0
2026-09-11,Collegiate School of Med-Bio Science,0,Bayless,3
2026-09-11,Gideon,1,Bell City,1
2026-09-11,Greenville,0,Bernie,2
2026-09-11,Valley,1,Bernie,1
2026-09-11,Perryville,1,Bismarck,1
2026-09-11,Portageville,1,Bismarck,1
2026-09-11,New Haven,0,Bloomfield,2
2026-09-11,Lesterville,1,Bloomfield,1
2026-09-11,Hurley,0,Blue Eye,3
2026-09-11,Kirkwood,0,Blue Springs,2
2026-09-11,Francis Howell,2,Blue Springs,1
2026-09-11,Incarnate Word Academy,2,Blue Springs South,0
2026-09-11,Eureka,2,Blue Springs South,0
2026-09-11,Ballard,3,Bronaugh,0
2026-09-11,Scott City,1,Campbell,1
2026-09-11,Clarkton,2,Central (Cape Girardeau),0
2026-09-11,Winona,1,Central (Cape Girardeau),1
2026-09-11,Leopold,2,Central (Cape Girardeau),0
2026-09-11,Summersville,0,Central (New Madrid County),2
2026-09-11,Kennett,0,Central (Park Hills),2
2026-09-11,Niangua,2,Chadwick,1
2026-09-11,St. Paul Lutheran (Farmington),0,Clearwater,2
2026-09-11,Clarkton,0,Crystal City,2
2026-09-11,Meadow Heights,1,Crystal City,1
2026-09-11,Portageville,0,Dexter,2
2026-09-11,Arcadia Valley,2,Dexter,0
2026-09-11,Sikeston,2,Doniphan,0
2026-09-11,Villa Duchesne,1,Doniphan,1
2026-09-11,Oran,0,Doniphan,2
2026-09-11,Hazelwood West,0,East Prairie,2
2026-09-11,Oak Ridge,2,East Prairie,0
2026-09-11,Valle Catholic,2,Ellington,0
2026-09-11,St. Paul Lutheran (Farmington),0,Eminence,2
2026-09-11,Jefferson City,2,Eureka,0
2026-09-11,School of the Ozarks,3,Everton,2
2026-09-11,Golden City,3,Exeter,2
2026-09-11,Kirkwood,2,Francis Howell,1
2026-09-11,Westminster Christian Academy,2,Francis Howell Central,0
2026-09-11,Jackson,2,Francis Howell Central,0
2026-09-11,Fordland,1,Gainesville,3
2026-09-11,Greenfield,3,Galena,0
2026-09-11,Jefferson (Festus),0,Gideon,2
2026-09-11,West County,2,Grandview (Hillsboro),0
2026-09-11,Campbell,2,Grandview (Hillsboro),0
2026-09-11,Southland,0,Hazelwood West,2
2026-09-11,Woodland,1,Hillsboro,1
2026-09-11,Lutheran North,1,Holcomb,1
2026-09-11,St. Francis Borgia,1,Incarnate Word Academy,2
2026-09-11,Westminster Christian Academy,0,Jackson,2
2026-09-11,St. Francis Borgia,2,Jefferson City,1
2026-09-11,St. Dominic,2,Kickapoo,0
2026-09-11,Rockwood Summit,0,Kickapoo,2
2026-09-11,Parkway South,2,Kingston,0
2026-09-11,South Iron,1,Kingston,1
2026-09-11,Kingsville,0,La Monte,3
2026-09-11,Lee's Summit,1,Lafayette (Wildwood),2
2026-09-11,Ozark,0,Lafayette (Wildwood),2
2026-09-11,Ozark,1,Lee's Summit,2
2026-09-11,Cor Jesu Academy,2,Lee's Summit North,1
2026-09-11,St. Vincent,0,Leopold,2
2026-09-11,Viburnum,0,Lesterville,2
2026-09-11,Oran,0,Licking,2
2026-09-11,Rock Bridge,2,Lutheran St. Charles,1
2026-09-11,Eminence,1,Malden,1
2026-09-11,Clearwater,1,Malden,1
2026-09-11,Purdy,3,Marion C. Early,0
2026-09-11,Oakville,2,Marquette,0
2026-09-11,Nixa,2,Marquette,1
2026-09-11,Sheldon,3,Miami (Amoret),1
2026-09-11,Viburnum,0,New Haven,2
2026-09-11,South Iron,1,North Pemiscot,1
2026-09-11,Central (New Madrid County),0,Northwest (Cedar Hill),2
2026-09-11,Zalma,0,Northwest (Cedar Hill),2
2026-09-11,Southland,0,Oak Ridge,2
2026-09-11,Oran,0,Oak Ridge,2
2026-09-11,Nixa,2,Oakville,0
2026-09-11,Puxico,2,Oran,0
2026-09-11,Calvary Lutheran,0,Otterville,3
2026-09-11,Valley,0,Owensville,2
2026-09-11,Greenville,0,Owensville,2
2026-09-11,North Pemiscot,0,Parkway South,2
2026-09-11,Woodland,2,Poplar Bluff,0
2026-09-11,Ellington,2,Poplar Bluff,0
2026-09-11,Notre Dame (Cape Girardeau),2,Portageville,0
2026-09-11,Chamois,1,Prairie Home,3
2026-09-11,Rock Bridge,2,Republic,0
2026-09-11,Lutheran St. Charles,2,Republic,0
2026-09-11,Villa Duchesne,2,Risco,0
2026-09-11,St. Dominic,2,Rockwood Summit,0
2026-09-11,Kennett,0,Saxony Lutheran,2
2026-09-11,West County,1,Scott City,1
2026-09-11,Puxico,2,Senath-Hornersville,0
2026-09-11,Licking,2,Senath-Hornersville,0
2026-09-11,Oran,0,Senath-Hornersville,2
2026-09-11,Risco,0,Sikeston,2
2026-09-11,Zalma,0,Summersville,2
2026-09-11,Bell City,2,Twin Rivers,0
2026-09-11,Jefferson (Festus),2,Twin Rivers,0
2026-09-11,Maplewood-Richmond Hts.,3,Valley Park,0
2026-09-11,St. Vincent,0,Winona,2
2026-09-11,Valle Catholic,1,Woodland,1
2026-09-12,Valle Catholic,0,Advance,2
2026-09-12,Winona,2,Advance,0
2026-09-12,Arcadia Valley,2,Advance,1
2026-09-12,St. Charles,1,Affton,2
2026-09-12,Parkway North,3,Affton,0
2026-09-12,Hume,0,Appleton City with Montrose,2
2026-09-12,Ballard,1,Appleton City with Montrose,1
2026-09-12,Kingsville,2,Appleton City with Montrose,0
2026-09-12,Northeast Vernon County,0,Appleton City with Montrose,2
2026-09-12,Woodland,2,Arcadia Valley,0
2026-09-12,Branson,2,Aurora,0
2026-09-12,Monett,2,Aurora,0
2026-09-12,Clever,2,Aurora,0
2026-09-12,Bakersfield,1,Ava,1
2026-09-12,Skyline,2,Ava,0
2026-09-12,Buffalo,1,Ava,1
2026-09-12,Hollister,2,Ava,0
2026-09-12,Buffalo,1,Bakersfield,1
2026-09-12,Bolivar,2,Bakersfield,0
2026-09-12,Forsyth,0,Bakersfield,2
2026-09-12,Hume,0,Ballard,2
2026-09-12,Drexel,2,Ballard,0
2026-09-12,Kingsville,1,Ballard,1
2026-09-12,Rich Hill,0,Ballard,2
2026-09-12,Cristo Rey,0,Barstow,2
2026-09-12,Jefferson (Festus),0,Bell City,2
2026-09-12,Eminence,0,Bell City,2
2026-09-12,Smithville,2,Benton,0
2026-09-12,St. Pius X (Kansas City),2,Benton,0
2026-09-12,Pembroke Hill,0,Benton,2
2026-09-12,Jefferson (Festus),2,Bernie,1
2026-09-12,Clarkton,2,Bernie,0
2026-09-12,St. Joseph Christian,0,Bishop LeBlond,2
2026-09-12,Leopold,2,Bismarck,0
2026-09-12,Valle Catholic,2,Bismarck,1
2026-09-12,West Plains,2,Blair Oaks,0
2026-09-12,New Covenant Academy,0,Blair Oaks,2
2026-09-12,Scott City,2,Bloomfield,0
2026-09-12,Summersville,2,Bloomfield,0
2026-09-12,Viburnum,1,Bloomfield,1
2026-09-12,Rock Bridge,0,Blue Springs,2
2026-09-12,Marquette,0,Blue Springs,2
2026-09-12,Jackson,2,Blue Springs South,0
2026-09-12,Kirkwood,2,Blue Springs South,0
2026-09-12,Kickapoo,1,Blue Springs South,2
2026-09-12,Westminster Christian Academy,0,Blue Springs South,2
2026-09-12,Spokane,2,Bolivar,0
2026-09-12,Fulton,1,Bowling Green,1
2026-09-12,New Bloomfield,0,Bowling Green,2
2026-09-12,Centralia,1,Bowling Green,2
2026-09-12,Bolivar,2,Buffalo,0
2026-09-12,Forsyth,1,Buffalo,2
2026-09-12,Springfield Catholic,2,Camdenton,0
2026-09-12,Strafford,1,Camdenton,1
2026-09-12,Dixon,0,Camdenton,2
2026-09-12,Carthage,2,Camdenton,0
2026-09-12,Lebanon,2,Camdenton,0
2026-09-12,Marshall,1,Cameron,1
2026-09-12,West County,0,Campbell,2
2026-09-12,Viburnum,0,Campbell,2
2026-09-12,McKinley Classical Leadership,2,Cardinal Ritter,0
2026-09-12,Eldon,0,Carl Junction,2
2026-09-12,Lebanon,1,Carl Junction,1
2026-09-12,Smith-Cotton,1,Carl Junction,1
2026-09-12,Springfield Catholic,0,Carl Junction,2
2026-09-12,Carthage,2,Carl Junction,0
2026-09-12,Excelsior Springs,1,Carrollton,1
2026-09-12,St. Paul Lutheran (Concordia),2,Carrollton,0
2026-09-12,Chillicothe,3,Carrollton,0
2026-09-12,Springfield Catholic,1,Carthage,1
2026-09-12,Eldon,0,Carthage,2
2026-09-12,Strafford,0,Carthage,2
2026-09-12,Dixon,0,Carthage,2
2026-09-12,KIPP KC Legacy,0,Center,2
2026-09-12,Ruskin,0,Center,2
2026-09-12,West Plains,0,Center,2
2026-09-12,University Academy Charter,0,Center,2
2026-09-12,Barstow,0,Center,2
2026-09-12,St. Vincent,1,Central (Cape Girardeau),1
2026-09-12,Portageville,0,Central (Cape Girardeau),2
2026-09-12,Perryville,2,Central (Cape Girardeau),1
2026-09-12,Ellington,1,Central (Cape Girardeau),2
2026-09-12,New Haven,0,Central (New Madrid County),2
2026-09-12,Zalma,0,Central (New Madrid County),2
2026-09-12,Saxony Lutheran,1,Central (Park Hills),1
2026-09-12,Perryville,2,Central (Park Hills),0
2026-09-12,Mountain Grove,2,Central (Springfield),0
2026-09-12,Willard,2,Central (Springfield),0
2026-09-12,Mt. Vernon,2,Central (Springfield),0
2026-09-12,Fatima,2,Centralia,0
2026-09-12,California,1,Centralia,1
2026-09-12,North Callaway,1,Centralia,1
2026-09-12,School of the Ozarks,2,Chadwick,0
2026-09-12,Mansfield,0,Chadwick,2
2026-09-12,Greenwood,2,Chadwick,0
2026-09-12,Excelsior Springs,0,Chillicothe,2
2026-09-12,St. Paul Lutheran (Concordia),2,Chillicothe,0
2026-09-12,Bishop LeBlond,2,Chillicothe,0
2026-09-12,Meadow Heights,2,Clarkton,0
2026-09-12,North Pemiscot,2,Clarkton,0
2026-09-12,Lutheran North,0,Clarkton,2
2026-09-12,Eminence,2,Clearwater,0
2026-09-12,Holcomb,2,Clearwater,0
2026-09-12,Villa Duchesne,2,Clearwater,0
2026-09-12,Branson,2,Clever,0
2026-09-12,Thayer,1,Couch,2
2026-09-12,Central (Cape Girardeau),0,Crystal City,2
2026-09-12,Valley,0,Crystal City,2
2026-09-12,Bell City,2,Crystal City,0
2026-09-12,Sullivan,2,DeSoto,0
2026-09-12,Potosi,2,DeSoto,0
2026-09-12,Farmington,2,DeSoto,0
2026-09-12,Bismarck,1,Dexter,1
2026-09-12,Valle Catholic,2,Dexter,1
2026-09-12,West Platte,1,Diamond,1
2026-09-12,Jasper,1,Diamond,1
2026-09-12,Springfield Catholic,2,Dixon,0
2026-09-12,Risco,2,Doniphan,0
2026-09-12,New Haven,2,Doniphan,0
2026-09-12,Meadow Heights,2,Doniphan,0
2026-09-12,Hazelwood West,1,Doniphan,2
2026-09-12,Miami (Amoret),0,Drexel,2
2026-09-12,Rich Hill,0,Drexel,2
2026-09-12,Northeast Vernon County,1,Drexel,1
2026-09-12,Kingsville,0,Drexel,2
2026-09-12,Southland,0,East Prairie,2
2026-09-12,Jefferson (Festus),2,East Prairie,0
2026-09-12,Puxico,2,East Prairie,0
2026-09-12,Lebanon,2,Eldon,0
2026-09-12,Kennett,0,Ellington,2
2026-09-12,Lesterville,0,Eminence,2
2026-09-12,Greenville,0,Eminence,2
2026-09-12,Lee's Summit North,0,Eureka,2
2026-09-12,Nixa,1,Eureka,2
2026-09-12,St. Paul Lutheran (Concordia),2,Excelsior Springs,0
2026-09-12,Potosi,2,Farmington,0
2026-09-12,Ft. Zumwalt North,0,Farmington,2
2026-09-12,North County,0,Farmington,2
2026-09-12,Battle,2,Father Tolton,0
2026-09-12,California,2,Fatima,0
2026-09-12,Sullivan,2,Festus,0
2026-09-12,Potosi,2,Festus,0
2026-09-12,North County,0,Festus,2
2026-09-12,Ft. Zumwalt North,0,Festus,2
2026-09-12,Skyline,2,Forsyth,0
2026-09-12,Willow Springs,1,Forsyth,1
2026-09-12,Sparta,1,Forsyth,1
2026-09-12,St. Pius X (Festus),2,Francis Howell,1
2026-09-12,Republic,2,Francis Howell,1
2026-09-12,Lutheran St. Charles,2,Francis Howell,1
2026-09-12,Republic,2,Francis Howell Central,0
2026-09-12,Lee's Summit,2,Francis Howell Central,0
2026-09-12,Rockwood Summit,2,Francis Howell Central,0
2026-09-12,Republic,2,Francis Howell North,1
2026-09-12,Webster Groves,1,Francis Howell North,1
2026-09-12,Pattonville,0,Francis Howell North,2
2026-09-12,Duchesne,2,Francis Howell North,0
2026-09-12,Collegiate School of Med-Bio Science,0,Ft. Zumwalt East,2
2026-09-12,Sullivan,2,Ft. Zumwalt North,0
2026-09-12,Ozark,2,Ft. Zumwalt West,0
2026-09-12,St. Michael the Archangel,0,Ft. Zumwalt West,2
2026-09-12,Jefferson City,0,Ft. Zumwalt West,2
2026-09-12,Fatima,2,Fulton,0
2026-09-12,New Bloomfield,0,Fulton,2
2026-09-12,Oak Ridge,0,Gideon,2
2026-09-12,Odessa,3,Grain Valley,2
2026-09-12,Oak Grove,3,Grain Valley,2
2026-09-12,Scott City,2,Grandview,0
2026-09-12,Lesterville,2,Grandview (Hillsboro),0
2026-09-12,Wheaton,0,Greenfield,2
2026-09-12,Valley,2,Greenville,0
2026-09-12,New Haven,2,Greenville,1
2026-09-12,Viburnum,1,Greenville,2
2026-09-12,Father Tolton,0,Hannibal,2
2026-09-12,Battle,0,Hannibal,2
2026-09-12,St. Clair,0,Hannibal,2
2026-09-12,Ritenour,2,Hazelwood Central,0
2026-09-12,Rosati-Kain,1,Hazelwood Central,2
2026-09-12,Oak Ridge,2,Hazelwood West,0
2026-09-12,Gideon,2,Hazelwood West,0
2026-09-12,Zalma,0,Hazelwood West,2
2026-09-12,Seckman,1,Hickman,1
2026-09-12,Father Tolton,0,Hickman,2
2026-09-12,St. Clair,1,Hickman,1
2026-09-12,Hannibal,2,Hickman,1
2026-09-12,Clever,2,Hillcrest,0
2026-09-12,Waynesville,0,Hillcrest,2
2026-09-12,Poplar Bluff,0,Hillsboro,2
2026-09-12,Leopold,1,Hillsboro,2
2026-09-12,Valle Catholic,1,Hillsboro,2
2026-09-12,Saxony Lutheran,1,Hillsboro,2
2026-09-12,Van Horn,2,Hogan Prep Academy Charter,0
2026-09-12,Winnetonka,2,Hogan Prep Academy Charter,0
2026-09-12,Paseo Academy,2,Hogan Prep Academy Charter,0
2026-09-12,Cristo Rey,2,Hogan Prep Academy Charter,0
2026-09-12,Puxico,2,Holcomb,0
2026-09-12,Wellington-Napoleon,1,Holden,1
2026-09-12,Lexington,0,Holden,2
2026-09-12,Stover,2,Holden,0
2026-09-12,Trenton,1,Holden,2
2026-09-12,Bolivar,1,Hollister,1
2026-09-12,Parkview,0,Hollister,2
2026-09-12,Spokane,0,Hollister,2
2026-09-12,Kingsville,2,Hume,0
2026-09-12,Miami (Amoret),1,Hume,2
2026-09-12,Pleasant Hope,2,Hurley,0
2026-09-12,Wheaton,1,Hurley,1
2026-09-12,Greenwood,2,Hurley,0
2026-09-12,Lee's Summit West,1,Jackson,2
2026-09-12,West Platte,2,Jasper,0
2026-09-12,St. Dominic,2,Jefferson City,0
2026-09-12,McKinley Classical Leadership,2,Jennings,1
2026-09-12,Cardinal Ritter,2,Jennings,0
2026-09-12,McCluer North,2,Jennings,1
2026-09-12,Miller Career Academy,2,Jennings,0
2026-09-12,Waynesville,0,Joplin,2
2026-09-12,Hillcrest,1,Joplin,1
2026-09-12,Monett,2,Joplin,0
2026-09-12,New Haven,2,Kelly,0
2026-09-12,Holcomb,2,Kelly,0
2026-09-12,Bell City,2,Kelly,0
2026-09-12,Lafayette (Wildwood),2,Kickapoo,1
2026-09-12,Kirkwood,0,Kickapoo,2
2026-09-12,North Pemiscot,2,Kingston,0
2026-09-12,Northwest (Cedar Hill),2,Kingston,0
2026-09-12,Risco,1,Kingston,2
2026-09-12,Central (Cape Girardeau),0,Kingston,2
2026-09-12,St. Paul Lutheran (Farmington),2,Kingston,1
2026-09-12,Rich Hill,0,Kingsville,2
2026-09-12,Cor Jesu Academy,2,Kirkwood,1
2026-09-12,Lee's Summit West,0,Lafayette (Wildwood),2
2026-09-12,Westminster Christian Academy,0,Lafayette (Wildwood),2
2026-09-12,Cameron,0,Lafayette County,2
2026-09-12,Versailles,1,Lafayette County,1
2026-09-12,Marshall,0,Lafayette County,2
2026-09-12,Sweet Springs,0,Lafayette County,2
2026-09-12,Warrensburg,0,Lafayette County,2
2026-09-12,Jasper,0,Lamar,2
2026-09-12,West Platte,1,Lamar,1
2026-09-12,Diamond,0,Lamar,2
2026-09-12,Bishop LeBlond,2,Lathrop,0
2026-09-12,St. Joseph Christian,1,Lathrop,1
2026-09-12,Strafford,2,Lebanon,0
2026-09-12,Lutheran St. Charles,1,Lee's Summit,2
2026-09-12,Rockwood Summit,1,Lee's Summit,2
2026-09-12,St. Francis Borgia,0,Lee's Summit North,2
2026-09-12,Oakville,0,Lee's Summit North,2
2026-09-12,Cor Jesu Academy,0,Lee's Summit West,2
2026-09-12,Westminster Christian Academy,0,Lee's Summit West,2
2026-09-12,Winona,1,Leopold,1
2026-09-12,New Haven,1,Lesterville,1
2026-09-12,Wellington-Napoleon,2,Lexington,0
2026-09-12,Sherwood,1,Lexington,2
2026-09-12,Stover,2,Lexington,0
2026-09-12,Puxico,0,Licking,2
2026-09-12,Southland,0,Licking,2
2026-09-12,Meadow Heights,2,Licking,0
2026-09-12,St. Pius X (Festus),2,Lutheran St. Charles,1
2026-09-12,Thayer,2,Lutie,0
2026-09-12,Couch,2,Lutie,0
2026-09-12,St. Paul Lutheran (Farmington),1,Malden,1
2026-09-12,Risco,0,Malden,2
2026-09-12,Parkway South,2,Malden,0
2026-09-12,Pleasant Hope,2,Mansfield,0
2026-09-12,School of the Ozarks,2,Mansfield,0
2026-09-12,Ozark,2,Marquette,0
2026-09-12,St. Michael the Archangel,2,Marquette,0
2026-09-12,Versailles,2,Marshall,0
2026-09-12,Northwest (Hughesville),0,Marshall,2
2026-09-12,Liberty (Mountain View),1,Marshfield,1
2026-09-12,Rolla,0,Marshfield,2
2026-09-12,Blair Oaks,0,Marshfield,2
2026-09-12,West Plains,2,Marshfield,0
2026-09-12,McKinley Classical Leadership,2,McCluer North,0
2026-09-12,Whitfield,0,Metro,2
2026-09-12,Pacific,2,Metro,0
2026-09-12,Winfield,1,Metro,1
2026-09-12,Rich Hill,2,Miami (Amoret),0
2026-09-12,Northeast Vernon County,0,Miami (Amoret),2
2026-09-12,Branson,2,Monett,0
2026-09-12,Clever,2,Monett,0
2026-09-12,New Covenant Academy,2,Mountain Grove,0
2026-09-12,Mountain Grove,0,Mt. Vernon,2
2026-09-12,St. Paul Lutheran (Farmington),1,New Haven,2
2026-09-12,St. Francis Borgia,2,Nixa,0
2026-09-12,Fatima,2,North Callaway,0
2026-09-12,California,2,North Callaway,0
2026-09-12,New Bloomfield,0,North Callaway,2
2026-09-12,Sullivan,2,North County,0
2026-09-12,Scott City,1,North Pemiscot,2
2026-09-12,West County,0,North Pemiscot,2
2026-09-12,Puxico,2,North Pemiscot,1
2026-09-12,Rich Hill,2,Northeast Vernon County,0
2026-09-12,Faith Christian Academy,0,Northland Christian,2
2026-09-12,Summersville,0,Northwest (Cedar Hill),2
2026-09-12,Gideon,2,Northwest (Cedar Hill),0
2026-09-12,Sweet Springs,2,Northwest (Hughesville),0
2026-09-12,Richmond,0,Northwest (Hughesville),2
2026-09-12,Saxony Lutheran,2,Notre Dame (Cape Girardeau),0
2026-09-12,Fort Osage,0,Oak Grove,3
2026-09-12,Incarnate Word Academy,2,Oakville,1
2026-09-12,Fort Osage,1,Odessa,3
2026-09-12,Bernie,1,Owensville,1
2026-09-12,St. Paul Lutheran (Farmington),0,Owensville,2
2026-09-12,Campbell,0,Owensville,2
2026-09-12,Gideon,2,Owensville,0
2026-09-12,Valley,3,Owensville,0
2026-09-12,St. Dominic,1,Ozark,2
2026-09-12,Whitfield,0,Pacific,2
2026-09-12,Winfield,1,Pacific,1
2026-09-12,Troy Buchanan,0,Pacific,2
2026-09-12,Bolivar,1,Parkview,1
2026-09-12,Spokane,2,Parkview,0
2026-09-12,Sparta,0,Parkview,2
2026-09-12,Duchesne,2,Parkway North,0
2026-09-12,St. Charles,1,Parkway North,2
2026-09-12,Gideon,0,Parkway South,2
2026-09-12,Bell City,1,Parkway South,2
2026-09-12,Meadow Heights,0,Parkway South,2
2026-09-12,South Iron,0,Parkway South,2
2026-09-12,Zalma,0,Parkway South,2
2026-09-12,Winnetonka,1,Paseo Academy,1
2026-09-12,Van Horn,2,Paseo Academy,0
2026-09-12,Cristo Rey,2,Paseo Academy,0
2026-09-12,Duchesne,2,Pattonville,0
2026-09-12,St. Charles,1,Pattonville,2
2026-09-12,Notre Dame (Cape Girardeau),2,Perryville,0
2026-09-12,St. Vincent,1,Perryville,2
2026-09-12,Wheaton,0,Pleasant Hope,2
2026-09-12,Greenwood,1,Pleasant Hope,1
2026-09-12,School of the Ozarks,2,Pleasant Hope,0
2026-09-12,Central (Park Hills),2,Poplar Bluff,0
2026-09-12,Kennett,0,Poplar Bluff,2
2026-09-12,St. Vincent,2,Portageville,1
2026-09-12,Sullivan,0,Potosi,2
2026-09-12,Jefferson (Festus),0,Puxico,2
2026-09-12,Lutheran North,0,Puxico,2
2026-09-12,Barstow,2,Raytown South,0
2026-09-12,Cristo Rey,0,Raytown South,2
2026-09-12,University Academy Charter,2,Raytown South,0
2026-09-12,Ruskin,0,Raytown South,2
2026-09-12,University City,0,Ritenour,2
2026-09-12,Rosati-Kain,0,Ritenour,2
2026-09-12,St. Michael the Archangel,2,Rock Bridge,0
2026-09-12,Republic,0,Rockwood Summit,2
2026-09-12,St. Pius X (Festus),0,Rockwood Summit,2
2026-09-12,Mountain Grove,2,Rolla,0
2026-09-12,Liberty (Mountain View),2,Rolla,0
2026-09-12,Central (Springfield),0,Rolla,2
2026-09-12,KIPP KC Legacy,0,Ruskin,2
2026-09-12,West Plains,2,Ruskin,0
2026-09-12,West Plains,2,Salem,0
2026-09-12,Blair Oaks,2,Salem,0
2026-09-12,New Covenant Academy,2,Salem,0
2026-09-12,South Iron,0,Scott City,2
2026-09-12,Villa Duchesne,1,Scott City,2
2026-09-12,Battle,2,Seckman,1
2026-09-12,Holcomb,2,Senath-Hornersville,0
2026-09-12,North Pemiscot,2,Senath-Hornersville,0
2026-09-12,Faith Christian Academy,2,Sherwood,0
2026-09-12,Northland Christian,2,Sherwood,0
2026-09-12,Villa Duchesne,1,Sikeston,1
2026-09-12,Oak Ridge,2,Sikeston,0
2026-09-12,Central (Cape Girardeau),0,Sikeston,2
2026-09-12,Willow Springs,0,Skyline,2
2026-09-12,Sparta,0,Skyline,2
2026-09-12,Spokane,2,Skyline,0
2026-09-12,Lebanon,2,Smith-Cotton,0
2026-09-12,Eldon,1,Smith-Cotton,1
2026-09-12,Strafford,2,Smith-Cotton,0
2026-09-12,Pembroke Hill,0,Smithville,2
2026-09-12,St. Pius X (Kansas City),2,Smithville,1
2026-09-12,Villa Duchesne,2,South Iron,0
2026-09-12,Bowling Green,0,Southern Boone,2
2026-09-12,California,0,Southern Boone,2
2026-09-12,New Bloomfield,0,Southern Boone,2
2026-09-12,Fulton,0,Southern Boone,2
2026-09-12,Willow Springs,1,Sparta,1
2026-09-12,Troy Buchanan,1,St. Charles West,1
2026-09-12,Ft. Zumwalt East,1,St. Charles West,1
2026-09-12,Collegiate School of Med-Bio Science,0,St. Charles West,2
2026-09-12,Winfield,1,St. Charles West,2
2026-09-12,Pacific,2,St. Charles West,1
2026-09-12,Seckman,2,St. Clair,0
2026-09-12,St. Joseph Christian,2,St. Paul Lutheran (Concordia),1
2026-09-12,Pembroke Hill,0,St. Pius X (Kansas City),2
2026-09-12,Wellington-Napoleon,0,Stover,2
2026-09-12,Northland Christian,1,Stover,2
2026-09-12,Faith Christian Academy,0,Stover,2
2026-09-12,Springfield Catholic,0,Strafford,2
2026-09-12,West County,0,Summersville,2
2026-09-12,Jefferson (Festus),2,Summersville,1
2026-09-12,University Academy Charter,2,West Plains,0
2026-09-12,Sherwood,1,Trenton,1
2026-09-12,Northland Christian,2,Trenton,0
2026-09-12,Faith Christian Academy,1,Trenton,1
2026-09-12,Collegiate School of Med-Bio Science,0,Troy Buchanan,2
2026-09-12,Ft. Zumwalt East,0,Troy Buchanan,2
2026-09-12,Winfield,0,Troy Buchanan,2
2026-09-12,Gideon,2,Twin Rivers,0
2026-09-12,Valley,2,Twin Rivers,1
2026-09-12,Cristo Rey,0,University Academy Charter,2
2026-09-12,Barstow,2,University Academy Charter,0
2026-09-12,Rosati-Kain,2,University City,0
2026-09-12,St. Paul Lutheran (Farmington),2,Valley,0
2026-09-12,Barstow,2,Van Horn,0
2026-09-12,Winnetonka,1,Van Horn,1
2026-09-12,Richmond,0,Warrensburg,2
2026-09-12,Sweet Springs,0,Warrensburg,2
2026-09-12,Northwest (Hughesville),0,Warrensburg,2
2026-09-12,Versailles,0,Warrensburg,2
2026-09-12,Branson,2,Waynesville,0
2026-09-12,Duchesne,0,Webster Groves,2
2026-09-12,Northland Christian,2,Wellington-Napoleon,0
2026-09-12,Faith Christian Academy,2,Wellington-Napoleon,0
2026-09-12,New Covenant Academy,1,West Plains,1
2026-09-12,Willard,0,West Plains,2
2026-09-12,Mt. Vernon,0,West Plains,2
2026-09-12,School of the Ozarks,2,Wheaton,0
2026-09-12,Greenwood,2,Wheaton,0
2026-09-12,Mountain Grove,0,Willard,2
2026-09-12,Mt. Vernon,1,Willard,1
2026-09-12,Notre Dame (St. Louis),1,Windsor (Imperial),2
2026-09-12,Whitfield,0,Winfield,2
2026-09-12,Woodland,0,Winona,2
2026-09-12,Saxony Lutheran,2,Winona,0
2026-09-12,Notre Dame (Cape Girardeau),2,Woodland,0
2026-09-14,Bayless,3,Affton,2
2026-09-14,Blair Oaks,3,Battle,2
2026-09-14,Advance,3,Bell City,2
2026-09-14,Central (St. Joseph),0,Benton,3
2026-09-14,Exeter,0,Billings,3
2026-09-14,Puxico,3,Bloomfield,0
2026-09-14,Verona,0,Blue Eye,3
2026-09-14,Sikeston,3,Campbell,0
2026-09-14,Brookfield,0,Carrollton,3
2026-09-14,Bernie,0,Central (Cape Girardeau),3
2026-09-14,Northeast (Kansas City),0,Central (Kansas City),3
2026-09-14,Branson,3,Central (Springfield),0
2026-09-14,East Buchanan,3,Chillicothe,0
2026-09-14,Twin Rivers,2,Clarkton,3
2026-09-14,Woodland,3,Clearwater,0
2026-09-14,Senath-Hornersville,3,Cooter,0
2026-09-14,Jackson,3,Cor Jesu Academy,0
2026-09-14,Southeast,0,Crossroads Prep Charter,3
2026-09-14,Oak Ridge,3,Crystal City,0
2026-09-14,Salem,3,Cuba,2
2026-09-14,Charleston,0,Delta (Deering),3
2026-09-14,Stockton,3,El Dorado Springs,0
2026-09-14,Calvary Lutheran,3,Eugene,1
2026-09-14,Paseo Academy,0,Ewing Marion Kauffman,3
2026-09-14,Mexico,0,Father Tolton,3
2026-09-14,Perryville,3,Fredericktown,1
2026-09-14,Couch,3,Gainesville,1
2026-09-14,Believe Acad Charter,0,Gateway Science Charter,3
2026-09-14,McAuley Catholic,3,Golden City,1
2026-09-14,University City,3,Hazelwood Central,2
2026-09-14,STEAM Academy,1,Hazelwood East,3
2026-09-14,Capital City,0,Helias Catholic,3
2026-09-14,Waynesville,1,Hillcrest,3
2026-09-14,Cristo Rey,3,Hogan Prep Academy Charter,0
2026-09-14,Liberty (Wentzville),2,Holt,3
2026-09-14,Ballard,3,Hume,0
2026-09-14,Westminster Christian Academy,2,Incarnate Word Academy,3
2026-09-14,Smith-Cotton,0,Jefferson City,3
2026-09-14,Clayton,0,John Burroughs,3
2026-09-14,South Pemiscot,3,Kelly,0
2026-09-14,Herculaneum,1,Kingston,3
2026-09-14,Warrensburg,3,Knob Noster,0
2026-09-14,Crest Ridge,3,La Monte,0
2026-09-14,Green Ridge,3,Lakeland,1
2026-09-14,Parkview,0,Lebanon,3
2026-09-14,Oran,0,Leopold,3
2026-09-14,North County,3,Lesterville,0
2026-09-14,Concordia,3,Lexington,0
2026-09-14,Osceola,3,Liberal,2
2026-09-14,St. Paul Lutheran (Concordia),3,Lincoln,1
2026-09-14,Seckman,3,Lindbergh,1
2026-09-14,Thomas Jefferson Independent Day,0,Lockwood,3
2026-09-14,Cole Camp,1,Lone Jack,3
2026-09-14,Ladue Horton Watkins,0,Lutheran St. Charles,3
2026-09-14,Cabool,3,Mansfield,0
2026-09-14,Greenfield,0,Marionville,3
2026-09-14,Union Star with King City,3,Maysville,1
2026-09-14,McCluer,0,McCluer North,3
2026-09-14,Maplewood-Richmond Hts.,0,MICDS,3
2026-09-14,Leeton with Chilhowee,0,Midway,3
2026-09-14,Miller,2,Monett,2
2026-09-14,Mid-Buchanan,3,Mound City,0
2026-09-14,Clever,3,Neosho,0
2026-09-14,Crane,0,New Covenant Academy,3
2026-09-14,Diamond,0,New Heights Christian,3
2026-09-14,Centralia,1,North Callaway,3
2026-09-14,Everton,3,Northeast Vernon County,0
2026-09-14,Mehlville,1,Notre Dame (St. Louis),3
2026-09-14,Fulton,0,Osage,3
2026-09-14,St. Francis Borgia,3,Pacific,1
2026-09-14,Kirkwood,3,Parkway South,1
2026-09-14,Ft. Zumwalt North,3,Pattonville,0
2026-09-14,Kearney,0,Pembroke Hill,3
2026-09-14,Butler,0,Pleasant Hill,3
2026-09-14,Sparta,0,Pleasant Hope,3
2026-09-14,Malden,3,Portageville,1
2026-09-14,Union,0,Potosi,3
2026-09-14,Gideon,3,Richland (Essex),0
2026-09-14,Holcomb,3,Risco,0
2026-09-14,Sullivan,3,Rolla,0
2026-09-14,Orrick,0,Santa Fe,3
2026-09-14,Pierce City,2,Sarcoxie,3
2026-09-14,Versailles,3,Sherwood,0
2026-09-14,Warsaw,3,Smithton,1
2026-09-14,Lathrop,1,South Harrison,3
2026-09-14,Fatima,1,Southern Boone,3
2026-09-14,Galena,0,Spokane,3
2026-09-14,Timberland,0,St. Dominic,3
2026-09-14,Dixon,0,St. James,3
2026-09-14,Nerinx Hall,0,St. Joseph's Academy,3
2026-09-14,West County,0,St. Paul Lutheran (Farmington),3
2026-09-14,Poplar Bluff,0,St. Pius X (Festus),3
2026-09-14,North Kansas City,0,St. Pius X (Kansas City),3
2026-09-14,Lincoln College Prep,0,St. Teresa's Academy,3
2026-09-14,Notre Dame (Cape Girardeau),3,St. Vincent,1
2026-09-14,Oak Grove,3,Summit Christian Academy,0
2026-09-14,Gateway with Soldan International Studies,3,West Plains,0
2026-09-14,Prairie Home,0,Sweet Springs,3
2026-09-14,Christian Fellowship Sr.,0,Tipton,3
2026-09-14,Penney,0,Trenton,3
2026-09-14,North Point,3,Troy Buchanan,1
2026-09-14,Ste. Genevieve,0,Valle Catholic,3
2026-09-14,Collegiate School of Med-Bio Science,3,Vashon,0
2026-09-14,Bishop DuBourg,0,Veritas Christian Academy,3
2026-09-14,Whitfield,3,Villa Duchesne,1
2026-09-14,St. Clair,1,Washington,3
2026-09-14,Liberty (Mountain View),2,Winona,3
2026-09-14,Montgomery County,0,Wright City,3
2026-09-15,Gainesville,3,Bakersfield,2
2026-09-15,Laquey,0,Belle,3
2026-09-15,Truman,0,Belton,3
2026-09-15,Pleasant Hill,0,Benton,3
2026-09-15,Excelsior Springs,0,Bishop LeBlond,3
2026-09-15,Bunker,0,Bismarck,3
2026-09-15,Eldon,0,Blair Oaks,3
2026-09-15,Blue Eye,3,Bradleyville,0
2026-09-15,Archie,0,Butler,3
2026-09-15,Licking,1,Cabool,3
2026-09-15,Mexico,0,California,3
2026-09-15,McCluer,0,Cardinal Ritter,3
2026-09-15,Logan-Rogersville,1,Carl Junction,3
2026-09-15,Aurora,2,Cassville,3
2026-09-15,Charleston,0,Central (New Madrid County),3
2026-09-15,Wright City,3,Centralia,2
2026-09-15,School of the Ozarks,3,Chadwick,0
2026-09-15,Carrollton,0,Chillicothe,3
2026-09-15,Columbia Independent,3,Christian Fellowship Sr.,1
2026-09-15,Lafayette County,3,Concordia,0
2026-09-15,Koshkonong,0,Couch,3
2026-09-15,Sherwood,1,Crest Ridge,3
2026-09-15,St. Vincent,3,Crystal City,0
2026-09-15,Gideon,3,Delta (Deering),0
2026-09-15,Hillsboro,3,DeSoto,0
2026-09-15,Kennett,0,Dexter,3
2026-09-15,Springfield Catholic,3,Diamond,0
2026-09-15,Salem,3,Dixon,0
2026-09-15,University Academy Charter,0,East Buchanan,3
2026-09-15,Nevada,3,East Newton,0
2026-09-15,Winona,3,Eminence,0
2026-09-15,Fatima,3,Eugene,0
2026-09-15,Purdy,0,Everton,3
2026-09-15,Bronaugh,0,Exeter,3
2026-09-15,McAuley Catholic,3,Exeter,2
2026-09-15,Lutheran (Kansas City),3,Faith Christian Academy,1
2026-09-15,Conway,2,Fordland,3
2026-09-15,Ritenour,1,Fox,3
2026-09-15,Oakville,2,Francis Howell,1
2026-09-15,Lafayette (Wildwood),2,Francis Howell,0
2026-09-15,Arcadia Valley,3,Fredericktown,1
2026-09-15,Ft. Zumwalt East,0,Ft. Zumwalt South,3
2026-09-15,Kirksville,0,Fulton,3
2026-09-15,Sparta,3,Galena,1
2026-09-15,Joplin,1,Glendale,3
2026-09-15,William Chrisman,0,Grain Valley,3
2026-09-15,Cole Camp,3,Green Ridge,0
2026-09-15,Sarcoxie,3,Greenfield,1
2026-09-15,Gloria Deo Academy,1,Greenwood,3
2026-09-15,Northeast (Kansas City),3,Guadalupe Centers Charter,2
2026-09-15,Adrian,1,Harrisonville,3
2026-09-15,Risco,3,Hayti,0
2026-09-15,Pattonville,3,Hazelwood West,0
2026-09-15,Rock Bridge,3,Hermann,0
2026-09-15,Hannibal,3,Hickman,0
2026-09-15,Twin Rivers,0,Holcomb,3
2026-09-15,Winfield,0,Holt,3
2026-09-15,St. Dominic,1,Incarnate Word Academy,3
2026-09-15,New Heights Christian,3,Jasper,0
2026-09-15,Republic,1,Kickapoo,3
2026-09-15,South Iron,2,Kingston,3
2026-09-15,Lutheran South,3,Ladue Horton Watkins,2
2026-09-15,Oakville,0,Lafayette (Wildwood),2
2026-09-15,Carthage,3,Lebanon,1
2026-09-15,Staley,0,Lee's Summit,3
2026-09-15,Liberty,0,Lee's Summit North,3
2026-09-15,Blue Springs,0,Lee's Summit West,3
2026-09-15,Drexel,3,Leeton with Chilhowee,0
2026-09-15,El Dorado Springs,0,Liberal,3
2026-09-15,Ft. Zumwalt West,3,Liberty (Wentzville),0
2026-09-15,Raymore-Peculiar,3,Liberty North,1
2026-09-15,Northwest (Hughesville),1,Lincoln,3
2026-09-15,New Haven,0,Linn,3
2026-09-15,Clarkton,0,Malden,3
2026-09-15,Crossroads College Preparatory,0,Maplewood-Richmond Hts.,3
2026-09-15,Sweet Springs,3,Marshall,1
2026-09-15,North Platte,1,Maysville,3
2026-09-15,Bronaugh,0,McAuley Catholic,3
2026-09-15,Lesterville,0,Meadow Heights,3
2026-09-15,Pacific,3,Mehlville,0
2026-09-15,Lakeland,3,Miami (Amoret),0
2026-09-15,Fair Grove,3,Miller,1
2026-09-15,Lamar,3,Monett,0
2026-09-15,North Nodaway,0,Mound City,3
2026-09-15,Thayer,0,Mountain Grove,3
2026-09-15,Notre Dame (St. Louis),0,Nerinx Hall,3
2026-09-15,Ava,0,New Covenant Academy,3
2026-09-15,Mansfield,1,Niangua,3
2026-09-15,Willard,0,Nixa,3
2026-09-15,Jefferson (Festus),2,North County,3
2026-09-15,Central (St. Joseph),0,North Kansas City,3
2026-09-15,Cooter,0,North Pemiscot,3
2026-09-15,Ft. Zumwalt North,3,North Point,2
2026-09-15,Wheaton,3,Northeast Vernon County,0
2026-09-15,Parkway North,3,Northwest (Cedar Hill),0
2026-09-15,Zalma,0,Oak Ridge,3
2026-09-15,Holden,0,Odessa,3
2026-09-15,Warrenton,0,Orchard Farm,3
2026-09-15,Boonville,0,Osage,3
2026-09-15,Skyline,1,Osceola,3
2026-09-15,Smithton,3,Otterville,1
2026-09-15,Webb City,0,Ozark,3
2026-09-15,Blue Springs South,3,Park Hill,2
2026-09-15,Oak Park,0,Park Hill South,3
2026-09-15,Forsyth,3,Parkview,2
2026-09-15,Central (Kansas City),1,Paseo Academy,3
2026-09-15,Windsor (Imperial),0,Perryville,3
2026-09-15,Crane,0,Pierce City,3
2026-09-15,Houston,3,Plato,0
2026-09-15,Kearney,0,Platte County,3
2026-09-15,Orrick,0,Plattsburg,3
2026-09-15,Marion C. Early,0,Pleasant Hope,3
2026-09-15,West Plains,3,Poplar Bluff,0
2026-09-15,South Pemiscot,0,Portageville,3
2026-09-15,Bernie,0,Puxico,3
2026-09-15,Fort Osage,3,Raytown,0
2026-09-15,Smithville,3,Raytown South,0
2026-09-15,Branson,3,Reeds Spring,0
2026-09-15,KIPP KC Legacy,0,Richmond,3
2026-09-15,West Nodaway with Nodaway-Holt,1,Rock Port,3
2026-09-15,Marquette,1,Rockwood Summit,3
2026-09-15,Bishop DuBourg,3,Rosati-Kain,1
2026-09-15,Grandview,3,Ruskin,0
2026-09-15,Hallsville,3,Russellville,0
2026-09-15,Stover,3,Sacred Heart,0
2026-09-15,Midway,0,Santa Fe,3
2026-09-15,Pembroke Hill,3,Savannah,1
2026-09-15,Kelly,0,Scott City,3
2026-09-15,Farmington,3,Seckman,2
2026-09-15,East Prairie,3,Senath-Hornersville,1
2026-09-15,Mt. Vernon,3,Seneca,0
2026-09-15,Billings,3,Seymour,0
2026-09-15,Trenton,1,South Harrison,3
2026-09-15,St. Charles West,3,St. Charles,1
2026-09-15,Clearwater,0,St. Paul Lutheran (Farmington),3
2026-09-15,Notre Dame de Sion,1,St. Pius X (Kansas City),3
2026-09-15,Buffalo,1,Stockton,3
2026-09-15,Marshfield,3,Strafford,1
2026-09-15,St. Francis Borgia,3,Sullivan,0
2026-09-15,Ellington,3,Summersville,0
2026-09-15,Lincoln College Prep,0,Summit Christian Academy,3
2026-09-15,St. Joseph Christian,3,Tarkio with Fairfax,0
2026-09-15,Francis Howell North,3,Troy Buchanan,0
2026-09-15,South Holt with Craig,3,Union Star with King City,1
2026-09-15,Bourbon,0,Valley,3
2026-09-15,Bayless,3,Valley Park,0
2026-09-15,Marionville,3,Verona,0
2026-09-15,Steelville,3,Viburnum,0
2026-09-15,John Burroughs,3,Villa Duchesne,0
2026-09-15,Smith-Cotton,2,Warrensburg,3
2026-09-15,Timberland,1,Washington,3
2026-09-15,Neosho,1,Waynesville,3
2026-09-15,Lathrop,2,Wellington-Napoleon,3
2026-09-15,Grandview (Hillsboro),0,West County,3
2026-09-15,Cameron,1,West Platte,3
2026-09-15,Doniphan,3,Willow Springs,1
2026-09-15,La Monte,3,Windsor,2
2026-09-15,Saxony Lutheran,3,Woodland,0
2026-09-16,Appleton City with Montrose,1,Ballard,3
2026-09-16,Helias Catholic,3,Battle,0
2026-09-16,Bloomfield,0,Bell City,3
2026-09-16,Odessa,2,Belton,3
2026-09-16,Scott City,3,Bernie,0
2026-09-16,Tipton,1,Boonville,3
2026-09-16,Otterville,3,Bunceton,0
2026-09-16,Hogan Prep Academy Charter,0,Crossroads Prep Charter,3
2026-09-16,Union,2,DeSoto,3
2026-09-16,Kingsville,1,Drexel,3
2026-09-16,Owensville,2,Fatima,3
2026-09-16,Francis Howell,3,Francis Howell Central,2
2026-09-16,Eureka,3,Francis Howell North,0
2026-09-16,Eldon,2,Hallsville,3
2026-09-16,McCluer North,1,Jennings,3
2026-09-16,Lutheran St. Charles,1,Kirkwood,3
2026-09-16,Parkway West,1,Lindbergh,3
2026-09-16,Villa Duchesne,0,Lutheran South,3
2026-09-16,Hazelwood East,3,McCluer,1
2026-09-16,Collegiate School of Med-Bio Science,3,McKinley Classical Leadership,1
2026-09-16,Vashon,0,Metro,3
2026-09-16,Duchesne,0,MICDS,3
2026-09-16,West Plains,0,Miller Career Academy,3
2026-09-16,Herculaneum,1,North County,3
2026-09-16,Academie Lafayette,0,Northeast (Kansas City),3
2026-09-16,Central (New Madrid County),3,Oran,0
2026-09-16,Farmington,3,St. Pius X (Festus),0
2026-09-16,St. Michael the Archangel,1,St. Teresa's Academy,3
2026-09-16,Arcadia Valley,0,Ste. Genevieve,3
2026-09-16,St. James,0,Steelville,3
2026-09-16,STEAM Academy,1,University City,3
2026-09-16,St. Paul Lutheran (Farmington),0,Valle Catholic,3
2026-09-16,Believe Acad Charter,0,Whitfield,3
2026-09-16,North Callaway,0,Wright City,3
2026-09-17,Butler,3,Adrian,2
2026-09-17,Leopold,3,Advance,2
2026-09-17,Parkway South,3,Affton,0
2026-09-17,Hume,0,Appleton City with Montrose,2
2026-09-17,Sherwood,0,Appleton City with Montrose,2
2026-09-17,Central (Park Hills),1,Arcadia Valley,3
2026-09-17,Monett,3,Aurora,2
2026-09-17,Houston,3,Ava,2
2026-09-17,Leeton with Chilhowee,0,Ballard,3
2026-09-17,Center,0,Barstow,3
2026-09-17,Villa Duchesne,3,Bayless,1
2026-09-17,Dixon,2,Belle,3
2026-09-17,Platte County,3,Belton,1
2026-09-17,Notre Dame (St. Louis),3,Bishop DuBourg,0
2026-09-17,Chillicothe,0,Bishop LeBlond,3
2026-09-17,North County,1,Bismarck,3
2026-09-17,Lee's Summit,1,Blue Springs South,3
2026-09-17,Buffalo,1,Bolivar,3
2026-09-17,Hallsville,0,Boonville,3
2026-09-17,Crystal City,3,Bourbon,0
2026-09-17,Plato,3,Bradleyville,0
2026-09-17,Willow Springs,0,Cabool,3
2026-09-17,Blair Oaks,3,California,0
2026-09-17,Jefferson City,3,Capital City,2
2026-09-17,Central (Springfield),0,Carl Junction,3
2026-09-17,Holden,0,Carrollton,3
2026-09-17,Kickapoo,3,Carthage,0
2026-09-17,South Pemiscot,3,Caruthersville,0
2026-09-17,Seneca,0,Cassville,3
2026-09-17,Perryville,3,Central (Cape Girardeau),1
2026-09-17,Southeast,1,Central (Kansas City),3
2026-09-17,Park Hill South,3,Central (St. Joseph),0
2026-09-17,Richland (Essex),3,Charleston,0
2026-09-17,Risco,1,Clarkton,3
2026-09-17,Spokane,2,Clever,3
2026-09-17,Warsaw,2,Clinton,3
2026-09-17,Lincoln,0,Cole Camp,3
2026-09-17,Ursuline Academy,0,Cor Jesu Academy,3
2026-09-17,Billings,3,Crane,1
2026-09-17,Bernie,0,Dexter,3
2026-09-17,Stockton,3,Diamond,1
2026-09-17,Archie,3,Drexel,1
2026-09-17,Lawson,1,East Buchanan,3
2026-09-17,Fair Grove,3,El Dorado Springs,0
2026-09-17,Bunker,0,Eminence,3
2026-09-17,Southwest (Washburn),1,Everton,3
2026-09-17,Galena,3,Exeter,2
2026-09-17,Battle,3,Father Tolton,0
2026-09-17,School of the Ozarks,3,Fordland,0
2026-09-17,Grain Valley,3,Fort Osage,0
2026-09-17,Troy Buchanan,1,Francis Howell,3
2026-09-17,Hogan Prep Academy Charter,1,Frontier STEM,3
2026-09-17,Ft. Zumwalt North,3,Ft. Zumwalt East,0
2026-09-17,Francis Howell North,0,Ft. Zumwalt West,3
2026-09-17,North Pemiscot,0,Gideon,3
2026-09-17,Sheldon,0,Greenfield,3
2026-09-17,South Iron,3,Greenville,1
2026-09-17,Jennings,0,Hazelwood East,3
2026-09-17,Valley Park,0,Herculaneum,3
2026-09-17,St. James,0,Hermann,3
2026-09-17,Southern Boone,3,Hickman,0
2026-09-17,Hollister,3,Hillcrest,0
2026-09-17,Cooter,0,Holcomb,3
2026-09-17,Sherwood,1,Hume,2
2026-09-17,Notre Dame (Cape Girardeau),0,Jackson,3
2026-09-17,Nixa,3,Joplin,0
2026-09-17,Smithville,3,Kearney,0
2026-09-17,Portageville,3,Kennett,1
2026-09-17,Cuba,3,Kingston,0
2026-09-17,Believe Acad Charter,1,KIPP St. Louis Sr.,3
2026-09-17,Trenton,0,Kirksville,3
2026-09-17,Ladue Horton Watkins,0,Kirkwood,3
2026-09-17,Bakersfield,3,Koshkonong,0
2026-09-17,Sacred Heart,3,La Monte,1
2026-09-17,Knob Noster,1,Lafayette County,3
2026-09-17,East Newton,0,Lamar,3
2026-09-17,Niangua,3,Laquey,1
2026-09-17,Excelsior Springs,3,Lexington,0
2026-09-17,Liberty North,2,Liberty,3
2026-09-17,Thayer,0,Liberty (Mountain View),3
2026-09-17,Francis Howell Central,3,Liberty (Wentzville),1
2026-09-17,Ash Grove,3,Lockwood,1
2026-09-17,Concordia,0,Lone Jack,3
2026-09-17,Marion C. Early,1,Lutie,3
2026-09-17,Twin Rivers,0,Malden,3
2026-09-17,Chadwick,3,Mansfield,1
2026-09-17,New Heights Christian,1,Marionville,3
2026-09-17,Eureka,3,Marquette,2
2026-09-17,Liberal,3,McAuley Catholic,0
2026-09-17,University City,3,McCluer,0
2026-09-17,Nevada,3,McDonald County,0
2026-09-17,Rosati-Kain,1,McKinley Classical Leadership,3
2026-09-17,Hannibal,3,Mexico,0
2026-09-17,Lathrop,0,Mid-Buchanan,3
2026-09-17,Lakeland,0,Midway,3
2026-09-17,North Callaway,3,Montgomery County,1
2026-09-17,Glendale,3,Neosho,0
2026-09-17,Incarnate Word Academy,3,Nerinx Hall,0
2026-09-17,Centralia,3,New Bloomfield,0
2026-09-17,Rock Port,3,North Nodaway,0
2026-09-17,West Platte,3,North Platte,0
2026-09-17,Washington,0,North Point,3
2026-09-17,Jasper,3,Northeast Vernon County,0
2026-09-17,Hazelwood West,0,Northwest (Cedar Hill),3
2026-09-17,Pembroke Hill,3,Notre Dame de Sion,2
2026-09-17,Lee's Summit North,3,Oak Park,0
2026-09-17,Mehlville,0,Oakville,3
2026-09-17,Marshall,0,Odessa,3
2026-09-17,Oak Ridge,3,Oran,0
2026-09-17,St. Charles,1,Orchard Farm,3
2026-09-17,Crest Ridge,3,Orrick,0
2026-09-17,Eugene,0,Osage,3
2026-09-17,Windsor,0,Otterville,3
2026-09-17,New Haven,0,Owensville,3
2026-09-17,St. Clair,1,Pacific,3
2026-09-17,North Kansas City,2,Park Hill,3
2026-09-17,Clayton,3,Pattonville,2
2026-09-17,Plattsburg,3,Penney,0
2026-09-17,Conway,0,Pleasant Hope,3
2026-09-17,Sikeston,1,Poplar Bluff,3
2026-09-17,St. Pius X (Festus),0,Potosi,3
2026-09-17,Golden City,0,Purdy,3
2026-09-17,Clearwater,0,Puxico,3
2026-09-17,Blue Springs,0,Raymore-Peculiar,3
2026-09-17,Ozark,3,Republic,0
2026-09-17,Mountain Grove,3,Salem,0
2026-09-17,Cameron,0,Savannah,3
2026-09-17,Valle Catholic,3,Saxony Lutheran,2
2026-09-17,Woodland,3,Scott City,0
2026-09-17,Parkway Central,1,Seckman,3
2026-09-17,Greenwood,3,Seymour,0
2026-09-17,Pierce City,0,Skyline,3
2026-09-17,Rock Bridge,3,Smith-Cotton,0
2026-09-17,Delta (Deering),3,Southland,2
2026-09-17,Marshfield,3,Springfield Catholic,0
2026-09-17,Holt,3,St. Charles West,1
2026-09-17,Visitation Academy,0,St. Dominic,3
2026-09-17,Maysville,0,St. Joseph Christian,3
2026-09-17,Van Horn,0,St. Michael the Archangel,3
2026-09-17,Jefferson (Festus),2,St. Vincent,3
2026-09-17,Lee's Summit West,3,Staley,0
2026-09-17,Northwest (Hughesville),0,Stover,3
2026-09-17,Union,0,Sullivan,3
2026-09-17,Lesterville,0,Summersville,3
2026-09-17,Pleasant Hill,3,Summit Christian Academy,0
2026-09-17,Lincoln College Prep,0,Summit Christian Academy,3
2026-09-17,South Holt with Craig,3,Tarkio with Fairfax,1
2026-09-17,Ft. Zumwalt South,2,Timberland,3
2026-09-17,Raytown,0,Truman,3
2026-09-17,Ewing Marion Kauffman,0,University Academy Charter,3
2026-09-17,Gloria Deo Academy,0,Verona,3
2026-09-17,Russellville,0,Versailles,3
2026-09-17,Winfield,3,Warrenton,1
2026-09-17,Lebanon,1,Webb City,3
2026-09-17,Richmond,1,Wellington-Napoleon,3
2026-09-17,Fredericktown,3,West County,1
2026-09-17,Union Star with King City,0,West Nodaway with Nodaway-Holt,3
2026-09-17,Rolla,0,West Plains,3
2026-09-17,Thomas Jefferson Independent Day,3,Wheaton,0
2026-09-17,Waynesville,0,Willard,3
2026-09-17,Grandview,0,William Chrisman,3
2026-09-17,Festus,3,Windsor (Imperial),0
2026-09-17,Ruskin,0,Winnetonka,3
2026-09-18,Woodland,3,Advance,2
2026-09-18,St. Paul Lutheran (Farmington),0,Bismarck,3
2026-09-18,Webb City,2,Camdenton,0
2026-09-18,Willard,0,Camdenton,2
2026-09-18,Prairie Home,0,Christian Fellowship Sr.,3
2026-09-18,Bernie,2,Clarkton,2
2026-09-18,Cardinal Ritter,0,Collegiate School of Med-Bio Science,3
2026-09-18,West Plains,0,Confluence Prep Academy Charter with Grand Center Arts Charter,3
2026-09-18,Marquette,0,Cor Jesu Academy,3
2026-09-18,Raytown South,3,Cristo Rey,0
2026-09-18,Eminence,3,Dora,1
2026-09-18,Sparta,0,Fordland,3
2026-09-18,Chadwick,3,Galena,0
2026-09-18,Bloomfield,0,Gideon,3
2026-09-18,Southwest (Washburn),2,Golden City,3
2026-09-18,Meadow Heights,3,Greenville,0
2026-09-18,Crane,1,Greenwood,3
2026-09-18,Valley Park,0,Hancock,3
2026-09-18,South Pemiscot,0,Holcomb,3
2026-09-18,East Prairie,2,Kelly,1
2026-09-18,Lutheran St. Charles,0,Lindbergh,3
2026-09-18,Visitation Academy,0,Lindbergh,3
2026-09-18,Blair Oaks,3,Logan-Rogersville,0
2026-09-18,Visitation Academy,0,Lutheran St. Charles,3
2026-09-18,Bayless,3,Maplewood-Richmond Hts.,2
2026-09-18,Gateway Science Charter,3,McKinley Classical Leadership,0
2026-09-18,Richland (Essex),0,North Pemiscot,3
2026-09-18,Mehlville,3,Northwest (Cedar Hill),2
2026-09-18,Winona,0,Potosi,3
2026-09-18,Blair Oaks,0,Potosi,3
2026-09-18,Senath-Hornersville,3,Risco,1
2026-09-18,Bronaugh,0,Sheldon,3
2026-09-18,Hazelwood Central,0,STEAM Academy,3
2026-09-18,Delta (Deering),0,Twin Rivers,3
2026-09-18,KIPP St. Louis Sr.,0,Vashon,3
2026-09-18,Branson,2,Webb City,1
2026-09-18,Ursuline Academy,3,Whitfield,0
2026-09-18,Branson,2,Willard,0
2026-09-19,Ste. Genevieve,2,Affton,0
2026-09-19,Ft. Zumwalt South,2,Affton,0
2026-09-19,St. Charles,2,Affton,1
2026-09-19,Stockton,2,Ash Grove,0
2026-09-19,Central (Springfield),1,Ash Grove,1
2026-09-19,El Dorado Springs,0,Ash Grove,2
2026-09-19,Gloria Deo Academy,0,Ash Grove,2
2026-09-19,Hillcrest,2,Aurora,0
2026-09-19,Springfield Catholic,2,Aurora,0
2026-09-19,Bunker,1,Ava,1
2026-09-19,Thayer,1,Ava,1
2026-09-19,Hollister,2,Ava,0
2026-09-19,Leeton with Chilhowee,0,Ballard,2
2026-09-19,Kingsville,2,Ballard,0
2026-09-19,Green Ridge,2,Ballard,0
2026-09-19,Herculaneum,0,Belle,2
2026-09-19,Licking,2,Belle,0
2026-09-19,Winona,2,Blair Oaks,3
2026-09-19,Oak Grove,1,Blue Springs South,2
2026-09-19,Grain Valley,0,Blue Springs South,2
2026-09-19,St. Teresa's Academy,2,Blue Springs South,0
2026-09-19,Licking,2,Bourbon,0
2026-09-19,Cuba,2,Bourbon,0
2026-09-19,Jefferson (Festus),2,Bourbon,0
2026-09-19,Leopold,1,Bowling Green,1
2026-09-19,New Haven,1,Bowling Green,1
2026-09-19,Orrick,2,Bronaugh,0
2026-09-19,Otterville,2,Bronaugh,0
2026-09-19,Lakeland,2,Bronaugh,0
2026-09-19,Stockton,1,Buffalo,1
2026-09-19,Ash Grove,2,Buffalo,0
2026-09-19,Gloria Deo Academy,0,Buffalo,2
2026-09-19,Central (Springfield),1,Buffalo,1
2026-09-19,Eugene,2,Bunceton,0
2026-09-19,Prairie Home,2,Bunceton,0
2026-09-19,Thayer,2,Bunker,0
2026-09-19,Tipton,0,Butler,2
2026-09-19,Concordia,0,Butler,2
2026-09-19,Pleasant Hill,2,Butler,0
2026-09-19,Fordland,0,Cabool,2
2026-09-19,Salem,0,Cabool,2
2026-09-19,Hollister,2,Cabool,0
2026-09-19,Bunker,0,Cabool,2
2026-09-19,Couch,0,Cabool,2
2026-09-19,Lathrop,2,Cameron,0
2026-09-19,Mid-Buchanan,2,Cameron,0
2026-09-19,Wellington-Napoleon,0,Cameron,2
2026-09-19,El Dorado Springs,2,Cassville,1
2026-09-19,Fair Grove,3,Cassville,0
2026-09-19,KIPP KC Legacy,2,Central (Kansas City),0
2026-09-19,Guadalupe Centers Charter,2,Central (Kansas City),0
2026-09-19,Greenville,0,Central (New Madrid County),2
2026-09-19,Valley,0,Central (New Madrid County),2
2026-09-19,Stockton,1,Central (Springfield),1
2026-09-19,Gloria Deo Academy,0,Central (Springfield),2
2026-09-19,Fair Grove,2,Central (Springfield),0
2026-09-19,Winnetonka,0,Central (St. Joseph),2
2026-09-19,Kearney,1,Central (St. Joseph),1
2026-09-19,Fort Osage,2,Central (St. Joseph),0
2026-09-19,North Kansas City,2,Central (St. Joseph),0
2026-09-19,Hannibal,2,Clayton,0
2026-09-19,Ste. Genevieve,2,Clayton,0
2026-09-19,St. Charles,0,Clayton,2
2026-09-19,STEAM Academy,0,Clayton,2
2026-09-19,St. Paul Lutheran (Farmington),2,Clearwater,0
2026-09-19,Ellington,2,Clearwater,0
2026-09-19,Pleasant Hill,2,Concordia,0
2026-09-19,Tipton,2,Concordia,0
2026-09-19,Lone Jack,2,Concordia,0
2026-09-19,Mountain Grove,2,Couch,0
2026-09-19,Seymour,1,Couch,1
2026-09-19,Niangua,0,Couch,2
2026-09-19,Jefferson (Festus),2,Cuba,0
2026-09-19,Licking,1,Cuba,1
2026-09-19,Warrenton,0,Cuba,2
2026-09-19,Greenville,0,Doniphan,2
2026-09-19,Fredericktown,2,Doniphan,0
2026-09-19,Central (New Madrid County),1,Doniphan,1
2026-09-19,Valley,2,Doniphan,0
2026-09-19,North Point,2,Duchesne,0
2026-09-19,Frontier STEM,1,East (Kansas City),1
2026-09-19,Harrisonville,1,East Buchanan,1
2026-09-19,Holden,0,East Buchanan,2
2026-09-19,Lone Jack,1,East Buchanan,1
2026-09-19,Pleasant Hill,2,East Buchanan,0
2026-09-19,Sarcoxie,0,East Newton,2
2026-09-19,School of the Ozarks,0,East Newton,2
2026-09-19,Pierce City,0,East Newton,2
2026-09-19,New Heights Christian,0,East Newton,2
2026-09-19,McAuley Catholic,0,East Newton,2
2026-09-19,Fair Grove,2,El Dorado Springs,1
2026-09-19,St. Paul Lutheran (Farmington),1,Ellington,1
2026-09-19,Valley,0,Ellington,2
2026-09-19,New Bloomfield,0,Eugene,2
2026-09-19,Lee's Summit West,2,Eureka,1
2026-09-19,Park Hill South,1,Eureka,2
2026-09-19,Thomas Jefferson Independent Day,2,Everton,0
2026-09-19,Hurley,0,Everton,2
2026-09-19,Exeter,0,Everton,2
2026-09-19,Sheldon,0,Everton,2
2026-09-19,Sheldon,2,Exeter,0
2026-09-19,Stockton,0,Fair Grove,2
2026-09-19,Troy Buchanan,0,Festus,2
2026-09-19,Fox,0,Festus,2
2026-09-19,Timberland,1,Festus,1
2026-09-19,Poplar Bluff,0,Festus,2
2026-09-19,Windsor (Imperial),0,Festus,2
2026-09-19,Liberty (Wentzville),0,Festus,2
2026-09-19,Seckman,1,Fox,2
2026-09-19,Ellington,0,Fredericktown,2
2026-09-19,Clearwater,0,Fredericktown,2
2026-09-19,St. Paul Lutheran (Farmington),0,Fredericktown,2
2026-09-19,Lindbergh,2,Ft. Zumwalt North,0
2026-09-19,Pattonville,0,Ft. Zumwalt South,2
2026-09-19,Ste. Genevieve,2,Ft. Zumwalt South,0
2026-09-19,Hannibal,2,Ft. Zumwalt South,0
2026-09-19,Exeter,0,Galena,2
2026-09-19,Sheldon,1,Galena,1
2026-09-19,Hurley,2,Galena,0
2026-09-19,Liberty North,1,Grain Valley,2
2026-09-19,Ewing Marion Kauffman,0,Grandview,2
2026-09-19,Washington,0,Grandview,2
2026-09-19,Leeton with Chilhowee,0,Green Ridge,2
2026-09-19,Otterville,2,Green Ridge,1
2026-09-19,Kingsville,0,Green Ridge,2
2026-09-19,Lakeland,0,Green Ridge,2
2026-09-19,School of the Ozarks,0,Greenfield,2
2026-09-19,Pierce City,2,Greenfield,0
2026-09-19,New Heights Christian,2,Greenfield,0
2026-09-19,Sarcoxie,1,Greenfield,2
2026-09-19,Valley,2,Greenville,0
2026-09-19,KIPP KC Legacy,1,Guadalupe Centers Charter,1
2026-09-19,Academie Lafayette,0,Guadalupe Centers Charter,2
2026-09-19,STEAM Academy,0,Hannibal,2
2026-09-19,St. Charles,0,Hannibal,2
2026-09-19,Ste. Genevieve,1,Hannibal,2
2026-09-19,Lone Jack,0,Harrisonville,2
2026-09-19,Holden,0,Harrisonville,2
2026-09-19,Butler,2,Harrisonville,0
2026-09-19,Viburnum,2,Herculaneum,0
2026-09-19,Warrenton,2,Herculaneum,0
2026-09-19,North Kansas City,1,Hickman,1
2026-09-19,Smithville,2,Hickman,0
2026-09-19,Springfield Catholic,2,Hillcrest,0
2026-09-19,Southeast,2,Hogan Prep Academy Charter,0
2026-09-19,Academie Lafayette,2,Hogan Prep Academy Charter,0
2026-09-19,Lone Jack,2,Holden,0
2026-09-19,Tipton,2,Holden,0
2026-09-19,Bunker,0,Hollister,2
2026-09-19,Fordland,1,Hollister,1
2026-09-19,Thayer,0,Hollister,2
2026-09-19,Salem,0,Hollister,2
2026-09-19,Mountain Grove,0,Hollister,2
2026-09-19,Willow Springs,0,Houston,2
2026-09-19,Waynesville,0,Houston,2
2026-09-19,Thomas Jefferson Independent Day,2,Hurley,0
2026-09-19,St. Joseph's Academy,1,Jackson,2
2026-09-19,Smithville,2,Kearney,0
2026-09-19,Fort Osage,1,Kearney,1
2026-09-19,Rock Bridge,0,Kickapoo,2
2026-09-19,Staley,0,Kickapoo,2
2026-09-19,Leeton with Chilhowee,0,Kingsville,2
2026-09-19,Otterville,2,Kingsville,1
2026-09-19,Orrick,0,Lakeland,2
2026-09-19,Otterville,2,Lakeland,0
2026-09-19,South Harrison,1,Lathrop,1
2026-09-19,Mid-Buchanan,2,Lathrop,0
2026-09-19,Plattsburg,2,Lathrop,0
2026-09-19,William Chrisman,1,Lawson,1
2026-09-19,Warrensburg,2,Lawson,0
2026-09-19,Van Horn,0,Lawson,2
2026-09-19,Raytown,0,Lawson,2
2026-09-19,Barstow,0,Lawson,2
2026-09-19,St. Teresa's Academy,0,Lee's Summit North,2
2026-09-19,Lee's Summit West,0,Lee's Summit North,2
2026-09-19,Park Hill South,0,Lee's Summit West,2
2026-09-19,Orrick,1,Leeton with Chilhowee,2
2026-09-19,New Haven,2,Leopold,0
2026-09-19,Jefferson (Festus),1,Licking,1
2026-09-19,Grandview,0,Lincoln College Prep,2
2026-09-19,Washington,0,Lincoln College Prep,2
2026-09-19,Ewing Marion Kauffman,0,Lincoln College Prep,2
2026-09-19,Guadalupe Centers Charter,0,Lincoln College Prep,2
2026-09-19,Lutheran St. Charles,1,Lindbergh,2
2026-09-19,Potosi,3,Logan-Rogersville,0
2026-09-19,Winona,1,Logan-Rogersville,3
2026-09-19,Tipton,0,Lone Jack,2
2026-09-19,Faith Christian Academy,0,Lutheran (Kansas City),2
2026-09-19,South Harrison,0,Mid-Buchanan,2
2026-09-19,Plattsburg,0,Mid-Buchanan,2
2026-09-19,Veritas Christian Academy,0,Montgomery County,2
2026-09-19,Orchard Farm,2,Montgomery County,0
2026-09-19,Mid-Buchanan,2,Mound City,0
2026-09-19,Wellington-Napoleon,0,Mound City,2
2026-09-19,Trenton,0,Mound City,2
2026-09-19,Plattsburg,0,Mound City,2
2026-09-19,Lathrop,0,Mound City,2
2026-09-19,Seymour,0,Mountain Grove,2
2026-09-19,Niangua,0,Mountain Grove,2
2026-09-19,Prairie Home,0,New Bloomfield,2
2026-09-19,Calvary Lutheran,2,New Bloomfield,0
2026-09-19,School of the Ozarks,1,New Heights Christian,1
2026-09-19,Seymour,2,Niangua,0
2026-09-19,Rock Bridge,2,Nixa,1
2026-09-19,Staley,0,Nixa,2
2026-09-19,Eugene,1,North Callaway,1
2026-09-19,Calvary Lutheran,0,North Callaway,2
2026-09-19,Bunceton,0,North Callaway,2
2026-09-19,Smithville,2,North Kansas City,0
2026-09-19,Platte County,1,North Kansas City,1
2026-09-19,Oak Park,0,North Kansas City,2
2026-09-19,Rock Port,2,North Nodaway,0
2026-09-19,South Holt with Craig,2,North Nodaway,0
2026-09-19,Tarkio with Fairfax,2,North Nodaway,0
2026-09-19,North Platte,2,North Nodaway,0
2026-09-19,West Nodaway with Nodaway-Holt,2,North Platte,0
2026-09-19,St. Joseph Christian,2,North Platte,0
2026-09-19,Union Star with King City,1,North Platte,1
2026-09-19,Frontier STEM,1,Northeast (Kansas City),1
2026-09-19,East (Kansas City),0,Northeast (Kansas City),2
2026-09-19,Pembroke Hill,2,Oak Park,0
2026-09-19,St. Pius X (Kansas City),2,Oak Park,0
2026-09-19,Truman,0,Oak Park,2
2026-09-19,Veritas Christian Academy,0,Orchard Farm,2
2026-09-19,North Point,2,Orchard Farm,1
2026-09-19,Duchesne,1,Orchard Farm,2
2026-09-19,Otterville,2,Orrick,0
2026-09-19,Rock Bridge,0,Ozark,2
2026-09-19,Staley,0,Ozark,2
2026-09-19,St. Teresa's Academy,2,Park Hill South,0
2026-09-19,Lutheran St. Charles,2,Parkway Central,1
2026-09-19,Lutheran St. Charles,2,Parkway South,1
2026-09-19,Ruskin,2,Paseo Academy,0
2026-09-19,Affton,0,Pattonville,2
2026-09-19,Ste. Genevieve,2,Pattonville,0
2026-09-19,St. Charles,2,Pattonville,1
2026-09-19,Fort Osage,0,Pembroke Hill,2
2026-09-19,School of the Ozarks,1,Pierce City,1
2026-09-19,New Heights Christian,1,Pierce City,1
2026-09-19,McAuley Catholic,0,Pierce City,2
2026-09-19,Smithville,1,Platte County,1
2026-09-19,Pembroke Hill,2,Platte County,0
2026-09-19,Wellington-Napoleon,0,Plattsburg,2
2026-09-19,Tipton,0,Pleasant Hill,2
2026-09-19,Calvary Lutheran,2,Prairie Home,0
2026-09-19,Warrensburg,2,Raytown,0
2026-09-19,Barstow,2,Raytown,0
2026-09-19,Rock Bridge,0,Republic,2
2026-09-19,Staley,2,Republic,1
2026-09-19,South Holt with Craig,0,Rock Port,2
2026-09-19,Tarkio with Fairfax,0,Rock Port,2
2026-09-19,St. Joseph Christian,1,Rock Port,2
2026-09-19,Grandview,2,Ruskin,0
2026-09-19,Fordland,0,Salem,2
2026-09-19,McAuley Catholic,0,Sarcoxie,2
2026-09-19,Windsor (Imperial),1,Seckman,1
2026-09-19,Liberty (Wentzville),0,Seckman,2
2026-09-19,Troy Buchanan,0,Seckman,2
2026-09-19,St. Pius X (Kansas City),0,Smithville,2
2026-09-19,Pembroke Hill,0,Smithville,2
2026-09-19,Tarkio with Fairfax,1,South Holt with Craig,1
2026-09-19,Union Star with King City,1,South Holt with Craig,2
2026-09-19,Academie Lafayette,2,Southeast,0
2026-09-19,East (Kansas City),2,Southeast,1
2026-09-19,West Plains,2,Southern Boone,0
2026-09-19,Sullivan,1,Southern Boone,2
2026-09-19,STEAM Academy,0,St. Charles,2
2026-09-19,Bourbon,1,St. James,1
2026-09-19,Cuba,2,St. James,0
2026-09-19,Licking,2,St. James,0
2026-09-19,Jefferson (Festus),2,St. James,0
2026-09-19,Pembroke Hill,0,St. Pius X (Kansas City),2
2026-09-19,Viburnum,0,Steelville,2
2026-09-19,Herculaneum,0,Steelville,2
2026-09-19,Licking,2,Steelville,0
2026-09-19,Cuba,2,Steelville,1
2026-09-19,Belle,1,Steelville,1
2026-09-19,Warrenton,1,Steelville,1
2026-09-19,Gloria Deo Academy,0,Stockton,2
2026-09-19,West Plains,2,Sullivan,0
2026-09-19,West Nodaway with Nodaway-Holt,2,Tarkio with Fairfax,0
2026-09-19,Wellington-Napoleon,1,Trenton,1
2026-09-19,Plattsburg,2,Trenton,0
2026-09-19,South Harrison,2,Trenton,0
2026-09-19,Liberty (Wentzville),1,Troy Buchanan,1
2026-09-19,Windsor,2,Troy Buchanan,0
2026-09-19,Winnetonka,0,Truman,2
2026-09-19,Pembroke Hill,2,Truman,0
2026-09-19,St. Pius X (Kansas City),2,Truman,0
2026-09-19,Duchesne,2,Union,0
2026-09-19,Wright City,0,Union,2
2026-09-19,North Point,2,Union,0
2026-09-19,West Nodaway with Nodaway-Holt,2,Union Star with King City,0
2026-09-19,St. Joseph Christian,2,Union Star with King City,0
2026-09-19,William Chrisman,2,Van Horn,0
2026-09-19,Barstow,2,Van Horn,0
2026-09-19,William Chrisman,0,Warrensburg,2
2026-09-19,Barstow,0,Warrensburg,2
2026-09-19,East (Kansas City),0,Washington,2
2026-09-19,Willow Springs,0,Waynesville,2
2026-09-19,St. Joseph Christian,1,West Nodaway with Nodaway-Holt,1
2026-09-19,Barstow,0,William Chrisman,2
2026-09-19,Liberty (Wentzville),1,Windsor (Imperial),1
2026-09-19,Fort Osage,2,Winnetonka,0
2026-09-19,Kearney,2,Winnetonka,0
2026-09-19,Duchesne,2,Wright City,0
2026-09-19,North Point,2,Wright City,0
2026-09-21,Gideon,1,Advance,3
2026-09-21,Butler,3,Appleton City with Montrose,0
2026-09-21,Osceola,3,Archie,0
2026-09-21,Hillcrest,3,Aurora,2
2026-09-21,Fordland,0,Ava,3
2026-09-21,Puxico,1,Bell City,3
2026-09-21,Chillicothe,0,Benton,3
2026-09-21,Poplar Bluff,3,Bernie,2
2026-09-21,Parkview,0,Billings,3
2026-09-21,Notre Dame (St. Louis),3,Bishop DuBourg,0
2026-09-21,Sikeston,3,Bloomfield,0
2026-09-21,Liberty,1,Blue Springs,3
2026-09-21,Eldon,0,Boonville,3
2026-09-21,Miami (Amoret),3,Bronaugh,0
2026-09-21,Osage,3,Buffalo,0
2026-09-21,Sacred Heart,3,Bunceton,0
2026-09-21,Licking,3,Capital City,2
2026-09-21,Diamond,2,Cassville,3
2026-09-21,Scott City,1,Central (Cape Girardeau),3
2026-09-21,South Pemiscot,0,Central (New Madrid County),3
2026-09-21,Bismarck,3,Central (Park Hills),1
2026-09-21,New Bloomfield,2,Chamois,3
2026-09-21,Zalma,3,Charleston,0
2026-09-21,Gateway with Soldan International Studies,0,Collegiate School of Med-Bio Science,3
2026-09-21,Russellville,3,Columbia Independent,0
2026-09-21,Mansfield,0,Couch,3
2026-09-21,Marionville,3,Crane,2
2026-09-21,Plato,3,Dixon,0
2026-09-21,Liberty (Mountain View),3,Doniphan,0
2026-09-21,Thayer,3,Dora,0
2026-09-21,Paseo Academy,3,East (Kansas City),0
2026-09-21,Southland,0,East Prairie,3
2026-09-21,Willow Springs,0,Eminence,3
2026-09-21,Belle,1,Eugene,3
2026-09-21,North Point,0,Eureka,2
2026-09-21,Mehlville,3,Fox,1
2026-09-21,North Point,1,Francis Howell Central,2
2026-09-21,Eureka,2,Francis Howell Central,0
2026-09-21,Timberland,3,Francis Howell North,2
2026-09-21,Lutheran St. Charles,2,Ft. Zumwalt North,3
2026-09-21,Mexico,3,Fulton,2
2026-09-21,Hancock,3,Gateway Science Charter,1
2026-09-21,Fair Grove,0,Glendale,3
2026-09-21,Kearney,1,Grain Valley,2
2026-09-21,Oak Park,0,Grain Valley,2
2026-09-21,Van Horn,0,Grandview,3
2026-09-21,St. Clair,3,Grandview (Hillsboro),0
2026-09-21,Kingsville,1,Green Ridge,2
2026-09-21,Affton,3,Hazelwood Central,0
2026-09-21,Camdenton,0,Helias Catholic,3
2026-09-21,Kennett,1,Holcomb,3
2026-09-21,Jefferson City,1,Incarnate Word Academy,3
2026-09-21,Midway,3,Jasper,1
2026-09-21,Rosati-Kain,3,Jennings,2
2026-09-21,Caruthersville,3,Kelly,2
2026-09-21,St. Paul Lutheran (Farmington),3,Kingston,2
2026-09-21,Miller,1,Lamar,3
2026-09-21,University Academy Charter,3,Lathrop,0
2026-09-21,Excelsior Springs,0,Lawson,3
2026-09-21,St. Michael the Archangel,3,Lee's Summit,1
2026-09-21,Lee's Summit North,1,Lee's Summit West,3
2026-09-21,Bunker,3,Lesterville,2
2026-09-21,Belton,3,Liberty North,2
2026-09-21,Kirkwood,2,Lindbergh,3
2026-09-21,Cuba,0,Linn,3
2026-09-21,Willard,3,Logan-Rogersville,2
2026-09-21,Oran,0,Malden,3
2026-09-21,Leopold,3,Meadow Heights,0
2026-09-21,West Plains,0,Metro,3
2026-09-21,Hollister,3,Monett,0
2026-09-21,Fatima,3,Montgomery County,1
2026-09-21,North Platte,0,Mound City,3
2026-09-21,Marshfield,3,Mountain Grove,0
2026-09-21,Pleasant Hope,0,New Covenant Academy,3
2026-09-21,Liberal,3,New Heights Christian,0
2026-09-21,Greenwood,3,Niangua,0
2026-09-21,Fort Osage,2,North Kansas City,3
2026-09-21,Delta (Deering),0,North Pemiscot,3
2026-09-21,Golden City,3,Northeast Vernon County,0
2026-09-21,Summit Christian Academy,3,Northland Christian,0
2026-09-21,Knob Noster,0,Oak Grove,3
2026-09-21,La Monte,3,Orrick,0
2026-09-21,Jefferson (Festus),0,Perryville,3
2026-09-21,Park Hill,3,Platte County,0
2026-09-21,Smithton,3,Prairie Home,0
2026-09-21,Smithville,2,Raymore-Peculiar,3
2026-09-21,Lutheran North,1,Ritenour,3
2026-09-21,Lebanon,3,Rolla,0
2026-09-21,Summersville,0,Salem,3
2026-09-21,McAuley Catholic,0,Sarcoxie,3
2026-09-21,Pleasant Hill,3,Savannah,0
2026-09-21,Oak Ridge,1,Saxony Lutheran,3
2026-09-21,Portageville,3,Senath-Hornersville,1
2026-09-21,Sparta,3,Seymour,1
2026-09-21,Rich Hill,3,Sheldon,1
2026-09-21,Marshall,0,Smith-Cotton,3
2026-09-21,North Nodaway,0,South Harrison,3
2026-09-21,Blue Eye,3,Southwest (Washburn),0
2026-09-21,Reeds Spring,0,Spokane,3
2026-09-21,Central (Springfield),0,Springfield Catholic,3
2026-09-21,Father Tolton,0,St. Francis Borgia,3
2026-09-21,Bourbon,3,St. James,1
2026-09-21,Villa Duchesne,0,St. Joseph's Academy,3
2026-09-21,Lutheran (Kansas City),0,St. Paul Lutheran (Concordia),3
2026-09-21,DeSoto,0,Ste. Genevieve,3
2026-09-21,Maplewood-Richmond Hts.,3,STEAM Academy,0
2026-09-21,Skyline,0,Strafford,3
2026-09-21,Santa Fe,3,Sweet Springs,0
2026-09-21,Maysville,0,Tarkio with Fairfax,3
2026-09-21,Windsor,0,Tipton,3
2026-09-21,Warrenton,2,Troy Buchanan,3
2026-09-21,Central (St. Joseph),2,Truman,0
2026-09-21,St. Vincent,0,Valle Catholic,3
2026-09-21,McKinley Classical Leadership,3,Vashon,0
2026-09-21,Galena,0,Verona,3
2026-09-21,Cole Camp,3,Versailles,2
2026-09-21,Seckman,3,Webster Groves,2
2026-09-21,Greenville,0,West County,3
2026-09-21,Purdy,3,Wheaton,2
2026-09-21,Dexter,1,Woodland,3
2026-09-21,St. Charles West,1,Wright City,3
2026-09-22,Pembroke Hill,2,Adrian,0
2026-09-22,Odessa,0,Adrian,2
2026-09-22,Drexel,3,Appleton City with Montrose,2
2026-09-22,North County,3,Arcadia Valley,1
2026-09-22,Diamond,1,Ash Grove,3
2026-09-22,Salem,3,Ava,2
2026-09-22,Lincoln College Prep,3,Barstow,2
2026-09-22,Hancock,0,Bayless,3
2026-09-22,Linn,3,Belle,0
2026-09-22,Raymore-Peculiar,3,Belton,1
2026-09-22,Veritas Christian Academy,0,Bishop DuBourg,3
2026-09-22,Savannah,3,Bishop LeBlond,2
2026-09-22,Wheaton,0,Blue Eye,3
2026-09-22,Lee's Summit West,3,Blue Springs South,0
2026-09-22,Centralia,2,Bowling Green,3
2026-09-22,Maplewood-Richmond Hts.,3,Brentwood,1
2026-09-22,North Platte,2,Brookfield,3
2026-09-22,Liberal,0,Butler,3
2026-09-22,Thayer,0,Cabool,3
2026-09-22,Hickman,3,Camdenton,1
2026-09-22,Branson,3,Carl Junction,1
2026-09-22,Portageville,3,Caruthersville,0
2026-09-22,Woodland,2,Central (Cape Girardeau),0
2026-09-22,Lawson,2,Chillicothe,0
2026-09-22,Northland Christian,2,Chillicothe,0
2026-09-22,Bunceton,0,Christian Fellowship Sr.,3
2026-09-22,Central (New Madrid County),3,Clarkton,2
2026-09-22,Stover,2,Cole Camp,3
2026-09-22,Wellington-Napoleon,0,Concordia,3
2026-09-22,Cardinal Ritter,3,Confluence Prep Academy Charter with Grand Center Arts Charter,1
2026-09-22,Gideon,3,Cooter,0
2026-09-22,Frontier STEM,1,Cristo Rey,3
2026-09-22,Valley Park,3,Crossroads College Preparatory,0
2026-09-22,Clearwater,0,Doniphan,3
2026-09-22,Trenton,0,East Buchanan,2
2026-09-22,Penney,0,East Buchanan,2
2026-09-22,Charleston,0,East Prairie,3
2026-09-22,Koshkonong,0,Eminence,3
2026-09-22,Logan-Rogersville,3,Fair Grove,0
2026-09-22,Woodland,0,Farmington,2
2026-09-22,Montgomery County,0,Father Tolton,3
2026-09-22,Boonville,2,Fatima,3
2026-09-22,DeSoto,0,Festus,3
2026-09-22,Platte County,3,Fort Osage,0
2026-09-22,Ft. Zumwalt West,3,Francis Howell Central,0
2026-09-22,Francis Howell,3,Francis Howell North,1
2026-09-22,Valle Catholic,3,Fredericktown,0
2026-09-22,North Point,3,Ft. Zumwalt South,0
2026-09-22,Chadwick,0,Gainesville,3
2026-09-22,Bradleyville,0,Galena,3
2026-09-22,Webb City,0,Glendale,3
2026-09-22,Winnetonka,0,Grandview,3
2026-09-22,Bourbon,3,Grandview (Hillsboro),0
2026-09-22,Jasper,0,Greenfield,3
2026-09-22,Billings,3,Greenwood,1
2026-09-22,North Callaway,0,Hallsville,3
2026-09-22,Fox,3,Hazelwood West,0
2026-09-22,Smith-Cotton,0,Helias Catholic,3
2026-09-22,Crystal City,3,Herculaneum,0
2026-09-22,Pacific,3,Hermann,0
2026-09-22,Orchard Farm,3,Holt,1
2026-09-22,School of the Ozarks,3,Hurley,1
2026-09-22,Battle,0,Jefferson City,3
2026-09-22,Senath-Hornersville,0,Kennett,3
2026-09-22,Willard,2,Kickapoo,3
2026-09-22,Ewing Marion Kauffman,3,KIPP KC Legacy,0
2026-09-22,Mexico,1,Kirksville,3
2026-09-22,Holden,0,Knob Noster,3
2026-09-22,Oakville,3,Ladue Horton Watkins,0
2026-09-22,Carrollton,0,Lafayette County,3
2026-09-22,Rich Hill,2,Lakeland,3
2026-09-22,McDonald County,0,Lamar,3
2026-09-22,Eugene,3,Laquey,0
2026-09-22,Northland Christian,2,Lawson,1
2026-09-22,Republic,3,Lebanon,0
2026-09-22,Harrisonville,3,Lexington,0
2026-09-22,Green Ridge,3,Lincoln,1
2026-09-22,John Burroughs,1,Lindbergh,3
2026-09-22,Santa Fe,2,Lone Jack,3
2026-09-22,Westminster Christian Academy,3,Lutheran South,0
2026-09-22,Duchesne,1,Lutheran St. Charles,3
2026-09-22,Lockwood,3,Marionville,0
2026-09-22,Rock Bridge,2,Marquette,3
2026-09-22,Bolivar,0,Marshfield,3
2026-09-22,Faith Christian Academy,3,Maysville,1
2026-09-22,Hazelwood Central,3,McCluer North,0
2026-09-22,South Iron,0,Meadow Heights,3
2026-09-22,Visitation Academy,0,MICDS,3
2026-09-22,Sherwood,0,Midway,3
2026-09-22,Liberty (Mountain View),3,Mountain Grove,1
2026-09-22,Nevada,2,Mt. Vernon,3
2026-09-22,Parkway Central,1,Nerinx Hall,3
2026-09-22,Spokane,0,New Covenant Academy,3
2026-09-22,Exeter,0,New Heights Christian,3
2026-09-22,Gloria Deo Academy,3,Niangua,0
2026-09-22,Carthage,1,Nixa,3
2026-09-22,Liberty,1,North Kansas City,3
2026-09-22,West Nodaway with Nodaway-Holt,3,North Nodaway,0
2026-09-22,Hayti,0,North Pemiscot,3
2026-09-22,La Monte,3,Northwest (Hughesville),0
2026-09-22,Clinton,3,Notre Dame de Sion,2
2026-09-22,Pembroke Hill,2,Odessa,0
2026-09-22,St. Paul Lutheran (Concordia),3,Orrick,0
2026-09-22,El Dorado Springs,0,Osceola,3
2026-09-22,Central (St. Joseph),0,Park Hill,3
2026-09-22,Lee's Summit North,3,Park Hill South,1
2026-09-22,Pattonville,0,Parkway South,3
2026-09-22,Academie Lafayette,0,Paseo Academy,3
2026-09-22,Miller,3,Pierce City,0
2026-09-22,Maryville,3,Plattsburg,0
2026-09-22,St. Pius X (Kansas City),3,Pleasant Hill,2
2026-09-22,Grain Valley,3,Raytown,0
2026-09-22,Kearney,3,Raytown South,0
2026-09-22,Cassville,1,Reeds Spring,3
2026-09-22,Southland,0,Risco,3
2026-09-22,Affton,3,Ritenour,1
2026-09-22,Dixon,1,Russellville,3
2026-09-22,Otterville,0,Sacred Heart,3
2026-09-22,Advance,1,Saxony Lutheran,3
2026-09-22,Oran,0,Scott City,3
2026-09-22,Aurora,3,Seneca,0
2026-09-22,Pleasant Hope,3,Seymour,1
2026-09-22,Ballard,3,Sheldon,1
2026-09-22,Jackson,3,Sikeston,1
2026-09-22,Ruskin,0,Smithville,3
2026-09-22,Rock Port,3,South Holt with Craig,0
2026-09-22,Campbell,3,South Pemiscot,0
2026-09-22,East (Kansas City),0,Southeast,3
2026-09-22,Osage,3,Southern Boone,2
2026-09-22,Sarcoxie,3,Southwest (Washburn),0
2026-09-22,Conway,3,Sparta,0
2026-09-22,Winfield,0,St. Charles West,3
2026-09-22,Sullivan,2,St. Clair,3
2026-09-22,Owensville,3,St. James,0
2026-09-22,Cor Jesu Academy,0,St. Joseph's Academy,3
2026-09-22,McCluer,0,STEAM Academy,3
2026-09-22,Kingston,1,Steelville,3
2026-09-22,Skyline,3,Stockton,0
2026-09-22,Mound City,3,Tarkio with Fairfax,0
2026-09-22,McAuley Catholic,0,Thomas Jefferson Independent Day,3
2026-09-22,Ft. Zumwalt East,0,Timberland,3
2026-09-22,California,1,Tipton,3
2026-09-22,Penney,0,Trenton,2
2026-09-22,Liberty (Wentzville),2,Troy Buchanan,3
2026-09-22,William Chrisman,3,Truman,0
2026-09-22,New Haven,0,Union,3
2026-09-22,Jennings,1,University City,3
2026-09-22,St. Dominic,3,Ursuline Academy,0
2026-09-22,Ellington,3,Valley,0
2026-09-22,Notre Dame (St. Louis),2,Villa Duchesne,3
2026-09-22,Oak Grove,3,Warrensburg,0
2026-09-22,Versailles,0,Warsaw,3
2026-09-22,Ft. Zumwalt North,3,Washington,0
2026-09-22,Joplin,3,Waynesville,0
2026-09-22,Jefferson (Festus),3,West County,0
2026-09-22,Winona,2,West Plains,3
2026-09-22,Excelsior Springs,0,West Platte,3
2026-09-22,Principia,0,Whitfield,3
2026-09-22,Houston,3,Willow Springs,0
2026-09-22,Smithton,3,Windsor,1
2026-09-22,Central (Park Hills),2,Windsor (Imperial),3
2026-09-23,Viburnum,0,Bunker,2
2026-09-23,South Iron,2,Clearwater,0
2026-09-23,Marshall,0,Concordia,3
2026-09-23,Believe Acad Charter,0,Confluence Prep Academy Charter with Grand Center Arts Charter,3
2026-09-23,Archie,3,Crest Ridge,1
2026-09-23,West County,0,Crystal City,3
2026-09-23,Sikeston,0,Dexter,3
2026-09-23,Father Tolton,3,Eldon,1
2026-09-23,Francis Howell,0,Eureka,2
2026-09-23,Westminster Christian Academy,2,Eureka,0
2026-09-23,Potosi,3,Festus,1
2026-09-23,Frontier STEM,1,Guadalupe Centers Charter,3
2026-09-23,Hazelwood Central,0,Hazelwood West,3
2026-09-23,St. Paul Lutheran (Farmington),3,Herculaneum,1
2026-09-23,Caruthersville,0,Holcomb,3
2026-09-23,Northeast Vernon County,0,Hume,3
2026-09-23,Blair Oaks,0,Jefferson City,3
2026-09-23,Windsor,3,Lakeland,2
2026-09-23,North Kansas City,0,Lee's Summit North,3
2026-09-23,Gateway with Soldan International Studies,0,Metro,3
2026-09-23,Collegiate School of Med-Bio Science,3,Miller Career Academy,0
2026-09-23,Fulton,3,New Bloomfield,0
2026-09-23,Maplewood-Richmond Hts.,1,Notre Dame (St. Louis),3
2026-09-23,Bell City,3,Portageville,0
2026-09-23,Otterville,3,Prairie Home,0
2026-09-23,Oakville,3,Rockwood Summit,2
2026-09-23,Owensville,2,Rolla,3
2026-09-23,Cardinal Ritter,3,Rosati-Kain,2
2026-09-23,Miller,3,Skyline,1
2026-09-23,Hallsville,0,Smith-Cotton,3
2026-09-23,Notre Dame de Sion,1,St. Michael the Archangel,3
2026-09-23,Plato,1,Steelville,3
2026-09-23,Hogan Prep Academy Charter,0,University Academy Charter,3
2026-09-24,Barstow,0,Adrian,3
2026-09-24,Pattonville,3,Affton,0
2026-09-24,Cabool,3,Ava,0
2026-09-24,Couch,1,Bakersfield,3
2026-09-24,Hickman,1,Battle,3
2026-09-24,Dexter,3,Bell City,1
2026-09-24,Savannah,3,Benton,1
2026-09-24,St. Pius X (Kansas City),3,Bishop LeBlond,0
2026-09-24,Valle Catholic,3,Bismarck,1
2026-09-24,Fort Osage,0,Blue Springs,3
2026-09-24,Hillcrest,3,Bolivar,1
2026-09-24,South Harrison,3,Brookfield,0
2026-09-24,Columbia Independent,3,Bunceton,0
2026-09-24,Versailles,3,Butler,1
2026-09-24,Helias Catholic,3,California,0
2026-09-24,Eldon,2,Camdenton,3
2026-09-24,Maryville,3,Cameron,1
2026-09-24,Knob Noster,3,Carrollton,0
2026-09-24,Blue Eye,3,Chadwick,0
2026-09-24,Eugene,3,Christian Fellowship Sr.,1
2026-09-24,Ewing Marion Kauffman,3,Crossroads Prep Charter,0
2026-09-24,Belle,0,Cuba,3
2026-09-24,Caruthersville,0,Delta (Deering),3
2026-09-24,Sarcoxie,0,Diamond,2
2026-09-24,Greenville,3,Doniphan,2
2026-09-24,Lakeland,1,Drexel,3
2026-09-24,Central (Kansas City),3,East (Kansas City),0
2026-09-24,West Platte,1,East Buchanan,3
2026-09-24,South Pemiscot,0,East Prairie,2
2026-09-24,Charleston,0,East Prairie,2
2026-09-24,Gideon,0,East Prairie,2
2026-09-24,Seckman,0,Eureka,3
2026-09-24,Marion C. Early,0,Exeter,3
2026-09-24,Hollister,3,Fair Grove,0
2026-09-24,Lindbergh,3,Festus,0
2026-09-24,Potosi,3,Fredericktown,0
2026-09-24,Washington,3,Ft. Zumwalt East,0
2026-09-24,St. Charles West,3,Ft. Zumwalt South,0
2026-09-24,Lutie,0,Gainesville,3
2026-09-24,McKinley Classical Leadership,2,Gateway with Soldan International Studies,0
2026-09-24,Greenfield,3,Golden City,0
2026-09-24,Belton,2,Grain Valley,3
2026-09-24,Blair Oaks,0,Hallsville,3
2026-09-24,Kirksville,0,Hannibal,3
2026-09-24,Summit Christian Academy,1,Harrisonville,3
2026-09-24,Bernie,2,Hayti,0
2026-09-24,Clarkton,2,Hayti,0
2026-09-24,Villa Duchesne,0,Incarnate Word Academy,3
2026-09-24,Arcadia Valley,3,Jefferson (Festus),1
2026-09-24,Cole Camp,3,La Monte,0
2026-09-24,Richmond,0,Lafayette County,3
2026-09-24,Penney,0,Lawson,3
2026-09-24,Liberty North,1,Lee's Summit West,3
2026-09-24,South Iron,0,Lesterville,2
2026-09-24,Centralia,0,Linn,3
2026-09-24,Pierce City,1,Lockwood,3
2026-09-24,Lutheran St. Charles,3,Lutheran South,0
2026-09-24,Bloomfield,0,Malden,3
2026-09-24,Stockton,2,Marionville,3
2026-09-24,Collegiate School of Med-Bio Science,2,McKinley Classical Leadership,0
2026-09-24,Kingsville,3,Miami (Amoret),0
2026-09-24,Orchard Farm,0,MICDS,3
2026-09-24,Plattsburg,0,Mid-Buchanan,3
2026-09-24,Lamar,0,Mt. Vernon,3
2026-09-24,Lebanon,3,Neosho,0
2026-09-24,Parkview,0,New Covenant Academy,3
2026-09-24,Hermann,3,New Haven,1
2026-09-24,Tarkio with Fairfax,2,North Nodaway,3
2026-09-24,St. Joseph's Academy,3,Notre Dame (St. Louis),0
2026-09-24,Warrensburg,1,Odessa,3
2026-09-24,Appleton City with Montrose,0,Osceola,3
2026-09-24,Northwest (Hughesville),0,Otterville,3
2026-09-24,St. Clair,3,Owensville,0
2026-09-24,Union,0,Pacific,3
2026-09-24,Herculaneum,0,Perryville,3
2026-09-24,McAuley Catholic,0,Purdy,3
2026-09-24,Nixa,3,Republic,0
2026-09-24,Wellington-Napoleon,0,Rock Port,3
2026-09-24,Calvary Lutheran,0,Russellville,3
2026-09-24,Houston,1,Salem,3
2026-09-24,Gloria Deo Academy,0,School of the Ozarks,3
2026-09-24,El Dorado Springs,0,Sherwood,3
2026-09-24,Scott City,3,Sikeston,2
2026-09-24,Fulton,0,Southern Boone,3
2026-09-24,Thomas Jefferson Independent Day,3,Southwest (Washburn),0
2026-09-24,Billings,3,Sparta,0
2026-09-24,Reeds Spring,1,Springfield Catholic,3
2026-09-24,Boonville,3,St. Paul Lutheran (Concordia),0
2026-09-24,Grandview (Hillsboro),0,St. Vincent,3
2026-09-24,Blue Springs South,3,Staley,2
2026-09-24,Farmington,3,Ste. Genevieve,0
2026-09-24,Green Ridge,0,Stover,3
2026-09-24,St. James,0,Sullivan,3
2026-09-24,Lone Jack,3,Sweet Springs,0
2026-09-24,Francis Howell North,3,Warrenton,1
2026-09-24,Waynesville,0,Webb City,3
2026-09-24,South Holt with Craig,0,West Nodaway with Nodaway-Holt,3
2026-09-24,Logan-Rogersville,1,West Plains,3
2026-09-24,Glendale,0,Willard,3
2026-09-24,Kearney,3,Winnetonka,0
2026-09-24,Meadow Heights,1,Woodland,3
