team,date,opponent,home_away,team_score,opp_score,result,predicted_team_score,predicted_opp_score,off_delta,def_delta,ovr_delta,forfeit
Academie Lafayette,2026-08-28,Cristo Rey,,0,3,L,0.09,2.14,-0.09,-0.86,-0.94,False
Academie Lafayette,2026-09-01,Paseo Academy,,0,3,L,-0.03,2.65,0.03,-0.35,-0.33,False
Academie Lafayette,2026-09-09,East (Kansas City),,3,0,W,1.86,0.57,1.14,0.57,1.71,False
Academie Lafayette,2026-09-16,Northeast (Kansas City),,0,3,L,1.0,1.78,-1.0,-1.22,-2.22,False
Academie Lafayette,2026-09-17,Frontier School of Excellence Charter,,3,0,W,,,,,,False
Academie Lafayette,2026-09-19,Guadalupe Centers Charter,,0,2,L,0.51,2.07,-0.51,0.07,-0.44,False
Academie Lafayette,2026-09-19,"Highland Park(Topeka, KS)",,0,2,L,,,,,,False
Academie Lafayette,2026-09-19,"Hogan prep(Kansas City, MO)",,2,0,W,,,,,,False
Academie Lafayette,2026-09-19,Hogan Prep Academy Charter,,2,0,W,1.84,0.47,0.16,0.47,0.63,False
Academie Lafayette,2026-09-19,Southeast,,2,0,W,1.54,0.96,0.46,0.96,1.42,False
Academie Lafayette,2026-09-22,Paseo Academy,,0,3,L,-0.03,2.65,0.03,-0.35,-0.33,False
Academie Lafayette,2026-09-26,Adrian,,0,2,L,-3.61,5.85,3.61,3.85,7.46,False
Academie Lafayette,2026-09-26,Central (Kansas City),,0,2,L,0.33,2.22,-0.33,0.22,-0.11,False
Academie Lafayette,2026-09-26,Crossroads Prep Charter,,0,2,L,-0.0,2.38,0.0,0.38,0.38,False
Academie Lafayette,2026-09-26,Lincoln College Prep,,0,2,L,-2.21,5.07,2.21,3.07,5.28,False
Academie Lafayette,2026-09-29,Guadalupe Centers Charter,,0,3,L,0.51,2.07,-0.51,-0.93,-1.44,False
Academie Lafayette,2026-10-01,Ewing Marion Kauffman,,0,3,L,-0.81,3.16,0.81,0.16,0.98,False
Academie Lafayette,2026-10-05,Frontier School of Excellence Charter,,3,1,W,,,,,,False
Adrian,2026-08-28,Benton,,2,0,W,1.32,1.31,0.68,1.31,1.99,False
Adrian,2026-08-28,Sullivan,,0,2,L,0.95,1.43,-0.95,-0.57,-1.52,False
Adrian,2026-08-29,Liberty (Mountain View),,2,1,W,1.77,0.89,0.23,-0.11,0.11,False
Adrian,2026-08-29,Lafayette County,,2,0,W,2.01,0.37,-0.01,0.37,0.37,False
Adrian,2026-09-01,Stover,,3,0,W,2.27,0.42,0.73,0.42,1.14,False
Adrian,2026-09-03,Clinton,,3,2,W,1.13,1.63,1.87,-0.37,1.5,False
Adrian,2026-09-08,Crest Ridge,,3,0,W,3.26,-0.32,-0.26,-0.32,-0.58,False
Adrian,2026-09-10,Sherwood,,3,0,W,4.15,-1.63,-1.15,-1.63,-2.77,False
Adrian,2026-09-15,Harrisonville,,1,3,L,2.05,0.95,-1.05,-2.05,-3.1,False
Adrian,2026-09-17,Butler,,2,3,L,1.85,0.91,0.15,-2.09,-1.93,False
Adrian,2026-09-22,Pembroke Hill,,0,2,L,0.85,1.39,-0.85,-0.61,-1.47,False
Adrian,2026-09-22,Odessa,,2,0,W,1.82,1.45,0.18,1.45,1.63,False
Adrian,2026-09-24,Barstow,,3,0,W,2.68,-0.07,0.32,-0.07,0.25,False
Adrian,2026-09-26,Lincoln College Prep,,2,0,W,2.6,0.43,-0.6,0.43,-0.18,False
Adrian,2026-09-26,Academie Lafayette,,2,0,W,5.85,-3.61,-3.85,-3.61,-7.46,False
Adrian,2026-09-26,Crossroads Prep Charter,,2,0,W,4.82,-2.26,-2.82,-2.26,-5.08,False
Adrian,2026-09-26,Maryville,,2,0,W,1.68,1.26,0.32,1.26,1.58,False
Adrian,2026-09-26,St. Pius X (Kansas City),,2,1,W,0.7,2.04,1.3,1.04,2.34,False
Adrian,2026-09-26,"Christ Prep(Lenexa, KS)",,2,0,W,,,,,,False
Adrian,2026-09-29,El Dorado Springs,,3,0,W,4.02,-1.15,-1.02,-1.15,-2.17,False
Adrian,2026-10-01,Summit Christian Academy,,0,3,L,1.92,0.51,-1.92,-2.49,-4.41,False
Adrian,2026-10-03,Clinton,,1,1,T,1.13,1.63,-0.13,0.63,0.5,False
Adrian,2026-10-03,Lexington,,2,0,W,4.21,-1.65,-2.21,-1.65,-3.86,False
Adrian,2026-10-03,Pleasant Hill,,1,1,T,1.37,1.56,-0.37,0.56,0.19,False
Adrian,2026-10-03,Warrensburg,,2,1,W,2.0,0.67,0.0,-0.33,-0.33,False
Adrian,2026-10-08,Warsaw,,3,0,W,2.31,0.71,0.69,0.71,1.39,False
Adrian,2026-10-13,Versailles,,,,,2.82,0.21,,,,False
Adrian,2026-10-15,Lamar,,,,,1.85,0.43,,,,False
Adrian,2026-10-17,Smithton,,,,,3.44,-0.55,,,,False
Adrian,2026-10-21,TBD,,,,,,,,,,False
Advance,2026-09-01,Richland (Essex),,3,0,W,3.56,0.17,-0.56,0.17,-0.38,False
Advance,2026-09-04,Bernie,,3,0,W,2.99,0.4,0.01,0.4,0.42,False
Advance,2026-09-08,Oran,,3,0,W,3.85,-0.52,-0.85,-0.52,-1.37,False
Advance,2026-09-11,Ellington,,2,0,W,1.97,1.24,0.03,1.24,1.27,False
Advance,2026-09-11,Hillsboro,,0,2,L,1.05,2.6,-1.05,0.6,-0.45,False
Advance,2026-09-12,Valle Catholic,,2,0,W,1.04,2.6,0.96,2.6,3.56,False
Advance,2026-09-12,Winona,,0,2,L,1.3,2.36,-1.3,0.36,-0.95,False
Advance,2026-09-12,Arcadia Valley,,1,2,L,1.8,1.6,-0.8,-0.4,-1.2,False
Advance,2026-09-14,Bell City,,3,2,W,2.02,1.88,0.98,-0.12,0.86,False
Advance,2026-09-17,Leopold,,2,3,L,1.09,2.66,0.91,-0.34,0.56,False
Advance,2026-09-18,Woodland,,2,3,L,1.51,2.18,0.49,-0.82,-0.33,False
Advance,2026-09-21,Gideon,,3,1,W,1.38,1.59,1.62,0.59,2.21,False
Advance,2026-09-22,Saxony Lutheran,,1,3,L,0.84,2.7,0.16,-0.3,-0.14,False
Advance,2026-09-25,Meadow Heights,,3,0,W,2.33,1.25,0.67,1.25,1.93,False
Advance,2026-09-26,Portageville,,3,0,W,2.86,1.15,0.14,1.15,1.29,False
Advance,2026-09-26,North Pemiscot,,3,0,W,2.4,1.12,0.6,1.12,1.72,False
Advance,2026-09-29,Dexter,,2,3,L,1.78,1.97,0.22,-1.03,-0.81,False
Advance,2026-10-01,Puxico,,1,3,L,2.14,1.42,-1.14,-1.58,-2.72,False
Advance,2026-10-02,Oak Ridge,,1,3,L,1.69,2.03,-0.69,-0.97,-1.65,False
Advance,2026-10-05,Notre Dame (Cape Girardeau),,0,3,L,1.24,2.17,-1.24,-0.83,-2.06,False
Advance,2026-10-06,Bloomfield,,3,0,W,3.92,-0.43,-0.92,-0.43,-1.35,False
Advance,2026-10-08,Zalma,,3,0,W,4.54,-1.05,-1.54,-1.05,-2.59,False
Advance,2026-10-10,Valle Catholic,,,,,1.04,2.6,,,,False
Advance,2026-10-10,Nerinx Hall,,,,,1.63,2.24,,,,False
Advance,2026-10-10,Lindbergh,,,,,1.02,3.34,,,,False
Advance,2026-10-10,Kirkwood,,,,,0.47,3.27,,,,False
Advance,2026-10-12,Bernie,,,,,2.99,0.4,,,,False
Advance,2026-10-19,Scott City,,,,,2.15,1.47,,,,False
Advance,2026-10-23,Meadow Heights,,,,,2.33,1.25,,,,False
Affton,2026-09-01,Gateway with Soldan International Studies,,3,0,W,4.53,-1.21,-1.53,-1.21,-2.74,False
Affton,2026-09-03,Ladue Horton Watkins,,0,3,L,1.02,2.39,-1.02,-0.61,-1.63,False
Affton,2026-09-08,Metro,,3,0,W,1.43,1.31,1.57,1.31,2.89,False
Affton,2026-09-09,Villa Duchesne,,1,3,L,1.36,1.94,-0.36,-1.06,-1.42,False
Affton,2026-09-10,Clayton,,2,3,L,1.25,2.36,0.75,-0.64,0.11,False
Affton,2026-09-12,St. Charles,,2,1,W,1.82,1.82,0.18,0.82,1.0,False
Affton,2026-09-12,Parkway North,,0,3,L,1.08,2.6,-1.08,-0.4,-1.48,False
Affton,2026-09-12,Webster Groves,,0,2,L,-0.2,3.41,0.2,1.41,1.6,False
Affton,2026-09-14,Bayless,,2,3,L,1.92,1.58,0.08,-1.42,-1.34,False
Affton,2026-09-17,Parkway South,,0,3,L,-0.1,3.33,0.1,0.33,0.42,False
Affton,2026-09-19,Ste. Genevieve,,0,2,L,0.26,2.9,-0.26,0.9,0.64,False
Affton,2026-09-19,Ft. Zumwalt South,,0,2,L,0.89,2.24,-0.89,0.24,-0.65,False
Affton,2026-09-19,St. Charles,,1,2,L,1.82,1.82,-0.82,-0.18,-1.0,False
Affton,2026-09-19,Pattonville,,0,2,L,1.12,2.38,-1.12,0.38,-0.74,False
Affton,2026-09-21,Hazelwood Central,,3,0,W,3.34,-0.17,-0.34,-0.17,-0.51,False
Affton,2026-09-22,Ritenour,,3,1,W,2.26,0.99,0.74,-0.01,0.73,False
Affton,2026-09-24,Pattonville,,0,3,L,1.12,2.38,-1.12,-0.62,-1.74,False
Affton,2026-09-29,Parkway North,,1,3,L,1.08,2.6,-0.08,-0.4,-0.48,False
Affton,2026-09-30,Lutheran South,,0,3,L,0.34,2.43,-0.34,-0.57,-0.91,False
Affton,2026-10-01,Northwest (Cedar Hill),,1,3,L,0.91,2.11,0.09,-0.89,-0.8,False
Affton,2026-10-05,Maplewood-Richmond Hts.,,3,0,W,1.72,1.4,1.28,1.4,2.67,False
Affton,2026-10-06,Hazelwood West,,3,0,W,2.21,0.81,0.79,0.81,1.6,False
Affton,2026-10-07,Bishop DuBourg,,3,0,W,3.49,0.4,-0.49,0.4,-0.09,False
Affton,2026-10-12,Gateway Science Charter,,,,,2.8,0.42,,,,False
Affton,2026-10-13,Fox,,,,,1.6,2.06,,,,False
Affton,2026-10-15,Collegiate School of Med-Bio Science,,,,,2.92,0.78,,,,False
Affton,2026-10-21,Festus,,,,,-0.69,3.56,,,,False
"Althoff Catholic(Belleville, IL)",2026-08-28,Duchesne,,0,2,L,,,,,,False
"Althoff Catholic(Belleville, IL)",2026-08-29,St. Pius X (Festus),,0,2,L,,,,,,False
"Althoff Catholic(Belleville, IL)",2026-10-02,Cor Jesu Academy,,0,2,L,,,,,,False
"Althoff Catholic(Belleville, IL)",2026-10-02,Marquette,,1,2,L,,,,,,False
"Althoff(Althoff, IL)",2026-08-28,St. Joseph's Academy,,0,2,L,,,,,,False
Alton,2026-08-29,Notre Dame (Cape Girardeau),,0,2,L,,,,,,False
Alton,2026-08-29,Parkway West,,0,2,L,,,,,,False
Alton,2026-09-03,Couch,,0,3,L,,,,,,False
Alton,2026-09-12,Thayer,,0,2,L,,,,,,False
Alton,2026-09-12,Couch,,0,2,L,,,,,,False
Alton,2026-09-13,Lutie,,0,2,L,,,,,,False
Alton,2026-09-15,Dora,,0,3,L,,,,,,False
Alton,2026-09-21,Hazelwood East,,2,0,W,,,,,,False
"Alton(Alton , IL)",2026-09-12,Notre Dame (St. Louis),,0,2,L,,,,,,False
"Alton(Alton, IL)",2026-08-29,Pacific,,0,2,L,,,,,,False
"Alton(Alton, IL)",2026-08-29,Lutheran South,,2,1,W,,,,,,False
"Alton(Alton, IL)",2026-09-05,Lutheran South,,2,1,W,,,,,,False
"Alton(Alton, IL)",2026-09-11,Windsor (Imperial),,0,2,L,,,,,,False
Appleton City with Montrose,2026-09-01,Crest Ridge,,0,3,L,0.29,2.91,-0.29,-0.09,-0.38,False
Appleton City with Montrose,2026-09-02,Miami (Amoret),,3,0,W,2.39,0.44,0.61,0.44,1.05,False
Appleton City with Montrose,2026-09-03,Skyline,,0,3,L,-0.36,3.37,0.36,0.37,0.73,False
Appleton City with Montrose,2026-09-08,Leeton with Chilhowee,,3,0,W,1.96,0.68,1.04,0.68,1.72,False
Appleton City with Montrose,2026-09-10,El Dorado Springs,,1,3,L,1.05,2.08,-0.05,-0.92,-0.97,False
Appleton City with Montrose,2026-09-12,Hume,,2,0,W,2.33,0.75,-0.33,0.75,0.42,False
Appleton City with Montrose,2026-09-12,Ballard,,1,1,T,1.19,1.41,-0.19,0.41,0.22,False
Appleton City with Montrose,2026-09-12,Kingsville,,0,2,L,1.11,1.95,-1.11,-0.05,-1.16,False
Appleton City with Montrose,2026-09-12,Northeast Vernon County,,2,0,W,2.8,-0.19,-0.8,-0.19,-0.99,False
Appleton City with Montrose,2026-09-16,Ballard,,1,3,L,1.19,1.41,-0.19,-1.59,-1.78,False
Appleton City with Montrose,2026-09-17,Hume,,2,0,W,2.33,0.75,-0.33,0.75,0.42,False
Appleton City with Montrose,2026-09-17,Sherwood,,2,0,W,1.18,1.6,0.82,1.6,2.42,False
Appleton City with Montrose,2026-09-21,Butler,,0,3,L,-1.12,4.14,1.12,1.14,2.27,False
Appleton City with Montrose,2026-09-22,Drexel,,2,3,L,0.51,2.52,1.49,-0.48,1.01,False
Appleton City with Montrose,2026-09-24,Osceola,,0,3,L,-0.77,3.78,0.77,0.78,1.55,False
Appleton City with Montrose,2026-09-28,Green Ridge,,2,3,L,0.6,2.29,1.4,-0.71,0.69,False
Appleton City with Montrose,2026-09-29,Archie,,0,3,L,0.13,3.14,-0.13,0.14,0.01,False
Appleton City with Montrose,2026-10-01,Midway,,0,3,L,0.09,2.78,-0.09,-0.22,-0.31,False
Appleton City with Montrose,2026-10-06,Lakeland,,0,3,L,1.43,2.18,-1.43,-0.82,-2.25,False
Appleton City with Montrose,2026-10-08,Liberal,,0,3,L,-0.29,3.62,0.29,0.62,0.91,False
Appleton City with Montrose,2026-10-10,Thomas Jefferson Independent Day,,,,,0.08,2.41,,,,False
Appleton City with Montrose,2026-10-10,Sherwood,,,,,1.18,1.6,,,,False
Appleton City with Montrose,2026-10-10,Archie,,,,,0.13,3.14,,,,False
Appleton City with Montrose,2026-10-13,Jasper,,,,,1.02,2.16,,,,False
Appleton City with Montrose,2026-10-15,Rich Hill,,,,,1.61,1.26,,,,False
Arcadia Valley,2026-08-27,Clearwater,,3,0,W,3.23,-0.74,-0.23,-0.74,-0.97,False
Arcadia Valley,2026-09-01,Dexter,,1,3,L,1.31,1.7,-0.31,-1.3,-1.61,False
Arcadia Valley,2026-09-02,Farmington,,0,3,L,-0.09,2.93,0.09,-0.07,0.02,False
Arcadia Valley,2026-09-03,Lesterville,,2,3,L,2.34,0.46,-0.34,-2.54,-2.88,False
Arcadia Valley,2026-09-08,Potosi,,0,3,L,-0.6,3.18,0.6,0.18,0.79,False
Arcadia Valley,2026-09-10,Bunker,,3,0,W,3.17,0.18,-0.17,0.18,0.01,False
Arcadia Valley,2026-09-11,Perryville,,1,1,T,0.91,1.96,0.09,0.96,1.05,False
Arcadia Valley,2026-09-11,Notre Dame (Cape Girardeau),,0,2,L,0.77,1.9,-0.77,-0.1,-0.87,False
Arcadia Valley,2026-09-11,Dexter,,2,0,W,1.31,1.7,0.69,1.7,2.39,False
Arcadia Valley,2026-09-12,Advance,,2,1,W,1.6,1.8,0.4,0.8,1.2,False
Arcadia Valley,2026-09-12,Woodland,,0,2,L,1.04,1.91,-1.04,-0.09,-1.13,False
Arcadia Valley,2026-09-15,Fredericktown,,3,1,W,1.48,1.7,1.52,0.7,2.22,False
Arcadia Valley,2026-09-16,Ste. Genevieve,,0,3,L,1.21,1.6,-1.21,-1.4,-2.62,False
Arcadia Valley,2026-09-17,Central (Park Hills),,3,1,W,2.0,1.32,1.0,0.32,1.32,False
Arcadia Valley,2026-09-22,North County,,1,3,L,1.99,1.46,-0.99,-1.54,-2.53,False
Arcadia Valley,2026-09-24,Jefferson (Festus),,3,1,W,2.03,0.86,0.97,-0.14,0.83,False
Arcadia Valley,2026-09-25,West County,,3,1,W,2.76,0.17,0.24,-0.83,-0.6,False
Arcadia Valley,2026-09-29,Valley,,3,1,W,2.59,0.06,0.41,-0.94,-0.53,False
Arcadia Valley,2026-09-30,Valle Catholic,,0,3,L,0.58,2.33,-0.58,-0.67,-1.24,False
Arcadia Valley,2026-10-03,Ste. Genevieve,,2,0,W,1.21,1.6,0.79,1.6,2.38,False
Arcadia Valley,2026-10-03,South Iron,,1,1,T,3.03,-0.09,-2.03,-1.09,-3.12,False
Arcadia Valley,2026-10-03,Leopold,,0,2,L,0.62,2.39,-0.62,0.39,-0.24,False
Arcadia Valley,2026-10-03,Central (Cape Girardeau),,1,1,T,1.68,0.78,-0.68,-0.22,-0.9,False
Arcadia Valley,2026-10-03,Hillsboro,,1,1,T,0.58,2.33,0.42,1.33,1.75,False
Arcadia Valley,2026-10-05,South Iron,,3,0,W,3.03,-0.09,-0.03,-0.09,-0.12,False
Arcadia Valley,2026-10-06,Kingston,,3,0,W,3.17,0.35,-0.17,0.35,0.18,False
Arcadia Valley,2026-10-08,Bismarck,,,,,1.42,1.66,,,,False
Arcadia Valley,2026-10-09,Ellington,,,,,1.5,0.97,,,,False
Arcadia Valley,2026-10-22,TBD,,,,,,,,,,False
Archie,2026-08-25,South Harrison,,,,,2.53,0.9,,,,False
Archie,2026-09-01,Sherwood,,3,0,W,2.85,0.26,0.15,0.26,0.42,False
Archie,2026-09-02,Lincoln,,3,0,W,2.79,0.63,0.21,0.63,0.85,False
Archie,2026-09-03,Lone Jack,,2,3,L,0.85,2.42,1.15,-0.58,0.57,False
Archie,2026-09-08,Barstow,,2,3,L,1.38,1.83,0.62,-1.17,-0.55,False
Archie,2026-09-09,Ballard,,3,0,W,2.86,0.07,0.14,0.07,0.21,False
Archie,2026-09-15,Butler,,0,3,L,0.54,2.81,-0.54,-0.19,-0.74,False
Archie,2026-09-17,Drexel,,3,1,W,2.18,1.18,0.82,0.18,1.0,False
Archie,2026-09-21,Osceola,,0,3,L,0.9,2.44,-0.9,-0.56,-1.46,False
Archie,2026-09-23,Crest Ridge,,3,1,W,1.95,1.57,1.05,0.57,1.62,False
Archie,2026-09-24,Liberal,,1,3,L,1.38,2.28,-0.38,-0.72,-1.09,False
Archie,2026-09-26,Lutheran (Kansas City),,2,0,W,2.11,1.06,-0.11,1.06,0.95,False
Archie,2026-09-26,Midway,,1,2,L,1.76,1.45,-0.76,-0.55,-1.31,False
Archie,2026-09-26,"Prairie View(Lacygne, KS)",,2,0,W,,,,,,False
Archie,2026-09-29,Appleton City with Montrose,,3,0,W,3.14,0.13,-0.14,0.13,-0.01,False
Archie,2026-10-01,Jasper,,3,0,W,2.68,0.83,0.32,0.83,1.14,False
Archie,2026-10-03,Midway,,2,0,W,1.76,1.45,0.24,1.45,1.69,False
Archie,2026-10-03,Lutheran (Kansas City),,2,0,W,2.11,1.06,-0.11,1.06,0.95,False
Archie,2026-10-03,Faith Christian Academy,,1,1,T,1.71,1.15,-0.71,0.15,-0.56,False
Archie,2026-10-06,Rich Hill,,3,0,W,3.27,-0.08,-0.27,-0.08,-0.35,False
Archie,2026-10-08,Midway,,1,3,L,1.76,1.45,-0.76,-1.55,-2.31,False
Archie,2026-10-10,Appleton City with Montrose,,,,,3.14,0.13,,,,False
Archie,2026-10-10,Thomas Jefferson Independent Day,,,,,1.74,1.07,,,,False
Archie,2026-10-10,Sherwood,,,,,2.85,0.26,,,,False
Archie,2026-10-12,Harrisonville,,,,,0.74,2.84,,,,False
Archie,2026-10-13,Lakeland,,,,,3.09,0.84,,,,False
Ash Grove,2026-08-27,Billings,,3,2,W,1.36,1.73,1.64,-0.27,1.36,False
Ash Grove,2026-08-29,Stockton,,2,1,W,1.9,1.2,0.1,0.2,0.3,False
Ash Grove,2026-08-29,Osceola,,0,2,L,1.09,1.85,-1.09,-0.15,-1.24,False
Ash Grove,2026-08-29,El Dorado Springs,,2,0,W,2.91,0.15,-0.91,0.15,-0.76,False
Ash Grove,2026-08-29,Sparta,,2,0,W,3.27,-0.42,-1.27,-0.42,-1.7,False
Ash Grove,2026-08-29,Buffalo,,2,0,W,2.36,0.33,-0.36,0.33,-0.04,False
Ash Grove,2026-09-01,Sparta,,3,0,W,3.27,-0.42,-0.27,-0.42,-0.7,False
Ash Grove,2026-09-03,Greenfield,,3,0,W,2.42,0.75,0.58,0.75,1.33,False
Ash Grove,2026-09-08,Pleasant Hope,,3,0,W,2.34,0.46,0.66,0.46,1.12,False
Ash Grove,2026-09-10,Fordland,,3,0,W,2.74,0.71,0.26,0.71,0.97,False
Ash Grove,2026-09-14,Round Grove Christian Acad,,3,0,W,,,,,,False
Ash Grove,2026-09-17,Lockwood,,3,1,W,0.81,1.86,2.19,0.86,3.05,False
Ash Grove,2026-09-19,Stockton,,0,2,L,1.9,1.2,-1.9,-0.8,-2.7,False
Ash Grove,2026-09-19,Lighthouse Sr. High,,0,2,L,,,,,,False
Ash Grove,2026-09-19,Central (Springfield),,1,1,T,1.85,0.66,-0.85,-0.34,-1.18,False
Ash Grove,2026-09-19,El Dorado Springs,,2,0,W,2.91,0.15,-0.91,0.15,-0.76,False
Ash Grove,2026-09-19,Gloria Deo Academy,,2,0,W,3.4,-0.64,-1.4,-0.64,-2.04,False
Ash Grove,2026-09-19,Buffalo,,2,0,W,2.36,0.33,-0.36,0.33,-0.04,False
Ash Grove,2026-09-22,Diamond,,3,1,W,2.49,0.61,0.51,-0.39,0.12,False
Ash Grove,2026-09-24,Central (Springfield),,3,1,W,1.85,0.66,1.15,-0.34,0.82,False
Ash Grove,2026-09-26,Springfield Catholic,,0,2,L,0.92,1.6,-0.92,-0.4,-1.32,False
Ash Grove,2026-09-26,Osceola,,0,2,L,1.09,1.85,-1.09,-0.15,-1.24,False
Ash Grove,2026-09-26,Liberty (Mountain View),,0,2,L,0.66,2.19,-0.66,0.19,-0.48,False
Ash Grove,2026-09-26,Cabool,,0,2,L,0.85,1.9,-0.85,-0.1,-0.95,False
Ash Grove,2026-09-28,Marion C. Early,,3,0,W,5.17,-1.61,-2.17,-1.61,-3.78,False
Ash Grove,2026-09-29,Marionville,,3,0,W,2.09,0.85,0.91,0.85,1.76,False
Ash Grove,2026-10-01,Pierce City,,3,1,W,1.98,0.68,1.02,-0.32,0.7,False
Ash Grove,2026-10-05,RUSH Sr. Home School,,3,0,W,,,,,,False
Ash Grove,2026-10-06,Stockton,,3,1,W,1.9,1.2,1.1,0.2,1.3,False
Ash Grove,2026-10-08,Miller,,,,,1.52,1.55,,,,False
Ash Grove,2026-10-13,Sarcoxie,,,,,2.21,1.13,,,,False
Ash Grove,2026-10-15,Skyline,,,,,1.5,1.44,,,,False
Ash Grove,2026-10-26,TBD,,,,,,,,,,False
"Assumption(Louisville, KY)",2026-09-12,St. Joseph's Academy,,2,0,W,,,,,,False
"Atchison Classical(Atchison , KS)",2026-10-06,Faith Christian Academy,,0,3,L,,,,,,False
"Atchison Co Comm(Effingham, KS)",2026-10-03,St. Joseph Christian,,0,2,L,,,,,,False
"Atchison(Atchison, KS)",2026-09-14,Maryville,,0,3,L,,,,,,False
Aurora,2026-09-01,Buffalo,,2,3,L,1.76,1.54,0.24,-1.46,-1.22,False
Aurora,2026-09-03,Clever,,0,3,L,0.26,3.31,-0.26,0.31,0.06,False
Aurora,2026-09-07,Marshfield,,1,3,L,-0.53,3.94,1.53,0.94,2.47,False
Aurora,2026-09-08,Forsyth,,2,3,L,2.01,1.34,-0.01,-1.66,-1.67,False
Aurora,2026-09-10,Parkview,,3,0,W,2.06,1.28,0.94,1.28,2.22,False
Aurora,2026-09-12,Branson,,0,2,L,-0.17,3.56,0.17,1.56,1.72,False
Aurora,2026-09-12,Monett,,0,2,L,1.13,2.39,-1.13,0.39,-0.74,False
Aurora,2026-09-12,Clever,,0,2,L,0.26,3.31,-0.26,1.31,1.06,False
Aurora,2026-09-12,Lighthouse Sr. High,,0,2,L,,,,,,False
Aurora,2026-09-15,Cassville,,2,3,L,1.65,2.16,0.35,-0.84,-0.49,False
Aurora,2026-09-17,Monett,,2,3,L,1.13,2.39,0.87,-0.61,0.26,False
Aurora,2026-09-19,Hillcrest,,0,2,L,0.74,2.42,-0.74,0.42,-0.32,False
Aurora,2026-09-19,Springfield Catholic,,0,2,L,0.32,2.82,-0.32,0.82,0.5,False
Aurora,2026-09-21,Hillcrest,,2,3,L,0.74,2.42,1.26,-0.58,0.68,False
Aurora,2026-09-22,Seneca,,3,0,W,2.9,0.64,0.1,0.64,0.74,False
Aurora,2026-09-24,East Newton,,0,3,L,0.55,2.74,-0.55,-0.26,-0.81,False
Aurora,2026-09-28,New Covenant Academy,,0,3,L,-0.89,3.9,0.89,0.9,1.79,False
Aurora,2026-10-01,McDonald County,,3,0,W,2.22,0.76,0.78,0.76,1.54,False
Aurora,2026-10-03,Fair Grove,,1,1,T,0.53,2.7,0.47,1.7,2.18,False
Aurora,2026-10-03,Logan-Rogersville,,0,2,L,0.3,3.69,-0.3,1.69,1.39,False
Aurora,2026-10-03,Cassville,,0,2,L,1.65,2.16,-1.65,0.16,-1.49,False
Aurora,2026-10-03,Camdenton,,0,2,L,0.85,2.47,-0.85,0.47,-0.38,False
Aurora,2026-10-05,Mt. Vernon,,0,3,L,-0.09,3.35,0.09,0.35,0.44,False
Aurora,2026-10-06,Nevada,,0,3,L,-0.48,3.79,0.48,0.79,1.27,False
Aurora,2026-10-12,Hollister,,,,,-0.04,3.36,,,,False
Aurora,2026-10-13,Lamar,,,,,0.14,2.95,,,,False
Aurora,2026-10-20,Hollister,,,,,-0.04,3.36,,,,False
Ava,2026-09-01,Dora,,3,0,W,2.51,0.62,0.49,0.62,1.1,False
Ava,2026-09-03,Sparta,,3,0,W,2.73,0.3,0.27,0.3,0.56,False
Ava,2026-09-08,Hollister,,1,3,L,0.02,2.87,0.98,-0.13,0.85,False
Ava,2026-09-10,Forsyth,,3,0,W,2.07,0.85,0.93,0.85,1.78,False
Ava,2026-09-12,Bakersfield,,1,1,T,2.35,0.86,-1.35,-0.14,-1.5,False
Ava,2026-09-12,Skyline,,0,2,L,0.96,2.16,-0.96,0.16,-0.8,False
Ava,2026-09-12,RUSH Sr. Home School,,2,0,W,,,,,,False
Ava,2026-09-12,Buffalo,,1,1,T,1.82,1.05,-0.82,0.05,-0.77,False
Ava,2026-09-12,Hollister,,0,2,L,0.02,2.87,-0.02,0.87,0.85,False
Ava,2026-09-15,New Covenant Academy,,0,3,L,-0.82,3.41,0.82,0.41,1.23,False
Ava,2026-09-17,Houston,,2,3,L,1.74,1.65,0.26,-1.35,-1.09,False
Ava,2026-09-19,Bunker,,1,1,T,2.4,1.2,-1.4,0.2,-1.2,False
Ava,2026-09-19,Thayer,,1,1,T,1.79,1.37,-0.79,0.37,-0.42,False
Ava,2026-09-19,Hollister,,0,2,L,0.02,2.87,-0.02,0.87,0.85,False
Ava,2026-09-21,Fordland,,3,0,W,2.2,1.43,0.8,1.43,2.23,False
Ava,2026-09-22,Salem,,2,3,L,1.19,2.03,0.81,-0.97,-0.16,False
Ava,2026-09-24,Cabool,,0,3,L,0.31,2.62,-0.31,-0.38,-0.69,False
Ava,2026-09-29,Liberty (Mountain View),,0,3,L,0.12,2.91,-0.12,-0.09,-0.21,False
Ava,2026-10-01,Mountain Grove,,0,3,L,0.37,2.41,-0.37,-0.59,-0.96,False
Ava,2026-10-06,Mansfield,,3,0,W,3.75,-0.34,-0.75,-0.34,-1.09,False
Ava,2026-10-08,Gainesville,,3,2,W,1.77,1.56,1.23,-0.44,0.8,False
Ava,2026-10-12,Conway,,,,,2.12,1.13,,,,False
Ava,2026-10-13,Willow Springs,,,,,2.42,0.6,,,,False
Ava,2026-10-15,Thayer,,,,,1.79,1.37,,,,False
Ava,2026-10-20,Buffalo,,,,,1.82,1.05,,,,False
"B team(Butler, MO)",2026-10-03,Drexel,,1,1,T,,,,,,False
Bakersfield,2026-08-27,Dora,,3,1,W,1.79,1.39,1.21,0.39,1.6,False
Bakersfield,2026-08-28,Couch,,1,3,L,1.53,1.84,-0.53,-1.16,-1.69,False
Bakersfield,2026-08-31,Houston,,0,3,L,1.01,2.43,-1.01,-0.57,-1.59,False
Bakersfield,2026-09-01,Cabool,,0,3,L,-0.41,3.4,0.41,0.4,0.81,False
Bakersfield,2026-09-03,Koshkonong,,3,0,W,2.36,0.51,0.64,0.51,1.15,False
Bakersfield,2026-09-04,Eminence,,0,3,L,0.37,2.69,-0.37,-0.31,-0.68,False
Bakersfield,2026-09-08,Thayer,,0,3,L,1.07,2.14,-1.07,-0.86,-1.92,False
Bakersfield,2026-09-12,Ava,,1,1,T,0.86,2.35,0.14,1.35,1.5,False
Bakersfield,2026-09-12,Buffalo,,1,1,T,1.1,1.82,-0.1,0.82,0.72,False
Bakersfield,2026-09-12,RUSH Sr. Home School,,1,1,T,,,,,,False
Bakersfield,2026-09-12,Bolivar,,0,2,L,0.3,2.6,-0.3,0.6,0.3,False
Bakersfield,2026-09-12,Forsyth,,2,0,W,1.35,1.62,0.65,1.62,2.28,False
Bakersfield,2026-09-15,Gainesville,,2,3,L,1.04,2.34,0.96,-0.66,0.29,False
Bakersfield,2026-09-17,Koshkonong,,3,0,W,2.36,0.51,0.64,0.51,1.15,False
Bakersfield,2026-09-24,Couch,,3,1,W,1.53,1.84,1.47,0.84,2.31,False
Bakersfield,2026-09-25,Winona,,0,3,L,-0.65,3.88,0.65,0.88,1.53,False
Bakersfield,2026-09-26,Summersville,,0,3,L,1.07,2.35,-1.07,-0.65,-1.72,False
Bakersfield,2026-09-29,Summersville,,1,3,L,1.07,2.35,-0.07,-0.65,-0.72,False
Bakersfield,2026-10-01,Dora,,0,3,L,1.79,1.39,-1.79,-1.61,-3.4,False
Bakersfield,2026-10-02,"Viola(Viola, AR)",,3,0,W,,,,,,False
Bakersfield,2026-10-05,Bradleyville,,3,0,W,3.36,0.2,-0.36,0.2,-0.16,False
Bakersfield,2026-10-08,Mansfield,,3,1,W,3.03,0.44,-0.03,-0.56,-0.59,False
Bakersfield,2026-10-13,Seymour,,,,,2.3,1.13,,,,False
Bakersfield,2026-10-15,Gainesville,,,,,1.04,2.34,,,,False
Bakersfield,2026-10-22,Koshkonong,,,,,2.36,0.51,,,,False
Ballard,2026-08-28,La Monte,,0,3,L,0.49,2.18,-0.49,-0.82,-1.31,False
Ballard,2026-09-03,Lakeland,,1,3,L,1.37,1.9,-0.37,-1.1,-1.47,False
Ballard,2026-09-08,Drexel,,1,3,L,0.46,2.24,0.54,-0.76,-0.21,False
Ballard,2026-09-09,Archie,,0,3,L,0.07,2.86,-0.07,-0.14,-0.21,False
Ballard,2026-09-11,Bronaugh,,3,0,W,3.44,-1.08,-0.44,-1.08,-1.52,False
Ballard,2026-09-12,Appleton City with Montrose,,1,1,T,1.41,1.19,-0.41,0.19,-0.22,False
Ballard,2026-09-12,Hume,,2,0,W,2.28,0.47,-0.28,0.47,0.19,False
Ballard,2026-09-12,Drexel,,0,2,L,0.46,2.24,-0.46,0.24,-0.21,False
Ballard,2026-09-12,Kingsville,,1,1,T,1.05,1.68,-0.05,0.68,0.62,False
Ballard,2026-09-12,Rich Hill,,2,0,W,1.55,0.98,0.45,0.98,1.43,False
Ballard,2026-09-14,Hume,,3,0,W,2.28,0.47,0.72,0.47,1.19,False
Ballard,2026-09-16,Appleton City with Montrose,,3,1,W,1.41,1.19,1.59,0.19,1.78,False
Ballard,2026-09-17,Leeton with Chilhowee,,3,0,W,1.9,0.4,1.1,0.4,1.5,False
Ballard,2026-09-19,Leeton with Chilhowee,,2,0,W,1.9,0.4,0.1,0.4,0.5,False
Ballard,2026-09-19,Kingsville,,0,2,L,1.05,1.68,-1.05,-0.32,-1.38,False
Ballard,2026-09-19,Green Ridge,,0,2,L,0.55,2.01,-0.55,0.01,-0.53,False
Ballard,2026-09-22,Sheldon,,3,1,W,1.89,0.87,1.11,-0.13,0.97,False
Ballard,2026-09-24,Northeast Vernon County,,3,0,W,2.75,-0.46,0.25,-0.46,-0.21,False
Ballard,2026-09-26,Warsaw,,0,2,L,-0.71,3.66,0.71,1.66,2.37,False
Ballard,2026-09-26,Lutheran (Kansas City),,0,2,L,0.38,2.12,-0.38,0.12,-0.26,False
Ballard,2026-09-26,Midway,,0,2,L,0.04,2.51,-0.04,0.51,0.47,False
Ballard,2026-09-26,Hume,,2,0,W,2.28,0.47,-0.28,0.47,0.19,False
Ballard,2026-09-29,Bronaugh,,,,,3.44,-1.08,,,,False
Ballard,2026-10-01,Miami (Amoret),,3,0,W,2.34,0.16,0.66,0.16,0.83,False
Ballard,2026-10-03,Drexel,,0,2,L,0.46,2.24,-0.46,0.24,-0.21,False
Ballard,2026-10-03,Miami (Amoret),,2,0,W,2.34,0.16,-0.34,0.16,-0.17,False
Ballard,2026-10-03,Rich Hill,,0,2,L,1.55,0.98,-1.55,-1.02,-2.57,False
Ballard,2026-10-03,Sheldon,,2,0,W,1.89,0.87,0.11,0.87,0.97,False
Ballard,2026-10-06,Northeast Vernon County,,,,,2.75,-0.46,,,,False
Ballard,2026-10-07,Kingsville,,1,3,L,1.05,1.68,-0.05,-1.32,-1.38,False
Ballard,2026-10-09,Hume,,3,0,W,2.28,0.47,0.72,0.47,1.19,False
Ballard,2026-10-13,Sheldon,,,,,1.89,0.87,,,,False
Barstow,2026-08-28,KIPP KC Legacy,,3,0,W,3.62,-0.73,-0.62,-0.73,-1.35,False
Barstow,2026-09-01,St. Michael the Archangel,,0,3,L,-0.99,3.85,0.99,0.85,1.84,False
Barstow,2026-09-03,Holden,,3,0,W,2.4,0.38,0.6,0.38,0.98,False
Barstow,2026-09-08,Archie,,3,2,W,1.83,1.38,1.17,-0.62,0.55,False
Barstow,2026-09-10,"Christ Prep(Olathe, KS)",,3,1,W,,,,,,False
Barstow,2026-09-12,Cristo Rey,,2,0,W,3.63,-1.02,-1.63,-1.02,-2.65,False
Barstow,2026-09-12,Center,,0,2,L,1.14,1.48,-1.14,-0.52,-1.66,False
Barstow,2026-09-12,Raytown South,,2,0,W,2.39,0.67,-0.39,0.67,0.29,False
Barstow,2026-09-12,University Academy Charter,,2,0,W,1.59,0.77,0.41,0.77,1.17,False
Barstow,2026-09-12,Van Horn,,2,0,W,2.52,0.21,-0.52,0.21,-0.31,False
Barstow,2026-09-17,Center,,3,0,W,1.14,1.48,1.86,1.48,3.34,False
Barstow,2026-09-19,Lawson,,0,2,L,1.29,1.52,-1.29,-0.48,-1.78,False
Barstow,2026-09-19,Raytown,,2,0,W,1.78,0.68,0.22,0.68,0.89,False
Barstow,2026-09-19,Van Horn,,2,0,W,2.52,0.21,-0.52,0.21,-0.31,False
Barstow,2026-09-19,Warrensburg,,0,2,L,0.73,2.15,-0.73,0.15,-0.58,False
Barstow,2026-09-19,William Chrisman,,0,2,L,0.99,1.5,-0.99,-0.5,-1.49,False
Barstow,2026-09-22,Lincoln College Prep,,2,3,L,1.33,1.9,0.67,-1.1,-0.43,False
Barstow,2026-09-24,Adrian,,0,3,L,-0.07,2.68,0.07,-0.32,-0.25,False
Barstow,2026-09-29,"KC Metro(Olathe, KS)",,3,0,W,,,,,,False
Barstow,2026-10-01,Van Horn,,3,0,W,2.52,0.21,0.48,0.21,0.69,False
Barstow,2026-10-06,Pembroke Hill,,0,3,L,-0.42,2.86,0.42,-0.14,0.28,False
Barstow,2026-10-07,Notre Dame de Sion,,0,3,L,0.43,3.09,-0.43,0.09,-0.34,False
Barstow,2026-10-13,University Academy Charter,,,,,1.59,0.77,,,,False
Barstow,2026-10-15,Summit Christian Academy,,,,,0.65,1.99,,,,False
Barstow,2026-10-20,University Academy Charter,,,,,1.59,0.77,,,,False
Battle,2026-08-25,California,,,,,2.42,0.72,,,,False
Battle,2026-08-25,Fatima,,,,,3.06,0.48,,,,False
Battle,2026-08-31,Troy Buchanan,,3,1,W,2.68,0.57,0.32,-0.43,-0.1,False
Battle,2026-09-01,Eldon,,3,0,W,3.25,0.11,-0.25,0.11,-0.14,False
Battle,2026-09-03,Bolivar,,2,0,W,2.89,0.03,-0.89,0.03,-0.86,False
Battle,2026-09-03,Carl Junction,,2,0,W,1.76,1.21,0.24,1.21,1.44,False
Battle,2026-09-03,Fair Grove,,2,0,W,2.46,0.41,-0.46,0.41,-0.05,False
Battle,2026-09-10,Hallsville,,3,0,W,2.75,0.39,0.25,0.39,0.64,False
Battle,2026-09-12,Father Tolton,,2,0,W,2.8,0.35,-0.8,0.35,-0.45,False
Battle,2026-09-12,Hannibal,,0,2,L,0.78,1.99,-0.78,-0.01,-0.79,False
Battle,2026-09-12,"Jonesboro(Jonesboro, AR)",,2,0,W,,,,,,False
Battle,2026-09-12,"Madison(Madison, IL)",,2,0,W,,,,,,False
Battle,2026-09-12,Seckman,,2,1,W,1.52,1.76,0.48,0.76,1.24,False
Battle,2026-09-14,Blair Oaks,,2,3,L,1.41,1.89,0.59,-1.11,-0.52,False
Battle,2026-09-16,Helias Catholic,,0,3,L,0.29,2.51,-0.29,-0.49,-0.78,False
Battle,2026-09-17,Father Tolton,,3,0,W,2.8,0.35,0.2,0.35,0.55,False
Battle,2026-09-22,Jefferson City,,0,3,L,1.16,1.92,-1.16,-1.08,-2.24,False
Battle,2026-09-24,Hickman,,3,1,W,1.89,1.1,1.11,0.1,1.21,False
Battle,2026-09-26,Ft. Zumwalt East,,2,0,W,3.66,-0.74,-1.66,-0.74,-2.39,False
Battle,2026-09-26,Ft. Zumwalt West,,0,2,L,0.39,2.22,-0.39,0.22,-0.17,False
Battle,2026-09-26,Mexico,,2,0,W,4.66,-0.64,-2.66,-0.64,-3.29,False
Battle,2026-09-26,Wright City,,2,1,W,2.77,0.22,-0.77,-0.78,-1.56,False
Battle,2026-09-29,Union,,3,0,W,2.99,0.49,0.01,0.49,0.5,False
Battle,2026-10-01,Capital City,,3,2,W,2.46,0.93,0.54,-1.07,-0.53,False
Battle,2026-10-05,Smith-Cotton,,3,0,W,2.5,0.69,0.5,0.69,1.19,False
Battle,2026-10-07,Fatima,,3,0,W,3.06,0.48,-0.06,0.48,0.42,False
Battle,2026-10-08,Camdenton,,3,0,W,2.78,0.17,0.22,0.17,0.39,False
Battle,2026-10-13,Rock Bridge,,,,,1.28,1.77,,,,False
Battle,2026-10-22,Francis Howell,,,,,2.0,1.39,,,,False
Baxter Springs,2026-09-28,Joplin,,0,2,L,,,,,,False
"Baxter Springs , Baxter Springs, KS",2026-09-01,Liberal,,2,1,W,,,,,,False
Bayless,2026-08-31,Crystal City,,0,3,L,1.09,2.3,-1.09,-0.7,-1.79,False
Bayless,2026-09-01,Maplewood-Richmond Hts.,,1,1,T,1.61,1.63,-0.61,0.63,0.02,False
Bayless,2026-09-01,Valley Park,,2,0,W,3.02,0.08,-1.02,0.08,-0.94,False
Bayless,2026-09-01,Hancock,,2,0,W,2.33,0.86,-0.33,0.86,0.53,False
Bayless,2026-09-02,Grandview (Hillsboro),,2,0,W,2.39,0.67,-0.39,0.67,0.28,False
Bayless,2026-09-03,Brentwood,,2,1,W,1.9,1.18,0.1,0.18,0.28,False
Bayless,2026-09-03,Maplewood-Richmond Hts.,,0,2,L,1.61,1.63,-1.61,-0.37,-1.98,False
Bayless,2026-09-08,Crossroads College Preparatory,,3,0,W,3.58,-0.24,-0.58,-0.24,-0.82,False
Bayless,2026-09-10,Ladue Horton Watkins,,1,3,L,0.91,2.62,0.09,-0.38,-0.28,False
Bayless,2026-09-11,Collegiate School of Med-Bio Science,,3,0,W,2.82,1.01,0.18,1.01,1.19,False
Bayless,2026-09-14,Affton,,3,2,W,1.58,1.92,1.42,-0.08,1.34,False
Bayless,2026-09-15,Valley Park,,3,0,W,3.02,0.08,-0.02,0.08,0.06,False
Bayless,2026-09-17,Villa Duchesne,,1,3,L,1.26,2.18,-0.26,-0.82,-1.08,False
Bayless,2026-09-18,Maplewood-Richmond Hts.,,3,2,W,1.61,1.63,1.39,-0.37,1.02,False
Bayless,2026-09-22,Hancock,,3,0,W,2.33,0.86,0.67,0.86,1.53,False
Bayless,2026-09-25,Crossroads College Preparatory,,3,0,W,3.58,-0.24,-0.58,-0.24,-0.82,False
Bayless,2026-09-28,Notre Dame (St. Louis),,0,3,L,0.56,2.9,-0.56,-0.1,-0.66,False
Bayless,2026-09-29,Brentwood,,3,0,W,1.9,1.18,1.1,1.18,2.28,False
Bayless,2026-10-01,Lutheran North,,3,1,W,2.37,1.17,0.63,0.17,0.8,False
Bayless,2026-10-02,Valley Park,,3,0,W,3.02,0.08,-0.02,0.08,0.06,False
Bayless,2026-10-06,Maplewood-Richmond Hts.,,1,3,L,1.61,1.63,-0.61,-1.37,-1.98,False
Bayless,2026-10-10,Brentwood,,,,,1.9,1.18,,,,False
Bayless,2026-10-10,Hancock,,,,,2.33,0.86,,,,False
Bayless,2026-10-13,Metro,,,,,1.32,1.55,,,,False
Bayless,2026-10-15,Herculaneum,,,,,2.27,0.79,,,,False
Bayless,2026-10-20,Gateway Science Charter,,,,,2.69,0.65,,,,False
"Bedford(Bedford, IA)",2026-09-26,Mid-Buchanan,,0,2,L,,,,,,False
Believe Acad Charter,2026-08-31,Maplewood-Richmond Hts.,,,,,-2.42,5.45,,,,False
Believe Acad Charter,2026-09-04,McCluer North,,0,3,L,0.35,2.88,-0.35,-0.12,-0.48,False
Believe Acad Charter,2026-09-09,Lift for Life Academy Charter,,,,,-1.22,4.26,,,,False
Believe Acad Charter,2026-09-14,Gateway Science Charter,,0,3,L,-1.34,4.47,1.34,1.47,2.81,False
Believe Acad Charter,2026-09-16,Whitfield,,0,3,L,-2.46,5.89,2.46,2.89,5.34,False
Believe Acad Charter,2026-09-17,KIPP St. Louis Sr.,,1,3,L,1.05,2.46,-0.05,-0.54,-0.59,False
Believe Acad Charter,2026-09-23,Confluence Prep Academy Charter with Grand Center Arts Charter,,0,3,L,0.24,3.33,-0.24,0.33,0.08,False
Believe Acad Charter,2026-10-01,Vashon,,0,3,L,-0.02,3.47,0.02,0.47,0.49,False
Believe Acad Charter,2026-10-08,Lift for Life Academy Charter,,,,,-1.22,4.26,,,,False
Believe Acad Charter,2026-10-13,West Plains,,,,,-5.26,8.28,,,,False
Believe Acad Charter,2026-10-15,Lift for Life Academy Charter,,,,,-1.22,4.26,,,,False
Believe Acad Charter,2026-10-20,KIPP St. Louis Sr.,,,,,1.05,2.46,,,,False
Bell City,2026-08-31,Meadow Heights,,3,1,W,2.14,1.21,0.86,0.21,1.07,False
Bell City,2026-09-01,Leopold,,2,3,L,0.91,2.61,1.09,-0.39,0.7,False
Bell City,2026-09-04,Woodland,,1,3,L,1.32,2.13,-0.32,-0.87,-1.19,False
Bell City,2026-09-08,Zalma,,3,0,W,4.35,-1.09,-1.35,-1.09,-2.45,False
Bell City,2026-09-10,Bernie,,3,0,W,2.8,0.36,0.2,0.36,0.56,False
Bell City,2026-09-11,Gideon,,1,1,T,1.2,1.54,-0.2,0.54,0.35,False
Bell City,2026-09-11,Twin Rivers,,2,0,W,3.77,0.25,-1.77,0.25,-1.53,False
Bell City,2026-09-12,Jefferson (Festus),,2,0,W,2.31,1.08,-0.31,1.08,0.77,False
Bell City,2026-09-12,Eminence,,2,0,W,2.14,1.12,-0.14,1.12,0.98,False
Bell City,2026-09-12,Crystal City,,2,0,W,2.43,0.99,-0.43,0.99,0.56,False
Bell City,2026-09-12,Kelly,,2,0,W,4.37,-0.47,-2.37,-0.47,-2.84,False
Bell City,2026-09-12,Parkway South,,1,2,L,1.13,2.24,-0.13,0.24,0.11,False
Bell City,2026-09-14,Advance,,2,3,L,1.88,2.02,0.12,-0.98,-0.86,False
Bell City,2026-09-16,Bloomfield,,3,0,W,3.73,-0.47,-0.73,-0.47,-1.21,False
Bell City,2026-09-21,Puxico,,3,1,W,1.95,1.38,1.05,0.38,1.42,False
Bell City,2026-09-22,Leopold,,0,3,L,0.91,2.61,-0.91,-0.39,-1.3,False
Bell City,2026-09-23,Portageville,,3,0,W,2.67,1.11,0.33,1.11,1.43,False
Bell City,2026-09-24,Dexter,,1,3,L,1.59,1.92,-0.59,-1.08,-1.67,False
Bell City,2026-09-28,Clarkton,,3,0,W,2.83,0.49,0.17,0.49,0.66,False
Bell City,2026-09-29,Woodland,,2,3,L,1.32,2.13,0.68,-0.87,-0.19,False
Bell City,2026-10-01,Risco,,3,0,W,3.47,-0.11,-0.47,-0.11,-0.57,False
Bell City,2026-10-05,Richland (Essex),,3,0,W,3.37,0.13,-0.37,0.13,-0.24,False
Bell City,2026-10-06,Oran,,3,0,W,3.66,-0.56,-0.66,-0.56,-1.22,False
Bell City,2026-10-08,Richland (Essex),,3,0,W,3.37,0.13,-0.37,0.13,-0.24,False
Bell City,2026-10-09,Gideon,,,,,1.2,1.54,,,,False
Bell City,2026-10-19,Meadow Heights,,,,,2.14,1.21,,,,False
Belle,2026-08-25,Dixon,,2,1,W,2.24,0.91,-0.24,-0.09,-0.33,False
Belle,2026-08-28,Licking,,1,2,L,0.26,2.59,0.74,0.59,1.33,False
Belle,2026-09-01,Bourbon,,3,0,W,1.92,1.23,1.08,1.23,2.32,False
Belle,2026-09-03,New Haven,,1,3,L,1.13,1.75,-0.13,-1.25,-1.37,False
Belle,2026-09-04,Chamois,,3,0,W,3.65,0.26,-0.65,0.26,-0.39,False
Belle,2026-09-08,Owensville,,0,3,L,0.08,3.08,-0.08,0.08,-0.0,False
Belle,2026-09-10,Cuba,,0,3,L,0.4,2.68,-0.4,-0.32,-0.72,False
Belle,2026-09-15,Laquey,,3,0,W,3.4,-0.48,-0.4,-0.48,-0.87,False
Belle,2026-09-17,Dixon,,3,2,W,2.24,0.91,0.76,-1.09,-0.33,False
Belle,2026-09-19,Viburnum,,2,0,W,1.92,0.93,0.08,0.93,1.01,False
Belle,2026-09-19,Herculaneum,,2,0,W,1.94,1.0,0.06,1.0,1.06,False
Belle,2026-09-19,Licking,,0,2,L,0.26,2.59,-0.26,0.59,0.33,False
Belle,2026-09-19,Warrenton,,1,1,T,0.64,2.57,0.36,1.57,1.93,False
Belle,2026-09-19,Steelville,,1,1,T,1.22,2.26,-0.22,1.26,1.04,False
Belle,2026-09-21,Eugene,,1,3,L,1.81,1.83,-0.81,-1.17,-1.98,False
Belle,2026-09-22,Linn,,0,3,L,-0.29,3.44,0.29,0.44,0.73,False
Belle,2026-09-24,Cuba,,0,3,L,0.4,2.68,-0.4,-0.32,-0.72,False
Belle,2026-09-29,Viburnum,,3,0,W,1.92,0.93,1.08,0.93,2.01,False
Belle,2026-10-02,Steelville,,2,3,L,1.22,2.26,0.78,-0.74,0.04,False
Belle,2026-10-03,Washington,,0,2,L,-0.12,3.38,0.12,1.38,1.49,False
Belle,2026-10-03,Mid-Buchanan,,0,2,L,-1.03,3.73,1.03,1.73,2.76,False
Belle,2026-10-03,Central (Springfield),,0,2,L,0.68,2.11,-0.68,0.11,-0.57,False
Belle,2026-10-03,Rolla,,0,2,L,0.37,2.87,-0.37,0.87,0.5,False
Belle,2026-10-06,Bourbon,,0,3,L,1.92,1.23,-1.92,-1.77,-3.68,False
Belle,2026-10-08,Steelville,,2,3,L,1.22,2.26,0.78,-0.74,0.04,False
Belle,2026-10-10,Bourbon,,,,,1.92,1.23,,,,False
Belle,2026-10-12,St. James,,,,,2.52,0.45,,,,False
Belle,2026-10-13,Calvary Lutheran,,,,,1.68,1.88,,,,False
Belle,2026-10-15,Plato,,,,,1.73,1.63,,,,False
Belle,2026-10-20,Bourbon,,,,,1.92,1.23,,,,False
"Belleville East(Belleville , IL)",2026-10-02,St. Pius X (Festus),,2,1,W,,,,,,False
"Belleville East(Belleville, IL)",2026-09-19,St. Joseph's Academy,,2,0,W,,,,,,False
"Belleville East(Belleville, IL)",2026-09-19,Jackson,,0,2,L,,,,,,False
"Belleville East(Belleville, IL)",2026-09-30,Oakville,,3,1,W,,,,,,False
"Belleville East(Belleville, IL)",2026-10-02,Liberty (Wentzville),,,,,,,,,,False
"Belleville West(Belleville , IL)",2026-08-28,North Point,,0,2,L,,,,,,False
"Belleville West(Belleville , IL)",2026-08-29,Rock Bridge,,0,2,L,,,,,,False
"Belleville West(Belleville, IL)",2026-08-29,Blair Oaks,,0,2,L,,,,,,False
"Belleville West(Belleville, IL)",2026-10-02,MICDS,,0,2,L,,,,,,False
"Belleville West(Belleville, IL)",2026-10-03,Francis Howell,,1,2,L,,,,,,False
"Belleville West(Bellville West, IL)",2026-10-02,St. Pius X (Festus),,1,2,L,,,,,,False
"Bellville East(Bellville, IL)",2026-08-27,Incarnate Word Academy,,0,3,L,,,,,,False
Belton,2026-08-28,Bishop LeBlond,,2,1,W,2.75,0.88,-0.75,-0.12,-0.87,False
Belton,2026-08-28,Notre Dame de Sion,,2,0,W,2.19,1.75,-0.19,1.75,1.56,False
Belton,2026-08-29,Hannibal,,0,2,L,1.05,1.9,-1.05,-0.1,-1.15,False
Belton,2026-08-29,Maryville,,2,1,W,2.16,1.39,-0.16,0.39,0.23,False
Belton,2026-09-01,Grain Valley,,3,2,W,2.04,1.41,0.96,-0.59,0.37,False
Belton,2026-09-03,William Chrisman,,3,0,W,2.75,0.16,0.25,0.16,0.41,False
Belton,2026-09-08,Fort Osage,,3,1,W,2.5,1.03,0.5,0.03,0.53,False
Belton,2026-09-10,Raytown,,3,0,W,3.54,-0.67,-0.54,-0.67,-1.21,False
Belton,2026-09-15,Truman,,3,0,W,3.24,-0.3,-0.24,-0.3,-0.53,False
Belton,2026-09-16,Odessa,,3,2,W,2.3,1.58,0.7,-0.42,0.28,False
Belton,2026-09-17,Platte County,,1,3,L,1.25,1.84,-0.25,-1.16,-1.41,False
Belton,2026-09-21,Liberty North,,3,2,W,1.5,2.48,1.5,0.48,1.98,False
Belton,2026-09-22,Raymore-Peculiar,,1,3,L,1.3,2.68,-0.3,-0.32,-0.62,False
Belton,2026-09-24,Grain Valley,,2,3,L,2.04,1.41,-0.04,-1.59,-1.63,False
Belton,2026-09-26,Helias Catholic,,0,2,L,0.56,2.42,-0.56,0.42,-0.13,False
Belton,2026-09-26,"Inola(Inola, OK)",,2,0,W,,,,,,False
Belton,2026-09-26,"Rogers-Heritage(Rogers, AR)",,2,0,W,,,,,,False
Belton,2026-09-29,Grandview,,3,0,W,3.38,-0.31,-0.38,-0.31,-0.69,False
Belton,2026-10-01,Fort Osage,,3,1,W,2.5,1.03,0.5,0.03,0.53,False
Belton,2026-10-03,Staley,,2,0,W,1.58,1.55,0.42,1.55,1.97,False
Belton,2026-10-03,Pembroke Hill,,0,2,L,1.34,1.52,-1.34,-0.48,-1.82,False
Belton,2026-10-03,St. Teresa's Academy,,1,2,L,0.59,2.59,0.41,0.59,1.0,False
Belton,2026-10-03,"Blue Valley North(Stillwell, KS)",,2,1,W,,,,,,False
Belton,2026-10-05,Winnetonka,,3,0,W,4.27,-1.19,-1.27,-1.19,-2.46,False
Belton,2026-10-06,Raytown,,3,0,W,3.54,-0.67,-0.54,-0.67,-1.21,False
Belton,2026-10-08,William Chrisman,,3,0,W,2.75,0.16,0.25,0.16,0.41,False
Belton,2026-10-13,Truman,,,,,3.24,-0.3,,,,False
Belton,2026-10-15,Platte County,,,,,1.25,1.84,,,,False
Belton,2026-10-22,Raytown,,,,,3.54,-0.67,,,,False
Benton,2026-08-25,Savannah,,,,,2.04,1.29,,,,False
Benton,2026-08-25,Bishop LeBlond,,,,,2.37,0.86,,,,False
Benton,2026-08-25,Central (St. Joseph),,,,,2.25,0.34,,,,False
Benton,2026-08-28,Adrian,,0,2,L,1.31,1.32,-1.31,-0.68,-1.99,False
Benton,2026-08-28,Liberty (Mountain View),,2,1,W,1.87,1.0,0.13,-0.0,0.12,False
Benton,2026-08-29,Lafayette County,,2,0,W,2.11,0.48,-0.11,0.48,0.38,False
Benton,2026-08-29,Sullivan,,0,2,L,1.05,1.54,-1.05,-0.46,-1.51,False
Benton,2026-09-01,Maryville,,2,3,L,1.78,1.37,0.22,-1.63,-1.41,False
Benton,2026-09-08,Excelsior Springs,,3,0,W,3.84,-0.77,-0.84,-0.77,-1.61,False
Benton,2026-09-09,Kearney,,3,1,W,1.97,0.57,1.03,-0.43,0.59,False
Benton,2026-09-10,Cameron,,3,0,W,3.38,-0.43,-0.38,-0.43,-0.81,False
Benton,2026-09-12,Smithville,,0,2,L,0.62,2.03,-0.62,0.03,-0.59,False
Benton,2026-09-12,St. Pius X (Kansas City),,0,2,L,0.79,2.15,-0.79,0.15,-0.65,False
Benton,2026-09-12,Pembroke Hill,,2,0,W,0.95,1.49,1.05,1.49,2.54,False
Benton,2026-09-14,Central (St. Joseph),,3,0,W,2.25,0.34,0.75,0.34,1.09,False
Benton,2026-09-15,Pleasant Hill,,3,0,W,1.47,1.67,1.53,1.67,3.2,False
Benton,2026-09-21,Chillicothe,,3,0,W,3.19,-0.4,-0.19,-0.4,-0.59,False
Benton,2026-09-24,Savannah,,1,3,L,2.04,1.29,-1.04,-1.71,-2.75,False
Benton,2026-09-26,Grandview,,2,0,W,3.0,-0.34,-1.0,-0.34,-1.33,False
Benton,2026-09-26,Drexel,,2,0,W,3.58,-0.6,-1.58,-0.6,-2.18,False
Benton,2026-09-26,Summit Christian Academy,,2,0,W,2.02,0.62,-0.02,0.62,0.6,False
Benton,2026-09-26,St. Pius X (Kansas City),,1,2,L,0.79,2.15,0.21,0.15,0.35,False
Benton,2026-09-26,Hogan Prep Academy Charter,,2,0,W,6.76,-4.06,-4.76,-4.06,-8.81,False
Benton,2026-09-26,Savannah,,2,1,W,2.04,1.29,-0.04,0.29,0.25,False
Benton,2026-09-29,Lawson,,2,0,W,2.67,0.15,-0.67,0.15,-0.52,False
Benton,2026-09-29,Warrensburg,,2,0,W,2.1,0.78,-0.1,0.78,0.68,False
Benton,2026-10-01,Bishop LeBlond,,3,2,W,2.37,0.86,0.63,-1.14,-0.51,False
Benton,2026-10-03,"Lansing(Lansing, KS)",,0,2,L,,,,,,False
Benton,2026-10-03,"Olathe East(Olathe, KS)",,0,2,L,,,,,,False
Benton,2026-10-03,Raymore-Peculiar,,0,2,L,0.92,2.66,-0.92,0.66,-0.26,False
Benton,2026-10-03,"Spring Hill(Spring Hill, KS)",,1,2,L,,,,,,False
Benton,2026-10-08,Maryville,,3,1,W,1.78,1.37,1.22,0.37,1.59,False
Benton,2026-10-10,Excelsior Springs,,,,,3.84,-0.77,,,,False
Benton,2026-10-10,Bishop LeBlond,,,,,2.37,0.86,,,,False
Benton,2026-10-10,Mound City,,,,,2.36,0.73,,,,False
Benton,2026-10-10,Savannah,,,,,2.04,1.29,,,,False
Benton,2026-10-12,Chillicothe,,,,,3.19,-0.4,,,,False
Benton,2026-10-13,Platte County,,,,,0.87,1.82,,,,False
Benton,2026-10-20,Northeast (Kansas City),,,,,5.92,-2.75,,,,False
"Benton(Benton, IL)",2026-09-05,Sikeston,,2,0,W,,,,,,False
"Bentonville West(Bentonville , AR)",2026-08-29,Kirkwood,,2,0,W,,,,,,False
"Bentonville West(Bentonville, AR)",2026-08-29,Blue Springs South,,2,0,W,,,,,,False
"Bentonville(Bentonville, AR)",2026-08-29,Kirkwood,,2,1,W,,,,,,False
Bernie,2026-08-27,Malden,,0,3,L,0.67,2.12,-0.67,-0.88,-1.55,False
Bernie,2026-08-28,Richland (Essex),,3,0,W,1.89,1.1,1.11,1.1,2.2,False
Bernie,2026-09-03,Bloomfield,,3,2,W,2.26,0.49,0.74,-1.51,-0.76,False
Bernie,2026-09-04,Advance,,0,3,L,0.4,2.99,-0.4,-0.01,-0.42,False
Bernie,2026-09-08,Campbell,,0,3,L,0.8,1.93,-0.8,-1.07,-1.87,False
Bernie,2026-09-09,Portageville,,0,3,L,1.2,2.07,-1.2,-0.93,-2.13,False
Bernie,2026-09-10,Bell City,,0,3,L,0.36,2.8,-0.36,-0.2,-0.56,False
Bernie,2026-09-11,Greenville,,2,0,W,2.33,0.81,-0.33,0.81,0.47,False
Bernie,2026-09-11,Valley,,1,1,T,1.39,1.25,-0.39,0.25,-0.15,False
Bernie,2026-09-12,Jefferson (Festus),,1,2,L,0.83,2.05,0.17,0.05,0.21,False
Bernie,2026-09-12,Clarkton,,0,2,L,1.36,1.46,-1.36,-0.54,-1.9,False
Bernie,2026-09-12,Owensville,,1,1,T,0.28,2.52,0.72,1.52,2.25,False
Bernie,2026-09-14,Central (Cape Girardeau),,0,3,L,0.49,1.98,-0.49,-1.02,-1.52,False
Bernie,2026-09-15,Puxico,,0,3,L,0.48,2.35,-0.48,-0.65,-1.13,False
Bernie,2026-09-16,Scott City,,0,3,L,0.49,2.39,-0.49,-0.61,-1.1,False
Bernie,2026-09-17,Dexter,,0,3,L,0.12,2.89,-0.12,-0.11,-0.23,False
Bernie,2026-09-18,Clarkton,,3,1,W,1.36,1.46,1.64,0.46,2.1,False
Bernie,2026-09-21,Poplar Bluff,,2,3,L,0.69,1.95,1.31,-1.05,0.25,False
Bernie,2026-09-24,Clarkton,,1,1,T,1.36,1.46,-0.36,0.46,0.1,False
Bernie,2026-09-24,Risco,,1,1,T,1.99,0.86,-0.99,-0.14,-1.13,False
Bernie,2026-09-24,Hayti,,2,0,W,2.91,0.17,-0.91,0.17,-0.74,False
Bernie,2026-09-26,Campbell,,0,2,L,0.8,1.93,-0.8,-0.07,-0.87,False
Bernie,2026-09-28,Kennett,,3,0,W,1.77,1.37,1.23,1.37,2.61,False
Bernie,2026-09-29,Risco,,3,1,W,1.99,0.86,1.01,-0.14,0.87,False
Bernie,2026-10-05,Gideon,,0,3,L,-0.28,2.51,0.28,-0.49,-0.21,False
Bernie,2026-10-06,Twin Rivers,,3,0,W,2.3,1.21,0.7,1.21,1.92,False
Bernie,2026-10-12,Advance,,,,,0.4,2.99,,,,False
Bernie,2026-10-19,Woodland,,,,,-0.15,3.1,,,,False
"Berryville(Berryville, AR)",2026-09-14,Cassville,,2,3,L,,,,,,False
Billings,2026-08-27,Ash Grove,,2,3,L,1.73,1.36,0.27,-1.64,-1.36,False
Billings,2026-08-31,East Newton,,3,0,W,1.49,1.49,1.51,1.49,3.01,False
Billings,2026-09-01,Pierce City,,3,0,W,2.31,0.64,0.69,0.64,1.33,False
Billings,2026-09-03,Lockwood,,0,3,L,1.14,1.82,-1.14,-1.18,-2.32,False
Billings,2026-09-08,Conway,,3,1,W,2.99,0.38,0.01,-0.62,-0.61,False
Billings,2026-09-10,Everton,,3,0,W,2.97,0.04,0.03,0.04,0.07,False
Billings,2026-09-14,Exeter,,3,0,W,4.43,-1.14,-1.43,-1.14,-2.57,False
Billings,2026-09-15,Seymour,,3,0,W,3.9,-0.4,-0.9,-0.4,-1.3,False
Billings,2026-09-17,Crane,,3,1,W,2.82,0.43,0.18,-0.57,-0.4,False
Billings,2026-09-21,Parkview,,3,0,W,2.99,0.03,0.01,0.03,0.04,False
Billings,2026-09-22,Greenwood,,3,1,W,2.84,0.53,0.16,-0.47,-0.31,False
Billings,2026-09-24,Sparta,,3,0,W,3.6,-0.46,-0.6,-0.46,-1.06,False
Billings,2026-09-26,Southwest (Washburn),,2,0,W,3.77,-0.89,-1.77,-0.89,-2.67,False
Billings,2026-09-26,Galena,,2,0,W,3.71,-0.81,-1.71,-0.81,-2.53,False
Billings,2026-09-26,Spokane,,1,1,T,1.52,1.7,-0.52,0.7,0.18,False
Billings,2026-09-26,Blue Eye,,2,0,W,1.6,1.2,0.4,1.2,1.6,False
Billings,2026-09-26,Chadwick,,2,0,W,3.51,-0.32,-1.51,-0.32,-1.83,False
Billings,2026-09-29,Verona,,3,0,W,3.19,0.13,-0.19,0.13,-0.06,False
Billings,2026-10-01,Galena,,3,0,W,3.71,-0.81,-0.71,-0.81,-1.53,False
Billings,2026-10-02,Marion C. Early,,3,0,W,5.5,-1.64,-2.5,-1.64,-4.14,False
Billings,2026-10-05,Hurley,,3,0,W,3.55,-0.31,-0.55,-0.31,-0.86,False
Billings,2026-10-08,New Covenant Academy,,0,3,L,0.05,2.65,-0.05,-0.35,-0.4,False
Billings,2026-10-09,Chadwick,,,,,3.51,-0.32,,,,False
Billings,2026-10-12,Pleasant Hope,,,,,2.67,0.43,,,,False
Billings,2026-10-13,School of the Ozarks,,,,,2.23,0.67,,,,False
Billings,2026-10-15,Spokane,,,,,1.52,1.7,,,,False
Billings,2026-10-21,TBD,,,,,,,,,,False
Bishop DuBourg,2026-09-01,KIPP St. Louis Sr.,,1,0,W,3.9,0.21,-2.9,0.21,-2.7,False
Bishop DuBourg,2026-09-02,Herculaneum,,1,3,L,1.09,2.36,-0.09,-0.64,-0.73,False
Bishop DuBourg,2026-09-04,McKinley Classical Leadership,,3,0,W,2.17,1.5,0.83,1.5,2.34,False
Bishop DuBourg,2026-09-08,Collegiate School of Med-Bio Science,,2,3,L,1.64,2.58,0.36,-0.42,-0.06,False
Bishop DuBourg,2026-09-09,Gateway Legacy Sr. H.,,0,3,L,,,,,,False
Bishop DuBourg,2026-09-10,Lift for Life Academy Charter,,1,3,L,1.64,2.01,-0.64,-0.99,-1.63,False
Bishop DuBourg,2026-09-14,Veritas Christian Academy,,0,3,L,1.59,1.99,-1.59,-1.01,-2.6,False
Bishop DuBourg,2026-09-15,Rosati-Kain,,3,1,W,2.51,1.49,0.49,0.49,0.98,False
Bishop DuBourg,2026-09-17,Notre Dame (St. Louis),,0,3,L,-0.62,4.47,0.62,1.47,2.09,False
Bishop DuBourg,2026-09-21,Notre Dame (St. Louis),,0,3,L,-0.62,4.47,0.62,1.47,2.09,False
Bishop DuBourg,2026-09-22,Veritas Christian Academy,,3,0,W,1.59,1.99,1.41,1.99,3.4,False
Bishop DuBourg,2026-09-23,Brentwood,,0,3,L,0.72,2.75,-0.72,-0.25,-0.97,False
Bishop DuBourg,2026-09-28,Windsor (Imperial),,0,,,-1.12,4.62,,,,False
Bishop DuBourg,2026-09-29,Cardinal Ritter,,2,3,L,2.34,1.39,-0.34,-1.61,-1.95,False
Bishop DuBourg,2026-10-07,Affton,,0,3,L,0.4,3.49,-0.4,0.49,0.09,False
Bishop DuBourg,2026-10-08,Duchesne,,,,,-1.18,4.59,,,,False
Bishop DuBourg,2026-10-13,Gateway with Soldan International Studies,,,,,3.24,0.6,,,,False
Bishop DuBourg,2026-10-14,Rosati-Kain,,,,,2.51,1.49,,,,False
Bishop DuBourg,2026-10-15,Lutheran North,,,,,1.19,2.74,,,,False
Bishop LeBlond,2026-08-25,Benton,,,,,0.86,2.37,,,,False
Bishop LeBlond,2026-08-28,Belton,,1,2,L,0.88,2.75,0.12,0.75,0.87,False
Bishop LeBlond,2026-08-28,Hannibal,,2,0,W,0.1,2.83,1.9,2.83,4.72,False
Bishop LeBlond,2026-08-29,Notre Dame de Sion,,1,2,L,1.25,2.68,-0.25,0.68,0.43,False
Bishop LeBlond,2026-08-29,Oak Grove,,1,2,L,-0.17,3.15,1.17,1.15,2.32,False
Bishop LeBlond,2026-09-01,Lawson,,3,1,W,2.11,1.1,0.89,0.1,0.99,False
Bishop LeBlond,2026-09-03,"Falls City Sacred Heart(Falls City , NE)",,3,1,W,,,,,,False
Bishop LeBlond,2026-09-08,Maryville,,2,3,L,1.22,2.32,0.78,-0.68,0.1,False
Bishop LeBlond,2026-09-10,"Maur Hill(Atchison , KS)",,3,0,W,,,,,,False
Bishop LeBlond,2026-09-12,St. Joseph Christian,,2,0,W,2.06,1.07,-0.06,1.07,1.01,False
Bishop LeBlond,2026-09-12,Chillicothe,,2,0,W,2.63,0.55,-0.63,0.55,-0.08,False
Bishop LeBlond,2026-09-12,"Chillicothe JV(Chillicothe, MO)",,2,0,W,,,,,,False
Bishop LeBlond,2026-09-12,Lathrop,,2,0,W,3.38,0.12,-1.38,0.12,-1.26,False
Bishop LeBlond,2026-09-15,Excelsior Springs,,3,0,W,3.28,0.18,-0.28,0.18,-0.11,False
Bishop LeBlond,2026-09-17,Chillicothe,,3,0,W,2.63,0.55,0.37,0.55,0.92,False
Bishop LeBlond,2026-09-22,Savannah,,2,3,L,1.48,2.24,0.52,-0.76,-0.24,False
Bishop LeBlond,2026-09-24,St. Pius X (Kansas City),,0,3,L,0.23,3.1,-0.23,0.1,-0.14,False
Bishop LeBlond,2026-09-28,East Buchanan,,2,3,L,1.45,1.8,0.55,-1.2,-0.64,False
Bishop LeBlond,2026-10-01,Benton,,2,3,L,0.86,2.37,1.14,-0.63,0.51,False
Bishop LeBlond,2026-10-03,Summit Christian Academy,,1,1,T,1.46,1.57,-0.46,0.57,0.11,False
Bishop LeBlond,2026-10-03,Cameron,,2,0,W,2.82,0.52,-0.82,0.52,-0.3,False
Bishop LeBlond,2026-10-03,East Buchanan,,0,2,L,1.45,1.8,-1.45,-0.2,-1.64,False
Bishop LeBlond,2026-10-03,Rock Port,,0,2,L,1.32,1.61,-1.32,-0.39,-1.72,False
Bishop LeBlond,2026-10-06,West Platte,,3,2,W,2.21,1.47,0.79,-0.53,0.26,False
Bishop LeBlond,2026-10-08,Northland Christian,,1,0,W,2.02,1.16,-1.02,1.16,0.14,False
Bishop LeBlond,2026-10-10,Benton,,,,,0.86,2.37,,,,False
Bishop LeBlond,2026-10-10,Excelsior Springs,,,,,3.28,0.18,,,,False
Bishop LeBlond,2026-10-10,Savannah,,,,,1.48,2.24,,,,False
Bishop LeBlond,2026-10-13,Trenton,,,,,3.74,-0.36,,,,False
Bishop LeBlond,2026-10-15,Cameron,,,,,2.82,0.52,,,,False
Bishop LeBlond,2026-10-22,TBD,,,,,,,,,,False
"Bishop Miege HS(Fairway, KS)",2026-08-29,St. Teresa's Academy,,2,1,W,,,,,,False
"Bishop Miege HS(Roeland Park , KS)",2026-09-24,St. Teresa's Academy,,3,1,W,,,,,,False
"Bishop Miege(Roeland Park, KS)",2026-10-07,St. Michael the Archangel,,3,1,W,,,,,,False
"Bishop Odowd(Oakland, CA)",2026-10-03,Incarnate Word Academy,,0,2,L,,,,,,False
"Bishop Seabury(Lawrence , KS)",2026-08-28,Faith Christian Academy,,3,0,W,,,,,,False
"Bishop Seabury(Lawrence, KS)",2026-09-10,Northland Christian,,3,1,W,,,,,,False
"Bishop Seabury(Lawrence, KS)",2026-09-17,Lutheran (Kansas City),,3,0,W,,,,,,False
"Bishop Seabury(Lawrence, KS)",2026-09-19,Northland Christian,,2,0,W,,,,,,False
"Bishop Ward(Kansas City, KS)",2026-09-01,Faith Christian Academy,,0,3,L,,,,,,False
"Bishop Ward(Kansas City, KS)",2026-09-03,Lutheran (Kansas City),,0,3,L,,,,,,False
"Bishop Ward(Kansas City, KS)",2026-09-19,Faith Christian Academy,,0,2,L,,,,,,False
"Bishop Ward(Kansas City, KS)",2026-09-19,Lutheran (Kansas City),,0,2,L,,,,,,False
"Bishop Ward(Kansas City, KS)",2026-09-21,Cristo Rey,,3,0,W,,,,,,False
"Bishop Ward(Kansas City, KS)",2026-09-22,Central (Kansas City),,3,0,W,,,,,,False
"Bishop Ward(Kansas City, KS)",2026-10-06,Guadalupe Centers Charter,,,,,,,,,,False
"Bishop Ward(Kansas city, KS)",2026-08-31,Northland Christian,,0,3,L,,,,,,False
Bismarck,2026-08-27,South Iron,,3,1,W,3.36,0.0,-0.36,-1.0,-1.36,False
Bismarck,2026-08-31,Fredericktown,,3,2,W,1.82,1.79,1.18,-0.21,0.98,False
Bismarck,2026-09-01,Ellington,,0,3,L,1.84,1.06,-1.84,-1.94,-3.78,False
Bismarck,2026-09-03,Crystal City,,3,1,W,2.48,0.86,0.52,-0.14,0.37,False
Bismarck,2026-09-09,Grandview (Hillsboro),,3,0,W,3.78,-0.78,-0.78,-0.78,-1.56,False
Bismarck,2026-09-10,Potosi,,0,3,L,-0.27,3.28,0.27,0.28,0.54,False
Bismarck,2026-09-11,Perryville,,1,1,T,1.24,2.05,-0.24,1.05,0.81,False
Bismarck,2026-09-11,Portageville,,1,1,T,2.73,0.97,-1.73,-0.03,-1.75,False
Bismarck,2026-09-12,Leopold,,0,2,L,0.96,2.48,-0.96,0.48,-0.48,False
Bismarck,2026-09-12,Valle Catholic,,1,2,L,0.91,2.42,0.09,0.42,0.51,False
Bismarck,2026-09-12,Dexter,,1,1,T,1.64,1.79,-0.64,0.79,0.14,False
Bismarck,2026-09-12,"Greene County Tech(Paragould, AR)",,2,1,W,,,,,,False
Bismarck,2026-09-15,Bunker,,3,0,W,3.5,0.27,-0.5,0.27,-0.23,False
Bismarck,2026-09-17,North County,,3,1,W,2.33,1.56,0.67,0.56,1.23,False
Bismarck,2026-09-18,St. Paul Lutheran (Farmington),,3,0,W,2.34,0.67,0.66,0.67,1.33,False
Bismarck,2026-09-21,Central (Park Hills),,3,1,W,2.33,1.41,0.67,0.41,1.08,False
Bismarck,2026-09-24,Valle Catholic,,1,3,L,0.91,2.42,0.09,-0.58,-0.49,False
Bismarck,2026-09-26,Ellington,,3,2,W,1.84,1.06,1.16,-0.94,0.22,False
Bismarck,2026-09-26,Leopold,,1,3,L,0.96,2.48,0.04,-0.52,-0.48,False
Bismarck,2026-09-29,Kingston,,3,0,W,3.51,0.45,-0.51,0.45,-0.06,False
Bismarck,2026-10-01,Valley,,3,0,W,2.92,0.15,0.08,0.15,0.23,False
Bismarck,2026-10-06,West County,,3,0,W,3.1,0.26,-0.1,0.26,0.16,False
Bismarck,2026-10-08,Arcadia Valley,,,,,1.66,1.42,,,,False
Bismarck,2026-10-10,Herculaneum,,,,,3.66,-0.66,,,,False
Bismarck,2026-10-19,Lesterville,,,,,2.67,0.55,,,,False
Blair Oaks,2026-08-28,"Columbia(Columbia, IL)",,0,2,L,,,,,,False
Blair Oaks,2026-08-28,"St. Louis Panthers Volleyball(St. Louis, MO)",,0,2,L,,,,,,False
Blair Oaks,2026-08-29,"Belleville West(Belleville, IL)",,2,0,W,,,,,,False
Blair Oaks,2026-08-29,Farmington,,2,0,W,1.26,1.92,0.74,1.92,2.66,False
Blair Oaks,2026-09-01,Sullivan,,1,3,L,1.41,1.42,-0.41,-1.58,-1.99,False
Blair Oaks,2026-09-03,Osage,,3,1,W,2.02,1.45,0.98,0.45,1.43,False
Blair Oaks,2026-09-08,Hermann,,3,0,W,3.09,-0.12,-0.09,-0.12,-0.22,False
Blair Oaks,2026-09-10,Boonville,,3,0,W,2.65,0.51,0.35,0.51,0.86,False
Blair Oaks,2026-09-12,West Plains,,0,2,L,1.18,1.9,-1.18,-0.1,-1.28,False
Blair Oaks,2026-09-12,New Covenant Academy,,2,0,W,1.29,1.37,0.71,1.37,2.09,False
Blair Oaks,2026-09-12,Marshfield,,0,2,L,1.64,1.41,-1.64,-0.59,-2.23,False
Blair Oaks,2026-09-12,Salem,,2,0,W,3.31,0.0,-1.31,0.0,-1.3,False
Blair Oaks,2026-09-14,Battle,,3,2,W,1.89,1.41,1.11,-0.59,0.52,False
Blair Oaks,2026-09-15,Eldon,,3,0,W,3.49,-0.13,-0.49,-0.13,-0.62,False
Blair Oaks,2026-09-17,California,,3,0,W,2.66,0.49,0.34,0.49,0.83,False
Blair Oaks,2026-09-18,Logan-Rogersville,,3,0,W,2.48,1.17,0.52,1.17,1.69,False
Blair Oaks,2026-09-18,Potosi,,0,3,L,0.74,2.17,-0.74,-0.83,-1.57,False
Blair Oaks,2026-09-19,Winona,,3,2,W,2.18,1.07,0.82,-0.93,-0.11,False
Blair Oaks,2026-09-23,Jefferson City,,0,3,L,1.4,1.69,-1.4,-1.31,-2.71,False
Blair Oaks,2026-09-24,Hallsville,,3,0,W,3.0,0.16,0.0,0.16,0.16,False
Blair Oaks,2026-09-28,Southern Boone,,3,0,W,2.17,1.39,0.83,1.39,2.22,False
Blair Oaks,2026-09-29,Fulton,,3,0,W,3.89,-0.53,-0.89,-0.53,-1.42,False
Blair Oaks,2026-10-01,Fatima,,3,0,W,3.3,0.25,-0.3,0.25,-0.06,False
Blair Oaks,2026-10-06,Helias Catholic,,0,3,L,0.54,2.28,-0.54,-0.72,-1.25,False
Blair Oaks,2026-10-08,Hickman,,3,1,W,2.13,0.87,0.87,-0.13,0.73,False
Blair Oaks,2026-10-10,"Louisburg(Louisburg, KS)",,,,,,,,,,False
Blair Oaks,2026-10-10,"Perry-Lecompton(Perry, KS)",,,,,,,,,,False
Blair Oaks,2026-10-10,"Shawnee Mission South(Overland Park , KS)",,,,,,,,,,False
Blair Oaks,2026-10-12,Owensville,,,,,2.81,0.32,,,,False
Blair Oaks,2026-10-13,Capital City,,,,,2.7,0.7,,,,False
Blair Oaks,2026-10-15,Rock Bridge,,,,,1.52,1.54,,,,False
Blair Oaks,2026-10-24,TBD,,,,,,,,,,False
Bloomfield,2026-08-27,Risco,,0,3,L,1.16,1.79,-1.16,-1.21,-2.36,False
Bloomfield,2026-08-28,Leopold,,0,3,L,-1.4,4.51,1.4,1.51,2.91,False
Bloomfield,2026-09-01,Clearwater,,3,1,W,1.21,1.38,1.79,0.38,2.17,False
Bloomfield,2026-09-03,Bernie,,2,3,L,0.49,2.26,1.51,-0.74,0.76,False
Bloomfield,2026-09-04,North Pemiscot,,1,3,L,-0.1,2.97,1.1,-0.03,1.07,False
Bloomfield,2026-09-08,Richland (Essex),,0,3,L,1.06,2.03,-1.06,-0.97,-2.03,False
Bloomfield,2026-09-11,New Haven,,2,0,W,0.49,2.13,1.51,2.13,3.64,False
Bloomfield,2026-09-11,Lesterville,,1,1,T,0.32,2.59,0.68,1.59,2.27,False
Bloomfield,2026-09-12,Scott City,,0,2,L,-0.34,3.32,0.34,1.32,1.66,False
Bloomfield,2026-09-12,Summersville,,0,2,L,0.53,2.68,-0.53,0.68,0.15,False
Bloomfield,2026-09-12,Viburnum,,1,1,T,1.28,1.31,-0.28,0.31,0.03,False
Bloomfield,2026-09-14,Puxico,,0,3,L,-0.35,3.28,0.35,0.28,0.63,False
Bloomfield,2026-09-16,Bell City,,0,3,L,-0.47,3.73,0.47,0.73,1.21,False
Bloomfield,2026-09-18,Gideon,,0,3,L,-1.11,3.44,1.11,0.44,1.55,False
Bloomfield,2026-09-21,Sikeston,,0,3,L,-0.01,3.26,0.01,0.26,0.27,False
Bloomfield,2026-09-24,Malden,,0,3,L,-0.16,3.06,0.16,0.06,0.21,False
Bloomfield,2026-09-25,Gideon,,0,2,L,-1.11,3.44,1.11,1.44,2.55,False
Bloomfield,2026-09-25,Southland,,2,0,W,2.39,0.44,-0.39,0.44,0.04,False
Bloomfield,2026-09-25,Delta (Deering),,1,1,T,1.74,1.45,-0.74,0.45,-0.29,False
Bloomfield,2026-09-26,East Prairie,,0,2,L,0.58,2.21,-0.58,0.21,-0.37,False
Bloomfield,2026-09-28,Dexter,,0,3,L,-0.71,3.82,0.71,0.82,1.54,False
Bloomfield,2026-09-29,Greenville,,1,3,L,1.5,1.74,-0.5,-1.26,-1.76,False
Bloomfield,2026-10-01,Woodland,,0,3,L,-0.98,4.03,0.98,1.03,2.02,False
Bloomfield,2026-10-02,Twin Rivers,,1,3,L,1.46,2.15,-0.46,-0.85,-1.32,False
Bloomfield,2026-10-06,Advance,,0,3,L,-0.43,3.92,0.43,0.92,1.35,False
Bloomfield,2026-10-09,Clarkton,,,,,0.53,2.39,,,,False
Bloomfield,2026-10-20,East Prairie,,,,,0.58,2.21,,,,False
"Bloomington(Bloomington, IL)",2026-09-04,Lafayette (Wildwood),,0,2,L,,,,,,False
Blue Eye,2026-08-29,Seymour,,2,0,W,3.4,-0.5,-1.4,-0.5,-1.9,False
Blue Eye,2026-08-29,Couch,,2,0,W,2.63,0.21,-0.63,0.21,-0.41,False
Blue Eye,2026-08-29,Gainesville,,2,0,W,2.14,0.71,-0.14,0.71,0.57,False
Blue Eye,2026-08-29,Koshkonong,,2,0,W,3.46,-1.11,-1.46,-1.11,-2.57,False
Blue Eye,2026-08-29,Lutie,,2,0,W,4.52,-1.61,-2.52,-1.61,-4.13,False
Blue Eye,2026-09-01,Purdy,,3,0,W,2.9,0.04,0.1,0.04,0.14,False
Blue Eye,2026-09-03,Exeter,,3,0,W,3.94,-1.24,-0.94,-1.24,-2.18,False
Blue Eye,2026-09-04,Crane,,3,0,W,2.33,0.33,0.67,0.33,1.0,False
Blue Eye,2026-09-08,School of the Ozarks,,3,0,W,1.74,0.58,1.26,0.58,1.84,False
Blue Eye,2026-09-10,Reeds Spring,,3,1,W,1.98,1.17,1.02,0.17,1.19,False
Blue Eye,2026-09-11,Hurley,,3,0,W,3.06,-0.41,-0.06,-0.41,-0.47,False
Blue Eye,2026-09-14,Verona,,3,0,W,2.7,0.03,0.3,0.03,0.33,False
Blue Eye,2026-09-15,Bradleyville,,3,0,W,4.46,-1.42,-1.46,-1.42,-2.89,False
Blue Eye,2026-09-17,RUSH Sr. Home School,,3,0,W,,,,,,False
Blue Eye,2026-09-21,Southwest (Washburn),,3,0,W,3.28,-0.99,-0.28,-0.99,-1.27,False
Blue Eye,2026-09-22,Wheaton,,3,0,W,3.13,-0.47,-0.13,-0.47,-0.6,False
Blue Eye,2026-09-24,Chadwick,,3,0,W,3.02,-0.41,-0.02,-0.41,-0.43,False
Blue Eye,2026-09-26,Billings,,0,2,L,1.2,1.6,-1.2,-0.4,-1.6,False
Blue Eye,2026-09-26,Conway,,2,0,W,2.5,0.28,-0.5,0.28,-0.22,False
Blue Eye,2026-09-26,Marionville,,2,0,W,1.92,0.72,0.08,0.72,0.79,False
Blue Eye,2026-09-26,Gloria Deo Academy,,2,0,W,3.23,-0.77,-1.23,-0.77,-2.0,False
Blue Eye,2026-09-26,Monett,,2,0,W,1.57,1.04,0.43,1.04,1.48,False
Blue Eye,2026-09-29,Sparta,,3,0,W,3.11,-0.55,-0.11,-0.55,-0.66,False
Blue Eye,2026-10-01,Fordland,,3,0,W,2.58,0.58,0.42,0.58,1.0,False
Blue Eye,2026-10-02,Niangua,,3,0,W,3.82,-1.29,-0.82,-1.29,-2.11,False
Blue Eye,2026-10-06,Spokane,,1,3,L,1.03,1.61,-0.03,-1.39,-1.42,False
Blue Eye,2026-10-08,Galena,,3,0,W,3.22,-0.91,-0.22,-0.91,-1.13,False
Blue Eye,2026-10-10,Mansfield,,,,,4.13,-1.19,,,,False
Blue Eye,2026-10-10,Seymour,,,,,3.4,-0.5,,,,False
Blue Eye,2026-10-10,Niangua,,,,,3.82,-1.29,,,,False
Blue Eye,2026-10-13,Everton,,,,,2.48,-0.05,,,,False
Blue Springs,2026-08-25,Staley,,,,,1.86,0.87,,,,False
Blue Springs,2026-08-27,Park Hill,,0,2,L,1.67,1.91,-1.67,-0.09,-1.76,False
Blue Springs,2026-08-27,St. Michael the Archangel,,2,0,W,1.04,1.82,0.96,1.82,2.78,False
Blue Springs,2026-09-01,Blue Springs South,,2,3,L,1.56,1.62,0.44,-1.38,-0.94,False
Blue Springs,2026-09-03,Park Hill South,,2,1,W,1.92,1.06,0.08,0.06,0.13,False
Blue Springs,2026-09-03,Grain Valley,,2,0,W,2.32,0.73,-0.32,0.73,0.41,False
Blue Springs,2026-09-08,Lee's Summit,,0,3,L,1.52,1.88,-1.52,-1.12,-2.64,False
Blue Springs,2026-09-10,Liberty North,,2,3,L,1.78,1.8,0.22,-1.2,-0.98,False
Blue Springs,2026-09-11,Kirkwood,,2,0,W,1.64,1.45,0.36,1.45,1.8,False
Blue Springs,2026-09-11,Francis Howell,,1,2,L,2.54,0.62,-1.54,-1.38,-2.92,False
Blue Springs,2026-09-12,Rock Bridge,,2,0,W,1.82,1.0,0.18,1.0,1.18,False
Blue Springs,2026-09-12,Marquette,,2,0,W,2.0,1.21,-0.0,1.21,1.2,False
Blue Springs,2026-09-12,"STL Panthers(ST. Charles, MO)",,0,2,L,,,,,,False
Blue Springs,2026-09-15,Lee's Summit West,,0,3,L,0.19,2.47,-0.19,-0.53,-0.72,False
Blue Springs,2026-09-17,Raymore-Peculiar,,0,3,L,1.57,2.0,-1.57,-1.0,-2.57,False
Blue Springs,2026-09-21,Liberty,,3,1,W,1.99,1.58,1.01,0.58,1.6,False
Blue Springs,2026-09-22,Staley,,1,3,L,1.86,0.87,-0.86,-2.13,-2.99,False
Blue Springs,2026-09-24,Fort Osage,,3,0,W,2.78,0.35,0.22,0.35,0.57,False
Blue Springs,2026-09-26,Rock Bridge,,2,1,W,1.82,1.0,0.18,-0.0,0.18,False
Blue Springs,2026-09-26,Westminster Christian Academy,,2,1,W,1.4,1.22,0.6,0.22,0.82,False
Blue Springs,2026-09-26,North Point,,2,1,W,2.02,0.92,-0.02,-0.08,-0.1,False
Blue Springs,2026-10-01,Lee's Summit,,3,1,W,1.52,1.88,1.48,0.88,2.36,False
Blue Springs,2026-10-03,Lee's Summit North,,1,2,L,0.66,2.18,0.34,0.18,0.52,False
Blue Springs,2026-10-03,Oak Grove,,0,2,L,1.05,1.54,-1.05,-0.46,-1.51,False
Blue Springs,2026-10-03,Ozark,,2,0,W,0.78,1.83,1.22,1.83,3.05,False
Blue Springs,2026-10-03,St. Dominic,,2,1,W,0.98,1.83,1.02,0.83,1.85,False
Blue Springs,2026-10-06,Liberty North,,1,3,L,1.78,1.8,-0.78,-1.2,-1.98,False
Blue Springs,2026-10-08,Staley,,3,1,W,1.86,0.87,1.14,-0.13,1.01,False
Blue Springs,2026-10-12,Blue Springs South,,,,,1.56,1.62,,,,False
Blue Springs,2026-10-13,Lee's Summit West,,,,,0.19,2.47,,,,False
Blue Springs,2026-10-15,Raymore-Peculiar,,,,,1.57,2.0,,,,False
Blue Springs,2026-10-20,Grain Valley,,,,,2.32,0.73,,,,False
Blue Springs South,2026-08-25,Staley,,,,,2.06,1.01,,,,False
Blue Springs South,2026-08-27,Fort Osage,,3,1,W,2.98,0.49,0.02,-0.51,-0.49,False
Blue Springs South,2026-08-29,"Bentonville West(Bentonville, AR)",,0,2,L,,,,,,False
Blue Springs South,2026-08-29,"Cabot(Cabot, AR)",,0,2,L,,,,,,False
Blue Springs South,2026-08-29,"Farmington(Farmington, AR)",,0,2,L,,,,,,False
Blue Springs South,2026-08-29,"Greenbrier(Greenbrier, AR)",,2,1,W,,,,,,False
Blue Springs South,2026-08-29,"Greenwood(Greenwood , AR)",,2,0,W,,,,,,False
Blue Springs South,2026-09-01,Blue Springs,,3,2,W,1.62,1.56,1.38,-0.44,0.94,False
Blue Springs South,2026-09-03,Staley,,3,1,W,2.06,1.01,0.94,0.01,0.95,False
Blue Springs South,2026-09-08,Liberty North,,1,3,L,1.98,1.94,-0.98,-1.06,-2.04,False
Blue Springs South,2026-09-10,Raymore-Peculiar,,1,3,L,1.78,2.14,-0.78,-0.86,-1.64,False
Blue Springs South,2026-09-11,Incarnate Word Academy,,0,2,L,1.45,2.51,-1.45,0.51,-0.94,False
Blue Springs South,2026-09-11,Eureka,,0,2,L,1.07,2.16,-1.07,0.16,-0.91,False
Blue Springs South,2026-09-12,Jackson,,0,2,L,0.43,2.44,-0.43,0.44,0.01,False
Blue Springs South,2026-09-12,Kirkwood,,0,2,L,1.85,1.59,-1.85,-0.41,-2.26,False
Blue Springs South,2026-09-12,Kickapoo,,2,1,W,1.17,1.55,0.83,0.55,1.38,False
Blue Springs South,2026-09-12,Westminster Christian Academy,,2,0,W,1.6,1.36,0.4,1.36,1.76,False
Blue Springs South,2026-09-15,Park Hill,,3,2,W,1.88,2.05,1.12,0.05,1.17,False
Blue Springs South,2026-09-17,Lee's Summit,,3,1,W,1.73,2.02,1.27,1.02,2.3,False
Blue Springs South,2026-09-19,Oak Grove,,2,1,W,1.25,1.68,0.75,0.68,1.43,False
Blue Springs South,2026-09-19,Grain Valley,,2,0,W,2.52,0.87,-0.52,0.87,0.35,False
Blue Springs South,2026-09-19,St. Teresa's Academy,,0,2,L,1.07,2.05,-1.07,0.05,-1.02,False
Blue Springs South,2026-09-19,"Blue Valley West(Overland Park, KS)",,0,2,L,,,,,,False
Blue Springs South,2026-09-19,"Olathe Northwest(Olathe, KS)",,0,2,L,,,,,,False
Blue Springs South,2026-09-22,Lee's Summit West,,0,3,L,0.39,2.61,-0.39,-0.39,-0.78,False
Blue Springs South,2026-09-24,Staley,,3,2,W,2.06,1.01,0.94,-0.99,-0.05,False
Blue Springs South,2026-09-30,Liberty North,,3,2,W,1.98,1.94,1.02,-0.06,0.96,False
Blue Springs South,2026-10-05,Grain Valley,,2,1,W,2.52,0.87,-0.52,-0.13,-0.65,False
Blue Springs South,2026-10-05,Pembroke Hill,,2,1,W,1.82,0.98,0.18,-0.02,0.16,False
Blue Springs South,2026-10-05,Lee's Summit North,,0,2,L,0.87,2.32,-0.87,0.32,-0.55,False
Blue Springs South,2026-10-06,Raymore-Peculiar,,1,3,L,1.78,2.14,-0.78,-0.86,-1.64,False
Blue Springs South,2026-10-08,Lee's Summit West,,0,3,L,0.39,2.61,-0.39,-0.39,-0.78,False
Blue Springs South,2026-10-12,Blue Springs,,,,,1.62,1.56,,,,False
Blue Springs South,2026-10-13,Liberty,,,,,2.19,1.72,,,,False
Blue Springs South,2026-10-15,Lee's Summit,,,,,1.73,2.02,,,,False
Blue Springs South,2026-10-20,Fort Osage,,,,,2.98,0.49,,,,False
"Blue Valley North(Overland Park, KS)",2026-09-12,Liberty,,2,1,W,,,,,,False
"Blue Valley North(Overland Park, KS)",2026-09-19,Lee's Summit North,,1,2,L,,,,,,False
"Blue Valley North(Overland Park, KS)",2026-09-19,St. Teresa's Academy,,2,1,W,,,,,,False
"Blue Valley North(Overland Park, KS)",2026-10-03,Liberty North,,0,2,L,,,,,,False
"Blue Valley North(Overland Park, KS)",2026-10-03,Lee's Summit West,,0,2,L,,,,,,False
"Blue Valley North(Overland Park, KS)",2026-10-03,Oak Grove,,0,2,L,,,,,,False
"Blue Valley North(Stillwell, KS)",2026-10-03,Belton,,1,2,L,,,,,,False
"Blue Valley Northwest(Overland Park, KS)",2026-09-12,Liberty,,2,0,W,,,,,,False
"Blue Valley Northwest(Overland Park, KS)",2026-09-26,St. Michael the Archangel,,0,2,L,,,,,,False
"Blue Valley SW(Overland Park, KS)",2026-09-19,Eureka,,1,2,L,,,,,,False
"Blue Valley Southwest(Overland Park, KS)",2026-09-19,Lee's Summit West,,0,2,L,,,,,,False
"Blue Valley Southwest(Overland Park, KS)",2026-09-19,Park Hill South,,2,0,W,,,,,,False
"Blue Valley Southwest(Overland Park, KS)",2026-09-28,Notre Dame de Sion,,2,0,W,,,,,,False
"Blue Valley West H.S.(Overland Park, KS)",2026-09-10,St. Teresa's Academy,,3,0,W,,,,,,False
"Blue Valley West(Lenexa, KS)",2026-08-29,Lee's Summit West,,1,2,L,,,,,,False
"Blue Valley West(Overland Park, KS)",2026-09-19,Liberty North,,2,0,W,,,,,,False
"Blue Valley West(Overland Park, KS)",2026-09-19,Blue Springs South,,2,0,W,,,,,,False
"Blue Valley West(Overland Park, KS)",2026-09-19,Oak Grove,,1,2,L,,,,,,False
"Blue Valley West(Overland Park, KS)",2026-09-26,St. Michael the Archangel,,1,2,L,,,,,,False
"Blue Valley West(Stilwell, KS)",2026-10-03,Rock Bridge,,2,0,W,,,,,,False
"Blue Valley(Lansing, KS)",2026-09-09,Notre Dame de Sion,,2,0,W,,,,,,False
"Blue Valley(Overland Park, KS)",2026-09-19,Grain Valley,,2,0,W,,,,,,False
"Blue Valley(Stillwell, KS)",2026-09-19,Liberty North,,0,2,L,,,,,,False
"Blytheville(Blytheville , AR)",2026-08-27,Delta (Deering),,0,3,L,,,,,,False
"Blytheville(Blytheville , AR)",2026-09-21,Hayti,,3,2,W,,,,,,False
Bolivar,2026-08-25,Buffalo,,,,,2.07,0.49,,,,False
Bolivar,2026-08-29,Helias Catholic,,0,2,L,-1.33,3.76,1.33,1.76,3.08,False
Bolivar,2026-08-29,Lebanon,,0,2,L,0.47,2.14,-0.47,0.14,-0.32,False
Bolivar,2026-08-29,Summit Christian Academy,,0,2,L,0.52,1.97,-0.52,-0.03,-0.54,False
Bolivar,2026-08-29,Strafford,,0,2,L,-0.2,2.78,0.2,0.78,0.98,False
Bolivar,2026-09-01,Strafford,,1,2,L,-0.2,2.78,1.2,0.78,1.98,False
Bolivar,2026-09-01,Monett,,2,1,W,1.44,1.34,0.56,0.34,0.9,False
Bolivar,2026-09-03,Battle,,0,2,L,0.03,2.89,-0.03,0.89,0.86,False
Bolivar,2026-09-03,Capital City,,1,2,L,0.84,2.17,0.16,0.17,0.33,False
Bolivar,2026-09-03,Smith-Cotton,,1,2,L,0.88,1.93,0.12,-0.07,0.06,False
Bolivar,2026-09-08,Parkview,,3,0,W,2.37,0.23,0.63,0.23,0.86,False
Bolivar,2026-09-10,Stockton,,1,3,L,1.61,1.37,-0.61,-1.63,-2.24,False
Bolivar,2026-09-12,Bakersfield,,2,0,W,2.6,0.3,-0.6,0.3,-0.3,False
Bolivar,2026-09-12,Spokane,,0,2,L,0.9,1.9,-0.9,-0.1,-1.0,False
Bolivar,2026-09-12,Buffalo,,2,0,W,2.07,0.49,-0.07,0.49,0.42,False
Bolivar,2026-09-12,Hollister,,1,1,T,0.27,2.31,0.73,1.31,2.04,False
Bolivar,2026-09-12,Parkview,,1,1,T,2.37,0.23,-1.37,-0.77,-2.14,False
Bolivar,2026-09-17,Buffalo,,3,1,W,2.07,0.49,0.93,-0.51,0.42,False
Bolivar,2026-09-22,Marshfield,,0,3,L,-0.22,2.89,0.22,-0.11,0.11,False
Bolivar,2026-09-24,Hillcrest,,1,3,L,1.05,1.37,-0.05,-1.63,-1.68,False
Bolivar,2026-09-26,Eldon,,2,0,W,1.63,1.35,0.37,1.35,1.72,False
Bolivar,2026-09-26,Willard,,0,2,L,0.45,2.52,-0.45,0.52,0.07,False
Bolivar,2026-09-26,Carthage,,0,2,L,-0.36,2.99,0.36,0.99,1.36,False
Bolivar,2026-09-26,"Fayetteville(Fayetteville, AR)",,0,2,L,,,,,,False
Bolivar,2026-09-26,Hillcrest,,1,1,T,1.05,1.37,-0.05,0.37,0.32,False
Bolivar,2026-09-26,Marshfield,,0,2,L,-0.22,2.89,0.22,0.89,1.11,False
Bolivar,2026-09-29,West Plains,,0,3,L,-0.69,3.38,0.69,0.38,1.06,False
Bolivar,2026-10-01,Carl Junction,,1,3,L,0.14,2.45,0.86,-0.55,0.31,False
Bolivar,2026-10-05,Logan-Rogersville,,0,3,L,0.61,2.64,-0.61,-0.36,-0.97,False
Bolivar,2026-10-08,Branson,,0,3,L,0.14,2.51,-0.14,-0.49,-0.64,False
Bolivar,2026-10-10,Hermann,,,,,1.23,1.35,,,,False
Bolivar,2026-10-15,Nevada,,,,,-0.17,2.74,,,,False
Bolivar,2026-10-20,Jefferson City,,,,,-0.46,3.17,,,,False
Boonville,2026-08-29,Linn,,1,1,T,1.3,1.67,-0.3,0.67,0.37,False
Boonville,2026-08-29,Father Tolton,,1,1,T,1.9,1.11,-0.9,0.11,-0.79,False
Boonville,2026-08-29,Christian Fellowship Sr.,,2,0,W,3.81,-0.66,-1.81,-0.66,-2.47,False
Boonville,2026-08-29,Tipton,,2,0,W,2.04,0.64,-0.04,0.64,0.6,False
Boonville,2026-09-01,Odessa,,1,3,L,1.13,2.43,-0.13,-0.57,-0.7,False
Boonville,2026-09-03,California,,1,3,L,1.52,1.48,-0.52,-1.52,-2.03,False
Boonville,2026-09-08,Centralia,,3,0,W,3.23,0.12,-0.23,0.12,-0.11,False
Boonville,2026-09-10,Blair Oaks,,0,3,L,0.51,2.65,-0.51,-0.35,-0.86,False
Boonville,2026-09-15,Osage,,0,3,L,0.88,2.45,-0.88,-0.55,-1.43,False
Boonville,2026-09-16,Tipton,,3,1,W,2.04,0.64,0.96,-0.36,0.6,False
Boonville,2026-09-17,Hallsville,,3,0,W,1.85,1.16,1.15,1.16,2.3,False
Boonville,2026-09-21,Eldon,,3,0,W,2.35,0.87,0.65,0.87,1.52,False
Boonville,2026-09-22,Fatima,,2,3,L,2.16,1.24,-0.16,-1.76,-1.92,False
Boonville,2026-09-24,St. Paul Lutheran (Concordia),,3,0,W,2.42,0.79,0.58,0.79,1.37,False
Boonville,2026-09-28,Mexico,,3,0,W,3.76,0.13,-0.76,0.13,-0.63,False
Boonville,2026-09-29,Christian Fellowship Sr.,,3,0,W,3.81,-0.66,-0.81,-0.66,-1.47,False
Boonville,2026-10-01,Fulton,,3,0,W,2.75,0.47,0.25,0.47,0.72,False
Boonville,2026-10-05,Kirksville,,3,0,W,2.89,0.11,0.11,0.11,0.22,False
Boonville,2026-10-06,Versailles,,3,0,W,2.14,1.19,0.86,1.19,2.05,False
Boonville,2026-10-08,Marshall,,3,0,W,3.33,-0.31,-0.33,-0.31,-0.64,False
Boonville,2026-10-10,Eldon,,,,,2.35,0.87,,,,False
Boonville,2026-10-10,Montgomery County,,,,,2.78,0.45,,,,False
Boonville,2026-10-10,Fulton,,,,,2.75,0.47,,,,False
Boonville,2026-10-10,Licking,,,,,1.85,0.82,,,,False
Boonville,2026-10-10,Calvary Lutheran,,,,,3.26,0.11,,,,False
Boonville,2026-10-13,Southern Boone,,,,,1.02,2.39,,,,False
Boonville,2026-10-15,Smith-Cotton,,,,,1.6,1.45,,,,False
Boonville,2026-10-22,Hallsville,,,,,1.85,1.16,,,,False
Bourbon,2026-08-28,Valley Park,,3,0,W,2.23,0.51,0.77,0.51,1.28,False
Bourbon,2026-08-29,Laquey,,2,0,W,2.94,-0.25,-0.94,-0.25,-1.19,False
Bourbon,2026-08-29,Plato,,1,1,T,1.27,1.85,-0.27,0.85,0.58,False
Bourbon,2026-08-29,St. James,,2,0,W,2.06,0.68,-0.06,0.68,0.62,False
Bourbon,2026-09-01,Belle,,0,3,L,1.23,1.92,-1.23,-1.08,-2.32,False
Bourbon,2026-09-03,Kingston,,2,3,L,1.33,2.33,0.67,-0.67,-0.0,False
Bourbon,2026-09-04,Viburnum,,1,3,L,1.46,1.16,-0.46,-1.84,-2.3,False
Bourbon,2026-09-08,Cuba,,0,3,L,-0.06,2.91,0.06,-0.09,-0.04,False
Bourbon,2026-09-15,Valley,,0,3,L,0.75,2.03,-0.75,-0.97,-1.71,False
Bourbon,2026-09-17,Crystal City,,0,3,L,0.31,2.74,-0.31,-0.26,-0.57,False
Bourbon,2026-09-19,Licking,,0,2,L,-0.19,2.82,0.19,0.82,1.01,False
Bourbon,2026-09-19,Cuba,,0,2,L,-0.06,2.91,0.06,0.91,0.96,False
Bourbon,2026-09-19,Jefferson (Festus),,0,2,L,0.18,2.83,-0.18,0.83,0.65,False
Bourbon,2026-09-19,St. James,,1,1,T,2.06,0.68,-1.06,-0.32,-1.38,False
Bourbon,2026-09-21,St. James,,3,1,W,2.06,0.68,0.94,-0.32,0.62,False
Bourbon,2026-09-22,Grandview (Hillsboro),,3,0,W,1.6,1.1,1.4,1.1,2.5,False
Bourbon,2026-09-24,Steelville,,0,3,L,0.76,2.49,-0.76,-0.51,-1.27,False
Bourbon,2026-09-26,Principia,,1,1,T,1.23,1.27,-0.23,0.27,0.05,False
Bourbon,2026-09-26,Brentwood,,0,2,L,1.11,1.61,-1.11,-0.39,-1.5,False
Bourbon,2026-09-26,Maplewood-Richmond Hts.,,1,1,T,0.83,2.06,0.17,1.06,1.24,False
Bourbon,2026-09-29,Plato,,1,3,L,1.27,1.85,-0.27,-1.15,-1.42,False
Bourbon,2026-10-01,Dixon,,3,0,W,1.78,1.13,1.22,1.13,2.35,False
Bourbon,2026-10-05,New Haven,,0,3,L,0.67,1.98,-0.67,-1.02,-1.69,False
Bourbon,2026-10-06,Belle,,3,0,W,1.23,1.92,1.77,1.92,3.68,False
Bourbon,2026-10-10,Belle,,,,,1.23,1.92,,,,False
Bourbon,2026-10-10,North Callaway,,,,,0.25,2.81,,,,False
Bourbon,2026-10-12,Viburnum,,,,,1.46,1.16,,,,False
Bourbon,2026-10-13,Steelville,,,,,0.76,2.49,,,,False
Bourbon,2026-10-15,Dixon,,,,,1.78,1.13,,,,False
Bourbon,2026-10-20,Belle,,,,,1.23,1.92,,,,False
Bowling Green,2026-08-27,Winfield,,0,3,L,0.62,2.72,-0.62,-0.28,-0.9,False
Bowling Green,2026-08-31,Duchesne,,0,3,L,-0.24,3.09,0.24,0.09,0.34,False
Bowling Green,2026-09-01,Russellville,,0,3,L,1.22,2.26,-1.22,-0.74,-1.96,False
Bowling Green,2026-09-03,Wright City,,0,3,L,0.37,2.62,-0.37,-0.38,-0.75,False
Bowling Green,2026-09-08,Montgomery County,,2,3,L,1.28,2.09,0.72,-0.91,-0.19,False
Bowling Green,2026-09-10,Veritas Christian Academy,,3,0,W,2.53,0.5,0.47,0.5,0.97,False
Bowling Green,2026-09-12,Fulton,,1,1,T,1.25,2.11,-0.25,1.11,0.86,False
Bowling Green,2026-09-12,New Bloomfield,,2,0,W,2.69,0.16,-0.69,0.16,-0.53,False
Bowling Green,2026-09-12,Centralia,,2,1,W,1.73,1.75,0.27,0.75,1.03,False
Bowling Green,2026-09-12,Southern Boone,,0,2,L,-0.48,4.03,0.48,2.03,2.5,False
Bowling Green,2026-09-14,"Pleasant Hill(Pleasant Hill, IL)",,3,0,W,,,,,,False
Bowling Green,2026-09-19,Leopold,,1,1,T,-0.67,4.01,1.67,3.01,4.68,False
Bowling Green,2026-09-19,New Haven,,1,1,T,1.22,1.63,-0.22,0.63,0.41,False
Bowling Green,2026-09-19,St. Louis Patriots Sr.,,2,0,W,,,,,,False
Bowling Green,2026-09-22,Centralia,,3,2,W,1.73,1.75,1.27,-0.25,1.03,False
Bowling Green,2026-09-24,Mexico,,3,2,W,2.26,1.77,0.74,-0.23,0.51,False
Bowling Green,2026-10-01,North Callaway,,0,3,L,0.79,2.46,-0.79,-0.54,-1.33,False
Bowling Green,2026-10-06,Father Tolton,,0,3,L,0.41,2.75,-0.41,-0.25,-0.65,False
Bowling Green,2026-10-08,Montgomery County,,0,3,L,1.28,2.09,-1.28,-0.91,-2.19,False
Bowling Green,2026-10-12,Centralia,,,,,1.73,1.75,,,,False
Bowling Green,2026-10-13,North Callaway,,,,,0.79,2.46,,,,False
Bowling Green,2026-10-15,Wright City,,,,,0.37,2.62,,,,False
Bowling Green,2026-10-20,Mexico,,,,,2.26,1.77,,,,False
Bradleyville,2026-09-01,Chadwick,,0,3,L,0.49,2.94,-0.49,-0.06,-0.54,False
Bradleyville,2026-09-03,School of the Ozarks,,0,3,L,-0.79,3.93,0.79,0.93,1.73,False
Bradleyville,2026-09-04,Gainesville,,0,3,L,-0.39,4.07,0.39,1.07,1.45,False
Bradleyville,2026-09-08,Hurley,,0,3,L,0.53,2.95,-0.53,-0.05,-0.58,False
Bradleyville,2026-09-10,Dora,,0,3,L,0.36,3.12,-0.36,0.12,-0.24,False
Bradleyville,2026-09-15,Blue Eye,,0,3,L,-1.42,4.46,1.42,1.46,2.89,False
Bradleyville,2026-09-17,Plato,,0,3,L,0.2,3.4,-0.2,0.4,0.2,False
Bradleyville,2026-09-22,Galena,,0,3,L,0.69,2.45,-0.69,-0.55,-1.25,False
Bradleyville,2026-09-24,Niangua,,1,3,L,1.3,2.07,-0.3,-0.93,-1.23,False
Bradleyville,2026-09-25,Lutie,,3,1,W,1.99,1.75,1.01,0.75,1.76,False
Bradleyville,2026-09-29,Gloria Deo Academy,,1,3,L,0.7,2.59,0.3,-0.41,-0.12,False
Bradleyville,2026-10-01,Mansfield,,1,3,L,1.6,2.17,-0.6,-0.83,-1.43,False
Bradleyville,2026-10-03,Houston,,0,2,L,-0.41,4.16,0.41,2.16,2.57,False
Bradleyville,2026-10-03,Lesterville,,0,2,L,-0.58,3.99,0.58,1.99,2.56,False
Bradleyville,2026-10-03,Dora,,0,2,L,0.36,3.12,-0.36,1.12,0.76,False
Bradleyville,2026-10-05,Bakersfield,,0,3,L,0.2,3.36,-0.2,0.36,0.16,False
Bradleyville,2026-10-06,Everton,,1,3,L,-0.05,3.3,1.05,0.3,1.35,False
Bradleyville,2026-10-09,Lutie,,,,,1.99,1.75,,,,False
Bradleyville,2026-10-13,Gainesville,,,,,-0.39,4.07,,,,False
Bradleyville,2026-10-16,Couch,,,,,0.1,3.57,,,,False
Bradleyville,2026-10-20,Greenwood,,,,,-0.19,3.79,,,,False
Branson,2026-08-27,"Harrison(Harrison, AR)",,3,0,W,,,,,,False
Branson,2026-08-29,Strafford,,1,2,L,1.04,1.65,-0.04,-0.35,-0.39,False
Branson,2026-08-29,Carthage,,1,1,T,0.88,1.87,0.12,0.87,0.99,False
Branson,2026-08-29,Parkview,,2,0,W,3.61,-0.9,-1.61,-0.9,-2.5,False
Branson,2026-08-29,Rolla,,2,0,W,2.48,0.46,-0.48,0.46,-0.01,False
Branson,2026-09-01,Republic,,1,3,L,1.08,1.56,-0.08,-1.44,-1.52,False
Branson,2026-09-03,Helias Catholic,,0,2,L,-0.09,2.63,0.09,0.63,0.72,False
Branson,2026-09-03,Camdenton,,2,0,W,2.4,0.29,-0.4,0.29,-0.11,False
Branson,2026-09-03,Jefferson City,,2,1,W,0.78,2.04,1.22,1.04,2.26,False
Branson,2026-09-08,Springfield Catholic,,3,0,W,1.87,0.64,1.13,0.64,1.78,False
Branson,2026-09-10,New Covenant Academy,,0,3,L,0.66,1.72,-0.66,-1.28,-1.94,False
Branson,2026-09-12,Aurora,,2,0,W,3.56,-0.17,-1.56,-0.17,-1.72,False
Branson,2026-09-12,Clever,,2,0,W,1.81,1.14,0.19,1.14,1.33,False
Branson,2026-09-12,Monett,,2,0,W,2.67,0.21,-0.67,0.21,-0.46,False
Branson,2026-09-12,Waynesville,,2,0,W,3.07,-0.65,-1.07,-0.65,-1.73,False
Branson,2026-09-14,Central (Springfield),,3,0,W,2.79,-0.3,0.21,-0.3,-0.09,False
Branson,2026-09-15,Reeds Spring,,3,0,W,3.09,0.34,-0.09,0.34,0.26,False
Branson,2026-09-18,Webb City,,2,1,W,1.84,1.4,0.16,0.4,0.55,False
Branson,2026-09-18,Willard,,2,0,W,1.69,1.4,0.31,1.4,1.71,False
Branson,2026-09-22,Carl Junction,,3,1,W,1.38,1.32,1.62,0.32,1.94,False
Branson,2026-09-24,Marshfield,,0,3,L,1.02,1.76,-1.02,-1.24,-2.26,False
Branson,2026-09-29,Logan-Rogersville,,2,3,L,1.85,1.52,0.15,-1.48,-1.33,False
Branson,2026-10-01,West Plains,,0,3,L,0.55,2.25,-0.55,-0.75,-1.3,False
Branson,2026-10-03,New Covenant Academy,,1,2,L,0.66,1.72,0.34,-0.28,0.06,False
Branson,2026-10-03,Carl Junction,,0,2,L,1.38,1.32,-1.38,-0.68,-2.06,False
Branson,2026-10-03,Clever,,2,0,W,1.81,1.14,0.19,1.14,1.33,False
Branson,2026-10-03,Mt. Vernon,,1,1,T,1.46,1.17,-0.46,0.17,-0.29,False
Branson,2026-10-03,Parkview,,2,0,W,3.61,-0.9,-1.61,-0.9,-2.5,False
Branson,2026-10-05,Camdenton,,3,0,W,2.4,0.29,0.6,0.29,0.89,False
Branson,2026-10-08,Bolivar,,3,0,W,2.51,0.14,0.49,0.14,0.64,False
Branson,2026-10-13,Hillcrest,,,,,2.29,0.25,,,,False
Branson,2026-10-15,Mt. Vernon,,,,,1.46,1.17,,,,False
Branson,2026-10-21,Republic,,,,,1.08,1.56,,,,False
"Breese Central Community(Breese, IL)",2026-10-03,Cor Jesu Academy,,2,0,W,,,,,,False
"Breese Central(Breese, IL)",2026-09-05,Lafayette (Wildwood),,0,2,L,,,,,,False
Brentwood,2026-09-01,Principia,,1,1,T,1.38,0.92,-0.38,-0.08,-0.46,False
Brentwood,2026-09-01,Grandview (Hillsboro),,2,0,W,1.76,0.75,0.24,0.75,1.0,False
Brentwood,2026-09-01,Crossroads College Preparatory,,2,0,W,2.95,-0.15,-0.95,-0.15,-1.1,False
Brentwood,2026-09-03,Bayless,,1,2,L,1.18,1.9,-0.18,-0.1,-0.28,False
Brentwood,2026-09-03,Principia,,1,2,L,1.38,0.92,-0.38,-1.08,-1.46,False
Brentwood,2026-09-08,Valley Park,,3,0,W,2.39,0.16,0.61,0.16,0.77,False
Brentwood,2026-09-12,St. Louis Ignite,,2,0,W,,,,,,False
Brentwood,2026-09-12,Lift for Life Academy Charter,,2,0,W,2.18,0.52,-0.18,0.52,0.34,False
Brentwood,2026-09-12,Confluence Prep Academy Charter with Grand Center Arts Charter,,2,0,W,3.65,-0.41,-1.65,-0.41,-2.06,False
Brentwood,2026-09-15,Hancock,,3,0,W,1.7,0.95,1.3,0.95,2.25,False
Brentwood,2026-09-18,Crossroads College Preparatory,,3,0,W,2.95,-0.15,0.05,-0.15,-0.1,False
Brentwood,2026-09-22,Maplewood-Richmond Hts.,,1,3,L,0.98,1.71,0.02,-1.29,-1.27,False
Brentwood,2026-09-23,Bishop DuBourg,,3,0,W,2.75,0.72,0.25,0.72,0.97,False
Brentwood,2026-09-25,Valley Park,,3,0,W,2.39,0.16,0.61,0.16,0.77,False
Brentwood,2026-09-26,Bourbon,,2,0,W,1.61,1.11,0.39,1.11,1.5,False
Brentwood,2026-09-26,Principia,,1,1,T,1.38,0.92,-0.38,-0.08,-0.46,False
Brentwood,2026-09-26,Maplewood-Richmond Hts.,,1,1,T,0.98,1.71,0.02,0.71,0.73,False
Brentwood,2026-09-29,Bayless,,0,3,L,1.18,1.9,-1.18,-1.1,-2.28,False
Brentwood,2026-10-01,St. Louis Ignite,,3,2,W,,,,,,False
Brentwood,2026-10-02,Gateway Science Charter,,3,1,W,2.06,0.73,0.94,-0.27,0.67,False
Brentwood,2026-10-06,Crossroads College Preparatory,,3,0,W,2.95,-0.15,0.05,-0.15,-0.1,False
Brentwood,2026-10-09,Maplewood-Richmond Hts.,,,,,0.98,1.71,,,,False
Brentwood,2026-10-10,Bayless,,,,,1.18,1.9,,,,False
Brentwood,2026-10-10,Hancock,,,,,1.7,0.95,,,,False
Brentwood,2026-10-12,Collegiate School of Med-Bio Science,,,,,2.18,1.09,,,,False
Brentwood,2026-10-13,Villa Duchesne,,,,,0.62,2.26,,,,False
Brentwood,2026-10-15,Crystal City,,,,,0.46,2.39,,,,False
Brentwood,2026-10-19,Veritas Christian Academy,,,,,2.14,0.51,,,,False
Bronaugh,2026-08-28,Purdy,,0,3,L,-1.07,4.12,1.07,1.12,2.2,False
Bronaugh,2026-08-31,Verona,,0,3,L,-1.27,4.12,1.27,1.12,2.39,False
Bronaugh,2026-09-01,Southwest (Washburn),,0,3,L,-0.69,3.1,0.69,0.1,0.78,False
Bronaugh,2026-09-08,Hume,,0,3,L,0.06,2.78,-0.06,-0.22,-0.29,False
Bronaugh,2026-09-10,Golden City,,0,3,L,-0.51,3.37,0.51,0.37,0.87,False
Bronaugh,2026-09-11,Ballard,,0,3,L,-1.08,3.44,1.08,0.44,1.52,False
Bronaugh,2026-09-15,Exeter,,0,3,L,-0.03,2.85,0.03,-0.15,-0.12,False
Bronaugh,2026-09-15,McAuley Catholic,,0,3,L,-0.54,3.52,0.54,0.52,1.06,False
Bronaugh,2026-09-18,Sheldon,,0,3,L,-0.32,3.17,0.32,0.17,0.49,False
Bronaugh,2026-09-19,Orrick,,0,2,L,0.13,2.68,-0.13,0.68,0.55,False
Bronaugh,2026-09-19,Otterville,,0,2,L,-1.86,4.55,1.86,2.55,4.41,False
Bronaugh,2026-09-19,Lakeland,,0,2,L,-0.85,4.2,0.85,2.2,3.05,False
Bronaugh,2026-09-21,Miami (Amoret),,0,3,L,0.12,2.46,-0.12,-0.54,-0.65,False
Bronaugh,2026-09-29,Ballard,,,,,-1.08,3.44,,,,False
Bronaugh,2026-10-01,Northeast Vernon County,,0,3,L,0.53,1.84,-0.53,-1.16,-1.69,False
Bronaugh,2026-10-03,Southwest (Washburn),,0,2,L,-0.69,3.1,0.69,1.1,1.78,False
Bronaugh,2026-10-03,Wheaton,,0,2,L,-0.84,3.61,0.84,1.61,2.45,False
Bronaugh,2026-10-03,Purdy,,0,2,L,-1.07,4.12,1.07,2.12,3.2,False
Bronaugh,2026-10-06,Hume,,0,3,L,0.06,2.78,-0.06,-0.22,-0.29,False
Bronaugh,2026-10-08,Marion C. Early,,0,3,L,1.04,2.35,-1.04,-0.65,-1.69,False
Bronaugh,2026-10-08,"Pleasanton(Pleasanton, KS)",,,,,,,,,,False
Bronaugh,2026-10-09,Sheldon,,,,,-0.32,3.17,,,,False
Bronaugh,2026-10-12,"Northeast Arma, KS",,,,,,,,,,False
Bronaugh,2026-10-12,"Chetopa, KS",,,,,,,,,,False
Bronaugh,2026-10-15,Kingsville,,,,,-1.16,3.98,,,,False
Brookfield,2026-09-01,Trenton,,0,3,L,0.94,2.3,-0.94,-0.7,-1.64,False
Brookfield,2026-09-07,Marshall,,0,3,L,0.75,2.42,-0.75,-0.58,-1.33,False
Brookfield,2026-09-09,Chillicothe,,0,3,L,-0.18,3.2,0.18,0.2,0.38,False
Brookfield,2026-09-14,Carrollton,,0,3,L,0.78,2.74,-0.78,-0.26,-1.04,False
Brookfield,2026-09-22,North Platte,,3,2,W,0.97,1.88,2.03,-0.12,1.91,False
Brookfield,2026-09-24,South Harrison,,0,3,L,0.57,2.72,-0.57,-0.28,-0.85,False
Brookfield,2026-09-28,Trenton,,3,2,W,0.94,2.3,2.06,0.3,2.36,False
Brookfield,2026-09-29,Penney,,3,0,W,2.33,0.59,0.67,0.59,1.26,False
Brookfield,2026-10-03,Maysville,,0,2,L,1.18,2.11,-1.18,0.11,-1.08,False
Brookfield,2026-10-03,Union Star with King City,,0,2,L,1.16,2.3,-1.16,0.3,-0.86,False
Brookfield,2026-10-03,Orrick,,2,1,W,2.11,1.14,-0.11,0.14,0.03,False
Brookfield,2026-10-05,North Callaway,,0,3,L,-0.29,3.55,0.29,0.55,0.84,False
Brookfield,2026-10-06,Plattsburg,,0,3,L,-0.2,3.17,0.2,0.17,0.37,False
Brookfield,2026-10-08,Maysville,,,,,1.18,2.11,,,,False
Brookfield,2026-10-10,South Harrison,,,,,0.57,2.72,,,,False
Brookfield,2026-10-10,Maysville,,,,,1.18,2.11,,,,False
Brookfield,2026-10-10,Trenton,,,,,0.94,2.3,,,,False
Brookfield,2026-10-12,Penney,,,,,2.33,0.59,,,,False
Brookfield,2026-10-13,Mexico,,,,,1.18,2.86,,,,False
Brookfield,2026-10-14,Orrick,,,,,2.11,1.14,,,,False
Brookfield,2026-10-19,Lathrop,,,,,0.58,2.78,,,,False
Brookfield,2026-10-20,South Harrison,,,,,0.57,2.72,,,,False
"Bryant(Bryant, AR)",2026-09-19,Kickapoo,,0,2,L,,,,,,False
"Bryant(Bryant, AR)",2026-09-19,Staley,,2,0,W,,,,,,False
"Bryant(Bryant, AR)",2026-09-19,Nixa,,0,2,L,,,,,,False
"Bryant(Bryant, AR)",2026-09-19,Republic,,2,1,W,,,,,,False
"Bryant(Bryant, AR)",2026-09-19,Ozark,,1,2,L,,,,,,False
Buffalo,2026-08-25,Bolivar,,,,,0.49,2.07,,,,False
Buffalo,2026-08-25,Osage,,,,,-0.62,3.73,,,,False
Buffalo,2026-08-25,Hillcrest,,,,,0.27,2.17,,,,False
Buffalo,2026-08-29,Ash Grove,,0,2,L,0.33,2.36,-0.33,0.36,0.04,False
Buffalo,2026-08-29,El Dorado Springs,,2,0,W,1.84,1.11,0.16,1.11,1.27,False
Buffalo,2026-08-29,Sparta,,2,0,W,2.2,0.54,-0.2,0.54,0.34,False
Buffalo,2026-08-29,Diamond,,0,2,L,1.42,1.57,-1.42,-0.43,-1.85,False
Buffalo,2026-09-01,Aurora,,3,2,W,1.54,1.76,1.46,-0.24,1.22,False
Buffalo,2026-09-03,El Dorado Springs,,2,3,L,1.84,1.11,0.16,-1.89,-1.73,False
Buffalo,2026-09-08,Logan-Rogersville,,0,3,L,-0.16,3.45,0.16,0.45,0.61,False
Buffalo,2026-09-10,Skyline,,0,3,L,0.43,2.41,-0.43,-0.59,-1.02,False
Buffalo,2026-09-12,Ava,,1,1,T,1.05,1.82,-0.05,0.82,0.77,False
Buffalo,2026-09-12,Bakersfield,,1,1,T,1.82,1.1,-0.82,0.1,-0.72,False
Buffalo,2026-09-12,Bolivar,,0,2,L,0.49,2.07,-0.49,0.07,-0.42,False
Buffalo,2026-09-12,RUSH Sr. Home School,,1,1,T,,,,,,False
Buffalo,2026-09-12,Forsyth,,2,1,W,1.54,1.09,0.46,0.09,0.55,False
Buffalo,2026-09-15,Stockton,,1,3,L,0.83,2.17,0.17,-0.83,-0.66,False
Buffalo,2026-09-17,Bolivar,,1,3,L,0.49,2.07,0.51,-0.93,-0.42,False
Buffalo,2026-09-19,Stockton,,1,1,T,0.83,2.17,0.17,1.17,1.34,False
Buffalo,2026-09-19,Ash Grove,,0,2,L,0.33,2.36,-0.33,0.36,0.04,False
Buffalo,2026-09-19,Gloria Deo Academy,,2,0,W,2.33,0.33,-0.33,0.33,0.0,False
Buffalo,2026-09-19,Central (Springfield),,1,1,T,0.77,1.63,0.23,0.63,0.85,False
Buffalo,2026-09-21,Osage,,0,3,L,-0.62,3.73,0.62,0.73,1.35,False
Buffalo,2026-09-22,Hillcrest,,0,3,L,0.27,2.17,-0.27,-0.83,-1.1,False
Buffalo,2026-09-24,Strafford,,0,3,L,-0.98,3.58,0.98,0.58,1.55,False
Buffalo,2026-09-29,Hollister,,0,3,L,-0.51,3.12,0.51,0.12,0.62,False
Buffalo,2026-10-01,Clever,,0,3,L,-0.21,3.07,0.21,0.07,0.28,False
Buffalo,2026-10-06,Springfield Catholic,,0,3,L,-0.15,2.57,0.15,-0.43,-0.28,False
Buffalo,2026-10-08,Reeds Spring,,,,,1.07,2.27,,,,False
Buffalo,2026-10-13,Forsyth,,,,,1.54,1.09,,,,False
Buffalo,2026-10-15,Fair Grove,,,,,0.06,2.46,,,,False
Buffalo,2026-10-19,Warsaw,,,,,0.13,2.97,,,,False
Buffalo,2026-10-20,Ava,,,,,1.05,1.82,,,,False
Bunceton,2026-08-31,Calvary Lutheran,,0,3,L,-1.08,4.1,1.08,1.1,2.18,False
Bunceton,2026-09-02,La Monte,,0,3,L,-1.51,4.2,1.51,1.2,2.71,False
Bunceton,2026-09-03,Prairie Home,,0,3,L,0.35,2.26,-0.35,-0.74,-1.09,False
Bunceton,2026-09-16,Otterville,,0,3,L,-1.65,4.27,1.65,1.27,2.91,False
Bunceton,2026-09-19,Eugene,,0,2,L,-0.95,4.06,0.95,2.06,3.0,False
Bunceton,2026-09-19,Prairie Home,,0,2,L,0.35,2.26,-0.35,0.26,-0.09,False
Bunceton,2026-09-19,North Callaway,,0,2,L,-2.06,4.81,2.06,2.81,4.87,False
Bunceton,2026-09-21,Sacred Heart,,0,3,L,-1.78,4.47,1.78,1.47,3.25,False
Bunceton,2026-09-22,Christian Fellowship Sr.,,0,3,L,-0.54,3.33,0.54,0.33,0.87,False
Bunceton,2026-09-24,Columbia Independent,,0,3,L,-0.83,3.98,0.83,0.98,1.81,False
Bunceton,2026-09-28,New Bloomfield,,0,3,L,-0.15,2.51,0.15,-0.49,-0.34,False
Bunceton,2026-10-01,Prairie Home,,0,3,L,0.35,2.26,-0.35,-0.74,-1.09,False
Bunceton,2026-10-07,Chamois,,0,3,L,0.89,2.48,-0.89,-0.52,-1.41,False
Bunceton,2026-10-08,Sweet Springs,,0,3,L,-1.74,4.71,1.74,1.71,3.45,False
Bunceton,2026-10-12,Eugene,,,,,-0.95,4.06,,,,False
Bunceton,2026-10-13,Columbia Independent,,,,,-0.83,3.98,,,,False
Bunceton,2026-10-14,Russellville,,,,,-1.63,4.61,,,,False
Bunceton,2026-10-20,Calvary Lutheran,,,,,-1.08,4.1,,,,False
Bunker,2026-08-27,Winona,,0,3,L,-0.31,3.93,0.31,0.93,1.24,False
Bunker,2026-09-01,Summersville,,2,3,L,1.41,2.4,0.59,-0.6,-0.01,False
Bunker,2026-09-03,Viburnum,,3,0,W,2.16,1.03,0.84,1.03,1.87,False
Bunker,2026-09-04,Valley,,2,3,L,1.44,1.9,0.56,-1.1,-0.54,False
Bunker,2026-09-08,Couch,,1,3,L,1.87,1.89,-0.87,-1.11,-1.98,False
Bunker,2026-09-10,Arcadia Valley,,0,3,L,0.18,3.17,-0.18,0.17,-0.01,False
Bunker,2026-09-15,Bismarck,,0,3,L,0.27,3.5,-0.27,0.5,0.23,False
Bunker,2026-09-17,Eminence,,0,3,L,0.71,2.74,-0.71,-0.26,-0.98,False
Bunker,2026-09-19,Ava,,1,1,T,1.2,2.4,-0.2,1.4,1.2,False
Bunker,2026-09-19,Thayer,,0,2,L,1.41,2.19,-1.41,0.19,-1.22,False
Bunker,2026-09-19,Cabool,,0,2,L,-0.07,3.45,0.07,1.45,1.52,False
Bunker,2026-09-19,Hollister,,0,2,L,-0.36,3.7,0.36,1.7,2.05,False
Bunker,2026-09-21,Lesterville,,3,2,W,1.2,2.3,1.8,0.3,2.11,False
Bunker,2026-09-23,Viburnum,,2,0,W,2.16,1.03,-0.16,1.03,0.87,False
Bunker,2026-09-24,Ellington,,0,2,L,0.36,2.81,-0.36,0.81,0.45,False
Bunker,2026-09-25,South Iron,,2,3,L,1.88,1.76,0.12,-1.24,-1.13,False
Bunker,2026-09-29,Clearwater,,3,0,W,2.09,1.1,0.91,1.1,2.01,False
Bunker,2026-10-01,Doniphan,,0,3,L,1.71,1.98,-1.71,-1.02,-2.73,False
Bunker,2026-10-05,Salem,,0,3,L,0.81,2.86,-0.81,-0.14,-0.96,False
Bunker,2026-10-08,South Iron,,3,1,W,1.88,1.76,1.12,0.76,1.87,False
Bunker,2026-10-10,Valley,,,,,1.44,1.9,,,,False
Bunker,2026-10-10,West County,,,,,1.62,2.01,,,,False
Bunker,2026-10-10,Crystal City,,,,,1.0,2.61,,,,False
Bunker,2026-10-12,Greenville,,,,,2.38,1.46,,,,False
Bunker,2026-10-13,South Iron,,,,,1.88,1.76,,,,False
Bunker,2026-10-15,Steelville,,,,,1.46,2.35,,,,False
Bunker,2026-10-19,Ellington,,,,,0.36,2.81,,,,False
Butler,2026-08-31,Skyline,,3,0,W,2.32,0.78,0.68,0.78,1.46,False
Butler,2026-09-01,Harrisonville,,3,2,W,1.75,1.59,1.25,-0.41,0.84,False
Butler,2026-09-03,Midway,,3,1,W,2.77,0.19,0.23,-0.81,-0.58,False
Butler,2026-09-10,Osceola,,3,2,W,1.91,1.18,1.09,-0.82,0.28,False
Butler,2026-09-14,Pleasant Hill,,0,3,L,1.07,2.2,-1.07,-0.8,-1.87,False
Butler,2026-09-15,Archie,,3,0,W,2.81,0.54,0.19,0.54,0.74,False
Butler,2026-09-17,Adrian,,3,2,W,0.91,1.85,2.09,-0.15,1.93,False
Butler,2026-09-19,Tipton,,2,0,W,2.43,0.29,-0.43,0.29,-0.14,False
Butler,2026-09-19,Concordia,,2,0,W,2.65,0.63,-0.65,0.63,-0.02,False
Butler,2026-09-19,Pleasant Hill,,0,2,L,1.07,2.2,-1.07,0.2,-0.87,False
Butler,2026-09-19,Harrisonville,,2,0,W,1.75,1.59,0.25,1.59,1.84,False
Butler,2026-09-21,Appleton City with Montrose,,3,0,W,4.14,-1.12,-1.14,-1.12,-2.27,False
Butler,2026-09-22,Liberal,,3,0,W,2.39,1.03,0.61,1.03,1.64,False
Butler,2026-09-24,Versailles,,1,3,L,2.53,0.84,-1.53,-2.16,-3.68,False
Butler,2026-09-26,Summit Christian Academy,,0,2,L,1.63,1.15,-1.63,-0.85,-2.48,False
Butler,2026-09-26,California,,1,2,L,1.91,1.14,-0.91,-0.86,-1.77,False
Butler,2026-09-26,Center,,1,1,T,2.12,0.64,-1.12,-0.36,-1.48,False
Butler,2026-09-26,William Chrisman,,2,0,W,1.97,0.67,0.03,0.67,0.69,False
Butler,2026-09-28,Stockton,,3,0,W,2.72,0.54,0.28,0.54,0.83,False
Butler,2026-10-01,"Prairie View(LaCygne, KS)",,3,2,W,,,,,,False
Butler,2026-10-03,Crossroads Prep Charter,,2,0,W,4.52,-1.62,-2.52,-1.62,-4.15,False
Butler,2026-10-03,Sheldon,,1,1,T,4.63,-1.45,-3.63,-2.45,-6.07,False
Butler,2026-10-05,Warsaw,,3,0,W,2.02,1.35,0.98,1.35,2.33,False
Butler,2026-10-08,El Dorado Springs,,,,,3.73,-0.51,,,,False
Butler,2026-10-10,Sarcoxie,,,,,3.03,0.47,,,,False
Butler,2026-10-12,Sherwood,,,,,3.85,-0.99,,,,False
Butler,2026-10-15,Lone Jack,,,,,1.86,1.17,,,,False
Butler,2026-10-20,El Dorado Springs,,,,,3.73,-0.51,,,,False
"CSW Wichita(Wichita, KS)",2026-09-12,Chadwick,,2,0,W,,,,,,False
"CSW(Wichita, KS)",2026-09-12,Mansfield,,2,0,W,,,,,,False
Cabool,2026-08-31,Marshfield,,0,3,L,0.58,2.18,-0.58,-0.82,-1.4,False
Cabool,2026-09-01,Bakersfield,,3,0,W,3.4,-0.41,-0.4,-0.41,-0.81,False
Cabool,2026-09-03,Eminence,,3,0,W,2.14,0.65,0.86,0.65,1.51,False
Cabool,2026-09-04,Summersville,,3,0,W,2.84,0.31,0.16,0.31,0.48,False
Cabool,2026-09-08,Plato,,3,0,W,3.39,-0.37,-0.39,-0.37,-0.77,False
Cabool,2026-09-10,Winona,,2,3,L,1.12,1.84,0.88,-1.16,-0.28,False
Cabool,2026-09-14,Mansfield,,3,0,W,4.8,-1.6,-1.8,-1.6,-3.4,False
Cabool,2026-09-15,Licking,,3,1,W,1.93,0.59,1.07,-0.41,0.66,False
Cabool,2026-09-17,Willow Springs,,3,0,W,3.46,-0.67,-0.46,-0.67,-1.13,False
Cabool,2026-09-19,Fordland,,2,0,W,3.24,0.17,-1.24,0.17,-1.08,False
Cabool,2026-09-19,Salem,,2,0,W,2.24,0.77,-0.24,0.77,0.53,False
Cabool,2026-09-19,Hollister,,0,2,L,1.07,1.6,-1.07,-0.4,-1.46,False
Cabool,2026-09-19,Bunker,,2,0,W,3.45,-0.07,-1.45,-0.07,-1.52,False
Cabool,2026-09-19,Couch,,2,0,W,3.29,-0.2,-1.29,-0.2,-1.5,False
Cabool,2026-09-19,"Hollister JV(Hollister, MO)",,2,0,W,,,,,,False
Cabool,2026-09-22,Thayer,,3,0,W,2.83,0.1,0.17,0.1,0.27,False
Cabool,2026-09-24,Ava,,3,0,W,2.62,0.31,0.38,0.31,0.69,False
Cabool,2026-09-26,Liberty (Mountain View),,1,1,T,1.17,1.64,-0.17,0.64,0.47,False
Cabool,2026-09-26,Springfield Catholic,,2,0,W,1.43,1.06,0.57,1.06,1.63,False
Cabool,2026-09-26,Ash Grove,,2,0,W,1.9,0.85,0.1,0.85,0.95,False
Cabool,2026-09-26,Lighthouse Sr. High,,2,0,W,,,,,,False
Cabool,2026-09-26,Strafford,,0,2,L,0.6,2.07,-0.6,0.07,-0.53,False
Cabool,2026-09-28,Dora,,3,0,W,3.56,-0.65,-0.56,-0.65,-1.21,False
Cabool,2026-09-29,Salem,,3,0,W,2.24,0.77,0.76,0.77,1.53,False
Cabool,2026-10-01,Liberty (Mountain View),,1,3,L,1.17,1.64,-0.17,-1.36,-1.53,False
Cabool,2026-10-10,Knob Noster,,,,,2.26,0.33,,,,False
Cabool,2026-10-10,El Dorado Springs,,,,,3.42,-0.4,,,,False
Cabool,2026-10-10,Harrisonville,,,,,1.44,1.7,,,,False
Cabool,2026-10-13,Mountain Grove,,,,,1.42,1.15,,,,False
Cabool,2026-10-15,Houston,,,,,2.78,0.38,,,,False
Cabool,2026-10-22,TBD,,,,,,,,,,False
"Cabot(Cabot, AR)",2026-08-29,Blue Springs South,,2,0,W,,,,,,False
"Cahokia(Cahokia, IL)",2026-08-31,Cardinal Ritter,,2,1,W,,,,,,False
"Cahokia(Cahokia, IL)",2026-10-05,Miller Career Academy,,,,,,,,,,False
"Cahokia(Cahokia, IL)",2026-10-07,McKinley Classical Leadership,,1,3,L,,,,,,False
"Cairo(Cairo , IL)",2026-10-20,Hayti,,,,,,,,,,False
"Cairo(Cairo, IL)",2026-09-24,Kelly,,0,2,L,,,,,,False
"Cairo(Cairo, IL)",2026-10-07,Kelly,,,,,,,,,,False
"Cairo(Cairo, IL)",2026-10-08,Caruthersville,,0,2,L,,,,,,False
California,2026-08-25,Battle,,,,,0.72,2.42,,,,False
California,2026-08-27,Knob Noster,,3,0,W,2.15,0.57,0.85,0.57,1.41,False
California,2026-08-31,Versailles,,3,1,W,2.11,1.2,0.89,0.2,1.09,False
California,2026-09-01,Father Tolton,,2,3,L,1.88,1.12,0.12,-1.88,-1.76,False
California,2026-09-03,Boonville,,3,1,W,1.48,1.52,1.52,0.52,2.03,False
California,2026-09-08,Smith-Cotton,,3,2,W,1.57,1.46,1.43,-0.54,0.89,False
California,2026-09-10,Eldon,,3,1,W,2.32,0.88,0.68,-0.12,0.56,False
California,2026-09-12,Centralia,,1,1,T,3.2,0.12,-2.2,-0.88,-3.08,False
California,2026-09-12,Fatima,,2,0,W,2.13,1.25,-0.13,1.25,1.12,False
California,2026-09-12,North Callaway,,2,0,W,2.26,0.83,-0.26,0.83,0.57,False
California,2026-09-12,Southern Boone,,0,2,L,1.0,2.39,-1.0,0.39,-0.6,False
California,2026-09-15,Mexico,,3,0,W,3.73,0.14,-0.73,0.14,-0.59,False
California,2026-09-17,Blair Oaks,,0,3,L,0.49,2.66,-0.49,-0.34,-0.83,False
California,2026-09-22,Tipton,,1,3,L,2.01,0.64,-1.01,-2.36,-3.37,False
California,2026-09-24,Helias Catholic,,0,3,L,-0.63,3.29,0.63,0.29,0.92,False
California,2026-09-26,Butler,,2,1,W,1.14,1.91,0.86,0.91,1.77,False
California,2026-09-26,Central (Kansas City),,2,0,W,4.44,-1.43,-2.44,-1.43,-3.87,False
California,2026-09-26,Fort Osage,,1,1,T,1.31,1.89,-0.31,0.89,0.58,False
California,2026-09-26,Paseo Academy,,2,0,W,4.08,-1.0,-2.08,-1.0,-3.08,False
California,2026-09-26,West Platte,,1,2,L,1.96,1.4,-0.96,-0.6,-1.56,False
California,2026-09-28,Hallsville,,3,1,W,1.83,1.17,1.17,0.17,1.34,False
California,2026-09-29,Southern Boone,,0,3,L,1.0,2.39,-1.0,-0.61,-1.6,False
California,2026-10-01,Russellville,,3,0,W,2.69,0.63,0.31,0.63,0.94,False
California,2026-10-03,Cole Camp,,1,1,T,1.32,1.57,-0.32,0.57,0.25,False
California,2026-10-03,Pleasant Hill,,0,2,L,0.66,2.55,-0.66,0.55,-0.1,False
California,2026-10-03,Santa Fe,,1,1,T,1.96,1.0,-0.96,-0.0,-0.96,False
California,2026-10-03,Warrensburg,,2,0,W,1.29,1.66,0.71,1.66,2.38,False
California,2026-10-06,Capital City,,0,3,L,1.53,1.7,-1.53,-1.3,-2.83,False
California,2026-10-08,Fulton,,2,3,L,2.72,0.48,-0.72,-2.52,-3.25,False
California,2026-10-12,Cole Camp,,,,,1.32,1.57,,,,False
California,2026-10-13,Fatima,,,,,2.13,1.25,,,,False
California,2026-10-15,Osage,,,,,0.85,2.46,,,,False
California,2026-10-24,Osage,,,,,0.85,2.46,,,,False
Calvary Lutheran,2026-08-31,Bunceton,,3,0,W,4.1,-1.08,-1.1,-1.08,-2.18,False
Calvary Lutheran,2026-09-03,Dixon,,3,0,W,2.43,0.9,0.57,0.9,1.47,False
Calvary Lutheran,2026-09-08,New Bloomfield,,3,0,W,2.79,0.28,0.21,0.28,0.48,False
Calvary Lutheran,2026-09-10,Smithton,,3,2,W,1.36,2.19,1.64,0.19,1.83,False
Calvary Lutheran,2026-09-11,Otterville,,0,3,L,1.3,2.03,-1.3,-0.97,-2.27,False
Calvary Lutheran,2026-09-14,Eugene,,3,1,W,2.0,1.82,1.0,0.82,1.82,False
Calvary Lutheran,2026-09-19,New Bloomfield,,2,0,W,2.79,0.28,-0.79,0.28,-0.52,False
Calvary Lutheran,2026-09-19,North Callaway,,0,2,L,0.89,2.58,-0.89,0.58,-0.31,False
Calvary Lutheran,2026-09-19,Prairie Home,,2,0,W,3.3,0.02,-1.3,0.02,-1.28,False
Calvary Lutheran,2026-09-22,Heritage Athletics,,3,0,W,,,,,,False
Calvary Lutheran,2026-09-24,Russellville,,0,3,L,1.32,2.38,-1.32,-0.62,-1.94,False
Calvary Lutheran,2026-09-28,Prairie Home,,3,0,W,3.3,0.02,-0.3,0.02,-0.28,False
Calvary Lutheran,2026-10-01,Columbia Independent,,3,1,W,2.12,1.74,0.88,0.74,1.63,False
Calvary Lutheran,2026-10-02,La Monte,,1,3,L,1.43,1.96,-0.43,-1.04,-1.47,False
Calvary Lutheran,2026-10-05,Sweet Springs,,1,3,L,1.21,2.48,-0.21,-0.52,-0.73,False
Calvary Lutheran,2026-10-06,Heritage Athletics,,,,,,,,,,False
Calvary Lutheran,2026-10-10,Boonville,,,,,0.11,3.26,,,,False
Calvary Lutheran,2026-10-13,Belle,,,,,1.88,1.68,,,,False
Calvary Lutheran,2026-10-15,Christian Fellowship Sr.,,,,,2.41,1.09,,,,False
Calvary Lutheran,2026-10-16,Chamois,,,,,3.84,0.25,,,,False
Calvary Lutheran,2026-10-17,Columbia Independent,,,,,2.12,1.74,,,,False
Calvary Lutheran,2026-10-20,Bunceton,,,,,4.1,-1.08,,,,False
Camdenton,2026-09-01,Lebanon,,1,3,L,0.62,2.03,0.38,-0.97,-0.58,False
Camdenton,2026-09-03,Marshfield,,0,2,L,-0.07,2.78,0.07,0.78,0.85,False
Camdenton,2026-09-03,Branson,,0,2,L,0.29,2.4,-0.29,0.4,0.11,False
Camdenton,2026-09-03,Logan-Rogersville,,0,2,L,0.76,2.53,-0.76,0.53,-0.23,False
Camdenton,2026-09-08,West Plains,,1,3,L,-0.54,3.27,1.54,0.27,1.8,False
Camdenton,2026-09-09,Southern Boone,,2,3,L,0.45,2.76,1.55,-0.24,1.3,False
Camdenton,2026-09-12,Springfield Catholic,,0,2,L,0.78,1.66,-0.78,-0.34,-1.12,False
Camdenton,2026-09-12,Strafford,,1,1,T,-0.05,2.67,1.05,1.67,2.72,False
Camdenton,2026-09-12,Dixon,,2,0,W,3.25,-0.49,-1.25,-0.49,-1.74,False
Camdenton,2026-09-12,Carthage,,0,2,L,-0.22,2.88,0.22,0.88,1.1,False
Camdenton,2026-09-12,Lebanon,,0,2,L,0.62,2.03,-0.62,0.03,-0.58,False
Camdenton,2026-09-15,Capital City,,0,3,L,0.98,2.06,-0.98,-0.94,-1.92,False
Camdenton,2026-09-18,Webb City,,0,2,L,0.75,2.41,-0.75,0.41,-0.34,False
Camdenton,2026-09-18,Willard,,2,0,W,0.6,2.41,1.4,2.41,3.81,False
Camdenton,2026-09-21,Helias Catholic,,0,3,L,-1.18,3.65,1.18,0.65,1.83,False
Camdenton,2026-09-22,Hickman,,1,3,L,0.41,2.23,0.59,-0.77,-0.18,False
Camdenton,2026-09-24,Eldon,,3,2,W,1.77,1.24,1.23,-0.76,0.46,False
Camdenton,2026-09-29,Jefferson City,,0,3,L,-0.31,3.06,0.31,0.06,0.37,False
Camdenton,2026-10-01,Smith-Cotton,,1,3,L,1.03,1.82,-0.03,-1.18,-1.2,False
Camdenton,2026-10-03,Aurora,,2,0,W,2.47,0.85,-0.47,0.85,0.38,False
Camdenton,2026-10-03,Logan-Rogersville,,0,2,L,0.76,2.53,-0.76,0.53,-0.23,False
Camdenton,2026-10-03,New Covenant Academy,,0,2,L,-0.43,2.74,0.43,0.74,1.17,False
Camdenton,2026-10-03,East Newton,,1,1,T,1.01,1.58,-0.01,0.58,0.57,False
Camdenton,2026-10-03,Mt. Vernon,,0,2,L,0.37,2.19,-0.37,0.19,-0.18,False
Camdenton,2026-10-05,Branson,,0,3,L,0.29,2.4,-0.29,-0.6,-0.89,False
Camdenton,2026-10-06,Rock Bridge,,0,3,L,-0.19,2.9,0.19,-0.1,0.1,False
Camdenton,2026-10-08,Battle,,0,3,L,0.17,2.78,-0.17,-0.22,-0.39,False
Camdenton,2026-10-12,Father Tolton,,,,,1.33,1.48,,,,False
Camdenton,2026-10-13,Logan-Rogersville,,,,,0.76,2.53,,,,False
Camdenton,2026-10-15,Rolla,,,,,1.39,1.48,,,,False
Camdenton,2026-10-20,Helias Catholic,,,,,-1.18,3.65,,,,False
Cameron,2026-08-22,Maryville,,0,2,L,-0.07,3.33,0.07,1.33,1.41,False
Cameron,2026-08-28,Saxony Lutheran,,0,2,L,-0.49,3.51,0.49,1.51,2.0,False
Cameron,2026-08-28,Fatima,,1,2,L,1.09,2.33,-0.09,0.33,0.24,False
Cameron,2026-08-29,Northland Christian,,0,2,L,0.73,2.17,-0.73,0.17,-0.55,False
Cameron,2026-08-29,Rock Port,,0,2,L,0.03,2.62,-0.03,0.62,0.59,False
Cameron,2026-09-03,Lawson,,2,3,L,0.82,2.12,1.18,-0.88,0.3,False
Cameron,2026-09-07,Trenton,,3,0,W,2.45,0.66,0.55,0.66,1.21,False
Cameron,2026-09-08,Lathrop,,2,3,L,2.09,1.14,-0.09,-1.86,-1.96,False
Cameron,2026-09-10,Benton,,0,3,L,-0.43,3.38,0.43,0.38,0.81,False
Cameron,2026-09-12,Marshall,,1,1,T,2.26,0.78,-1.26,-0.22,-1.49,False
Cameron,2026-09-12,Versailles,,1,1,T,1.07,2.28,-0.07,1.28,1.21,False
Cameron,2026-09-12,Richmond,,2,0,W,2.77,0.2,-0.77,0.2,-0.57,False
Cameron,2026-09-12,Lafayette County,,0,2,L,0.26,2.45,-0.26,0.45,0.19,False
Cameron,2026-09-15,West Platte,,1,3,L,0.92,2.49,0.08,-0.51,-0.44,False
Cameron,2026-09-17,Savannah,,0,3,L,0.19,3.25,-0.19,0.25,0.06,False
Cameron,2026-09-19,Lathrop,,0,2,L,2.09,1.14,-2.09,-0.86,-2.96,False
Cameron,2026-09-19,Mid-Buchanan,,0,2,L,-0.51,3.05,0.51,1.05,1.56,False
Cameron,2026-09-19,Wellington-Napoleon,,2,0,W,2.1,0.91,-0.1,0.91,0.81,False
Cameron,2026-09-19,South Harrison,,2,0,W,2.09,1.08,-0.09,1.08,0.99,False
Cameron,2026-09-22,St. Joseph Christian,,1,3,L,0.77,2.08,0.23,-0.92,-0.68,False
Cameron,2026-09-24,Maryville,,1,3,L,-0.07,3.33,1.07,0.33,1.41,False
Cameron,2026-09-28,Carrollton,,3,1,W,2.3,1.1,0.7,0.1,0.81,False
Cameron,2026-10-01,Chillicothe,,2,3,L,1.34,1.56,0.66,-1.44,-0.78,False
Cameron,2026-10-03,Rock Port,,0,2,L,0.03,2.62,-0.03,0.62,0.59,False
Cameron,2026-10-03,Summit Christian Academy,,0,2,L,0.17,2.58,-0.17,0.58,0.41,False
Cameron,2026-10-03,Bishop LeBlond,,0,2,L,0.52,2.82,-0.52,0.82,0.3,False
Cameron,2026-10-03,East Buchanan,,0,2,L,0.16,2.82,-0.16,0.82,0.66,False
Cameron,2026-10-05,Richmond,,3,0,W,2.77,0.2,0.23,0.2,0.43,False
Cameron,2026-10-08,Excelsior Springs,,3,1,W,1.99,1.19,1.01,0.19,1.2,False
Cameron,2026-10-15,Bishop LeBlond,,,,,0.52,2.82,,,,False
Cameron,2026-10-19,Plattsburg,,,,,1.32,1.53,,,,False
Cameron,2026-10-20,Chillicothe,,,,,1.34,1.56,,,,False
Campbell,2026-08-28,"Piggott(Piggott, AR)",,3,1,W,,,,,,False
Campbell,2026-09-01,Kennett,,3,2,W,2.37,0.85,0.63,-1.15,-0.53,False
Campbell,2026-09-03,Risco,,3,0,W,2.6,0.34,0.4,0.34,0.74,False
Campbell,2026-09-04,Portageville,,3,1,W,1.81,1.55,1.19,0.55,1.74,False
Campbell,2026-09-08,Bernie,,3,0,W,1.93,0.8,1.07,0.8,1.87,False
Campbell,2026-09-10,Caruthersville,,3,0,W,3.35,-0.4,-0.35,-0.4,-0.75,False
Campbell,2026-09-11,Scott City,,1,1,T,1.1,1.87,-0.1,0.87,0.77,False
Campbell,2026-09-11,Grandview (Hillsboro),,2,0,W,2.86,-0.21,-0.86,-0.21,-1.06,False
Campbell,2026-09-12,West County,,2,0,W,2.18,0.83,-0.18,0.83,0.65,False
Campbell,2026-09-12,Viburnum,,2,0,W,2.72,-0.15,-0.72,-0.15,-0.87,False
Campbell,2026-09-12,Owensville,,0,2,L,0.88,2.0,-0.88,-0.0,-0.88,False
Campbell,2026-09-14,Sikeston,,0,3,L,1.43,1.8,-1.43,-1.2,-2.62,False
Campbell,2026-09-17,Hayti,,,0,,3.51,-0.36,,,,False
Campbell,2026-09-22,South Pemiscot,,3,0,W,2.49,0.52,0.51,0.52,1.03,False
Campbell,2026-09-25,Holcomb,,2,0,W,1.7,1.22,0.3,1.22,1.51,False
Campbell,2026-09-25,Cooter,,2,0,W,3.56,-0.16,-1.56,-0.16,-1.72,False
Campbell,2026-09-25,Richland (Essex),,2,0,W,2.5,0.57,-0.5,0.57,0.07,False
Campbell,2026-09-26,Bernie,,2,0,W,1.93,0.8,0.07,0.8,0.87,False
Campbell,2026-09-26,Gideon,,0,2,L,0.33,1.99,-0.33,-0.01,-0.34,False
Campbell,2026-09-26,East Prairie,,2,0,W,2.01,0.75,-0.01,0.75,0.74,False
Campbell,2026-09-28,Richland (Essex),,3,0,W,2.5,0.57,0.5,0.57,1.07,False
Campbell,2026-09-29,Gideon,,0,3,L,0.33,1.99,-0.33,-1.01,-1.34,False
Campbell,2026-10-01,Senath-Hornersville,,3,0,W,2.5,0.72,0.5,0.72,1.22,False
Campbell,2026-10-05,Malden,,1,3,L,1.28,1.6,-0.28,-1.4,-1.68,False
Campbell,2026-10-08,Holcomb,,2,3,L,1.7,1.22,0.3,-1.78,-1.49,False
Campbell,2026-10-09,North Pemiscot,,,,,1.34,1.51,,,,False
Campbell,2026-10-16,Twin Rivers,,,,,2.9,0.69,,,,False
Campbell,2026-10-19,Clarkton,,,,,1.97,0.94,,,,False
"Cape Central JV(Cape Girardeau, MO)",2026-09-11,Meadow Heights,,0,2,L,,,,,,False
"Cape Central JV(Cape Girardeau, MO)",2026-09-12,Kingston,,0,2,L,,,,,,False
Capital City,2026-08-27,Osage,,1,3,L,1.06,2.49,-0.06,-0.51,-0.57,False
Capital City,2026-08-29,Clever,,3,2,W,1.47,1.83,1.53,-0.17,1.36,False
Capital City,2026-08-29,Marshfield,,0,3,L,0.68,2.45,-0.68,-0.55,-1.23,False
Capital City,2026-09-01,Hickman,,0,3,L,1.17,1.91,-1.17,-1.09,-2.26,False
Capital City,2026-09-03,Bolivar,,2,1,W,2.17,0.84,-0.17,-0.16,-0.33,False
Capital City,2026-09-03,Carl Junction,,1,2,L,1.04,2.02,-0.04,0.02,-0.03,False
Capital City,2026-09-03,Hillcrest,,2,0,W,1.95,0.94,0.05,0.94,0.99,False
Capital City,2026-09-10,Rolla,,3,1,W,2.14,1.15,0.86,0.15,1.01,False
Capital City,2026-09-14,Helias Catholic,,0,3,L,-0.43,3.32,0.43,0.32,0.75,False
Capital City,2026-09-15,Camdenton,,3,0,W,2.06,0.98,0.94,0.98,1.92,False
Capital City,2026-09-17,Jefferson City,,2,3,L,0.44,2.73,1.56,-0.27,1.29,False
Capital City,2026-09-21,Licking,,2,3,L,2.03,0.87,-0.03,-2.13,-2.16,False
Capital City,2026-09-24,Rock Bridge,,0,3,L,0.56,2.58,-0.56,-0.42,-0.98,False
Capital City,2026-09-26,East (Kansas City),,2,0,W,6.17,-3.04,-4.17,-3.04,-7.21,False
Capital City,2026-09-26,Guadalupe Centers Charter,,2,0,W,4.83,-1.53,-2.83,-1.53,-4.36,False
Capital City,2026-09-26,Kearney,,0,2,L,1.37,1.49,-1.37,-0.51,-1.88,False
Capital City,2026-09-26,Raytown,,2,0,W,2.56,0.23,-0.56,0.23,-0.32,False
Capital City,2026-09-26,Truman,,2,0,W,2.26,0.61,-0.26,0.61,0.35,False
Capital City,2026-09-26,West Platte,,1,1,T,2.17,1.44,-1.17,0.44,-0.73,False
Capital City,2026-09-28,Warrensburg,,3,2,W,1.5,1.7,1.5,-0.3,1.21,False
Capital City,2026-09-29,Linn,,1,3,L,1.48,1.72,-0.48,-1.28,-1.76,False
Capital City,2026-10-01,Battle,,2,3,L,0.93,2.46,1.07,-0.54,0.53,False
Capital City,2026-10-02,Eminence,,2,0,W,2.24,0.93,-0.24,0.93,0.68,False
Capital City,2026-10-03,Central (Springfield),,2,0,W,2.45,0.39,-0.45,0.39,-0.06,False
Capital City,2026-10-03,Liberty (Mountain View),,0,2,L,1.27,1.92,-1.27,-0.08,-1.35,False
Capital City,2026-10-03,Owensville,,1,1,T,1.85,1.36,-0.85,0.36,-0.49,False
Capital City,2026-10-03,Rockwood Summit,,0,2,L,0.46,2.73,-0.46,0.73,0.27,False
Capital City,2026-10-05,Father Tolton,,3,0,W,2.09,1.16,0.91,1.16,2.07,False
Capital City,2026-10-06,California,,3,0,W,1.7,1.53,1.3,1.53,2.83,False
Capital City,2026-10-08,Smith-Cotton,,,,,1.78,1.5,,,,False
Capital City,2026-10-13,Blair Oaks,,,,,0.7,2.7,,,,False
Capital City,2026-10-15,Fatima,,,,,2.34,1.29,,,,False
Capital City,2026-10-20,Lebanon,,,,,1.37,1.71,,,,False
"Carbondale(Carbondale , IL)",2026-09-05,Sikeston,,2,1,W,,,,,,False
"Carbondale(Carbondale , IL)",2026-10-12,McKinley Classical Leadership,,,,,,,,,,False
Cardinal Ritter,2026-08-28,Nerinx Hall,,0,2,L,-1.89,5.22,1.89,3.22,5.11,False
Cardinal Ritter,2026-08-28,Clayton,,0,2,L,-0.85,4.3,0.85,2.3,3.15,False
Cardinal Ritter,2026-08-29,Hazelwood Central,,0,2,L,1.24,1.77,-1.24,-0.23,-1.47,False
Cardinal Ritter,2026-08-29,Mehlville,,0,2,L,-1.57,4.59,1.57,2.59,4.16,False
Cardinal Ritter,2026-08-29,Lutheran North,,,,,0.38,2.88,,,,False
Cardinal Ritter,2026-08-31,"Cahokia(Cahokia, IL)",,1,2,L,,,,,,False
Cardinal Ritter,2026-09-02,Crystal City,,0,3,L,-0.89,4.01,0.89,1.01,1.91,False
Cardinal Ritter,2026-09-08,Miller Career Academy,,3,0,W,2.11,0.59,0.89,0.59,1.47,False
Cardinal Ritter,2026-09-09,Hazelwood West,,0,3,L,0.11,2.76,-0.11,-0.24,-0.35,False
Cardinal Ritter,2026-09-12,McKinley Classical Leadership,,0,2,L,1.36,1.64,-1.36,-0.36,-1.71,False
Cardinal Ritter,2026-09-12,Jennings,,2,0,W,2.35,0.9,-0.35,0.9,0.55,False
Cardinal Ritter,2026-09-12,McCluer North,,0,2,L,2.4,0.76,-2.4,-1.24,-3.63,False
Cardinal Ritter,2026-09-15,McCluer,,3,0,W,3.12,0.41,-0.12,0.41,0.28,False
Cardinal Ritter,2026-09-18,Collegiate School of Med-Bio Science,,0,3,L,0.83,2.72,-0.83,-0.28,-1.11,False
Cardinal Ritter,2026-09-22,Confluence Prep Academy Charter with Grand Center Arts Charter,,3,1,W,2.29,1.21,0.71,0.21,0.93,False
Cardinal Ritter,2026-09-23,Rosati-Kain,,3,2,W,1.7,1.63,1.3,-0.37,0.93,False
Cardinal Ritter,2026-09-25,"Chicago Christian(Palos, IL)",,0,2,L,,,,,,False
Cardinal Ritter,2026-09-25,"Morton(Morton, IL)",,0,2,L,,,,,,False
Cardinal Ritter,2026-09-26,"Centennial(Champaign , IL)",,0,2,L,,,,,,False
Cardinal Ritter,2026-09-26,"St. Thomas More(Champaign , IL)",,0,2,L,,,,,,False
Cardinal Ritter,2026-09-29,Bishop DuBourg,,3,2,W,1.39,2.34,1.61,0.34,1.95,False
Cardinal Ritter,2026-10-01,Principia,,0,3,L,0.02,2.55,-0.02,-0.45,-0.48,False
Cardinal Ritter,2026-10-06,Ritenour,,2,3,L,0.16,2.93,1.84,-0.07,1.77,False
Cardinal Ritter,2026-10-12,Metro,,,,,-0.67,3.26,,,,False
Cardinal Ritter,2026-10-13,Hazelwood East,,,,,0.56,2.72,,,,False
Cardinal Ritter,2026-10-15,Vashon,,,,,2.03,1.36,,,,False
Cardinal Ritter,2026-10-19,Vashon,,,,,2.03,1.36,,,,False
Carl Junction,2026-08-31,Webb City,,3,1,W,1.78,1.39,1.22,0.39,1.61,False
Carl Junction,2026-09-01,Carthage,,1,3,L,0.82,1.87,0.18,-1.13,-0.95,False
Carl Junction,2026-09-03,Hickman,,1,2,L,1.45,1.21,-0.45,-0.79,-1.23,False
Carl Junction,2026-09-03,Capital City,,2,1,W,2.02,1.04,-0.02,0.04,0.03,False
Carl Junction,2026-09-03,Battle,,0,2,L,1.21,1.76,-1.21,-0.24,-1.44,False
Carl Junction,2026-09-08,Mt. Vernon,,3,0,W,1.4,1.17,1.6,1.17,2.77,False
Carl Junction,2026-09-10,Nevada,,0,3,L,1.01,1.61,-1.01,-1.39,-2.4,False
Carl Junction,2026-09-12,Eldon,,2,0,W,2.81,0.22,-0.81,0.22,-0.59,False
Carl Junction,2026-09-12,Lebanon,,1,1,T,1.65,1.02,-0.65,0.02,-0.63,False
Carl Junction,2026-09-12,Smith-Cotton,,1,1,T,2.06,0.81,-1.06,-0.19,-1.25,False
Carl Junction,2026-09-12,Springfield Catholic,,2,0,W,1.81,0.64,0.19,0.64,0.83,False
Carl Junction,2026-09-12,Carthage,,0,2,L,0.82,1.87,-0.82,-0.13,-0.95,False
Carl Junction,2026-09-14,"Rogers(Rogers, AR)",,3,1,W,,,,,,False
Carl Junction,2026-09-15,Logan-Rogersville,,3,1,W,1.79,1.52,1.21,0.52,1.72,False
Carl Junction,2026-09-17,Central (Springfield),,3,0,W,2.73,-0.3,0.27,-0.3,-0.03,False
Carl Junction,2026-09-22,Branson,,1,3,L,1.32,1.38,-0.32,-1.62,-1.94,False
Carl Junction,2026-09-26,Helias Catholic,,0,2,L,-0.15,2.63,0.15,0.63,0.78,False
Carl Junction,2026-09-26,Webb City,,2,0,W,1.78,1.39,0.22,1.39,1.61,False
Carl Junction,2026-09-26,"Claremore(Claremore, OK)",,2,0,W,,,,,,False
Carl Junction,2026-09-26,"Olathe South(Olathe, KS)",,1,1,T,,,,,,False
Carl Junction,2026-09-26,"Pea Ridge(Pea Ridge , AR)",,2,0,W,,,,,,False
Carl Junction,2026-09-29,Hillcrest,,3,0,W,2.23,0.25,0.77,0.25,1.02,False
Carl Junction,2026-10-01,Bolivar,,3,1,W,2.45,0.14,0.55,-0.86,-0.31,False
Carl Junction,2026-10-03,Parkview,,2,0,W,3.55,-0.9,-1.55,-0.9,-2.45,False
Carl Junction,2026-10-03,Branson,,2,0,W,1.32,1.38,0.68,1.38,2.06,False
Carl Junction,2026-10-03,Lamar,,0,2,L,1.63,0.77,-1.63,-1.23,-2.86,False
Carl Junction,2026-10-03,Nevada,,0,2,L,1.01,1.61,-1.01,-0.39,-1.4,False
Carl Junction,2026-10-03,Glendale,,1,1,T,1.22,1.4,-0.22,0.4,0.18,False
Carl Junction,2026-10-06,"Farmington(Farmington, AR)",,2,3,L,,,,,,False
Carl Junction,2026-10-08,Marshfield,,3,1,W,0.96,1.76,2.04,0.76,2.8,False
Carl Junction,2026-10-12,Joplin,,,,,1.93,0.8,,,,False
Carl Junction,2026-10-15,West Plains,,,,,0.49,2.25,,,,False
Carl Junction,2026-10-21,Parkview,,,,,3.55,-0.9,,,,False
Carrollton,2026-08-31,Lexington,,3,1,W,2.03,1.19,0.97,0.19,1.15,False
Carrollton,2026-09-01,Santa Fe,,0,3,L,0.49,2.84,-0.49,-0.16,-0.65,False
Carrollton,2026-09-03,Penney,,3,0,W,3.42,-0.28,-0.42,-0.28,-0.7,False
Carrollton,2026-09-08,Orrick,,3,0,W,3.2,0.27,-0.2,0.27,0.07,False
Carrollton,2026-09-10,Trenton,,1,3,L,2.02,1.42,-1.02,-1.58,-2.6,False
Carrollton,2026-09-12,Excelsior Springs,,1,1,T,1.56,1.96,-0.56,0.96,0.39,False
Carrollton,2026-09-12,St. Paul Lutheran (Concordia),,0,2,L,0.92,2.64,-0.92,0.64,-0.28,False
Carrollton,2026-09-12,Chillicothe,,0,3,L,0.91,2.33,-0.91,-0.67,-1.58,False
Carrollton,2026-09-14,Brookfield,,3,0,W,2.74,0.78,0.26,0.78,1.04,False
Carrollton,2026-09-15,Chillicothe,,0,3,L,0.91,2.33,-0.91,-0.67,-1.58,False
Carrollton,2026-09-17,Holden,,3,0,W,1.49,1.75,1.51,1.75,3.25,False
Carrollton,2026-09-22,Lafayette County,,0,3,L,-0.17,3.21,0.17,0.21,0.38,False
Carrollton,2026-09-24,Knob Noster,,0,3,L,0.69,2.41,-0.69,-0.59,-1.27,False
Carrollton,2026-09-28,Cameron,,1,3,L,1.1,2.3,-0.1,-0.7,-0.81,False
Carrollton,2026-09-29,Richmond,,3,2,W,2.34,0.96,0.66,-1.04,-0.38,False
Carrollton,2026-10-01,Lexington,,3,0,W,2.03,1.19,0.97,1.19,2.15,False
Carrollton,2026-10-03,Sweet Springs,,0,2,L,1.11,2.58,-1.11,0.58,-0.54,False
Carrollton,2026-10-03,Marshall,,,,,1.83,1.54,,,,False
Carrollton,2026-10-04,Marshall,,,,,1.83,1.54,,,,False
Carrollton,2026-10-06,Holden,,2,3,L,1.49,1.75,0.51,-1.25,-0.75,False
Carrollton,2026-10-08,Lafayette County,,0,3,L,-0.17,3.21,0.17,0.21,0.38,False
Carrollton,2026-10-12,Knob Noster,,,,,0.69,2.41,,,,False
Carrollton,2026-10-15,Richmond,,,,,2.34,0.96,,,,False
Carrollton,2026-10-20,KIPP KC Legacy,,,,,2.71,0.63,,,,False
"Carterville(Carterville, IL)",2026-09-02,Jackson,,1,2,L,,,,,,False
Carthage,2026-08-29,Branson,,1,1,T,1.87,0.88,-0.87,-0.12,-0.99,False
Carthage,2026-08-29,Rolla,,2,0,W,2.96,-0.05,-0.96,-0.05,-1.01,False
Carthage,2026-08-29,Helias Catholic,,0,2,L,0.4,2.13,-0.4,0.13,-0.27,False
Carthage,2026-08-29,Parkview,,2,0,W,4.09,-1.4,-2.09,-1.4,-3.5,False
Carthage,2026-08-29,Springfield Catholic,,2,0,W,2.36,0.14,-0.36,0.14,-0.22,False
Carthage,2026-08-29,Strafford,,2,0,W,1.53,1.14,0.47,1.14,1.62,False
Carthage,2026-09-01,Carl Junction,,3,1,W,1.87,0.82,1.13,-0.18,0.95,False
Carthage,2026-09-08,"Siloam Springs(Siloam Springs, AR)",,1,3,L,,,,,,False
Carthage,2026-09-10,Glendale,,3,1,W,1.77,0.9,1.23,-0.1,1.13,False
Carthage,2026-09-12,Camdenton,,2,0,W,2.88,-0.22,-0.88,-0.22,-1.1,False
Carthage,2026-09-12,Carl Junction,,2,0,W,1.87,0.82,0.13,0.82,0.95,False
Carthage,2026-09-12,Springfield Catholic,,1,1,T,2.36,0.14,-1.36,-0.86,-2.22,False
Carthage,2026-09-12,Eldon,,2,0,W,3.35,-0.28,-1.35,-0.28,-1.64,False
Carthage,2026-09-12,Strafford,,2,0,W,1.53,1.14,0.47,1.14,1.62,False
Carthage,2026-09-12,Dixon,,2,0,W,4.83,-2.01,-2.83,-2.01,-4.84,False
Carthage,2026-09-15,Lebanon,,3,1,W,2.19,0.51,0.81,-0.49,0.32,False
Carthage,2026-09-17,Kickapoo,,0,3,L,0.53,1.79,-0.53,-1.21,-1.74,False
Carthage,2026-09-22,Nixa,,1,3,L,0.74,1.88,0.26,-1.12,-0.86,False
Carthage,2026-09-24,Ozark,,0,2,L,0.34,2.21,-0.34,0.21,-0.13,False
Carthage,2026-09-26,Bolivar,,2,0,W,2.99,-0.36,-0.99,-0.36,-1.36,False
Carthage,2026-09-26,Willard,,0,2,L,2.18,0.89,-2.18,-1.11,-3.29,False
Carthage,2026-09-26,Eldon,,2,0,W,3.35,-0.28,-1.35,-0.28,-1.64,False
Carthage,2026-09-26,Marshfield,,2,0,W,1.51,1.25,0.49,1.25,1.75,False
Carthage,2026-09-26,Hillcrest,,2,0,W,2.78,-0.26,-0.78,-0.26,-1.04,False
Carthage,2026-09-26,"Fayetteville(Fayetteville, AR)",,1,1,T,,,,,,False
Carthage,2026-09-29,Waynesville,,3,0,W,3.56,-1.16,-0.56,-1.16,-1.72,False
Carthage,2026-10-01,Webb City,,3,2,W,2.33,0.89,0.67,-1.11,-0.44,False
Carthage,2026-10-06,Neosho,,3,0,W,3.85,-0.99,-0.85,-0.99,-1.84,False
Carthage,2026-10-08,Willard,,3,1,W,2.18,0.89,0.82,-0.11,0.71,False
Carthage,2026-10-12,Mt. Vernon,,,,,1.95,0.67,,,,False
Carthage,2026-10-13,Republic,,,,,1.57,1.06,,,,False
Carthage,2026-10-15,Joplin,,,,,2.47,0.3,,,,False
Caruthersville,2026-08-27,Scott City,,0,3,L,-0.71,3.81,0.71,0.81,1.52,False
Caruthersville,2026-08-31,Central (New Madrid County),,0,3,L,-0.22,3.38,0.22,0.38,0.6,False
Caruthersville,2026-09-03,Cooter,,0,3,L,1.75,1.79,-1.75,-1.21,-2.96,False
Caruthersville,2026-09-08,"Hillcrest Baptist(Dyersburg, TN)",,3,0,W,,,,,,False
Caruthersville,2026-09-10,Campbell,,0,3,L,-0.4,3.35,0.4,0.35,0.75,False
Caruthersville,2026-09-15,Southland,,3,,,2.03,0.93,,,,False
Caruthersville,2026-09-17,South Pemiscot,,0,3,L,0.69,2.47,-0.69,-0.53,-1.22,False
Caruthersville,2026-09-21,Kelly,,3,2,W,1.7,1.92,1.3,-0.08,1.22,False
Caruthersville,2026-09-22,Portageville,,0,3,L,0.0,3.5,-0.0,0.5,0.49,False
Caruthersville,2026-09-23,Holcomb,,0,3,L,-0.1,3.17,0.1,0.17,0.27,False
Caruthersville,2026-09-24,Delta (Deering),,0,3,L,1.38,1.94,-1.38,-1.06,-2.43,False
Caruthersville,2026-09-28,Twin Rivers,,0,3,L,1.1,2.64,-1.1,-0.36,-1.46,False
Caruthersville,2026-09-30,Hayti,,3,1,W,1.71,1.59,1.29,0.59,1.88,False
Caruthersville,2026-10-01,"Hillcrest Baptist(Dyersburg, TN)",,3,0,W,,,,,,False
Caruthersville,2026-10-05,Senath-Hornersville,,0,3,L,0.7,2.67,-0.7,-0.33,-1.03,False
Caruthersville,2026-10-06,Malden,,0,3,L,-0.52,3.55,0.52,0.55,1.07,False
Caruthersville,2026-10-07,Cooter,,3,0,W,1.75,1.79,1.25,1.79,3.04,False
Caruthersville,2026-10-08,"Cairo(Cairo, IL)",,2,0,W,,,,,,False
Caruthersville,2026-10-12,Portageville,,,,,0.0,3.5,,,,False
Cassville,2026-09-01,Neosho,,3,0,W,1.97,1.33,1.03,1.33,2.37,False
Cassville,2026-09-03,Sarcoxie,,1,3,L,1.76,1.99,-0.76,-1.01,-1.77,False
Cassville,2026-09-08,Clever,,1,3,L,0.41,2.95,0.59,-0.05,0.54,False
Cassville,2026-09-10,Hillcrest,,1,3,L,0.89,2.06,0.11,-0.94,-0.83,False
Cassville,2026-09-14,"Berryville(Berryville, AR)",,3,2,W,,,,,,False
Cassville,2026-09-15,Aurora,,3,2,W,2.16,1.65,0.84,-0.35,0.49,False
Cassville,2026-09-17,Seneca,,3,0,W,3.05,0.27,-0.05,0.27,0.23,False
Cassville,2026-09-19,Lighthouse Sr. High,,1,2,L,,,,,,False
Cassville,2026-09-19,El Dorado Springs,,1,2,L,2.46,1.0,-1.46,-1.0,-2.46,False
Cassville,2026-09-19,Fair Grove,,0,3,L,0.68,2.34,-0.68,-0.66,-1.34,False
Cassville,2026-09-21,Diamond,,3,2,W,2.04,1.46,0.96,-0.54,0.42,False
Cassville,2026-09-22,Reeds Spring,,1,3,L,1.69,2.16,-0.69,-0.84,-1.53,False
Cassville,2026-09-24,Nevada,,0,3,L,-0.33,3.42,0.33,0.42,0.75,False
Cassville,2026-09-26,McDonald County,,2,0,W,2.37,0.4,-0.37,0.4,0.03,False
Cassville,2026-09-26,New Heights Christian,,2,1,W,1.54,1.55,0.46,0.55,1.0,False
Cassville,2026-09-26,"Elkins(Elkins, AR)",,1,1,T,,,,,,False
Cassville,2026-09-26,"Huntsville(Huntsville, AR)",,0,2,L,,,,,,False
Cassville,2026-09-26,"Riverton(Riverton, KS)",,0,2,L,,,,,,False
Cassville,2026-09-29,Lamar,,0,3,L,0.29,2.58,-0.29,-0.42,-0.71,False
Cassville,2026-10-01,Monett,,1,3,L,1.28,2.03,-0.28,-0.97,-1.25,False
Cassville,2026-10-03,Aurora,,2,0,W,2.16,1.65,-0.16,1.65,1.49,False
Cassville,2026-10-03,Mt. Vernon,,0,2,L,0.06,2.99,-0.06,0.99,0.92,False
Cassville,2026-10-03,Pierce City,,1,1,T,1.53,1.53,-0.53,0.53,0.0,False
Cassville,2026-10-03,Clever,,0,2,L,0.41,2.95,-0.41,0.95,0.54,False
Cassville,2026-10-03,Parkview,,2,0,W,2.21,0.92,-0.21,0.92,0.71,False
Cassville,2026-10-03,Glendale,,0,2,L,-0.12,3.22,0.12,1.22,1.33,False
Cassville,2026-10-06,East Newton,,2,3,L,0.7,2.38,1.3,-0.62,0.68,False
Cassville,2026-10-08,McDonald County,,,,,2.37,0.4,,,,False
Cassville,2026-10-13,Mt. Vernon,,,,,0.06,2.99,,,,False
Cassville,2026-10-15,Pleasant Hope,,,,,1.89,1.31,,,,False
Cassville,2026-10-20,Monett,,,,,1.28,2.03,,,,False
"Cedar Ridge(CR, AR)",2026-09-26,Kennett,,0,2,L,,,,,,False
"Centennial(Champaign , IL)",2026-09-26,Cardinal Ritter,,2,0,W,,,,,,False
Center,2026-09-01,Winnetonka,,3,0,W,2.58,-0.12,0.42,-0.12,0.3,False
Center,2026-09-05,University Academy Charter,,1,1,T,1.66,0.49,-0.66,-0.51,-1.17,False
Center,2026-09-05,Grandview,,1,1,T,1.69,0.75,-0.69,-0.25,-0.93,False
Center,2026-09-05,William Chrisman,,2,0,W,1.06,1.23,0.94,1.23,2.17,False
Center,2026-09-05,Raytown,,1,0,W,1.85,0.4,-0.85,0.4,-0.45,False
Center,2026-09-08,Lincoln College Prep,,2,3,L,1.4,1.63,0.6,-1.37,-0.77,False
Center,2026-09-10,Van Horn,,3,0,W,2.59,-0.07,0.41,-0.07,0.34,False
Center,2026-09-12,KIPP KC Legacy,,2,0,W,3.68,-1.01,-1.68,-1.01,-2.69,False
Center,2026-09-12,Ruskin,,2,0,W,3.16,-0.77,-1.16,-0.77,-1.93,False
Center,2026-09-12,West Plains,,2,0,W,-0.49,3.11,2.49,3.11,5.6,False
Center,2026-09-12,University Academy Charter,,2,0,W,1.66,0.49,0.34,0.49,0.83,False
Center,2026-09-12,Barstow,,2,0,W,1.48,1.14,0.52,1.14,1.66,False
Center,2026-09-17,Barstow,,0,3,L,1.48,1.14,-1.48,-1.86,-3.34,False
Center,2026-09-24,Oak Grove,,0,3,L,-0.92,3.29,0.92,0.29,1.2,False
Center,2026-09-26,William Chrisman,,0,2,L,1.06,1.23,-1.06,-0.77,-1.83,False
Center,2026-09-26,Butler,,1,1,T,0.64,2.12,0.36,1.12,1.48,False
Center,2026-09-26,Summit Christian Academy,,1,1,T,0.72,1.71,0.28,0.71,1.0,False
Center,2026-09-26,Chillicothe,,2,0,W,1.88,0.69,0.12,0.69,0.81,False
Center,2026-09-26,Central (Kansas City),,2,0,W,3.94,-1.22,-1.94,-1.22,-3.16,False
Center,2026-09-26,Guadalupe Centers Charter,,2,0,W,4.12,-1.37,-2.12,-1.37,-3.49,False
Center,2026-09-29,Clinton,,0,3,L,-0.08,2.83,0.08,-0.17,-0.09,False
Center,2026-10-01,Harrisonville,,1,3,L,0.84,2.15,0.16,-0.85,-0.69,False
Center,2026-10-05,Grandview,,3,0,W,1.69,0.75,1.31,0.75,2.07,False
Center,2026-10-06,Odessa,,,,,0.61,2.65,,,,False
Center,2026-10-12,Raytown,,,,,1.85,0.4,,,,False
Center,2026-10-13,Pleasant Hill,,,,,0.16,2.76,,,,False
Center,2026-10-15,Warrensburg,,,,,0.79,1.87,,,,False
"Centerville(Centerville, IA)",2026-09-10,Kirksville,,1,3,L,,,,,,False
Central (Cape Girardeau),2026-08-29,Ste. Genevieve,,0,2,L,0.67,1.95,-0.67,-0.05,-0.72,False
Central (Cape Girardeau),2026-08-29,Veritas Christian Academy,,2,0,W,3.28,-0.76,-1.28,-0.76,-2.04,False
Central (Cape Girardeau),2026-08-29,Warrenton,,1,1,T,1.48,1.18,-0.48,0.18,-0.3,False
Central (Cape Girardeau),2026-08-29,DeSoto,,1,1,T,1.75,0.64,-0.75,-0.36,-1.11,False
Central (Cape Girardeau),2026-08-29,Poplar Bluff,,2,1,W,1.34,1.11,0.66,0.11,0.77,False
Central (Cape Girardeau),2026-09-01,Poplar Bluff,,2,3,L,1.34,1.11,0.66,-1.89,-1.23,False
Central (Cape Girardeau),2026-09-08,Dexter,,0,3,L,0.77,2.05,-0.77,-0.95,-1.71,False
Central (Cape Girardeau),2026-09-09,Central (New Madrid County),,3,1,W,1.63,1.12,1.37,0.12,1.49,False
Central (Cape Girardeau),2026-09-11,Clarkton,,0,2,L,2.01,0.63,-2.01,-1.37,-3.38,False
Central (Cape Girardeau),2026-09-11,Winona,,1,1,T,0.29,2.45,0.71,1.45,2.15,False
Central (Cape Girardeau),2026-09-11,Leopold,,0,2,L,0.08,2.74,-0.08,0.74,0.66,False
Central (Cape Girardeau),2026-09-12,St. Vincent,,1,1,T,1.25,1.37,-0.25,0.37,0.13,False
Central (Cape Girardeau),2026-09-12,Portageville,,2,0,W,1.85,1.24,0.15,1.24,1.39,False
Central (Cape Girardeau),2026-09-12,Perryville,,1,2,L,0.36,2.32,0.64,0.32,0.95,False
Central (Cape Girardeau),2026-09-12,Ellington,,2,1,W,0.96,1.33,1.04,0.33,1.37,False
Central (Cape Girardeau),2026-09-12,Crystal City,,0,2,L,1.61,1.12,-1.61,-0.88,-2.48,False
Central (Cape Girardeau),2026-09-12,Sikeston,,0,2,L,1.47,1.5,-1.47,-0.5,-1.97,False
Central (Cape Girardeau),2026-09-14,Bernie,,3,0,W,1.98,0.49,1.02,0.49,1.52,False
Central (Cape Girardeau),2026-09-17,Perryville,,1,3,L,0.36,2.32,0.64,-0.68,-0.05,False
Central (Cape Girardeau),2026-09-21,Scott City,,3,1,W,1.14,1.56,1.86,0.56,2.42,False
Central (Cape Girardeau),2026-09-22,Woodland,,0,2,L,0.5,2.27,-0.5,0.27,-0.23,False
Central (Cape Girardeau),2026-09-22,Farmington,,0,2,L,-0.63,3.29,0.63,1.29,1.92,False
Central (Cape Girardeau),2026-09-24,Saxony Lutheran,,0,3,L,-0.17,2.79,0.17,-0.21,-0.04,False
Central (Cape Girardeau),2026-09-26,West Plains,,0,3,L,-0.71,3.27,0.71,0.27,0.98,False
Central (Cape Girardeau),2026-10-01,Notre Dame (Cape Girardeau),,0,2,L,0.22,2.26,-0.22,0.26,0.04,False
Central (Cape Girardeau),2026-10-01,Charleston,,2,0,W,3.93,-1.63,-1.93,-1.63,-3.57,False
Central (Cape Girardeau),2026-10-01,Dexter,,2,1,W,0.77,2.05,1.23,1.05,2.29,False
Central (Cape Girardeau),2026-10-01,Jackson,,0,2,L,-1.96,4.21,1.96,2.21,4.17,False
Central (Cape Girardeau),2026-10-03,Arcadia Valley,,1,1,T,0.78,1.68,0.22,0.68,0.9,False
Central (Cape Girardeau),2026-10-03,South Iron,,2,0,W,2.49,0.27,-0.49,0.27,-0.22,False
Central (Cape Girardeau),2026-10-03,Fredericktown,,0,2,L,0.94,2.06,-0.94,0.06,-0.88,False
Central (Cape Girardeau),2026-10-03,Hillsboro,,0,2,L,0.04,2.69,-0.04,0.69,0.65,False
Central (Cape Girardeau),2026-10-05,Fredericktown,,0,3,L,0.94,2.06,-0.94,-0.94,-1.88,False
Central (Cape Girardeau),2026-10-08,Kennett,,3,0,W,2.41,0.54,0.59,0.54,1.12,False
Central (Cape Girardeau),2026-10-12,Sikeston,,,,,1.47,1.5,,,,False
Central (Cape Girardeau),2026-10-14,Notre Dame (Cape Girardeau),,,,,0.22,2.26,,,,False
Central (Cape Girardeau),2026-10-17,Jackson,,,,,-1.96,4.21,,,,False
Central (Cape Girardeau),2026-10-21,Hillsboro,,,,,0.04,2.69,,,,False
Central (Kansas City),2026-09-03,Crossroads Prep Charter,,1,3,L,1.18,1.68,-0.18,-1.32,-1.51,False
Central (Kansas City),2026-09-08,"F. L. Schlagle(Kansas City, KS)",,2,,,,,,,,False
Central (Kansas City),2026-09-10,Ewing Marion Kauffman,,0,3,L,0.37,2.46,-0.37,-0.54,-0.91,False
Central (Kansas City),2026-09-14,Northeast (Kansas City),,3,0,W,2.18,1.08,0.82,1.08,1.9,False
Central (Kansas City),2026-09-15,Paseo Academy,,1,3,L,1.16,1.94,-0.16,-1.06,-1.21,False
Central (Kansas City),2026-09-17,Southeast,,3,1,W,2.72,0.26,0.28,-0.74,-0.46,False
Central (Kansas City),2026-09-19,KIPP KC Legacy,,0,2,L,1.26,1.73,-1.26,-0.27,-1.53,False
Central (Kansas City),2026-09-19,Guadalupe Centers Charter,,0,2,L,1.69,1.37,-1.69,-0.63,-2.32,False
Central (Kansas City),2026-09-19,"F L Schlagle(Kansas City, KS)",,1,1,T,,,,,,False
Central (Kansas City),2026-09-22,"Bishop Ward(Kansas City, KS)",,0,3,L,,,,,,False
Central (Kansas City),2026-09-24,East (Kansas City),,3,0,W,3.04,-0.13,-0.04,-0.13,-0.17,False
Central (Kansas City),2026-09-26,Center,,0,2,L,-1.22,3.94,1.22,1.94,3.16,False
Central (Kansas City),2026-09-26,Paseo Academy,,1,1,T,1.16,1.94,-0.16,0.94,0.79,False
Central (Kansas City),2026-09-26,Fort Osage,,0,2,L,-1.61,4.84,1.61,2.84,4.45,False
Central (Kansas City),2026-09-26,California,,0,2,L,-1.43,4.44,1.43,2.44,3.87,False
Central (Kansas City),2026-09-26,Academie Lafayette,,2,0,W,2.22,0.33,-0.22,0.33,0.11,False
Central (Kansas City),2026-09-28,Guadalupe Centers Charter,,3,0,W,1.69,1.37,1.31,1.37,2.68,False
Central (Kansas City),2026-10-01,Northeast (Kansas City),,3,0,W,2.18,1.08,0.82,1.08,1.9,False
Central (Kansas City),2026-10-05,Paseo Academy,,2,3,L,1.16,1.94,0.84,-1.06,-0.21,False
Central (Kansas City),2026-10-06,Southeast,,3,0,W,2.72,0.26,0.28,0.26,0.54,False
Central (Kansas City),2026-10-08,"Turner(Kansas City, KS)",,0,3,L,,,,,,False
Central (Kansas City),2026-10-12,"JC Harmon(Kansas City, KS)",,,,,,,,,,False
Central (Kansas City),2026-10-13,East (Kansas City),,,,,3.04,-0.13,,,,False
Central (Kansas City),2026-10-15,Ewing Marion Kauffman,,,,,0.37,2.46,,,,False
Central (Kansas City),2026-10-20,Guadalupe Centers Charter,,,,,1.69,1.37,,,,False
Central (New Madrid County),2026-08-31,Caruthersville,,3,0,W,3.38,-0.22,-0.38,-0.22,-0.6,False
Central (New Madrid County),2026-09-01,Gideon,,0,3,L,0.35,2.16,-0.35,-0.84,-1.19,False
Central (New Madrid County),2026-09-03,Hayti,,3,0,W,3.54,-0.18,-0.54,-0.18,-0.72,False
Central (New Madrid County),2026-09-08,Malden,,0,3,L,1.3,1.78,-1.3,-1.22,-2.53,False
Central (New Madrid County),2026-09-09,Central (Cape Girardeau),,1,3,L,1.12,1.63,-0.12,-1.37,-1.49,False
Central (New Madrid County),2026-09-11,Summersville,,2,0,W,1.99,1.4,0.01,1.4,1.41,False
Central (New Madrid County),2026-09-11,Northwest (Cedar Hill),,0,2,L,1.29,1.64,-1.29,-0.36,-1.65,False
Central (New Madrid County),2026-09-12,New Haven,,2,0,W,1.95,0.85,0.05,0.85,0.9,False
Central (New Madrid County),2026-09-12,Zalma,,2,0,W,3.51,-0.47,-1.51,-0.47,-1.98,False
Central (New Madrid County),2026-09-12,"Piggott(Piggott , AR)",,1,2,L,,,,,,False
Central (New Madrid County),2026-09-15,Charleston,,3,0,W,3.91,-1.15,-0.91,-1.15,-2.06,False
Central (New Madrid County),2026-09-16,Oran,,3,0,W,2.82,0.06,0.18,0.06,0.24,False
Central (New Madrid County),2026-09-19,Greenville,,2,0,W,2.96,0.46,-0.96,0.46,-0.5,False
Central (New Madrid County),2026-09-19,Valley,,2,0,W,2.02,0.9,-0.02,0.9,0.87,False
Central (New Madrid County),2026-09-19,Doniphan,,1,1,T,2.29,0.98,-1.29,-0.02,-1.31,False
Central (New Madrid County),2026-09-21,South Pemiscot,,3,0,W,2.51,0.7,0.49,0.7,1.18,False
Central (New Madrid County),2026-09-22,Clarkton,,3,2,W,1.99,1.11,1.01,-0.89,0.12,False
Central (New Madrid County),2026-09-24,Holcomb,,3,1,W,1.73,1.4,1.27,0.4,1.67,False
Central (New Madrid County),2026-09-28,North Pemiscot,,3,1,W,1.37,1.69,1.63,0.69,2.33,False
Central (New Madrid County),2026-09-29,Portageville,,3,2,W,1.83,1.72,1.17,-0.28,0.89,False
Central (New Madrid County),2026-10-01,Scott City,,0,2,L,1.12,2.04,-1.12,0.04,-1.08,False
Central (New Madrid County),2026-10-01,Charleston,,2,0,W,3.91,-1.15,-1.91,-1.15,-3.06,False
Central (New Madrid County),2026-10-01,Kennett,,2,0,W,2.4,1.02,-0.4,1.02,0.63,False
Central (New Madrid County),2026-10-05,Kennett,,3,0,W,2.4,1.02,0.6,1.02,1.63,False
Central (New Madrid County),2026-10-06,Richland (Essex),,3,2,W,2.52,0.75,0.48,-1.25,-0.78,False
Central (New Madrid County),2026-10-08,Oak Ridge,,0,3,L,0.66,2.61,-0.66,-0.39,-1.05,False
Central (New Madrid County),2026-10-13,Scott City,,,,,1.12,2.04,,,,False
Central (New Madrid County),2026-10-15,Sikeston,,,,,1.45,1.98,,,,False
Central (New Madrid County),2026-10-20,Dexter,,,,,0.75,2.54,,,,False
Central (Park Hills),2026-08-27,Perryville,,0,3,L,0.9,2.63,-0.9,-0.37,-1.27,False
Central (Park Hills),2026-09-01,Festus,,0,3,L,0.26,2.93,-0.26,-0.07,-0.33,False
Central (Park Hills),2026-09-03,Valle Catholic,,0,3,L,0.57,3.0,-0.57,0.0,-0.57,False
Central (Park Hills),2026-09-08,DeSoto,,3,0,W,2.29,0.95,0.71,0.95,1.67,False
Central (Park Hills),2026-09-10,Herculaneum,,3,0,W,3.32,-0.08,-0.32,-0.08,-0.4,False
Central (Park Hills),2026-09-11,Kennett,,2,0,W,2.96,0.85,-0.96,0.85,-0.1,False
Central (Park Hills),2026-09-11,"Green County Tech(Paragould, AR)",,0,2,L,,,,,,False
Central (Park Hills),2026-09-12,Saxony Lutheran,,1,1,T,0.37,3.11,0.63,2.11,2.74,False
Central (Park Hills),2026-09-12,Perryville,,0,2,L,0.9,2.63,-0.9,0.63,-0.27,False
Central (Park Hills),2026-09-12,Poplar Bluff,,2,0,W,1.88,1.43,0.12,1.43,1.54,False
Central (Park Hills),2026-09-17,Arcadia Valley,,1,3,L,1.32,2.0,-0.32,-1.0,-1.32,False
Central (Park Hills),2026-09-21,Bismarck,,1,3,L,1.41,2.33,-0.41,-0.67,-1.08,False
Central (Park Hills),2026-09-22,Windsor (Imperial),,2,3,L,1.11,2.19,0.89,-0.81,0.07,False
Central (Park Hills),2026-09-24,North County,,2,3,L,1.99,2.14,0.01,-0.86,-0.85,False
Central (Park Hills),2026-09-28,West County,,3,0,W,2.76,0.84,0.24,0.84,1.08,False
Central (Park Hills),2026-09-29,Fredericktown,,1,3,L,1.48,2.37,-0.48,-0.63,-1.11,False
Central (Park Hills),2026-10-01,Farmington,,1,3,L,-0.09,3.6,1.09,0.6,1.69,False
Central (Park Hills),2026-10-05,Jefferson (Festus),,3,1,W,2.02,1.53,0.98,0.53,1.51,False
Central (Park Hills),2026-10-06,Potosi,,0,3,L,-0.61,3.86,0.61,0.86,1.46,False
Central (Park Hills),2026-10-08,Ste. Genevieve,,1,3,L,1.21,2.27,-0.21,-0.73,-0.94,False
Central (Springfield),2026-08-26,Lebanon,,0,3,L,0.03,2.43,-0.03,-0.57,-0.6,False
Central (Springfield),2026-08-26,Strafford,,1,2,L,-0.64,3.06,1.64,1.06,2.7,False
Central (Springfield),2026-08-31,Miller,,1,3,L,0.78,2.0,0.22,-1.0,-0.78,False
Central (Springfield),2026-09-01,Reeds Spring,,1,3,L,1.41,1.75,-0.41,-1.25,-1.66,False
Central (Springfield),2026-09-03,Lebanon,,0,3,L,0.03,2.43,-0.03,-0.57,-0.6,False
Central (Springfield),2026-09-07,Republic,,0,3,L,-0.6,2.97,0.6,-0.03,0.57,False
Central (Springfield),2026-09-08,Joplin,,1,3,L,0.31,2.21,0.69,-0.79,-0.09,False
Central (Springfield),2026-09-12,Mountain Grove,,0,2,L,0.18,2.14,-0.18,0.14,-0.04,False
Central (Springfield),2026-09-12,Willard,,0,2,L,0.01,2.81,-0.01,0.81,0.8,False
Central (Springfield),2026-09-12,Mt. Vernon,,0,2,L,-0.22,2.58,0.22,0.58,0.8,False
Central (Springfield),2026-09-12,Rolla,,0,2,L,0.8,1.87,-0.8,-0.13,-0.93,False
Central (Springfield),2026-09-14,Branson,,0,3,L,-0.3,2.79,0.3,-0.21,0.09,False
Central (Springfield),2026-09-17,Carl Junction,,0,3,L,-0.3,2.73,0.3,-0.27,0.03,False
Central (Springfield),2026-09-19,Ash Grove,,1,1,T,0.66,1.85,0.34,0.85,1.18,False
Central (Springfield),2026-09-19,Buffalo,,1,1,T,1.63,0.77,-0.63,-0.23,-0.85,False
Central (Springfield),2026-09-19,Stockton,,1,1,T,1.16,1.65,-0.16,0.65,0.49,False
Central (Springfield),2026-09-19,Gloria Deo Academy,,2,0,W,2.66,-0.19,-0.66,-0.19,-0.85,False
Central (Springfield),2026-09-19,Fair Grove,,0,2,L,0.4,1.94,-0.4,-0.06,-0.46,False
Central (Springfield),2026-09-21,Springfield Catholic,,0,3,L,0.19,2.05,-0.19,-0.95,-1.14,False
Central (Springfield),2026-09-24,Ash Grove,,1,3,L,0.66,1.85,0.34,-1.15,-0.82,False
Central (Springfield),2026-09-26,Lighthouse Sr. High,,0,2,L,,,,,,False
Central (Springfield),2026-09-26,Skyline,,0,,,0.77,1.89,,,,False
Central (Springfield),2026-09-26,Clever,,0,2,L,0.13,2.55,-0.13,0.55,0.42,False
Central (Springfield),2026-09-26,Lockwood,,0,2,L,0.07,2.3,-0.07,0.3,0.23,False
Central (Springfield),2026-09-28,Glendale,,0,3,L,-0.4,2.81,0.4,-0.19,0.21,False
Central (Springfield),2026-10-01,Logan-Rogersville,,0,3,L,0.17,2.93,-0.17,-0.07,-0.24,False
Central (Springfield),2026-10-02,Eminence,,2,0,W,0.9,1.64,1.1,1.64,2.74,False
Central (Springfield),2026-10-03,Belle,,2,0,W,2.11,0.68,-0.11,0.68,0.57,False
Central (Springfield),2026-10-03,Linn,,0,2,L,0.13,2.43,-0.13,0.43,0.3,False
Central (Springfield),2026-10-03,Capital City,,0,2,L,0.39,2.45,-0.39,0.45,0.06,False
Central (Springfield),2026-10-03,Sullivan,,0,2,L,-0.89,3.18,0.89,1.18,2.08,False
Central (Springfield),2026-10-06,Lighthouse Sr. High,,2,3,L,,,,,,False
Central (Springfield),2026-10-12,Parkview,,,,,1.93,0.51,,,,False
Central (Springfield),2026-10-13,New Covenant Academy,,,,,-1.02,3.13,,,,False
Central (Springfield),2026-10-15,Hillcrest,,,,,0.61,1.66,,,,False
Central (Springfield),2026-10-21,Willard,,,,,0.01,2.81,,,,False
Central (St. Joseph),2026-08-25,Benton,,,,,0.34,2.25,,,,False
Central (St. Joseph),2026-08-27,Smithville,,0,3,L,-0.46,2.86,0.46,-0.14,0.32,False
Central (St. Joseph),2026-08-28,St. Pius X (Kansas City),,0,2,L,-0.28,2.98,0.28,0.98,1.26,False
Central (St. Joseph),2026-08-28,Seckman,,0,2,L,0.32,2.48,-0.32,0.48,0.15,False
Central (St. Joseph),2026-08-29,Savannah,,0,2,L,0.96,2.12,-0.96,0.12,-0.84,False
Central (St. Joseph),2026-08-29,Raymore-Peculiar,,0,2,L,-0.16,3.49,0.16,1.49,1.65,False
Central (St. Joseph),2026-09-01,Liberty,,2,3,L,0.25,3.07,1.75,0.07,1.82,False
Central (St. Joseph),2026-09-03,Oak Park,,3,2,W,1.2,1.52,1.8,-0.48,1.33,False
Central (St. Joseph),2026-09-08,Lee's Summit North,,0,3,L,-1.07,3.67,1.07,0.67,1.74,False
Central (St. Joseph),2026-09-10,Smithville,,0,2,L,-0.46,2.86,0.46,0.86,1.32,False
Central (St. Joseph),2026-09-10,Staley,,0,2,L,0.12,2.35,-0.12,0.35,0.24,False
Central (St. Joseph),2026-09-14,Benton,,0,3,L,0.34,2.25,-0.34,-0.75,-1.09,False
Central (St. Joseph),2026-09-15,North Kansas City,,0,3,L,0.56,2.22,-0.56,-0.78,-1.34,False
Central (St. Joseph),2026-09-17,Park Hill South,,0,3,L,0.19,2.55,-0.19,-0.45,-0.64,False
Central (St. Joseph),2026-09-19,Winnetonka,,2,0,W,2.8,-0.38,-0.8,-0.38,-1.19,False
Central (St. Joseph),2026-09-19,Kearney,,1,1,T,0.89,1.4,0.11,0.4,0.5,False
Central (St. Joseph),2026-09-19,Fort Osage,,0,2,L,1.04,1.84,-1.04,-0.16,-1.2,False
Central (St. Joseph),2026-09-19,North Kansas City,,0,2,L,0.56,2.22,-0.56,0.22,-0.34,False
Central (St. Joseph),2026-09-21,Winnetonka,,2,0,W,2.8,-0.38,-0.8,-0.38,-1.19,False
Central (St. Joseph),2026-09-21,Truman,,2,0,W,1.78,0.51,0.22,0.51,0.74,False
Central (St. Joseph),2026-09-22,Park Hill,,0,3,L,-0.07,3.4,0.07,0.4,0.46,False
Central (St. Joseph),2026-09-24,Oak Park,,1,3,L,1.2,1.52,-0.2,-1.48,-1.67,False
Central (St. Joseph),2026-09-26,Maryville,,0,2,L,0.7,2.2,-0.7,0.2,-0.5,False
Central (St. Joseph),2026-09-26,Oak Park,,0,2,L,1.2,1.52,-1.2,-0.48,-1.67,False
Central (St. Joseph),2026-09-26,University Academy Charter,,2,0,W,1.89,0.23,0.11,0.23,0.34,False
Central (St. Joseph),2026-09-26,Northeast (Kansas City),,2,0,W,4.84,-1.92,-2.84,-1.92,-4.76,False
Central (St. Joseph),2026-09-26,Lincoln College Prep,,2,0,W,1.62,1.37,0.38,1.37,1.74,False
Central (St. Joseph),2026-09-26,Mound City,,2,1,W,1.28,1.56,0.72,0.56,1.28,False
Central (St. Joseph),2026-09-29,Lee's Summit North,,0,3,L,-1.07,3.67,1.07,0.67,1.74,False
Central (St. Joseph),2026-10-01,Kearney,,0,3,L,0.89,1.4,-0.89,-1.6,-2.5,False
Central (St. Joseph),2026-10-06,North Kansas City,,3,0,W,0.56,2.22,2.44,2.22,4.66,False
Central (St. Joseph),2026-10-08,Liberty,,1,3,L,0.25,3.07,0.75,0.07,0.82,False
Central (St. Joseph),2026-10-13,Park Hill South,,,,,0.19,2.55,,,,False
Central (St. Joseph),2026-10-15,Park Hill,,,,,-0.07,3.4,,,,False
"Central Heights(Richmond, KS)",2026-08-29,Liberal,,0,2,L,,,,,,False
Centralia,2026-08-29,Mehlville,,2,0,W,0.28,3.04,1.72,3.04,4.76,False
Centralia,2026-08-29,St. Charles West,,2,0,W,0.6,2.91,1.4,2.91,4.31,False
Centralia,2026-08-31,Tipton,,1,3,L,0.64,2.35,0.36,-0.65,-0.29,False
Centralia,2026-09-01,Fulton,,0,3,L,1.36,2.18,-1.36,-0.82,-2.17,False
Centralia,2026-09-03,Eldon,,1,3,L,0.95,2.59,0.05,-0.41,-0.37,False
Centralia,2026-09-08,Boonville,,0,3,L,0.12,3.23,-0.12,0.23,0.11,False
Centralia,2026-09-10,Father Tolton,,0,3,L,0.51,2.83,-0.51,-0.17,-0.68,False
Centralia,2026-09-12,Bowling Green,,1,2,L,1.75,1.73,-0.75,-0.27,-1.03,False
Centralia,2026-09-12,Fatima,,0,2,L,0.76,2.96,-0.76,0.96,0.19,False
Centralia,2026-09-12,California,,1,1,T,0.12,3.2,0.88,2.2,3.08,False
Centralia,2026-09-12,North Callaway,,1,1,T,0.9,2.54,0.1,1.54,1.64,False
Centralia,2026-09-14,North Callaway,,1,3,L,0.9,2.54,0.1,-0.46,-0.36,False
Centralia,2026-09-15,Wright City,,2,3,L,0.48,2.7,1.52,-0.3,1.22,False
Centralia,2026-09-17,New Bloomfield,,3,0,W,2.8,0.24,0.2,0.24,0.44,False
Centralia,2026-09-21,North Callaway,,2,3,L,0.9,2.54,1.1,-0.46,0.64,False
Centralia,2026-09-22,Bowling Green,,2,3,L,1.75,1.73,0.25,-1.27,-1.03,False
Centralia,2026-09-24,Linn,,0,3,L,-0.1,3.39,0.1,0.39,0.49,False
Centralia,2026-09-26,Linn,,0,2,L,-0.1,3.39,0.1,1.39,1.49,False
Centralia,2026-09-26,Father Tolton,,1,1,T,0.51,2.83,0.49,1.83,2.32,False
Centralia,2026-09-26,Smithton,,0,2,L,1.37,2.15,-1.37,0.15,-1.21,False
Centralia,2026-09-28,Wright City,,0,3,L,0.48,2.7,-0.48,-0.3,-0.78,False
Centralia,2026-09-29,Hallsville,,2,3,L,0.46,2.87,1.54,-0.13,1.41,False
Centralia,2026-10-01,Southern Boone,,0,3,L,-0.37,4.1,0.37,1.1,1.47,False
Centralia,2026-10-05,Mexico,,3,2,W,2.36,1.84,0.64,-0.16,0.48,False
Centralia,2026-10-06,Montgomery County,,1,3,L,1.39,2.17,-0.39,-0.83,-1.22,False
Centralia,2026-10-12,Bowling Green,,,,,1.75,1.73,,,,False
Centralia,2026-10-13,Kirksville,,,,,1.5,1.83,,,,False
Centralia,2026-10-15,Montgomery County,,,,,1.39,2.17,,,,False
Centralia,2026-10-17,Eugene,,,,,2.01,1.78,,,,False
Centralia,2026-10-21,Father Tolton,,,,,0.51,2.83,,,,False
"Centralia(Centralia, IL)",2026-08-28,Lutheran North,,,,,,,,,,False
"Centralia(Centralia, IL)",2026-08-29,Nerinx Hall,,0,2,L,,,,,,False
Chadwick,2026-08-31,Gloria Deo Academy,,0,1,L,1.72,1.14,-1.72,0.14,-1.57,False
Chadwick,2026-09-01,Bradleyville,,3,0,W,2.94,0.49,0.06,0.49,0.54,False
Chadwick,2026-09-04,Fordland,,1,3,L,1.06,2.49,-0.06,-0.51,-0.57,False
Chadwick,2026-09-08,Crane,,0,3,L,0.81,2.24,-0.81,-0.76,-1.57,False
Chadwick,2026-09-10,Pleasant Hope,,1,3,L,0.66,2.24,0.34,-0.76,-0.42,False
Chadwick,2026-09-11,Niangua,,1,2,L,2.31,0.62,-1.31,-1.38,-2.68,False
Chadwick,2026-09-12,School of the Ozarks,,0,2,L,0.22,2.49,-0.22,0.49,0.27,False
Chadwick,2026-09-12,Mansfield,,2,0,W,2.61,0.72,-0.61,0.72,0.11,False
Chadwick,2026-09-12,Greenwood,,0,2,L,0.82,2.34,-0.82,0.34,-0.48,False
Chadwick,2026-09-12,"CSW Wichita(Wichita, KS)",,0,2,L,,,,,,False
Chadwick,2026-09-15,School of the Ozarks,,0,3,L,0.22,2.49,-0.22,-0.51,-0.73,False
Chadwick,2026-09-17,Mansfield,,3,1,W,2.61,0.72,0.39,-0.28,0.11,False
Chadwick,2026-09-18,Galena,,3,0,W,1.7,1.0,1.3,1.0,2.3,False
Chadwick,2026-09-22,Gainesville,,0,3,L,0.62,2.62,-0.62,-0.38,-1.0,False
Chadwick,2026-09-24,Blue Eye,,0,3,L,-0.41,3.02,0.41,0.02,0.43,False
Chadwick,2026-09-26,Billings,,0,2,L,-0.32,3.51,0.32,1.51,1.83,False
Chadwick,2026-09-26,Southwest (Washburn),,2,0,W,1.76,0.92,0.24,0.92,1.16,False
Chadwick,2026-09-26,Galena,,1,1,T,1.7,1.0,-0.7,0.0,-0.7,False
Chadwick,2026-09-26,Spokane,,0,2,L,-0.49,3.52,0.49,1.52,2.01,False
Chadwick,2026-09-26,Marionville,,0,2,L,0.41,2.63,-0.41,0.63,0.22,False
Chadwick,2026-09-28,Greenwood,,0,3,L,0.82,2.34,-0.82,-0.66,-1.48,False
Chadwick,2026-10-01,Sparta,,3,1,W,1.59,1.36,1.41,0.36,1.77,False
Chadwick,2026-10-02,Everton,,1,3,L,0.96,1.86,0.04,-1.14,-1.1,False
Chadwick,2026-10-08,Hurley,,,,,1.54,1.5,,,,False
Chadwick,2026-10-09,Billings,,,,,-0.32,3.51,,,,False
Chadwick,2026-10-13,Greenfield,,,,,0.74,2.54,,,,False
Chadwick,2026-10-20,Galena,,,,,1.7,1.0,,,,False
Chamois,2026-09-01,Wright City,,0,3,L,-1.14,4.71,1.14,1.71,2.85,False
Chamois,2026-09-03,Columbia Independent,,0,3,L,0.5,3.72,-0.5,0.72,0.22,False
Chamois,2026-09-04,Belle,,0,3,L,0.26,3.65,-0.26,0.65,0.39,False
Chamois,2026-09-08,Otterville,,0,3,L,-0.32,4.01,0.32,1.01,1.32,False
Chamois,2026-09-10,Christian Fellowship Sr.,,0,3,L,0.79,3.07,-0.79,0.07,-0.73,False
Chamois,2026-09-11,Prairie Home,,1,3,L,1.68,1.99,-0.68,-1.01,-1.69,False
Chamois,2026-09-16,Columbia Independent,,,1,,0.5,3.72,,,,False
Chamois,2026-09-17,Lighthouse Sr.,,,,,,,,,,False
Chamois,2026-09-21,New Bloomfield,,3,2,W,1.18,2.25,1.82,0.25,2.07,False
Chamois,2026-09-28,Dixon,,0,3,L,0.81,2.87,-0.81,-0.13,-0.94,False
Chamois,2026-09-29,Mexico,,0,3,L,0.74,3.85,-0.74,0.85,0.11,False
Chamois,2026-10-01,Hermann,,,,,-1.07,4.6,,,,False
Chamois,2026-10-02,St. James,,1,3,L,1.09,2.41,-0.09,-0.59,-0.68,False
Chamois,2026-10-05,Eugene,,0,3,L,0.38,3.79,-0.38,0.79,0.41,False
Chamois,2026-10-07,Bunceton,,3,0,W,2.48,0.89,0.52,0.89,1.41,False
Chamois,2026-10-12,Christian Fellowship Sr.,,,,,0.79,3.07,,,,False
Chamois,2026-10-15,Lighthouse Sr.,,,,,,,,,,False
Chamois,2026-10-16,Calvary Lutheran,,,,,0.25,3.84,,,,False
Chamois,2026-10-17,Eugene,,,,,0.38,3.79,,,,False
"Champaign Centennial(Champaign, IL)",2026-09-12,Visitation Academy,,,,,,,,,,False
"Chanute(Chanute, KS)",2026-09-19,Joplin,,0,2,L,,,,,,False
Charleston,2026-08-31,"Joppa(Joppa , IL)",,0,2,L,,,,,,False
Charleston,2026-09-01,"Egyptian(Tamms, IL)",,0,2,L,,,,,,False
Charleston,2026-09-03,Kennett,,0,3,L,-0.36,3.33,0.36,0.33,0.69,False
Charleston,2026-09-08,Oak Ridge,,0,3,L,-2.1,4.91,2.1,1.91,4.01,False
Charleston,2026-09-10,Portageville,,0,3,L,-0.92,4.03,0.92,1.03,1.95,False
Charleston,2026-09-14,Delta (Deering),,0,3,L,0.45,2.48,-0.45,-0.52,-0.97,False
Charleston,2026-09-15,Central (New Madrid County),,0,3,L,-1.15,3.91,1.15,0.91,2.06,False
Charleston,2026-09-17,Richland (Essex),,0,3,L,-0.23,3.05,0.23,0.05,0.28,False
Charleston,2026-09-21,Zalma,,0,3,L,0.75,1.83,-0.75,-1.17,-1.92,False
Charleston,2026-09-22,East Prairie,,0,3,L,-0.72,3.24,0.72,0.24,0.95,False
Charleston,2026-09-24,South Pemiscot,,0,2,L,-0.24,3.0,0.24,1.0,1.24,False
Charleston,2026-09-24,Gideon,,0,2,L,-2.4,4.47,2.4,2.47,4.87,False
Charleston,2026-09-24,East Prairie,,0,2,L,-0.72,3.24,0.72,1.24,1.95,False
Charleston,2026-09-29,Scott City,,0,3,L,-1.63,4.35,1.63,1.35,2.98,False
Charleston,2026-10-01,Central (Cape Girardeau),,0,2,L,-1.63,3.93,1.63,1.93,3.57,False
Charleston,2026-10-01,Central (New Madrid County),,0,2,L,-1.15,3.91,1.15,1.91,3.06,False
Charleston,2026-10-01,Sikeston,,0,2,L,-1.3,4.29,1.3,2.29,3.59,False
Charleston,2026-10-05,Cooter,,0,3,L,0.83,2.32,-0.83,-0.68,-1.5,False
Charleston,2026-10-06,East Prairie,,,,,-0.72,3.24,,,,False
Charleston,2026-10-08,Kelly,,,,,0.77,2.45,,,,False
Charleston,2026-10-12,Kelly,,,,,0.77,2.45,,,,False
Charleston,2026-10-15,Oran,,,,,0.06,2.36,,,,False
Charleston,2026-10-20,Scott City,,,,,-1.63,4.35,,,,False
"Chester(Chester , IL)",2026-10-07,Perryville,,,,,,,,,,False
Chesterton Acad StL,2026-10-14,Crossroads College Preparatory,,,,,,,,,,False
"Chetopa, KS",2026-10-12,Bronaugh,,,,,,,,,,False
"Chicago Christian(Palos, IL)",2026-09-25,Cardinal Ritter,,2,0,W,,,,,,False
Chillicothe,2026-09-01,Lathrop,,3,1,W,2.12,0.94,0.88,-0.06,0.82,False
Chillicothe,2026-09-03,Trenton,,3,1,W,2.48,0.46,0.52,-0.54,-0.02,False
Chillicothe,2026-09-09,Brookfield,,3,0,W,3.2,-0.18,-0.2,-0.18,-0.38,False
Chillicothe,2026-09-10,Excelsior Springs,,3,0,W,2.02,1.0,0.98,1.0,1.97,False
Chillicothe,2026-09-12,Carrollton,,3,0,W,2.33,0.91,0.67,0.91,1.58,False
Chillicothe,2026-09-12,Excelsior Springs,,2,0,W,2.02,1.0,-0.02,1.0,0.97,False
Chillicothe,2026-09-12,St. Paul Lutheran (Concordia),,0,2,L,1.38,1.68,-1.38,-0.32,-1.7,False
Chillicothe,2026-09-12,Bishop LeBlond,,0,2,L,0.55,2.63,-0.55,0.63,0.08,False
Chillicothe,2026-09-14,East Buchanan,,0,3,L,0.18,2.62,-0.18,-0.38,-0.56,False
Chillicothe,2026-09-15,Carrollton,,3,0,W,2.33,0.91,0.67,0.91,1.58,False
Chillicothe,2026-09-17,Bishop LeBlond,,0,3,L,0.55,2.63,-0.55,-0.37,-0.92,False
Chillicothe,2026-09-21,Benton,,0,3,L,-0.4,3.19,0.4,0.19,0.59,False
Chillicothe,2026-09-22,Lawson,,0,2,L,0.85,1.92,-0.85,-0.08,-0.93,False
Chillicothe,2026-09-22,Northland Christian,,0,2,L,0.76,1.98,-0.76,-0.02,-0.78,False
Chillicothe,2026-09-26,Center,,0,2,L,0.69,1.88,-0.69,-0.12,-0.81,False
Chillicothe,2026-09-26,Rock Port,,0,2,L,0.06,2.43,-0.06,0.43,0.37,False
Chillicothe,2026-09-26,Stover,,0,2,L,0.55,2.29,-0.55,0.29,-0.26,False
Chillicothe,2026-09-26,Truman,,0,2,L,1.04,1.45,-1.04,-0.55,-1.58,False
Chillicothe,2026-09-26,Sherwood,,2,1,W,2.43,0.25,-0.43,-0.75,-1.18,False
Chillicothe,2026-09-26,KIPP KC Legacy,,2,0,W,3.17,-0.33,-1.17,-0.33,-1.5,False
Chillicothe,2026-09-26,Northeast (Kansas City),,2,0,W,4.09,-0.98,-2.09,-0.98,-3.08,False
Chillicothe,2026-09-28,Marshall,,3,0,W,2.29,0.58,0.71,0.58,1.29,False
Chillicothe,2026-09-29,Kirksville,,3,2,W,1.86,1.01,1.14,-0.99,0.15,False
Chillicothe,2026-10-01,Cameron,,3,2,W,1.56,1.34,1.44,-0.66,0.78,False
Chillicothe,2026-10-05,Trenton,,3,0,W,2.48,0.46,0.52,0.46,0.98,False
Chillicothe,2026-10-08,Savannah,,,,,0.22,3.06,,,,False
Chillicothe,2026-10-12,Benton,,,,,-0.4,3.19,,,,False
Chillicothe,2026-10-13,St. Joseph Christian,,,,,0.79,1.89,,,,False
Chillicothe,2026-10-15,Maryville,,,,,-0.04,3.14,,,,False
Chillicothe,2026-10-20,Cameron,,,,,1.56,1.34,,,,False
"Chillicothe JV(Chillicothe, MO)",2026-09-12,Lathrop,,0,2,L,,,,,,False
"Chillicothe JV(Chillicothe, MO)",2026-09-12,Bishop LeBlond,,0,2,L,,,,,,False
"Christ Prep(Lenexa, KS)",2026-09-25,Faith Christian Academy,,3,0,W,,,,,,False
"Christ Prep(Lenexa, KS)",2026-09-26,Adrian,,0,2,L,,,,,,False
"Christ Prep(Lenexa, KS)",2026-09-26,Northland Christian,,2,0,W,,,,,,False
"Christ Prep(Olathe, KS)",2026-09-10,Barstow,,1,3,L,,,,,,False
"Christ Prep(Overland Park , KS)",2026-09-26,KIPP KC Legacy,,2,0,W,,,,,,False
"Christ Preparatory(Lenexa, KS)",2026-09-08,Notre Dame de Sion,,0,3,L,,,,,,False
"Christ Preparatory(Lenexa, KS)",2026-09-26,Fort Osage,,2,0,W,,,,,,False
"Christ Preparatory(Lenexa, KS)",2026-10-08,Pleasant Hill,,,,,,,,,,False
"Christ Prepatory(Lenexa, KS)",2026-09-03,Summit Christian Academy,,1,3,L,,,,,,False
Christian Fellowship Sr.,2026-08-27,Sunnydale Adventist Acad HS,,3,1,W,,,,,,False
Christian Fellowship Sr.,2026-08-29,Boonville,,0,2,L,-0.66,3.81,0.66,1.81,2.47,False
Christian Fellowship Sr.,2026-08-29,Hallsville,,0,2,L,-0.32,3.46,0.32,1.46,1.77,False
Christian Fellowship Sr.,2026-08-29,Kirksville,,0,2,L,0.72,2.41,-0.72,0.41,-0.31,False
Christian Fellowship Sr.,2026-08-29,Montgomery County,,0,2,L,0.61,2.75,-0.61,0.75,0.14,False
Christian Fellowship Sr.,2026-09-01,La Monte,,0,3,L,0.66,2.51,-0.66,-0.49,-1.15,False
Christian Fellowship Sr.,2026-09-03,Father Tolton,,0,3,L,-0.27,3.41,0.27,0.41,0.68,False
Christian Fellowship Sr.,2026-09-08,Green Ridge,,0,3,L,0.72,2.34,-0.72,-0.66,-1.38,False
Christian Fellowship Sr.,2026-09-10,Chamois,,3,0,W,3.07,0.79,-0.07,0.79,0.73,False
Christian Fellowship Sr.,2026-09-14,Tipton,,0,3,L,-0.13,2.93,0.13,-0.07,0.07,False
Christian Fellowship Sr.,2026-09-15,Columbia Independent,,1,3,L,1.34,2.29,-0.34,-0.71,-1.06,False
Christian Fellowship Sr.,2026-09-18,Prairie Home,,3,0,W,2.53,0.57,0.47,0.57,1.04,False
Christian Fellowship Sr.,2026-09-22,Bunceton,,3,0,W,3.33,-0.54,-0.33,-0.54,-0.87,False
Christian Fellowship Sr.,2026-09-24,Eugene,,1,3,L,1.23,2.37,-0.23,-0.63,-0.86,False
Christian Fellowship Sr.,2026-09-25,New Bloomfield,,3,0,W,2.02,0.82,0.98,0.82,1.8,False
Christian Fellowship Sr.,2026-09-29,Boonville,,0,3,L,-0.66,3.81,0.66,0.81,1.47,False
Christian Fellowship Sr.,2026-10-01,Hallsville,,0,3,L,-0.32,3.46,0.32,0.46,0.77,False
Christian Fellowship Sr.,2026-10-05,Wright City,,0,3,L,-0.3,3.28,0.3,0.28,0.58,False
Christian Fellowship Sr.,2026-10-06,Columbia Independent,,2,3,L,1.34,2.29,0.66,-0.71,-0.06,False
Christian Fellowship Sr.,2026-10-12,Chamois,,,,,3.07,0.79,,,,False
Christian Fellowship Sr.,2026-10-13,Montgomery County,,,,,0.61,2.75,,,,False
Christian Fellowship Sr.,2026-10-15,Calvary Lutheran,,,,,1.09,2.41,,,,False
Christian Fellowship Sr.,2026-10-20,Laquey,,,,,2.81,0.06,,,,False
"Claremore(Claremore, OK)",2026-09-26,Carl Junction,,0,2,L,,,,,,False
"Clarke(Osceola, IA)",2026-09-26,Tarkio with Fairfax,,2,1,W,,,,,,False
Clarkton,2026-08-22,Southland,,3,0,W,3.36,-0.46,-0.36,-0.46,-0.82,False
Clarkton,2026-08-27,Greenville,,3,0,W,2.47,0.84,0.53,0.84,1.37,False
Clarkton,2026-08-28,Delta (Deering),,3,0,W,2.71,0.55,0.29,0.55,0.84,False
Clarkton,2026-08-31,Puxico,,0,3,L,0.62,2.38,-0.62,-0.62,-1.24,False
Clarkton,2026-09-01,Cooter,,3,1,W,3.09,0.4,-0.09,-0.6,-0.69,False
Clarkton,2026-09-03,Richland (Essex),,3,0,W,2.03,1.13,0.97,1.13,2.1,False
Clarkton,2026-09-04,Senath-Hornersville,,2,3,L,2.03,1.28,-0.03,-1.72,-1.75,False
Clarkton,2026-09-08,Gideon,,0,3,L,-0.14,2.55,0.14,-0.45,-0.31,False
Clarkton,2026-09-10,North Pemiscot,,0,3,L,0.87,2.07,-0.87,-0.93,-1.8,False
Clarkton,2026-09-11,Central (Cape Girardeau),,2,0,W,0.63,2.01,1.37,2.01,3.38,False
Clarkton,2026-09-11,Crystal City,,0,2,L,1.09,1.99,-1.09,-0.01,-1.1,False
Clarkton,2026-09-12,Bernie,,2,0,W,1.46,1.36,0.54,1.36,1.9,False
Clarkton,2026-09-12,Meadow Heights,,0,2,L,0.8,2.21,-0.8,0.21,-0.59,False
Clarkton,2026-09-12,North Pemiscot,,0,2,L,0.87,2.07,-0.87,0.07,-0.8,False
Clarkton,2026-09-12,Lutheran North,,2,0,W,2.37,0.85,-0.37,0.85,0.48,False
Clarkton,2026-09-14,Twin Rivers,,3,2,W,2.43,1.25,0.57,-0.75,-0.19,False
Clarkton,2026-09-15,Malden,,0,3,L,0.81,2.16,-0.81,-0.84,-1.65,False
Clarkton,2026-09-17,Risco,,3,1,W,2.13,0.9,0.87,-0.1,0.77,False
Clarkton,2026-09-18,Bernie,,1,3,L,1.46,1.36,-0.46,-1.64,-2.1,False
Clarkton,2026-09-22,Central (New Madrid County),,2,3,L,1.11,1.99,0.89,-1.01,-0.12,False
Clarkton,2026-09-24,Bernie,,1,1,T,1.46,1.36,-0.46,0.36,-0.1,False
Clarkton,2026-09-24,Risco,,2,0,W,2.13,0.9,-0.13,0.9,0.77,False
Clarkton,2026-09-24,Hayti,,2,0,W,3.04,0.2,-1.04,0.2,-0.84,False
Clarkton,2026-09-26,Holcomb,,2,0,W,1.23,1.78,0.77,1.78,2.54,False
Clarkton,2026-09-26,Gideon,,0,2,L,-0.14,2.55,0.14,0.55,0.69,False
Clarkton,2026-09-26,East Prairie,,2,0,W,1.54,1.31,0.46,1.31,1.77,False
Clarkton,2026-09-28,Bell City,,0,3,L,0.49,2.83,-0.49,-0.17,-0.66,False
Clarkton,2026-10-01,Southland,,3,0,W,3.36,-0.46,-0.36,-0.46,-0.82,False
Clarkton,2026-10-02,Holcomb,,0,3,L,1.23,1.78,-1.23,-1.22,-2.46,False
Clarkton,2026-10-05,Portageville,,1,3,L,1.34,2.11,-0.34,-0.89,-1.23,False
Clarkton,2026-10-06,Kennett,,3,2,W,1.9,1.41,1.1,-0.59,0.5,False
Clarkton,2026-10-08,"Piggott(Piggott, AR)",,0,3,L,,,,,,False
Clarkton,2026-10-09,Bloomfield,,,,,2.39,0.53,,,,False
Clarkton,2026-10-19,Campbell,,,,,0.94,1.97,,,,False
"Classical School of Wichita(Wichita , KS)",2026-09-12,Hurley,,2,0,W,,,,,,False
"Classical School of Wichita(Wichita, KS)",2026-09-12,School of the Ozarks,,2,1,W,,,,,,False
Clayton,2026-08-27,Hazelwood Central,,3,0,W,4.01,-0.61,-1.01,-0.61,-1.63,False
Clayton,2026-08-28,Mehlville,,0,2,L,1.2,2.2,-1.2,0.2,-1.0,False
Clayton,2026-08-28,Cardinal Ritter,,2,0,W,4.3,-0.85,-2.3,-0.85,-3.15,False
Clayton,2026-08-29,Nerinx Hall,,1,2,L,0.88,2.83,0.12,0.83,0.95,False
Clayton,2026-08-29,Lutheran North,,2,0,W,3.15,0.49,-1.15,0.49,-0.66,False
Clayton,2026-08-29,Ladue Horton Watkins,,0,2,L,1.69,1.95,-1.69,-0.05,-1.74,False
Clayton,2026-09-01,Ladue Horton Watkins,,2,3,L,1.69,1.95,0.31,-1.05,-0.74,False
Clayton,2026-09-02,Westminster Christian Academy,,0,3,L,-0.52,3.64,0.52,0.64,1.16,False
Clayton,2026-09-04,MICDS,,0,3,L,-0.11,3.56,0.11,0.56,0.67,False
Clayton,2026-09-08,Parkway Central,,0,3,L,0.55,2.75,-0.55,-0.25,-0.8,False
Clayton,2026-09-10,Affton,,3,2,W,2.36,1.25,0.64,-0.75,-0.11,False
Clayton,2026-09-14,John Burroughs,,0,3,L,0.31,3.12,-0.31,0.12,-0.18,False
Clayton,2026-09-17,Pattonville,,3,2,W,1.79,1.94,1.21,-0.06,1.15,False
Clayton,2026-09-19,Hannibal,,0,2,L,-0.6,3.64,0.6,1.64,2.23,False
Clayton,2026-09-19,Ste. Genevieve,,0,2,L,0.94,2.46,-0.94,0.46,-0.48,False
Clayton,2026-09-19,St. Charles,,2,0,W,2.49,1.38,-0.49,1.38,0.89,False
Clayton,2026-09-19,STEAM Academy,,2,0,W,3.27,0.29,-1.27,0.29,-0.98,False
Clayton,2026-09-22,Northwest (Cedar Hill),,3,2,W,1.58,1.67,1.42,-0.33,1.09,False
Clayton,2026-09-24,Fox,,2,3,L,2.27,1.62,-0.27,-1.38,-1.65,False
Clayton,2026-10-01,Ritenour,,3,0,W,2.93,0.55,0.07,0.55,0.62,False
Clayton,2026-10-02,Parkway South,,0,3,L,0.57,2.88,-0.57,-0.12,-0.69,False
Clayton,2026-10-06,Parkway North,,3,1,W,1.75,2.16,1.25,1.16,2.41,False
Clayton,2026-10-08,St. Charles,,,,,2.49,1.38,,,,False
Clayton,2026-10-09,Visitation Academy,,,,,1.74,1.66,,,,False
Clayton,2026-10-13,Hazelwood West,,,,,2.88,0.37,,,,False
Clayton,2026-10-16,Lutheran North,,,,,3.15,0.49,,,,False
Clearwater,2026-08-27,Arcadia Valley,,0,3,L,-0.74,3.23,0.74,0.23,0.97,False
Clearwater,2026-09-01,Bloomfield,,1,3,L,1.38,1.21,-0.38,-1.79,-2.17,False
Clearwater,2026-09-04,West County,,0,3,L,0.7,2.07,-0.7,-0.93,-1.63,False
Clearwater,2026-09-08,Meadow Heights,,0,3,L,-0.21,2.89,0.21,-0.11,0.1,False
Clearwater,2026-09-11,St. Paul Lutheran (Farmington),,2,0,W,-0.06,2.48,2.06,2.48,4.54,False
Clearwater,2026-09-11,Malden,,1,1,T,-0.2,2.84,1.2,1.84,3.04,False
Clearwater,2026-09-12,Eminence,,0,2,L,-0.21,2.8,0.21,0.8,1.01,False
Clearwater,2026-09-12,Holcomb,,0,2,L,0.22,2.46,-0.22,0.46,0.24,False
Clearwater,2026-09-12,Villa Duchesne,,0,2,L,0.24,2.54,-0.24,0.54,0.3,False
Clearwater,2026-09-14,Woodland,,0,3,L,-1.03,3.81,1.03,0.81,1.84,False
Clearwater,2026-09-15,St. Paul Lutheran (Farmington),,0,3,L,-0.06,2.48,0.06,-0.52,-0.46,False
Clearwater,2026-09-17,Puxico,,0,3,L,-0.4,3.06,0.4,0.06,0.45,False
Clearwater,2026-09-19,St. Paul Lutheran (Farmington),,0,2,L,-0.06,2.48,0.06,0.48,0.54,False
Clearwater,2026-09-19,Ellington,,0,2,L,-0.56,2.88,0.56,0.88,1.44,False
Clearwater,2026-09-19,Fredericktown,,0,2,L,-0.59,3.6,0.59,1.6,2.19,False
Clearwater,2026-09-22,Doniphan,,0,3,L,0.79,2.04,-0.79,-0.96,-1.74,False
Clearwater,2026-09-23,South Iron,,0,2,L,0.96,1.82,-0.96,-0.18,-1.14,False
Clearwater,2026-09-28,Greenville,,3,0,W,1.45,1.52,1.55,1.52,3.06,False
Clearwater,2026-09-29,Bunker,,0,3,L,1.1,2.09,-1.1,-0.91,-2.01,False
Clearwater,2026-10-03,Perryville,,0,2,L,-1.16,3.86,1.16,1.86,3.03,False
Clearwater,2026-10-03,Scott City,,0,2,L,-0.39,3.1,0.39,1.1,1.49,False
Clearwater,2026-10-03,Metro,,0,2,L,0.3,1.91,-0.3,-0.09,-0.39,False
Clearwater,2026-10-03,Northwest (Cedar Hill),,0,2,L,-0.21,2.71,0.21,0.71,0.92,False
Clearwater,2026-10-06,Scott City,,0,3,L,-0.39,3.1,0.39,0.1,0.49,False
Clearwater,2026-10-08,Lesterville,,0,3,L,0.27,2.37,-0.27,-0.63,-0.91,False
Clearwater,2026-10-09,Viburnum,,,,,1.24,1.09,,,,False
Clearwater,2026-10-12,Eminence,,,,,-0.21,2.8,,,,False
Clearwater,2026-10-13,Twin Rivers,,,,,1.42,1.93,,,,False
Clearwater,2026-10-16,Ellington,,,,,-0.56,2.88,,,,False
Clearwater,2026-10-19,South Iron,,,,,0.96,1.82,,,,False
Clearwater,2026-10-20,West County,,,,,0.7,2.07,,,,False
Clever,2026-08-29,Capital City,,2,3,L,1.83,1.47,0.17,-1.53,-1.36,False
Clever,2026-08-29,Marshfield,,0,3,L,0.77,2.19,-0.77,-0.81,-1.59,False
Clever,2026-08-31,Logan-Rogersville,,3,1,W,1.61,1.94,1.39,0.94,2.33,False
Clever,2026-09-01,Webb City,,0,3,L,1.6,1.82,-1.6,-1.18,-2.78,False
Clever,2026-09-03,Aurora,,3,0,W,3.31,0.26,-0.31,0.26,-0.06,False
Clever,2026-09-08,Cassville,,3,1,W,2.95,0.41,0.05,-0.59,-0.54,False
Clever,2026-09-09,Miller,,3,1,W,2.22,1.01,0.78,0.01,0.8,False
Clever,2026-09-10,Mt. Vernon,,2,3,L,1.22,1.6,0.78,-1.4,-0.62,False
Clever,2026-09-12,Aurora,,2,0,W,3.31,0.26,-1.31,0.26,-1.06,False
Clever,2026-09-12,Lighthouse Sr. High,,2,1,W,,,,,,False
Clever,2026-09-12,Branson,,0,2,L,1.14,1.81,-1.14,-0.19,-1.33,False
Clever,2026-09-12,Hillcrest,,2,0,W,2.05,0.67,-0.05,0.67,0.63,False
Clever,2026-09-12,Monett,,2,0,W,2.43,0.64,-0.43,0.64,0.21,False
Clever,2026-09-14,Neosho,,3,0,W,3.12,-0.05,-0.12,-0.05,-0.18,False
Clever,2026-09-17,Spokane,,3,2,W,1.89,1.2,1.11,-0.8,0.31,False
Clever,2026-09-24,Forsyth,,3,0,W,3.31,-0.41,-0.31,-0.41,-0.72,False
Clever,2026-09-26,Central (Springfield),,2,0,W,2.55,0.13,-0.55,0.13,-0.42,False
Clever,2026-09-26,Lighthouse Sr. High,,0,2,L,,,,,,False
Clever,2026-09-26,Skyline,,2,0,W,2.2,0.9,-0.2,0.9,0.7,False
Clever,2026-09-26,Glendale,,0,2,L,1.04,1.83,-1.04,-0.17,-1.21,False
Clever,2026-09-29,Fair Grove,,3,0,W,1.83,0.95,1.17,0.95,2.12,False
Clever,2026-10-01,Buffalo,,3,0,W,3.07,-0.21,-0.07,-0.21,-0.28,False
Clever,2026-10-03,Cassville,,2,0,W,2.95,0.41,-0.95,0.41,-0.54,False
Clever,2026-10-03,Pierce City,,2,0,W,2.68,0.14,-0.68,0.14,-0.54,False
Clever,2026-10-03,Branson,,0,2,L,1.14,1.81,-1.14,-0.19,-1.33,False
Clever,2026-10-03,Mt. Vernon,,2,0,W,1.22,1.6,0.78,1.6,2.38,False
Clever,2026-10-03,Lamar,,1,1,T,1.44,1.19,-0.44,0.19,-0.25,False
Clever,2026-10-06,Hollister,,3,0,W,1.26,1.61,1.74,1.61,3.35,False
Clever,2026-10-08,Strafford,,0,3,L,0.8,2.08,-0.8,-0.92,-1.72,False
Clever,2026-10-09,New Covenant Academy,,,,,0.42,2.15,,,,False
Clever,2026-10-12,Reeds Spring,,,,,2.84,0.77,,,,False
Clever,2026-10-13,Springfield Catholic,,,,,1.62,1.07,,,,False
Clever,2026-10-22,TBD,,,,,,,,,,False
Clinton,2026-09-01,El Dorado Springs,,3,0,W,4.44,-1.23,-1.44,-1.23,-2.68,False
Clinton,2026-09-03,Adrian,,2,3,L,1.63,1.13,0.37,-1.87,-1.5,False
Clinton,2026-09-05,Neosho,,2,0,W,3.95,-0.9,-1.95,-0.9,-2.85,False
Clinton,2026-09-05,Lamar,,2,0,W,2.27,0.35,-0.27,0.35,0.08,False
Clinton,2026-09-05,Joplin,,2,0,W,2.57,0.38,-0.57,0.38,-0.19,False
Clinton,2026-09-05,Lone Jack,,2,0,W,2.58,0.45,-0.58,0.45,-0.13,False
Clinton,2026-09-05,Harrisonville,,2,0,W,2.47,0.87,-0.47,0.87,0.4,False
Clinton,2026-09-05,Nevada,,1,2,L,1.65,1.19,-0.65,-0.81,-1.46,False
Clinton,2026-09-07,Knob Noster,,3,0,W,3.29,-0.51,-0.29,-0.51,-0.79,False
Clinton,2026-09-08,Versailles,,3,0,W,3.24,0.13,-0.24,0.13,-0.12,False
Clinton,2026-09-10,Smith-Cotton,,3,0,W,2.7,0.39,0.3,0.39,0.69,False
Clinton,2026-09-17,Warsaw,,3,2,W,2.74,0.63,0.26,-1.37,-1.11,False
Clinton,2026-09-22,Notre Dame de Sion,,3,2,W,2.13,1.54,0.87,-0.46,0.41,False
Clinton,2026-09-24,Pleasant Hill,,3,1,W,1.79,1.48,1.21,0.48,1.69,False
Clinton,2026-09-29,Center,,3,0,W,2.83,-0.08,0.17,-0.08,0.09,False
Clinton,2026-10-03,Adrian,,1,1,T,1.63,1.13,-0.63,0.13,-0.5,False
Clinton,2026-10-03,Pleasant Hill,,1,1,T,1.79,1.48,-0.79,0.48,-0.31,False
Clinton,2026-10-03,Lexington,,2,0,W,4.63,-1.73,-2.63,-1.73,-4.36,False
Clinton,2026-10-03,Cole Camp,,2,0,W,2.45,0.49,-0.45,0.49,0.04,False
Clinton,2026-10-05,Skyline,,3,0,W,3.03,0.06,-0.03,0.06,0.03,False
Clinton,2026-10-06,Harrisonville,,3,0,W,2.47,0.87,0.53,0.87,1.4,False
Clinton,2026-10-08,Odessa,,3,0,W,2.24,1.37,0.76,1.37,2.13,False
Clinton,2026-10-10,Sarcoxie,,,,,3.74,-0.25,,,,False
Clinton,2026-10-12,Warrensburg,,,,,2.42,0.59,,,,False
Clinton,2026-10-15,Oak Grove,,,,,0.71,2.01,,,,False
Clinton,2026-10-22,Odessa,,,,,2.24,1.37,,,,False
Cole Camp,2026-08-27,Warsaw,,3,0,W,1.68,1.53,1.32,1.53,2.85,False
Cole Camp,2026-08-31,St. Paul Lutheran (Concordia),,3,1,W,2.47,0.62,0.53,-0.38,0.15,False
Cole Camp,2026-09-01,Holden,,3,0,W,3.04,-0.27,-0.04,-0.27,-0.31,False
Cole Camp,2026-09-08,Russellville,,3,0,W,2.77,0.46,0.23,0.46,0.69,False
Cole Camp,2026-09-09,Concordia,,3,0,W,2.31,0.81,0.69,0.81,1.51,False
Cole Camp,2026-09-14,Lone Jack,,1,3,L,1.52,1.35,-0.52,-1.65,-2.17,False
Cole Camp,2026-09-15,Green Ridge,,3,0,W,2.94,-0.12,0.06,-0.12,-0.06,False
Cole Camp,2026-09-17,Lincoln,,3,0,W,3.45,-0.44,-0.45,-0.44,-0.89,False
Cole Camp,2026-09-21,Versailles,,3,2,W,2.19,1.03,0.81,-0.97,-0.16,False
Cole Camp,2026-09-22,Stover,,3,2,W,1.64,1.24,1.36,-0.76,0.6,False
Cole Camp,2026-09-24,La Monte,,3,0,W,2.88,0.04,0.12,0.04,0.16,False
Cole Camp,2026-09-26,Santa Fe,,2,0,W,2.04,0.83,-0.04,0.83,0.79,False
Cole Camp,2026-09-26,Marshall,,2,0,W,3.38,-0.48,-1.38,-0.48,-1.85,False
Cole Camp,2026-09-26,Osage,,1,2,L,0.93,2.28,0.07,0.28,0.35,False
Cole Camp,2026-09-26,Smith-Cotton,,1,1,T,1.65,1.29,-0.65,0.29,-0.36,False
Cole Camp,2026-09-28,Tipton,,3,1,W,2.09,0.47,0.91,-0.53,0.39,False
Cole Camp,2026-09-29,Otterville,,3,0,W,2.75,0.12,0.25,0.12,0.37,False
Cole Camp,2026-10-01,Windsor,,3,0,W,4.0,-0.53,-1.0,-0.53,-1.53,False
Cole Camp,2026-10-03,Clinton,,0,2,L,0.49,2.45,-0.49,0.45,-0.04,False
Cole Camp,2026-10-03,Santa Fe,,2,0,W,2.04,0.83,-0.04,0.83,0.79,False
Cole Camp,2026-10-03,California,,1,1,T,1.57,1.32,-0.57,0.32,-0.25,False
Cole Camp,2026-10-03,Warrensburg,,0,2,L,1.36,1.49,-1.36,-0.51,-1.87,False
Cole Camp,2026-10-05,Sacred Heart,,3,0,W,2.62,0.32,0.38,0.32,0.7,False
Cole Camp,2026-10-07,Otterville,,2,0,W,2.75,0.12,-0.75,0.12,-0.63,False
Cole Camp,2026-10-07,Lincoln,,2,0,W,3.45,-0.44,-1.45,-0.44,-1.89,False
Cole Camp,2026-10-08,Windsor,,2,0,W,4.0,-0.53,-2.0,-0.53,-2.53,False
Cole Camp,2026-10-08,Smithton,,2,0,W,2.81,0.27,-0.81,0.27,-0.54,False
Cole Camp,2026-10-12,California,,,,,1.57,1.32,,,,False
Cole Camp,2026-10-13,Northwest (Hughesville),,,,,3.6,-0.97,,,,False
Cole Camp,2026-10-15,Smithton,,,,,2.81,0.27,,,,False
Cole Camp,2026-10-22,TBD,,,,,,,,,,False
Colgan,2026-10-03,Webb City,,0,3,L,,,,,,False
"Colgan-Pittsburg, KS.",2026-10-03,West Plains,,1,3,L,,,,,,False
Collegiate School of Med-Bio Science,2026-08-27,STEAM Academy,,2,3,L,1.69,1.97,0.31,-1.03,-0.72,False
Collegiate School of Med-Bio Science,2026-08-28,Hazelwood West,,1,3,L,1.3,2.05,-0.3,-0.95,-1.25,False
Collegiate School of Med-Bio Science,2026-08-31,West Plains,,1,0,W,-2.02,5.46,3.02,5.46,8.48,False
Collegiate School of Med-Bio Science,2026-09-03,Gateway Legacy Sr. H.,,1,3,L,,,,,,False
Collegiate School of Med-Bio Science,2026-09-08,Bishop DuBourg,,3,2,W,2.58,1.64,0.42,-0.36,0.06,False
Collegiate School of Med-Bio Science,2026-09-09,Rosati-Kain,,3,0,W,2.89,0.93,0.11,0.93,1.04,False
Collegiate School of Med-Bio Science,2026-09-11,Bayless,,0,3,L,1.01,2.82,-1.01,-0.18,-1.19,False
Collegiate School of Med-Bio Science,2026-09-12,Ft. Zumwalt East,,0,2,L,0.7,2.59,-0.7,0.59,-0.11,False
Collegiate School of Med-Bio Science,2026-09-12,St. Charles West,,0,2,L,-0.06,3.76,0.06,1.76,1.82,False
Collegiate School of Med-Bio Science,2026-09-12,Troy Buchanan,,0,2,L,-0.28,3.9,0.28,1.9,2.18,False
Collegiate School of Med-Bio Science,2026-09-14,Vashon,,3,0,W,3.21,0.65,-0.21,0.65,0.44,False
Collegiate School of Med-Bio Science,2026-09-16,McKinley Classical Leadership,,3,1,W,2.54,0.94,0.46,-0.06,0.4,False
Collegiate School of Med-Bio Science,2026-09-18,Cardinal Ritter,,3,0,W,2.72,0.83,0.28,0.83,1.11,False
Collegiate School of Med-Bio Science,2026-09-21,Gateway with Soldan International Studies,,3,0,W,3.62,0.03,-0.62,0.03,-0.59,False
Collegiate School of Med-Bio Science,2026-09-23,Miller Career Academy,,3,0,W,3.3,-0.12,-0.3,-0.12,-0.42,False
Collegiate School of Med-Bio Science,2026-09-24,McKinley Classical Leadership,,2,0,W,2.54,0.94,-0.54,0.94,0.4,False
Collegiate School of Med-Bio Science,2026-09-24,Roosevelt,,2,0,W,,,,,,False
Collegiate School of Med-Bio Science,2026-09-26,Metro,,0,3,L,0.51,2.55,-0.51,-0.45,-0.96,False
Collegiate School of Med-Bio Science,2026-09-30,Roosevelt,,3,0,W,,,,,,False
Collegiate School of Med-Bio Science,2026-10-01,Maplewood-Richmond Hts.,,2,3,L,0.81,2.63,1.19,-0.37,0.82,False
Collegiate School of Med-Bio Science,2026-10-07,Hancock,,0,3,L,1.53,1.87,-1.53,-1.13,-2.66,False
Collegiate School of Med-Bio Science,2026-10-08,Principia,,3,0,W,1.21,1.84,1.79,1.84,3.63,False
Collegiate School of Med-Bio Science,2026-10-12,Brentwood,,,,,1.09,2.18,,,,False
Collegiate School of Med-Bio Science,2026-10-13,Gateway Science Charter,,,,,1.89,1.65,,,,False
Collegiate School of Med-Bio Science,2026-10-15,Affton,,,,,0.78,2.92,,,,False
Collegiate School of Med-Bio Science,2026-10-19,Metro,,,,,0.51,2.55,,,,False
"Collinsville HS(Collinsville, IL)",2026-09-19,Orchard Farm,,0,2,L,,,,,,False
"Collinsville(Collinsville, IL)",2026-09-11,Notre Dame (St. Louis),,2,0,W,,,,,,False
"Collinsville(Collinsville, IL)",2026-09-12,Windsor (Imperial),,2,1,W,,,,,,False
"Collinsville(Collinsville, IL)",2026-09-19,Duchesne,,0,2,L,,,,,,False
"Collinsville(Collinsville, IL)",2026-09-19,Veritas Christian Academy,,2,0,W,,,,,,False
"Collinsville(Collinsville, IL)",2026-09-19,Montgomery County,,1,1,T,,,,,,False
"Collinsville(Colllinsville, IL)",2026-09-19,North Point,,0,2,L,,,,,,False
Columbia Independent,2026-08-28,Webster Groves,,3,0,W,-0.57,4.09,3.57,4.09,7.66,False
Columbia Independent,2026-09-01,Otterville,,1,3,L,1.18,2.28,-0.18,-0.72,-0.9,False
Columbia Independent,2026-09-03,Chamois,,3,0,W,3.72,0.5,-0.72,0.5,-0.22,False
Columbia Independent,2026-09-08,La Monte,,3,1,W,1.31,2.21,1.69,1.21,2.9,False
Columbia Independent,2026-09-09,Prairie Home,,3,0,W,3.18,0.27,-0.18,0.27,0.1,False
Columbia Independent,2026-09-15,Christian Fellowship Sr.,,3,1,W,2.29,1.34,0.71,0.34,1.06,False
Columbia Independent,2026-09-16,Chamois,,1,,,3.72,0.5,,,,False
Columbia Independent,2026-09-21,Russellville,,0,3,L,1.2,2.63,-1.2,-0.37,-1.57,False
Columbia Independent,2026-09-24,Bunceton,,3,0,W,3.98,-0.83,-0.98,-0.83,-1.81,False
Columbia Independent,2026-09-26,Father Tolton,,0,2,L,0.38,3.12,-0.38,1.12,0.73,False
Columbia Independent,2026-09-26,Hallsville,,0,2,L,0.33,3.16,-0.33,1.16,0.83,False
Columbia Independent,2026-09-26,Smithton,,0,2,L,1.24,2.44,-1.24,0.44,-0.8,False
Columbia Independent,2026-09-29,Lighthouse Sr.,,3,0,W,,,,,,False
Columbia Independent,2026-10-01,Calvary Lutheran,,1,3,L,1.74,2.12,-0.74,-0.88,-1.63,False
Columbia Independent,2026-10-05,New Bloomfield,,3,1,W,2.67,0.53,0.33,-0.47,-0.15,False
Columbia Independent,2026-10-06,Christian Fellowship Sr.,,3,2,W,2.29,1.34,0.71,-0.66,0.06,False
Columbia Independent,2026-10-07,Prairie Home,,3,1,W,3.18,0.27,-0.18,-0.73,-0.9,False
Columbia Independent,2026-10-13,Bunceton,,,,,3.98,-0.83,,,,False
Columbia Independent,2026-10-14,Sweet Springs,,,,,1.09,2.73,,,,False
Columbia Independent,2026-10-17,Calvary Lutheran,,,,,1.74,2.12,,,,False
Columbia Independent,2026-10-17,Russellville,,,,,1.2,2.63,,,,False
Columbia Independent,2026-10-20,Prairie Home,,,,,3.18,0.27,,,,False
"Columbia(Columbia , IL)",2026-09-19,Jackson,,1,2,L,,,,,,False
"Columbia(Columbia, IL)",2026-08-28,Blair Oaks,,2,0,W,,,,,,False
"Columbia(Columbia, IL)",2026-08-29,MICDS,,1,2,L,,,,,,False
"Columbia(Columbia, IL)",2026-09-05,Lafayette (Wildwood),,0,2,L,,,,,,False
"Columbus , Columbus, KS",2026-09-08,Liberal,,0,2,L,,,,,,False
"Columbus(Columbus, KS)",2026-09-10,East Newton,,0,2,L,,,,,,False
Concordia,2026-09-03,Smithton,,3,1,W,2.23,1.18,0.77,0.18,0.96,False
Concordia,2026-09-07,Sacred Heart,,3,0,W,2.04,1.24,0.96,1.24,2.2,False
Concordia,2026-09-09,Cole Camp,,0,3,L,0.81,2.31,-0.81,-0.69,-1.51,False
Concordia,2026-09-10,Northwest (Hughesville),,3,0,W,3.02,-0.06,-0.02,-0.06,-0.08,False
Concordia,2026-09-14,Lexington,,3,0,W,2.99,0.08,0.01,0.08,0.09,False
Concordia,2026-09-15,Lafayette County,,0,3,L,0.79,2.11,-0.79,-0.89,-1.68,False
Concordia,2026-09-17,Lone Jack,,0,3,L,0.94,2.26,-0.94,-0.74,-1.68,False
Concordia,2026-09-19,Butler,,0,2,L,0.63,2.65,-0.63,0.65,0.02,False
Concordia,2026-09-19,Pleasant Hill,,0,2,L,0.15,3.3,-0.15,1.3,1.14,False
Concordia,2026-09-19,Tipton,,0,2,L,1.5,1.38,-1.5,-0.62,-2.12,False
Concordia,2026-09-19,Lone Jack,,0,2,L,0.94,2.26,-0.94,0.26,-0.68,False
Concordia,2026-09-22,Wellington-Napoleon,,3,0,W,2.64,0.57,0.36,0.57,0.94,False
Concordia,2026-09-23,Marshall,,3,0,W,2.8,0.44,0.2,0.44,0.64,False
Concordia,2026-09-24,Crest Ridge,,3,0,W,2.04,1.41,0.96,1.41,2.37,False
Concordia,2026-09-28,Lincoln,,3,2,W,2.87,0.48,0.13,-1.52,-1.4,False
Concordia,2026-10-01,Lutheran (Kansas City),,3,1,W,2.19,0.9,0.81,-0.1,0.71,False
Concordia,2026-10-05,Orrick,,3,0,W,4.16,-0.84,-1.16,-0.84,-2.0,False
Concordia,2026-10-06,Sweet Springs,,2,3,L,2.08,1.47,-0.08,-1.53,-1.6,False
Concordia,2026-10-08,St. Paul Lutheran (Concordia),,3,1,W,1.89,1.54,1.11,0.54,1.65,False
Concordia,2026-10-12,Windsor,,,,,3.42,0.38,,,,False
Concordia,2026-10-13,Prairie Home,,,,,4.16,-0.98,,,,False
Concordia,2026-10-15,Santa Fe,,,,,1.46,1.74,,,,False
Concordia,2026-10-17,Smithton,,,,,2.23,1.18,,,,False
Confluence Prep Academy Charter with Grand Center Arts Charter,2026-09-03,Vashon,,1,3,L,1.71,2.11,-0.71,-0.89,-1.59,False
Confluence Prep Academy Charter with Grand Center Arts Charter,2026-09-03,KIPP St. Louis Sr.,,,,,2.78,1.1,,,,False
Confluence Prep Academy Charter with Grand Center Arts Charter,2026-09-08,McKinley Classical Leadership,,1,3,L,1.04,2.4,-0.04,-0.6,-0.64,False
Confluence Prep Academy Charter with Grand Center Arts Charter,2026-09-10,Rosati-Kain,,0,3,L,1.39,2.39,-1.39,-0.61,-2.0,False
Confluence Prep Academy Charter with Grand Center Arts Charter,2026-09-11,Normandy Collaborative,,1,0,W,,,,,,False
Confluence Prep Academy Charter with Grand Center Arts Charter,2026-09-12,Brentwood,,0,2,L,-0.41,3.65,0.41,1.65,2.06,False
Confluence Prep Academy Charter with Grand Center Arts Charter,2026-09-12,Lift for Life Academy Charter,,0,2,L,0.51,2.9,-0.51,0.9,0.39,False
Confluence Prep Academy Charter with Grand Center Arts Charter,2026-09-12,St. Louis Ignite,,0,2,L,,,,,,False
Confluence Prep Academy Charter with Grand Center Arts Charter,2026-09-16,"Madison(Madison, IL)",,0,3,L,,,,,,False
Confluence Prep Academy Charter with Grand Center Arts Charter,2026-09-18,West Plains,,3,0,W,-3.53,6.92,6.53,6.92,13.45,False
Confluence Prep Academy Charter with Grand Center Arts Charter,2026-09-22,Cardinal Ritter,,1,3,L,1.21,2.29,-0.21,-0.71,-0.93,False
Confluence Prep Academy Charter with Grand Center Arts Charter,2026-09-23,Believe Acad Charter,,3,0,W,3.33,0.24,-0.33,0.24,-0.08,False
Confluence Prep Academy Charter with Grand Center Arts Charter,2026-09-29,Gateway Science Charter,,0,3,L,0.39,3.12,-0.39,0.12,-0.27,False
Confluence Prep Academy Charter with Grand Center Arts Charter,2026-09-30,Vashon,,3,1,W,1.71,2.11,1.29,1.11,2.41,False
Confluence Prep Academy Charter with Grand Center Arts Charter,2026-10-01,Roosevelt,,3,0,W,,,,,,False
Confluence Prep Academy Charter with Grand Center Arts Charter,2026-10-06,Gateway with Soldan International Studies,,3,1,W,2.11,1.49,0.89,0.49,1.38,False
Confluence Prep Academy Charter with Grand Center Arts Charter,2026-10-07,"Madison(Madison, IL)",,,,,,,,,,False
Confluence Prep Academy Charter with Grand Center Arts Charter,2026-10-08,Gateway Legacy Sr. H.,,,,,,,,,,False
Confluence Prep Academy Charter with Grand Center Arts Charter,2026-10-13,Miller Career Academy,,,,,1.8,1.34,,,,False
Confluence Prep Academy Charter with Grand Center Arts Charter,2026-10-16,KIPP St. Louis Sr.,,,,,2.78,1.1,,,,False
Confluence Prep Academy Charter with Grand Center Arts Charter,2026-10-20,DeSoto,,,,,-1.07,4.29,,,,False
Conway,2026-09-01,Mountain Grove,,0,3,L,-0.07,2.96,0.07,-0.04,0.03,False
Conway,2026-09-03,Plato,,3,1,W,1.91,1.44,1.09,0.44,1.53,False
Conway,2026-09-08,Billings,,1,3,L,0.38,2.99,0.62,-0.01,0.61,False
Conway,2026-09-10,Niangua,,3,0,W,3.0,0.11,-0.0,0.11,0.1,False
Conway,2026-09-15,Fordland,,2,3,L,1.76,1.98,0.24,-1.02,-0.78,False
Conway,2026-09-17,Pleasant Hope,,0,3,L,1.36,1.72,-1.36,-1.28,-2.64,False
Conway,2026-09-22,Sparta,,3,0,W,2.29,0.84,0.71,0.84,1.55,False
Conway,2026-09-24,Mansfield,,3,0,W,3.31,0.21,-0.31,0.21,-0.1,False
Conway,2026-09-26,Blue Eye,,0,2,L,0.28,2.5,-0.28,0.5,0.22,False
Conway,2026-09-26,Marionville,,1,1,T,1.1,2.11,-0.1,1.11,1.01,False
Conway,2026-09-26,Gloria Deo Academy,,2,0,W,2.41,0.63,-0.41,0.63,0.21,False
Conway,2026-09-26,Southwest (Washburn),,2,0,W,2.46,0.41,-0.46,0.41,-0.05,False
Conway,2026-09-26,Monett,,1,1,T,0.74,2.44,0.26,1.44,1.69,False
Conway,2026-09-28,Laquey,,3,0,W,3.57,-0.66,-0.57,-0.66,-1.23,False
Conway,2026-09-29,Warsaw,,0,3,L,0.22,3.27,-0.22,0.27,0.06,False
Conway,2026-10-01,Gainesville,,1,3,L,1.32,2.11,-0.32,-0.89,-1.22,False
Conway,2026-10-03,Ellington,,0,2,L,0.29,2.53,-0.29,0.53,0.24,False
Conway,2026-10-03,Mansfield,,2,0,W,3.31,0.21,-1.31,0.21,-1.1,False
Conway,2026-10-03,Salem,,1,1,T,0.75,2.58,0.25,1.58,1.83,False
Conway,2026-10-05,Osage,,0,3,L,-0.53,4.03,0.53,1.03,1.56,False
Conway,2026-10-06,Greenfield,,2,3,L,1.43,2.02,0.57,-0.98,-0.42,False
Conway,2026-10-08,Greenwood,,,,,1.52,1.83,,,,False
Conway,2026-10-10,Russellville,,,,,1.31,2.2,,,,False
Conway,2026-10-10,School of the Ozarks,,,,,0.92,1.97,,,,False
Conway,2026-10-10,Stockton,,,,,0.92,2.47,,,,False
Conway,2026-10-12,Ava,,,,,1.13,2.12,,,,False
Conway,2026-10-13,Dixon,,,,,2.41,0.72,,,,False
Conway,2026-10-15,Seymour,,,,,2.58,0.9,,,,False
Conway,2026-10-20,Sparta,,,,,2.29,0.84,,,,False
"Conway(Conway, AR)",2026-09-19,Ozark,,0,2,L,,,,,,False
"Conway(Conway, AR)",2026-09-19,Nixa,,0,2,L,,,,,,False
"Conway(Conway, AR)",2026-09-19,Kickapoo,,2,1,W,,,,,,False
"Conway(Conway, AR)",2026-09-19,Republic,,2,1,W,,,,,,False
Cooter,2026-08-25,Delta (Deering),,,,,1.62,2.15,,,,False
Cooter,2026-09-01,Clarkton,,1,3,L,0.4,3.09,0.6,0.09,0.69,False
Cooter,2026-09-03,Caruthersville,,3,0,W,1.79,1.75,1.21,1.75,2.96,False
Cooter,2026-09-04,Risco,,1,3,L,1.03,2.49,-0.03,-0.51,-0.54,False
Cooter,2026-09-08,Delta (Deering),,2,3,L,1.62,2.15,0.38,-0.85,-0.47,False
Cooter,2026-09-10,East Prairie,,0,3,L,0.45,2.9,-0.45,-0.1,-0.55,False
Cooter,2026-09-14,Senath-Hornersville,,0,3,L,0.94,2.87,-0.94,-0.13,-1.06,False
Cooter,2026-09-15,North Pemiscot,,0,3,L,-0.22,3.67,0.22,0.67,0.89,False
Cooter,2026-09-17,Holcomb,,0,3,L,0.14,3.37,-0.14,0.37,0.23,False
Cooter,2026-09-22,Gideon,,0,3,L,-1.24,4.14,1.24,1.14,2.38,False
Cooter,2026-09-25,Campbell,,0,2,L,-0.16,3.56,0.16,1.56,1.72,False
Cooter,2026-09-25,Holcomb,,0,2,L,0.14,3.37,-0.14,1.37,1.23,False
Cooter,2026-09-25,Richland (Essex),,1,1,T,0.93,2.72,0.07,1.72,1.79,False
Cooter,2026-09-29,South Pemiscot,,0,3,L,0.92,2.67,-0.92,-0.33,-1.25,False
Cooter,2026-10-01,Hayti,,2,3,L,1.95,1.79,0.05,-1.21,-1.15,False
Cooter,2026-10-05,Charleston,,3,0,W,2.32,0.83,0.68,0.83,1.5,False
Cooter,2026-10-06,Southland,,3,1,W,2.26,1.13,0.74,0.13,0.87,False
Cooter,2026-10-07,Caruthersville,,0,3,L,1.79,1.75,-1.79,-1.25,-3.04,False
Cor Jesu Academy,2026-09-02,Lafayette (Wildwood),,2,3,L,0.44,2.75,1.56,-0.25,1.31,False
Cor Jesu Academy,2026-09-03,Incarnate Word Academy,,3,1,W,1.62,2.44,1.38,1.44,2.81,False
Cor Jesu Academy,2026-09-10,Visitation Academy,,3,0,W,4.03,-0.69,-1.03,-0.69,-1.72,False
Cor Jesu Academy,2026-09-11,Lee's Summit North,,2,1,W,1.04,2.25,0.96,1.25,2.21,False
Cor Jesu Academy,2026-09-11,"STL Panthers(St. Louis, MO)",,2,1,W,,,,,,False
Cor Jesu Academy,2026-09-12,Kirkwood,,2,1,W,2.02,1.51,-0.02,0.51,0.5,False
Cor Jesu Academy,2026-09-12,Lee's Summit West,,0,2,L,0.56,2.54,-0.56,0.54,-0.02,False
Cor Jesu Academy,2026-09-12,"Saint Thomas Aquinas(Overland Park, KS)",,1,2,L,,,,,,False
Cor Jesu Academy,2026-09-14,Jackson,,0,3,L,0.6,2.36,-0.6,-0.64,-1.23,False
Cor Jesu Academy,2026-09-17,Ursuline Academy,,3,0,W,3.01,0.51,-0.01,0.51,0.49,False
Cor Jesu Academy,2026-09-18,Marquette,,3,0,W,2.38,1.27,0.62,1.27,1.89,False
Cor Jesu Academy,2026-09-22,St. Joseph's Academy,,0,3,L,1.81,1.58,-1.81,-1.42,-3.22,False
Cor Jesu Academy,2026-09-24,St. Dominic,,1,3,L,1.35,1.9,-0.35,-1.1,-1.46,False
Cor Jesu Academy,2026-09-25,Villa Duchesne,,3,0,W,4.33,-0.85,-1.33,-0.85,-2.18,False
Cor Jesu Academy,2026-09-29,Notre Dame (St. Louis),,3,0,W,3.63,-0.13,-0.63,-0.13,-0.76,False
Cor Jesu Academy,2026-10-01,Nerinx Hall,,3,1,W,3.17,0.48,-0.17,-0.52,-0.69,False
Cor Jesu Academy,2026-10-02,"Althoff Catholic(Belleville, IL)",,2,0,W,,,,,,False
Cor Jesu Academy,2026-10-02,"Waterloo(Waterloo, IL)",,2,0,W,,,,,,False
Cor Jesu Academy,2026-10-03,"Breese Central Community(Breese, IL)",,0,2,L,,,,,,False
Cor Jesu Academy,2026-10-03,"Mascoutah(Mascoutah, IL)",,1,2,L,,,,,,False
Cor Jesu Academy,2026-10-03,"Quincy Senior(Quincy, IL)",,3,0,W,,,,,,False
Cor Jesu Academy,2026-10-06,Oakville,,3,2,W,2.39,1.14,0.61,-0.86,-0.24,False
Cor Jesu Academy,2026-10-07,"Edwardsville(Edwardsville, IL)",,3,1,W,,,,,,False
Cor Jesu Academy,2026-10-13,Eureka,,,,,1.24,2.09,,,,False
Cor Jesu Academy,2026-10-15,Lindbergh,,,,,2.57,1.58,,,,False
Cor Jesu Academy,2026-10-17,"Mater Dei Catholic(Breese, IL)",,,,,,,,,,False
Cor Jesu Academy,2026-10-21,Kirkwood,,,,,2.02,1.51,,,,False
"Corning(Corning, AR)",2026-08-27,Southland,,3,0,W,,,,,,False
Couch,2026-08-28,Bakersfield,,3,1,W,1.84,1.53,1.16,0.53,1.69,False
Couch,2026-08-29,Blue Eye,,0,2,L,0.21,2.63,-0.21,0.63,0.41,False
Couch,2026-08-29,Gainesville,,0,2,L,1.25,2.23,-1.25,0.23,-1.02,False
Couch,2026-08-29,Seymour,,2,0,W,2.51,1.03,-0.51,1.03,0.52,False
Couch,2026-08-29,Koshkonong,,2,0,W,2.57,0.41,-0.57,0.41,-0.16,False
Couch,2026-08-29,Lutie,,2,0,W,3.63,-0.09,-1.63,-0.09,-1.72,False
Couch,2026-09-01,Eminence,,0,3,L,0.58,2.59,-0.58,-0.41,-0.99,False
Couch,2026-09-03,Alton,,3,0,W,,,,,,False
Couch,2026-09-04,"Viola high school(Viola, AR)",,3,0,W,,,,,,False
Couch,2026-09-08,Bunker,,3,1,W,1.89,1.87,1.11,0.87,1.98,False
Couch,2026-09-12,Alton,,2,0,W,,,,,,False
Couch,2026-09-12,Thayer,,2,1,W,1.27,2.04,0.73,1.04,1.77,False
Couch,2026-09-12,Lutie,,2,0,W,3.63,-0.09,-1.63,-0.09,-1.72,False
Couch,2026-09-14,Gainesville,,3,1,W,1.25,2.23,1.75,1.23,2.98,False
Couch,2026-09-15,Koshkonong,,3,0,W,2.57,0.41,0.43,0.41,0.84,False
Couch,2026-09-19,Cabool,,0,2,L,-0.2,3.29,0.2,1.29,1.5,False
Couch,2026-09-19,Mountain Grove,,0,2,L,-0.14,3.08,0.14,1.08,1.22,False
Couch,2026-09-19,Seymour,,1,1,T,2.51,1.03,-1.51,0.03,-1.48,False
Couch,2026-09-19,Niangua,,2,0,W,2.93,0.23,-0.93,0.23,-0.7,False
Couch,2026-09-21,Mansfield,,3,0,W,3.24,0.33,-0.24,0.33,0.1,False
Couch,2026-09-24,Bakersfield,,1,3,L,1.84,1.53,-0.84,-1.47,-2.31,False
Couch,2026-09-26,Dora,,2,3,L,2.0,1.29,0.0,-1.71,-1.71,False
Couch,2026-10-01,Summersville,,3,2,W,1.28,2.25,1.72,0.25,1.97,False
Couch,2026-10-06,Doniphan,,1,3,L,1.57,1.83,-0.57,-1.17,-1.75,False
Couch,2026-10-08,Thayer,,0,3,L,1.27,2.04,-1.27,-0.96,-2.23,False
Couch,2026-10-09,Koshkonong,,,,,2.57,0.41,,,,False
Couch,2026-10-12,Dora,,,,,2.0,1.29,,,,False
Couch,2026-10-15,Lutie,,,,,3.63,-0.09,,,,False
Couch,2026-10-16,Bradleyville,,,,,3.57,0.1,,,,False
Couch,2026-10-22,Lutie,,,,,3.63,-0.09,,,,False
Crane,2026-08-27,Gloria Deo Academy,,3,0,W,2.46,0.46,0.54,0.46,1.0,False
Crane,2026-08-29,Winona,,0,2,L,-0.33,3.48,0.33,1.48,1.81,False
Crane,2026-08-29,Miller,,0,2,L,0.58,2.64,-0.58,0.64,0.07,False
Crane,2026-08-29,Marionville,,1,1,T,1.15,1.94,-0.15,0.94,0.79,False
Crane,2026-08-29,New Heights Christian,,2,1,W,1.06,1.79,0.94,0.79,1.73,False
Crane,2026-08-29,Sarcoxie,,0,2,L,1.27,2.23,-1.27,0.23,-1.04,False
Crane,2026-08-29,Seneca,,2,0,W,2.56,0.52,-0.56,0.52,-0.04,False
Crane,2026-08-31,Monett,,0,3,L,0.79,2.27,-0.79,-0.73,-1.52,False
Crane,2026-09-03,Fordland,,2,3,L,1.8,1.81,0.2,-1.19,-1.0,False
Crane,2026-09-04,Blue Eye,,0,3,L,0.33,2.33,-0.33,-0.67,-1.0,False
Crane,2026-09-07,Seneca,,3,0,W,2.56,0.52,0.44,0.52,0.96,False
Crane,2026-09-08,Chadwick,,3,0,W,2.24,0.81,0.76,0.81,1.57,False
Crane,2026-09-10,Wheaton,,3,0,W,2.36,0.75,0.64,0.75,1.4,False
Crane,2026-09-14,New Covenant Academy,,0,3,L,-1.22,3.78,1.22,0.78,2.0,False
Crane,2026-09-15,Pierce City,,0,3,L,1.04,1.77,-1.04,-1.23,-2.27,False
Crane,2026-09-17,Billings,,1,3,L,0.43,2.82,0.57,-0.18,0.4,False
Crane,2026-09-18,Greenwood,,1,3,L,1.57,1.66,-0.57,-1.34,-1.91,False
Crane,2026-09-21,Marionville,,2,3,L,1.15,1.94,0.85,-1.06,-0.21,False
Crane,2026-09-24,Galena,,3,0,W,2.45,0.31,0.55,0.31,0.87,False
Crane,2026-09-25,School of the Ozarks,,0,3,L,0.96,1.8,-0.96,-1.2,-2.16,False
Crane,2026-09-29,Purdy,,3,1,W,2.12,1.26,0.88,0.26,1.14,False
Crane,2026-10-01,Spokane,,0,3,L,0.25,2.83,-0.25,-0.17,-0.42,False
Crane,2026-10-02,Hurley,,3,0,W,2.28,0.82,0.72,0.82,1.53,False
Crane,2026-10-03,Southwest (Washburn),,2,0,W,2.51,0.24,-0.51,0.24,-0.27,False
Crane,2026-10-03,Thomas Jefferson Independent Day,,0,2,L,1.0,1.58,-1.0,-0.42,-1.42,False
Crane,2026-10-03,Wheaton,,2,0,W,2.36,0.75,-0.36,0.75,0.4,False
Crane,2026-10-03,Everton,,2,0,W,1.71,1.17,0.29,1.17,1.47,False
Crane,2026-10-03,Purdy,,1,1,T,2.12,1.26,-1.12,0.26,-0.86,False
Crane,2026-10-05,Southwest (Washburn),,3,0,W,2.51,0.24,0.49,0.24,0.73,False
Crane,2026-10-08,Pleasant Hope,,3,1,W,1.41,1.56,1.59,0.56,2.15,False
Crane,2026-10-12,Miller,,,,,0.58,2.64,,,,False
Crane,2026-10-15,Sparta,,,,,2.34,0.67,,,,False
Crane,2026-10-20,Exeter,,,,,3.16,-0.01,,,,False
"Crater(Crater, OR)",2026-10-02,Incarnate Word Academy,,0,2,L,,,,,,False
Crest Ridge,2026-08-31,Smithton,,3,0,W,1.92,1.5,1.08,1.5,2.58,False
Crest Ridge,2026-09-01,Appleton City with Montrose,,3,0,W,2.91,0.29,0.09,0.29,0.38,False
Crest Ridge,2026-09-03,Sacred Heart,,3,2,W,1.72,1.55,1.28,-0.45,0.83,False
Crest Ridge,2026-09-08,Adrian,,0,3,L,-0.32,3.26,0.32,0.26,0.58,False
Crest Ridge,2026-09-10,Green Ridge,,3,0,W,2.04,1.11,0.96,1.11,2.06,False
Crest Ridge,2026-09-14,La Monte,,3,0,W,1.99,1.27,1.01,1.27,2.28,False
Crest Ridge,2026-09-15,Sherwood,,3,1,W,2.62,0.42,0.38,-0.58,-0.2,False
Crest Ridge,2026-09-17,Orrick,,3,0,W,3.85,-0.52,-0.85,-0.52,-1.37,False
Crest Ridge,2026-09-23,Archie,,1,3,L,1.57,1.95,-0.57,-1.05,-1.62,False
Crest Ridge,2026-09-24,Concordia,,0,3,L,1.41,2.04,-1.41,-0.96,-2.37,False
Crest Ridge,2026-09-26,Knob Noster,,1,1,T,1.34,1.62,-0.34,0.62,0.29,False
Crest Ridge,2026-09-26,Lexington,,2,0,W,2.68,0.4,-0.68,0.4,-0.29,False
Crest Ridge,2026-09-26,St. Paul Lutheran (Concordia),,2,1,W,1.58,1.85,0.42,0.85,1.28,False
Crest Ridge,2026-09-26,Lincoln,,1,1,T,2.56,0.79,-1.56,-0.21,-1.77,False
Crest Ridge,2026-09-26,La Monte,,2,1,W,1.99,1.27,0.01,0.27,0.28,False
Crest Ridge,2026-09-29,Sweet Springs,,0,3,L,1.76,1.79,-1.76,-1.21,-2.98,False
Crest Ridge,2026-09-30,Leeton with Chilhowee,,3,0,W,3.4,-0.5,-0.4,-0.5,-0.91,False
Crest Ridge,2026-10-05,Santa Fe,,1,3,L,1.14,2.06,-0.14,-0.94,-1.09,False
Crest Ridge,2026-10-06,Kingsville,,3,2,W,2.55,0.77,0.45,-1.23,-0.78,False
Crest Ridge,2026-10-08,Wellington-Napoleon,,3,1,W,2.33,0.89,0.67,-0.11,0.56,False
Crest Ridge,2026-10-12,Northwest (Hughesville),,,,,2.71,0.26,,,,False
Crest Ridge,2026-10-13,Lone Jack,,,,,0.63,2.58,,,,False
Crest Ridge,2026-10-15,St. Paul Lutheran (Concordia),,,,,1.58,1.85,,,,False
Crest Ridge,2026-10-19,Windsor,,,,,3.11,0.7,,,,False
Crest Ridge,2026-10-21,TBD,,,,,,,,,,False
Cristo Rey,2026-08-27,"KSD (Kansas School for the Deaf)(Olathe , KS)",,3,2,W,,,,,,False
Cristo Rey,2026-08-28,Academie Lafayette,,3,0,W,2.14,0.09,0.86,0.09,0.94,False
Cristo Rey,2026-09-01,Daniel Academy Sr. High,,1,3,L,,,,,,False
Cristo Rey,2026-09-03,Frontier School of Excellence Charter,,3,1,W,,,,,,False
Cristo Rey,2026-09-08,Paseo Academy,,0,3,L,1.09,1.7,-1.09,-1.3,-2.38,False
Cristo Rey,2026-09-10,Frontier STEM,,3,0,W,2.33,0.32,0.67,0.32,0.99,False
Cristo Rey,2026-09-12,Barstow,,0,2,L,-1.02,3.63,1.02,1.63,2.65,False
Cristo Rey,2026-09-12,Hogan Prep Academy Charter,,2,0,W,2.95,-0.47,-0.95,-0.47,-1.42,False
Cristo Rey,2026-09-12,Paseo Academy,,2,0,W,1.09,1.7,0.91,1.7,2.62,False
Cristo Rey,2026-09-12,Raytown South,,0,2,L,-0.04,2.9,0.04,0.9,0.94,False
Cristo Rey,2026-09-12,University Academy Charter,,0,2,L,-0.84,2.99,0.84,0.99,1.82,False
Cristo Rey,2026-09-14,Hogan Prep Academy Charter,,3,0,W,2.95,-0.47,0.05,-0.47,-0.42,False
Cristo Rey,2026-09-18,Raytown South,,0,3,L,-0.04,2.9,0.04,-0.1,-0.06,False
Cristo Rey,2026-09-21,"Bishop Ward(Kansas City, KS)",,0,3,L,,,,,,False
Cristo Rey,2026-09-22,Frontier STEM,,3,1,W,2.33,0.32,0.67,-0.68,-0.01,False
Cristo Rey,2026-09-25,Guadalupe Centers Charter,,2,0,W,1.62,1.13,0.38,1.13,1.51,False
Cristo Rey,2026-09-25,Frontier School of Excellence Charter,,2,0,W,,,,,,False
Cristo Rey,2026-09-29,Crossroads Prep Charter,,0,3,L,1.11,1.44,-1.11,-1.56,-2.68,False
Cristo Rey,2026-10-02,Hogan Prep Academy Charter,,3,0,W,2.95,-0.47,0.05,-0.47,-0.42,False
Cristo Rey,2026-10-05,"Midland Adventist(Shawnee, KS)",,0,3,L,,,,,,False
Cristo Rey,2026-10-07,Guadalupe Centers Charter,,,,,1.62,1.13,,,,False
Cristo Rey,2026-10-13,Ewing Marion Kauffman,,,,,0.3,2.22,,,,False
Cristo Rey,2026-10-15,Frontier STEM,,,,,2.33,0.32,,,,False
Cristo Rey,2026-10-15,Northeast (Kansas City),,,,,2.11,0.84,,,,False
Cristo Rey,2026-10-20,Lexington,,,,,0.51,2.04,,,,False
Crossroads College Preparatory,2026-09-01,Brentwood,,0,2,L,-0.15,2.95,0.15,0.95,1.1,False
Crossroads College Preparatory,2026-09-01,Principia,,0,2,L,-0.04,2.61,0.04,0.61,0.64,False
Crossroads College Preparatory,2026-09-01,Grandview (Hillsboro),,0,2,L,0.34,2.44,-0.34,0.44,0.1,False
Crossroads College Preparatory,2026-09-02,Hancock,,0,2,L,0.28,2.63,-0.28,0.63,0.35,False
Crossroads College Preparatory,2026-09-02,Maplewood-Richmond Hts.,,0,2,L,-0.44,3.4,0.44,1.4,1.84,False
Crossroads College Preparatory,2026-09-08,Bayless,,0,3,L,-0.24,3.58,0.24,0.58,0.82,False
Crossroads College Preparatory,2026-09-15,Maplewood-Richmond Hts.,,0,3,L,-0.44,3.4,0.44,0.4,0.84,False
Crossroads College Preparatory,2026-09-16,Hancock,,1,3,L,0.28,2.63,0.72,-0.37,0.35,False
Crossroads College Preparatory,2026-09-18,Brentwood,,0,3,L,-0.15,2.95,0.15,-0.05,0.1,False
Crossroads College Preparatory,2026-09-22,Valley Park,,0,3,L,0.97,1.85,-0.97,-1.15,-2.12,False
Crossroads College Preparatory,2026-09-24,Lutheran North,,1,3,L,0.32,2.94,0.68,-0.06,0.62,False
Crossroads College Preparatory,2026-09-25,Bayless,,0,3,L,-0.24,3.58,0.24,0.58,0.82,False
Crossroads College Preparatory,2026-09-29,Hancock,,1,3,L,0.28,2.63,0.72,-0.37,0.35,False
Crossroads College Preparatory,2026-10-01,Thomas Jefferson Sr.,,3,0,W,,,,,,False
Crossroads College Preparatory,2026-10-02,Maplewood-Richmond Hts.,,0,3,L,-0.44,3.4,0.44,0.4,0.84,False
Crossroads College Preparatory,2026-10-06,Brentwood,,0,3,L,-0.15,2.95,0.15,-0.05,0.1,False
Crossroads College Preparatory,2026-10-09,Valley Park,,,,,0.97,1.85,,,,False
Crossroads College Preparatory,2026-10-14,Chesterton Acad StL,,,,,,,,,,False
Crossroads Prep Charter,2026-09-01,University Academy Charter,,0,3,L,-0.6,2.9,0.6,-0.1,0.5,False
Crossroads Prep Charter,2026-09-03,Central (Kansas City),,3,1,W,1.68,1.18,1.32,0.18,1.51,False
Crossroads Prep Charter,2026-09-08,Guadalupe Centers Charter,,3,0,W,1.86,1.04,1.14,1.04,2.18,False
Crossroads Prep Charter,2026-09-10,Northeast (Kansas City),,3,0,W,2.35,0.75,0.65,0.75,1.4,False
Crossroads Prep Charter,2026-09-14,Southeast,,3,0,W,2.89,-0.07,0.11,-0.07,0.04,False
Crossroads Prep Charter,2026-09-16,Hogan Prep Academy Charter,,3,0,W,3.19,-0.56,-0.19,-0.56,-0.75,False
Crossroads Prep Charter,2026-09-24,Ewing Marion Kauffman,,0,3,L,0.53,2.13,-0.53,-0.87,-1.4,False
Crossroads Prep Charter,2026-09-26,Adrian,,0,2,L,-2.26,4.82,2.26,2.82,5.08,False
Crossroads Prep Charter,2026-09-26,Academie Lafayette,,2,0,W,2.38,-0.0,-0.38,-0.0,-0.38,False
Crossroads Prep Charter,2026-09-26,Lincoln College Prep,,0,2,L,-0.86,4.04,0.86,2.04,2.9,False
Crossroads Prep Charter,2026-09-26,Truman,,0,2,L,-0.71,3.18,0.71,1.18,1.89,False
Crossroads Prep Charter,2026-09-29,Cristo Rey,,3,0,W,1.44,1.11,1.56,1.11,2.68,False
Crossroads Prep Charter,2026-10-01,Paseo Academy,,0,3,L,1.32,1.61,-1.32,-1.39,-2.71,False
Crossroads Prep Charter,2026-10-03,Butler,,0,2,L,-1.62,4.52,1.62,2.52,4.15,False
Crossroads Prep Charter,2026-10-03,Leeton with Chilhowee,,1,1,T,1.46,1.06,-0.46,0.06,-0.4,False
Crossroads Prep Charter,2026-10-03,Miami (Amoret),,0,2,L,1.89,0.82,-1.89,-1.18,-3.08,False
Crossroads Prep Charter,2026-10-03,Rich Hill,,0,2,L,1.11,1.64,-1.11,-0.36,-1.47,False
Crossroads Prep Charter,2026-10-06,Hogan Prep Academy Charter,,3,0,W,3.19,-0.56,-0.19,-0.56,-0.75,False
Crossroads Prep Charter,2026-10-13,Maysville,,,,,0.98,2.0,,,,False
Crossroads Prep Charter,2026-10-15,KIPP KC Legacy,,,,,1.42,1.4,,,,False
Crossroads Prep Charter,2026-10-20,Hogan Prep Academy Charter,,,,,3.19,-0.56,,,,False
Crystal City,2026-08-27,New Haven,,3,0,W,1.95,0.83,1.05,0.83,1.88,False
Crystal City,2026-08-31,Bayless,,3,0,W,2.3,1.09,0.7,1.09,1.79,False
Crystal City,2026-09-02,Cardinal Ritter,,3,0,W,4.01,-0.89,-1.01,-0.89,-1.91,False
Crystal City,2026-09-03,Bismarck,,1,3,L,0.86,2.48,0.14,-0.52,-0.37,False
Crystal City,2026-09-08,Valley,,3,1,W,2.02,0.88,0.98,-0.12,0.85,False
Crystal City,2026-09-11,Clarkton,,2,0,W,1.99,1.09,0.01,1.09,1.1,False
Crystal City,2026-09-11,Meadow Heights,,1,1,T,1.29,1.81,-0.29,0.81,0.51,False
Crystal City,2026-09-12,Central (Cape Girardeau),,2,0,W,1.12,1.61,0.88,1.61,2.48,False
Crystal City,2026-09-12,Valley,,2,0,W,2.02,0.88,-0.02,0.88,0.85,False
Crystal City,2026-09-12,Bell City,,0,2,L,0.99,2.43,-0.99,0.43,-0.56,False
Crystal City,2026-09-14,Oak Ridge,,0,3,L,0.66,2.59,-0.66,-0.41,-1.07,False
Crystal City,2026-09-15,St. Vincent,,0,3,L,1.23,1.84,-1.23,-1.16,-2.39,False
Crystal City,2026-09-17,Bourbon,,3,0,W,2.74,0.31,0.26,0.31,0.57,False
Crystal City,2026-09-22,Herculaneum,,3,0,W,2.76,0.07,0.24,0.07,0.31,False
Crystal City,2026-09-23,West County,,3,0,W,2.2,0.99,0.8,0.99,1.79,False
Crystal City,2026-09-24,Hancock,,3,0,W,2.83,0.15,0.17,0.15,0.32,False
Crystal City,2026-09-28,Kingston,,3,1,W,2.61,1.18,0.39,0.18,0.56,False
Crystal City,2026-09-29,Jefferson (Festus),,2,3,L,1.46,1.68,0.54,-1.32,-0.79,False
Crystal City,2026-09-30,Valley Park,,3,0,W,3.51,-0.64,-0.51,-0.64,-1.15,False
Crystal City,2026-10-01,Meadow Heights,,1,3,L,1.29,1.81,-0.29,-1.19,-1.49,False
Crystal City,2026-10-05,Veritas Christian Academy,,3,1,W,3.26,-0.3,-0.26,-1.3,-1.56,False
Crystal City,2026-10-06,St. Paul Lutheran (Farmington),,0,3,L,1.45,1.4,-1.45,-1.6,-3.05,False
Crystal City,2026-10-07,Grandview (Hillsboro),,3,0,W,2.88,-0.05,0.12,-0.05,0.07,False
Crystal City,2026-10-10,Bunker,,,,,2.61,1.0,,,,False
Crystal City,2026-10-12,Principia,,,,,2.51,0.12,,,,False
Crystal City,2026-10-15,Brentwood,,,,,2.39,0.46,,,,False
Cuba,2026-08-29,Owensville,,0,2,L,1.08,1.79,-1.08,-0.21,-1.29,False
Cuba,2026-08-29,North County,,2,1,W,1.6,1.92,0.4,0.92,1.32,False
Cuba,2026-08-29,Licking,,2,1,W,1.26,1.3,0.74,0.3,1.04,False
Cuba,2026-08-31,Viburnum,,3,0,W,2.91,-0.35,0.09,-0.35,-0.27,False
Cuba,2026-09-01,New Haven,,3,0,W,2.12,0.47,0.88,0.47,1.34,False
Cuba,2026-09-03,St. Clair,,2,3,L,0.47,2.83,1.53,-0.17,1.36,False
Cuba,2026-09-08,Bourbon,,3,0,W,2.91,-0.06,0.09,-0.06,0.04,False
Cuba,2026-09-10,Belle,,3,0,W,2.68,0.4,0.32,0.4,0.72,False
Cuba,2026-09-14,Salem,,2,3,L,1.57,1.47,0.43,-1.53,-1.09,False
Cuba,2026-09-17,Kingston,,3,0,W,2.78,0.81,0.22,0.81,1.03,False
Cuba,2026-09-19,Bourbon,,2,0,W,2.91,-0.06,-0.91,-0.06,-0.96,False
Cuba,2026-09-19,Jefferson (Festus),,0,2,L,1.63,1.31,-1.63,-0.69,-2.32,False
Cuba,2026-09-19,Licking,,1,1,T,1.26,1.3,-0.26,0.3,0.04,False
Cuba,2026-09-19,Warrenton,,2,0,W,1.63,1.28,0.37,1.28,1.65,False
Cuba,2026-09-19,St. James,,2,0,W,3.51,-0.84,-1.51,-0.84,-2.35,False
Cuba,2026-09-19,Steelville,,2,1,W,2.21,0.97,-0.21,-0.03,-0.24,False
Cuba,2026-09-21,Linn,,0,3,L,0.7,2.15,-0.7,-0.85,-1.55,False
Cuba,2026-09-24,Belle,,3,0,W,2.68,0.4,0.32,0.4,0.72,False
Cuba,2026-09-29,St. James,,3,0,W,3.51,-0.84,-0.51,-0.84,-1.35,False
Cuba,2026-10-01,Steelville,,3,1,W,2.21,0.97,0.79,-0.03,0.76,False
Cuba,2026-10-05,Sullivan,,0,3,L,-0.33,2.9,0.33,-0.1,0.22,False
Cuba,2026-10-06,Viburnum,,3,1,W,2.91,-0.35,0.09,-1.35,-1.27,False
Cuba,2026-10-08,Grandview (Hillsboro),,3,0,W,3.05,-0.41,-0.05,-0.41,-0.46,False
Cuba,2026-10-12,Steelville,,,,,2.21,0.97,,,,False
Cuba,2026-10-15,Licking,,,,,1.26,1.3,,,,False
Cuba,2026-10-20,Salem,,,,,1.57,1.47,,,,False
Daniel Academy Sr. High,2026-09-01,Cristo Rey,,3,1,W,,,,,,False
Daniel Academy Sr. High,2026-10-09,Guadalupe Centers Charter,,,,,,,,,,False
"Daniel(Kansas City, MO)",2026-10-06,Frontier STEM,,,,,,,,,,False
"De Soto(De Soto, KS)",2026-09-12,Platte County,,2,1,W,,,,,,False
DeSoto,2026-08-29,Ste. Genevieve,,0,2,L,0.17,2.56,-0.17,0.56,0.39,False
DeSoto,2026-08-29,Poplar Bluff,,0,2,L,0.84,1.72,-0.84,-0.28,-1.12,False
DeSoto,2026-08-29,Central (Cape Girardeau),,1,1,T,0.64,1.75,0.36,0.75,1.11,False
DeSoto,2026-08-29,Warrenton,,0,2,L,0.98,1.79,-0.98,-0.21,-1.19,False
DeSoto,2026-08-31,Valle Catholic,,0,3,L,-0.47,3.29,0.47,0.29,0.76,False
DeSoto,2026-09-03,North County,,1,3,L,0.95,2.43,0.05,-0.57,-0.52,False
DeSoto,2026-09-08,Central (Park Hills),,0,3,L,0.95,2.29,-0.95,-0.71,-1.67,False
DeSoto,2026-09-10,Fredericktown,,0,3,L,0.44,2.66,-0.44,-0.34,-0.77,False
DeSoto,2026-09-12,Sullivan,,0,2,L,-0.98,3.4,0.98,1.4,2.38,False
DeSoto,2026-09-12,Potosi,,0,2,L,-1.65,4.15,1.65,2.15,3.8,False
DeSoto,2026-09-12,Farmington,,0,2,L,-1.13,3.89,1.13,1.89,3.03,False
DeSoto,2026-09-15,Hillsboro,,0,3,L,-0.46,3.29,0.46,0.29,0.76,False
DeSoto,2026-09-16,Union,,3,2,W,0.85,2.24,2.15,0.24,2.39,False
DeSoto,2026-09-21,Ste. Genevieve,,0,3,L,0.17,2.56,-0.17,-0.44,-0.61,False
DeSoto,2026-09-22,Festus,,0,3,L,-0.78,3.22,0.78,0.22,1.01,False
DeSoto,2026-09-23,Farmington,,0,3,L,-1.13,3.89,1.13,0.89,2.03,False
DeSoto,2026-09-28,Perryville,,0,3,L,-0.14,2.92,0.14,-0.08,0.06,False
DeSoto,2026-09-29,Windsor (Imperial),,0,3,L,0.07,2.48,-0.07,-0.52,-0.59,False
DeSoto,2026-10-05,Potosi,,0,3,L,-1.65,4.15,1.65,1.15,2.8,False
DeSoto,2026-10-13,Herculaneum,,,,,2.28,0.21,,,,False
DeSoto,2026-10-14,Jefferson (Festus),,,,,0.98,1.82,,,,False
DeSoto,2026-10-19,St. Clair,,,,,-0.18,3.34,,,,False
DeSoto,2026-10-20,Confluence Prep Academy Charter with Grand Center Arts Charter,,,,,4.29,-1.07,,,,False
Delta (Deering),2026-08-25,Hayti,,,,,2.1,1.42,,,,False
Delta (Deering),2026-08-25,Cooter,,,,,2.15,1.62,,,,False
Delta (Deering),2026-08-27,"Blytheville(Blytheville , AR)",,3,0,W,,,,,,False
Delta (Deering),2026-08-28,Clarkton,,0,3,L,0.55,2.71,-0.55,-0.29,-0.84,False
Delta (Deering),2026-09-03,Holcomb,,1,3,L,0.29,2.99,0.71,-0.01,0.7,False
Delta (Deering),2026-09-08,Cooter,,3,2,W,2.15,1.62,0.85,-0.38,0.47,False
Delta (Deering),2026-09-10,Risco,,0,3,L,1.19,2.11,-1.19,-0.89,-2.07,False
Delta (Deering),2026-09-14,Charleston,,3,0,W,2.48,0.45,0.52,0.45,0.97,False
Delta (Deering),2026-09-15,Gideon,,0,3,L,-1.08,3.76,1.08,0.76,1.85,False
Delta (Deering),2026-09-17,Southland,,3,2,W,2.42,0.75,0.58,-1.25,-0.66,False
Delta (Deering),2026-09-18,Twin Rivers,,0,3,L,1.49,2.46,-1.49,-0.54,-2.03,False
Delta (Deering),2026-09-21,North Pemiscot,,0,3,L,-0.07,3.29,0.07,0.29,0.36,False
Delta (Deering),2026-09-24,Caruthersville,,3,0,W,1.94,1.38,1.06,1.38,2.43,False
Delta (Deering),2026-09-25,Bloomfield,,1,1,T,1.45,1.74,-0.45,0.74,0.29,False
Delta (Deering),2026-09-25,Gideon,,0,2,L,-1.08,3.76,1.08,1.76,2.85,False
Delta (Deering),2026-09-25,Southland,,2,0,W,2.42,0.75,-0.42,0.75,0.34,False
Delta (Deering),2026-10-05,Kelly,,3,2,W,2.09,1.74,0.91,-0.26,0.66,False
Delta (Deering),2026-10-06,South Pemiscot,,0,3,L,1.08,2.29,-1.08,-0.71,-1.78,False
Delta (Deering),2026-10-12,Holcomb,,,,,0.29,2.99,,,,False
Delta (Deering),2026-10-19,Senath-Hornersville,,,,,1.09,2.5,,,,False
Delta (Deering),2026-10-20,Southland,,,,,2.42,0.75,,,,False
Delta (Deering),2026-10-21,Hayti,,,,,2.1,1.42,,,,False
Dexter,2026-08-31,Saxony Lutheran,,1,3,L,0.74,2.42,0.26,-0.58,-0.32,False
Dexter,2026-09-01,Arcadia Valley,,3,1,W,1.7,1.31,1.3,0.31,1.61,False
Dexter,2026-09-03,Jackson,,0,3,L,-1.05,3.83,1.05,0.83,1.88,False
Dexter,2026-09-08,Central (Cape Girardeau),,3,0,W,2.05,0.77,0.95,0.77,1.71,False
Dexter,2026-09-09,Richland (Essex),,3,0,W,3.46,-0.11,-0.46,-0.11,-0.57,False
Dexter,2026-09-11,Portageville,,2,0,W,2.76,0.86,-0.76,0.86,0.1,False
Dexter,2026-09-11,Arcadia Valley,,0,2,L,1.7,1.31,-1.7,-0.69,-2.39,False
Dexter,2026-09-12,Bismarck,,1,1,T,1.79,1.64,-0.79,0.64,-0.14,False
Dexter,2026-09-12,Valle Catholic,,1,2,L,0.95,2.31,0.05,0.31,0.37,False
Dexter,2026-09-12,"Greene County Tech(Paragould , AR)",,2,1,W,,,,,,False
Dexter,2026-09-15,Kennett,,3,0,W,3.33,0.16,-0.33,0.16,-0.16,False
Dexter,2026-09-17,Bernie,,3,0,W,2.89,0.12,0.11,0.12,0.23,False
Dexter,2026-09-21,Woodland,,1,3,L,1.41,1.89,-0.41,-1.11,-1.52,False
Dexter,2026-09-23,Sikeston,,3,0,W,2.38,1.12,0.62,1.12,1.74,False
Dexter,2026-09-24,Bell City,,3,1,W,1.92,1.59,1.08,0.59,1.67,False
Dexter,2026-09-28,Bloomfield,,3,0,W,3.82,-0.71,-0.82,-0.71,-1.54,False
Dexter,2026-09-29,Advance,,3,2,W,1.97,1.78,1.03,-0.22,0.81,False
Dexter,2026-10-01,Scott City,,0,2,L,2.05,1.18,-2.05,-0.82,-2.87,False
Dexter,2026-10-01,Central (Cape Girardeau),,1,2,L,2.05,0.77,-1.05,-1.23,-2.29,False
Dexter,2026-10-05,Puxico,,3,0,W,2.04,1.14,0.96,1.14,2.09,False
Dexter,2026-10-07,Notre Dame (Cape Girardeau),,1,3,L,1.14,1.89,-0.14,-1.11,-1.25,False
Dexter,2026-10-08,Poplar Bluff,,3,0,W,2.26,0.74,0.74,0.74,1.48,False
Dexter,2026-10-20,Central (New Madrid County),,,,,2.54,0.75,,,,False
"Diagonal(Diagonal , IA)",2026-08-27,North Nodaway,,3,2,W,,,,,,False
"Diagonal(Diagonal, IA)",2026-09-26,Tarkio with Fairfax,,0,2,L,,,,,,False
Diamond,2026-08-29,Buffalo,,2,0,W,1.57,1.42,0.43,1.42,1.85,False
Diamond,2026-08-29,Stockton,,1,1,T,1.11,2.3,-0.11,1.3,1.19,False
Diamond,2026-08-29,Osceola,,0,2,L,0.3,2.94,-0.3,0.94,0.64,False
Diamond,2026-08-29,Pleasant Hope,,1,1,T,1.55,1.55,-0.55,0.55,-0.0,False
Diamond,2026-09-03,Pleasant Hope,,3,1,W,1.55,1.55,1.45,0.55,2.0,False
Diamond,2026-09-07,Lamar,,0,3,L,-0.05,2.82,0.05,-0.18,-0.13,False
Diamond,2026-09-08,East Newton,,0,3,L,0.36,2.62,-0.36,-0.38,-0.74,False
Diamond,2026-09-10,Seneca,,3,0,W,2.71,0.51,0.29,0.51,0.81,False
Diamond,2026-09-12,West Platte,,1,1,T,0.77,2.8,0.23,1.8,2.03,False
Diamond,2026-09-12,Jasper,,1,1,T,2.08,1.33,-1.08,0.33,-0.76,False
Diamond,2026-09-12,Lamar,,0,2,L,-0.05,2.82,0.05,0.82,0.87,False
Diamond,2026-09-14,New Heights Christian,,0,3,L,1.2,1.79,-1.2,-1.21,-2.42,False
Diamond,2026-09-15,Springfield Catholic,,0,3,L,0.13,2.7,-0.13,-0.3,-0.44,False
Diamond,2026-09-17,Stockton,,1,3,L,1.11,2.3,-0.11,-0.7,-0.81,False
Diamond,2026-09-21,Cassville,,2,3,L,1.46,2.04,0.54,-0.96,-0.42,False
Diamond,2026-09-22,Ash Grove,,1,3,L,0.61,2.49,0.39,-0.51,-0.12,False
Diamond,2026-09-24,Sarcoxie,,2,3,L,1.42,2.22,0.58,-0.78,-0.19,False
Diamond,2026-09-29,Pierce City,,1,3,L,1.19,1.77,-0.19,-1.23,-1.42,False
Diamond,2026-10-01,Skyline,,1,3,L,0.71,2.53,0.29,-0.47,-0.18,False
Diamond,2026-10-06,Miller,,0,3,L,0.72,2.64,-0.72,-0.36,-1.08,False
Diamond,2026-10-08,Lockwood,,0,3,L,0.02,2.95,-0.02,-0.05,-0.07,False
Diamond,2026-10-10,Sarcoxie,,,,,1.42,2.22,,,,False
Diamond,2026-10-12,Monett,,,,,0.94,2.26,,,,False
Diamond,2026-10-13,Thomas Jefferson Independent Day,,,,,1.14,1.57,,,,False
Diamond,2026-10-15,Marionville,,,,,1.3,1.94,,,,False
Diamond,2026-10-19,Fair Grove,,,,,0.34,2.58,,,,False
Diamond,2026-10-22,Sarcoxie,,,,,1.42,2.22,,,,False
Dixon,2026-08-25,Belle,,1,2,L,0.91,2.24,0.09,0.24,0.33,False
Dixon,2026-08-25,Plato,,1,2,L,0.95,2.18,0.05,0.18,0.23,False
Dixon,2026-08-31,Eugene,,1,3,L,1.03,2.38,-0.03,-0.62,-0.65,False
Dixon,2026-09-01,Tipton,,0,3,L,-0.33,2.95,0.33,-0.05,0.29,False
Dixon,2026-09-03,Calvary Lutheran,,0,3,L,0.9,2.43,-0.9,-0.57,-1.47,False
Dixon,2026-09-04,Steelville,,3,0,W,0.43,2.81,2.57,2.81,5.38,False
Dixon,2026-09-12,Camdenton,,0,2,L,-0.49,3.25,0.49,1.25,1.74,False
Dixon,2026-09-12,Carthage,,0,2,L,-2.01,4.83,2.01,2.83,4.84,False
Dixon,2026-09-12,Springfield Catholic,,0,2,L,-1.02,3.61,1.02,1.61,2.63,False
Dixon,2026-09-12,Strafford,,0,2,L,-1.85,4.61,1.85,2.61,4.46,False
Dixon,2026-09-14,St. James,,3,0,W,1.74,1.0,1.26,1.0,2.27,False
Dixon,2026-09-15,Salem,,0,3,L,-0.21,3.31,0.21,0.31,0.52,False
Dixon,2026-09-17,Belle,,2,3,L,0.91,2.24,1.09,-0.76,0.33,False
Dixon,2026-09-21,Plato,,0,3,L,0.95,2.18,-0.95,-0.82,-1.77,False
Dixon,2026-09-22,Russellville,,1,3,L,0.35,2.94,0.65,-0.06,0.59,False
Dixon,2026-09-28,Chamois,,3,0,W,2.87,0.81,0.13,0.81,0.94,False
Dixon,2026-09-29,RUSH Sr. Home School,,0,3,L,,,,,,False
Dixon,2026-10-01,Bourbon,,0,3,L,1.13,1.78,-1.13,-1.22,-2.35,False
Dixon,2026-10-03,Licking,,0,2,L,-0.52,3.14,0.52,1.14,1.66,False
Dixon,2026-10-03,Laquey,,2,0,W,2.61,0.07,-0.61,0.07,-0.54,False
Dixon,2026-10-03,Plato,,0,2,L,0.95,2.18,-0.95,0.18,-0.77,False
Dixon,2026-10-05,Laquey,,3,0,W,2.61,0.07,0.39,0.07,0.46,False
Dixon,2026-10-06,Plato,,0,3,L,0.95,2.18,-0.95,-0.82,-1.77,False
Dixon,2026-10-07,Steelville,,2,,,0.43,2.81,,,,False
Dixon,2026-10-12,Houston,,,,,0.34,2.93,,,,False
Dixon,2026-10-13,Conway,,,,,0.72,2.41,,,,False
Dixon,2026-10-15,Bourbon,,,,,1.13,1.78,,,,False
Dixon,2026-10-20,Plato,,,,,0.95,2.18,,,,False
Doniphan,2026-09-01,East Prairie,,3,2,W,1.41,1.61,1.59,-0.39,1.2,False
Doniphan,2026-09-03,Twin Rivers,,3,2,W,2.3,1.55,0.7,-0.45,0.25,False
Doniphan,2026-09-08,Kennett,,1,3,L,1.77,1.71,-0.77,-1.29,-2.06,False
Doniphan,2026-09-10,Thayer,,2,3,L,1.37,1.88,0.63,-1.12,-0.49,False
Doniphan,2026-09-11,Sikeston,,0,2,L,0.82,2.67,-0.82,0.67,-0.16,False
Doniphan,2026-09-11,Villa Duchesne,,1,1,T,1.12,2.16,-0.12,1.16,1.04,False
Doniphan,2026-09-11,Oran,,2,0,W,2.19,0.74,-0.19,0.74,0.55,False
Doniphan,2026-09-12,Risco,,0,2,L,1.99,1.2,-1.99,-0.8,-2.8,False
Doniphan,2026-09-12,New Haven,,0,2,L,1.33,1.53,-1.33,-0.47,-1.79,False
Doniphan,2026-09-12,Meadow Heights,,0,2,L,0.67,2.51,-0.67,0.51,-0.16,False
Doniphan,2026-09-12,Hazelwood West,,2,1,W,1.97,1.03,0.03,0.03,0.07,False
Doniphan,2026-09-15,Willow Springs,,3,1,W,1.99,1.11,1.01,0.11,1.12,False
Doniphan,2026-09-19,Greenville,,2,0,W,2.33,1.14,-0.33,1.14,0.81,False
Doniphan,2026-09-19,Fredericktown,,0,2,L,0.29,3.23,-0.29,1.23,0.93,False
Doniphan,2026-09-19,Central (New Madrid County),,1,1,T,0.98,2.29,0.02,1.29,1.31,False
Doniphan,2026-09-19,Valley,,0,2,L,1.4,1.58,-1.4,-0.42,-1.81,False
Doniphan,2026-09-21,Liberty (Mountain View),,0,3,L,-0.3,3.42,0.3,0.42,0.72,False
Doniphan,2026-09-22,Clearwater,,3,0,W,2.04,0.79,0.96,0.79,1.74,False
Doniphan,2026-09-24,Greenville,,2,3,L,2.33,1.14,-0.33,-1.86,-2.19,False
Doniphan,2026-09-29,Ellington,,0,3,L,0.31,2.5,-0.31,-0.5,-0.82,False
Doniphan,2026-10-01,Bunker,,3,0,W,1.98,1.71,1.02,1.71,2.73,False
Doniphan,2026-10-05,Poplar Bluff,,1,3,L,0.7,2.28,0.3,-0.72,-0.42,False
Doniphan,2026-10-06,Couch,,3,1,W,1.83,1.57,1.17,0.57,1.75,False
Doniphan,2026-10-09,Lesterville,,,,,1.15,1.99,,,,False
Doniphan,2026-10-12,Thayer,,,,,1.37,1.88,,,,False
Doniphan,2026-10-13,Greenville,,,,,2.33,1.14,,,,False
Doniphan,2026-10-19,Puxico,,,,,0.48,2.68,,,,False
"Doniphan West(Highland, KS)",2026-10-03,St. Joseph Christian,,1,2,L,,,,,,False
Dora,2026-08-27,Bakersfield,,1,3,L,1.39,1.79,-0.39,-1.21,-1.6,False
Dora,2026-09-01,Ava,,0,3,L,0.62,2.51,-0.62,-0.49,-1.1,False
Dora,2026-09-03,Gainesville,,0,3,L,0.8,2.49,-0.8,-0.51,-1.31,False
Dora,2026-09-08,Koshkonong,,3,0,W,2.12,0.67,0.88,0.67,1.55,False
Dora,2026-09-10,Bradleyville,,3,0,W,3.12,0.36,-0.12,0.36,0.24,False
Dora,2026-09-11,"Mammoth Springs(Mammoth Springs, AR)",,3,0,W,,,,,,False
Dora,2026-09-15,Alton,,3,0,W,,,,,,False
Dora,2026-09-18,Eminence,,1,3,L,0.13,2.85,0.87,-0.15,0.72,False
Dora,2026-09-21,Thayer,,0,3,L,0.83,2.3,-0.83,-0.7,-1.52,False
Dora,2026-09-24,Summersville,,0,3,L,0.83,2.51,-0.83,-0.49,-1.32,False
Dora,2026-09-25,Koshkonong,,3,0,W,2.12,0.67,0.88,0.67,1.55,False
Dora,2026-09-26,Couch,,3,2,W,1.29,2.0,1.71,-0.0,1.71,False
Dora,2026-09-28,Cabool,,0,3,L,-0.65,3.56,0.65,0.56,1.21,False
Dora,2026-10-01,Bakersfield,,3,0,W,1.39,1.79,1.61,1.79,3.4,False
Dora,2026-10-03,Bradleyville,,2,0,W,3.12,0.36,-1.12,0.36,-0.76,False
Dora,2026-10-03,Lesterville,,0,2,L,0.61,2.41,-0.61,0.41,-0.2,False
Dora,2026-10-03,Houston,,0,2,L,0.77,2.58,-0.77,0.58,-0.19,False
Dora,2026-10-05,Summersville,,0,3,L,0.83,2.51,-0.83,-0.49,-1.32,False
Dora,2026-10-06,Gainesville,,0,3,L,0.8,2.49,-0.8,-0.51,-1.31,False
Dora,2026-10-08,Fordland,,0,3,L,1.24,2.36,-1.24,-0.64,-1.87,False
Dora,2026-10-12,Couch,,,,,1.29,2.0,,,,False
Dora,2026-10-13,Koshkonong,,,,,2.12,0.67,,,,False
Dora,2026-10-15,Mansfield,,,,,2.79,0.6,,,,False
Dora,2026-10-22,Mansfield,,,,,2.79,0.6,,,,False
Drexel,2026-09-01,Hume,,3,0,W,3.39,-0.21,-0.39,-0.21,-0.59,False
Drexel,2026-09-03,Sherwood,,3,0,W,2.23,0.65,0.77,0.65,1.42,False
Drexel,2026-09-08,Ballard,,3,1,W,2.24,0.46,0.76,-0.54,0.21,False
Drexel,2026-09-10,Lone Jack,,0,3,L,0.24,2.8,-0.24,-0.2,-0.43,False
Drexel,2026-09-12,Ballard,,2,0,W,2.24,0.46,-0.24,0.46,0.21,False
Drexel,2026-09-12,Miami (Amoret),,2,0,W,3.44,-0.52,-1.44,-0.52,-1.96,False
Drexel,2026-09-12,Rich Hill,,2,0,W,2.66,0.3,-0.66,0.3,-0.36,False
Drexel,2026-09-12,Northeast Vernon County,,1,1,T,3.86,-1.14,-2.86,-2.14,-5.0,False
Drexel,2026-09-12,Kingsville,,2,0,W,2.16,1.0,-0.16,1.0,0.84,False
Drexel,2026-09-15,Leeton with Chilhowee,,3,0,W,3.01,-0.28,-0.01,-0.28,-0.29,False
Drexel,2026-09-16,Kingsville,,3,1,W,2.16,1.0,0.84,-0.0,0.84,False
Drexel,2026-09-17,Archie,,1,3,L,1.18,2.18,-0.18,-0.82,-1.0,False
Drexel,2026-09-22,Appleton City with Montrose,,3,2,W,2.52,0.51,0.48,-1.49,-1.01,False
Drexel,2026-09-24,Lakeland,,3,1,W,2.48,1.22,0.52,0.22,0.75,False
Drexel,2026-09-26,Benton,,0,2,L,-0.6,3.58,0.6,1.58,2.18,False
Drexel,2026-09-26,Grandview,,1,1,T,0.98,1.83,0.02,0.83,0.85,False
Drexel,2026-09-26,Hogan Prep Academy Charter,,2,0,W,4.74,-1.89,-2.74,-1.89,-4.63,False
Drexel,2026-09-26,Raytown,,1,2,L,1.14,1.48,-0.14,-0.52,-0.66,False
Drexel,2026-09-29,Jasper,,3,1,W,2.07,1.21,0.93,0.21,1.14,False
Drexel,2026-10-01,Osceola,,0,3,L,0.28,2.82,-0.28,-0.18,-0.46,False
Drexel,2026-10-03,"B team(Butler, MO)",,1,1,T,,,,,,False
Drexel,2026-10-03,Ballard,,2,0,W,2.24,0.46,-0.24,0.46,0.21,False
Drexel,2026-10-03,Sheldon,,2,0,W,3.0,0.19,-1.0,0.19,-0.81,False
Drexel,2026-10-03,Miami (Amoret),,2,0,W,3.44,-0.52,-1.44,-0.52,-1.96,False
Drexel,2026-10-03,Rich Hill,,2,0,W,2.66,0.3,-0.66,0.3,-0.36,False
Drexel,2026-10-06,Liberal,,0,3,L,0.76,2.67,-0.76,-0.33,-1.1,False
Drexel,2026-10-08,Hogan Prep Academy Charter,,3,0,W,4.74,-1.89,-1.74,-1.89,-3.63,False
Drexel,2026-10-13,Rich Hill,,,,,2.66,0.3,,,,False
Drexel,2026-10-15,Midway,,,,,1.14,1.83,,,,False
Duchesne,2026-08-27,St. Charles,,3,1,W,2.91,0.25,0.09,-0.75,-0.67,False
Duchesne,2026-08-28,"Althoff Catholic(Belleville, IL)",,2,0,W,,,,,,False
Duchesne,2026-08-28,St. Joseph's Academy,,0,2,L,-0.06,2.8,0.06,0.8,0.86,False
Duchesne,2026-08-28,"Quincy Notre Dame(Quincy, IL)",,0,2,L,,,,,,False
Duchesne,2026-08-29,St. Pius X (Festus),,1,2,L,0.76,1.73,0.24,-0.27,-0.03,False
Duchesne,2026-08-29,"Mater Dei(Breese, IL)",,0,2,L,,,,,,False
Duchesne,2026-08-31,Bowling Green,,3,0,W,3.09,-0.24,-0.09,-0.24,-0.34,False
Duchesne,2026-09-09,Francis Howell North,,1,3,L,1.45,1.62,-0.45,-1.38,-1.83,False
Duchesne,2026-09-12,Webster Groves,,0,2,L,0.9,1.83,-0.9,-0.17,-1.07,False
Duchesne,2026-09-12,Francis Howell North,,2,0,W,1.45,1.62,0.55,1.62,2.17,False
Duchesne,2026-09-12,Parkway North,,2,0,W,2.17,1.02,-0.17,1.02,0.85,False
Duchesne,2026-09-12,Pattonville,,2,0,W,2.22,0.8,-0.22,0.8,0.59,False
Duchesne,2026-09-16,MICDS,,0,3,L,0.31,2.42,-0.31,-0.58,-0.89,False
Duchesne,2026-09-19,"Collinsville(Collinsville, IL)",,2,0,W,,,,,,False
Duchesne,2026-09-19,North Point,,0,2,L,0.52,2.2,-0.52,0.2,-0.33,False
Duchesne,2026-09-19,Orchard Farm,,1,2,L,1.03,1.88,-0.03,-0.12,-0.14,False
Duchesne,2026-09-19,Union,,2,0,W,2.04,1.0,-0.04,1.0,0.97,False
Duchesne,2026-09-19,Wright City,,2,0,W,1.82,0.73,0.18,0.73,0.91,False
Duchesne,2026-09-22,Lutheran St. Charles,,1,3,L,1.21,2.13,-0.21,-0.87,-1.08,False
Duchesne,2026-09-23,Whitfield,,3,0,W,2.78,0.25,0.22,0.25,0.47,False
Duchesne,2026-09-28,Villa Duchesne,,3,1,W,2.46,0.37,0.54,-0.63,-0.09,False
Duchesne,2026-09-29,Ft. Zumwalt South,,3,0,W,1.98,0.66,1.02,0.66,1.68,False
Duchesne,2026-10-02,Orchard Farm,,1,3,L,1.03,1.88,-0.03,-1.12,-1.14,False
Duchesne,2026-10-05,St. Francis Borgia,,0,3,L,-0.25,2.67,0.25,-0.33,-0.08,False
Duchesne,2026-10-06,John Burroughs,,1,3,L,0.73,1.99,0.27,-1.01,-0.74,False
Duchesne,2026-10-08,Bishop DuBourg,,,,,4.59,-1.18,,,,False
Duchesne,2026-10-12,St. Charles West,,,,,1.94,0.94,,,,False
Duchesne,2026-10-14,Notre Dame (St. Louis),,,,,1.76,1.08,,,,False
Duchesne,2026-10-15,Veritas Christian Academy,,,,,3.97,-1.39,,,,False
Duchesne,2026-10-21,TBD,,,,,,,,,,False
"Dyer County(Dyersburg, TN)",2026-09-05,Jackson,,0,2,L,,,,,,False
"Dyer County(Newbern, TN)",2026-09-05,St. Clair,,2,0,W,,,,,,False
Eagle Ridge Christian,2026-08-28,St. Paul Lutheran (Farmington),,0,3,L,,,,,,False
Eagle Ridge Christian,2026-09-17,Meadow Heights,,0,3,L,,,,,,False
Eagle Ridge Christian,2026-10-01,Zalma,,3,1,W,,,,,,False
Eagle Ridge Christian,2026-10-06,Oak Ridge,,0,3,L,,,,,,False
Eagle Ridge Christian,2026-10-09,St. Paul Lutheran (Farmington),,,,,,,,,,False
Eagle Ridge Christian,2026-10-09,Zalma,,,,,,,,,,False
Eagle Ridge Christian,2026-10-13,Zalma,,,,,,,,,,False
Eagle Ridge Christian,2026-10-16,Kelly,,,,,,,,,,False
Earlham,2026-09-14,Tarkio with Fairfax,,2,0,W,,,,,,False
East (Kansas City),2026-09-03,Guadalupe Centers Charter,,0,3,L,0.05,2.9,-0.05,-0.1,-0.15,False
East (Kansas City),2026-09-09,Academie Lafayette,,0,3,L,0.57,1.86,-0.57,-1.14,-1.71,False
East (Kansas City),2026-09-17,"J C Harmon(Kansas City, KS)",,0,3,L,,,,,,False
East (Kansas City),2026-09-19,Frontier STEM,,1,1,T,0.76,2.09,0.24,1.09,1.33,False
East (Kansas City),2026-09-19,Northeast (Kansas City),,0,2,L,0.54,2.61,-0.54,0.61,0.07,False
East (Kansas City),2026-09-19,Southeast,,2,1,W,1.08,1.78,0.92,0.78,1.71,False
East (Kansas City),2026-09-19,Washington,,0,2,L,-3.12,6.09,3.12,4.09,7.22,False
East (Kansas City),2026-09-21,Paseo Academy,,0,3,L,-0.49,3.47,0.49,0.47,0.96,False
East (Kansas City),2026-09-22,Southeast,,0,3,L,1.08,1.78,-1.08,-1.22,-2.29,False
East (Kansas City),2026-09-24,Central (Kansas City),,0,3,L,-0.13,3.04,0.13,0.04,0.17,False
East (Kansas City),2026-09-26,Ewing Marion Kauffman,,1,0,W,-1.27,3.99,2.27,3.99,6.26,False
East (Kansas City),2026-09-26,Capital City,,0,2,L,-3.04,6.17,3.04,4.17,7.21,False
East (Kansas City),2026-09-26,Oak Park,,0,2,L,-3.1,6.05,3.1,4.05,7.15,False
East (Kansas City),2026-09-26,Savannah,,0,2,L,-3.34,6.65,3.34,4.65,7.98,False
East (Kansas City),2026-09-28,KIPP KC Legacy,,0,3,L,-0.39,3.26,0.39,0.26,0.64,False
East (Kansas City),2026-09-29,University Academy Charter,,0,3,L,-2.41,4.76,2.41,1.76,4.17,False
East (Kansas City),2026-09-30,Northeast (Kansas City),,0,3,L,0.54,2.61,-0.54,-0.39,-0.93,False
East (Kansas City),2026-10-05,Northeast (Kansas City),,1,3,L,0.54,2.61,0.46,-0.39,0.07,False
East (Kansas City),2026-10-12,Paseo Academy,,,,,-0.49,3.47,,,,False
East (Kansas City),2026-10-13,Central (Kansas City),,,,,-0.13,3.04,,,,False
East (Kansas City),2026-10-20,Smithville,,,,,-4.76,7.38,,,,False
East Buchanan,2026-08-27,South Holt with Craig,,3,0,W,2.99,-0.1,0.01,-0.1,-0.09,False
East Buchanan,2026-08-29,North Platte,,2,0,W,3.77,-1.13,-1.77,-1.13,-2.91,False
East Buchanan,2026-08-29,Lathrop,,2,0,W,3.38,-0.24,-1.38,-0.24,-1.62,False
East Buchanan,2026-08-29,Lawson,,2,0,W,2.1,0.74,-0.1,0.74,0.64,False
East Buchanan,2026-08-29,West Platte,,1,2,L,2.21,1.11,-1.21,-0.89,-2.1,False
East Buchanan,2026-09-01,Savannah,,2,3,L,1.47,1.88,0.53,-1.12,-0.6,False
East Buchanan,2026-09-03,Maryville,,1,3,L,1.21,1.96,-0.21,-1.04,-1.25,False
East Buchanan,2026-09-08,Maysville,,3,0,W,3.98,-0.91,-0.98,-0.91,-1.89,False
East Buchanan,2026-09-09,South Harrison,,3,0,W,3.37,-0.3,-0.37,-0.3,-0.67,False
East Buchanan,2026-09-10,Lathrop,,3,0,W,3.38,-0.24,-0.38,-0.24,-0.62,False
East Buchanan,2026-09-14,Chillicothe,,3,0,W,2.62,0.18,0.38,0.18,0.56,False
East Buchanan,2026-09-15,University Academy Charter,,3,0,W,2.4,-0.01,0.6,-0.01,0.58,False
East Buchanan,2026-09-17,Lawson,,3,1,W,2.1,0.74,0.9,-0.26,0.64,False
East Buchanan,2026-09-19,Harrisonville,,1,1,T,1.58,1.65,-0.58,0.65,0.07,False
East Buchanan,2026-09-19,Holden,,2,0,W,3.21,-0.4,-1.21,-0.4,-1.6,False
East Buchanan,2026-09-19,Lone Jack,,1,1,T,1.69,1.23,-0.69,0.23,-0.46,False
East Buchanan,2026-09-19,Pleasant Hill,,0,2,L,0.9,2.26,-0.9,0.26,-0.64,False
East Buchanan,2026-09-22,Trenton,,2,0,W,3.73,-0.72,-1.73,-0.72,-2.45,False
East Buchanan,2026-09-22,Penney,,2,0,W,5.13,-2.43,-3.13,-2.43,-5.56,False
East Buchanan,2026-09-24,West Platte,,3,1,W,2.21,1.11,0.79,0.11,0.9,False
East Buchanan,2026-09-28,Bishop LeBlond,,3,2,W,1.8,1.45,1.2,-0.55,0.64,False
East Buchanan,2026-10-01,Mid-Buchanan,,1,3,L,0.77,1.68,0.23,-1.32,-1.1,False
East Buchanan,2026-10-03,Rock Port,,1,1,T,1.32,1.25,-0.32,0.25,-0.07,False
East Buchanan,2026-10-03,Summit Christian Academy,,2,0,W,1.46,1.21,0.54,1.21,1.75,False
East Buchanan,2026-10-03,Bishop LeBlond,,2,0,W,1.8,1.45,0.2,1.45,1.64,False
East Buchanan,2026-10-03,Cameron,,2,0,W,2.82,0.16,-0.82,0.16,-0.66,False
East Buchanan,2026-10-06,St. Joseph Christian,,3,0,W,2.05,0.71,0.95,0.71,1.66,False
East Buchanan,2026-10-08,Penney,,3,0,W,5.13,-2.43,-2.13,-2.43,-4.56,False
East Buchanan,2026-10-13,North Platte,,,,,3.77,-1.13,,,,False
East Buchanan,2026-10-15,Plattsburg,,,,,2.6,0.16,,,,False
East Buchanan,2026-10-22,TBD,,,,,,,,,,False
"East Mills(Malvern, IA)",2026-09-26,Mid-Buchanan,,0,2,L,,,,,,False
East Newton,2026-08-27,New Heights Christian,,3,0,W,2.13,0.45,0.87,0.45,1.33,False
East Newton,2026-08-29,Fair Grove,,1,1,T,1.26,1.25,-0.26,0.25,-0.01,False
East Newton,2026-08-29,Republic,,0,2,L,0.27,2.28,-0.27,0.28,0.02,False
East Newton,2026-08-29,Kearney,,1,1,T,0.89,1.52,0.11,0.52,0.62,False
East Newton,2026-08-31,Billings,,0,3,L,1.49,1.49,-1.49,-1.51,-3.01,False
East Newton,2026-09-01,Sarcoxie,,3,1,W,2.34,0.89,0.66,-0.11,0.55,False
East Newton,2026-09-03,Pierce City,,3,0,W,2.11,0.44,0.89,0.44,1.32,False
East Newton,2026-09-08,Diamond,,3,0,W,2.62,0.36,0.38,0.36,0.74,False
East Newton,2026-09-10,"Columbus(Columbus, KS)",,2,0,W,,,,,,False
East Newton,2026-09-10,"St. Mary's - Colgan(Pittsburgh, KS)",,0,2,L,,,,,,False
East Newton,2026-09-15,Nevada,,0,3,L,0.25,2.33,-0.25,-0.67,-0.92,False
East Newton,2026-09-17,Lamar,,0,3,L,0.87,1.49,-0.87,-1.51,-2.38,False
East Newton,2026-09-19,Sarcoxie,,2,0,W,2.34,0.89,-0.34,0.89,0.55,False
East Newton,2026-09-19,School of the Ozarks,,2,0,W,2.03,0.47,-0.03,0.47,0.43,False
East Newton,2026-09-19,Pierce City,,2,0,W,2.11,0.44,-0.11,0.44,0.32,False
East Newton,2026-09-19,New Heights Christian,,2,0,W,2.13,0.45,-0.13,0.45,0.33,False
East Newton,2026-09-19,McAuley Catholic,,2,0,W,3.72,-0.68,-1.72,-0.68,-2.4,False
East Newton,2026-09-19,"New Heights JV(Joplin, MO)",,2,0,W,,,,,,False
East Newton,2026-09-22,Monett,,3,2,W,1.86,0.93,1.14,-1.07,0.07,False
East Newton,2026-09-24,Aurora,,3,0,W,2.74,0.55,0.26,0.55,0.81,False
East Newton,2026-09-29,McDonald County,,3,0,W,2.96,-0.7,0.04,-0.7,-0.65,False
East Newton,2026-10-01,Mt. Vernon,,0,3,L,0.65,1.89,-0.65,-1.11,-1.75,False
East Newton,2026-10-03,Camdenton,,1,1,T,1.58,1.01,-0.58,0.01,-0.57,False
East Newton,2026-10-03,New Covenant Academy,,0,2,L,-0.15,2.44,0.15,0.44,0.59,False
East Newton,2026-10-03,Mt. Vernon,,1,2,L,0.65,1.89,0.35,-0.11,0.25,False
East Newton,2026-10-03,Miller,,2,0,W,1.65,1.31,0.35,1.31,1.66,False
East Newton,2026-10-03,Fair Grove,,1,1,T,1.26,1.25,-0.26,0.25,-0.01,False
East Newton,2026-10-05,Miller,,3,0,W,1.65,1.31,1.35,1.31,2.66,False
East Newton,2026-10-06,Cassville,,3,2,W,2.38,0.7,0.62,-1.3,-0.68,False
East Newton,2026-10-08,Seneca,,3,0,W,3.63,-0.82,-0.63,-0.82,-1.45,False
East Newton,2026-10-12,Wheaton,,,,,3.42,-0.58,,,,False
East Newton,2026-10-20,Seneca,,,,,3.63,-0.82,,,,False
East Prairie,2026-09-01,Doniphan,,2,3,L,1.61,1.41,0.39,-1.59,-1.2,False
East Prairie,2026-09-03,Oran,,3,0,W,2.14,0.49,0.86,0.49,1.35,False
East Prairie,2026-09-07,North Pemiscot,,0,3,L,0.69,2.12,-0.69,-0.88,-1.56,False
East Prairie,2026-09-10,Cooter,,3,0,W,2.9,0.45,0.1,0.45,0.55,False
East Prairie,2026-09-11,Hazelwood West,,2,0,W,1.91,0.78,0.09,0.78,0.87,False
East Prairie,2026-09-11,Oak Ridge,,0,2,L,-0.02,3.04,0.02,1.04,1.06,False
East Prairie,2026-09-12,Southland,,2,0,W,3.18,-0.41,-1.18,-0.41,-1.59,False
East Prairie,2026-09-12,Jefferson (Festus),,0,2,L,0.79,2.13,-0.79,0.13,-0.66,False
East Prairie,2026-09-12,Puxico,,0,2,L,0.43,2.43,-0.43,0.43,-0.0,False
East Prairie,2026-09-15,Senath-Hornersville,,3,1,W,1.85,1.33,1.15,0.33,1.48,False
East Prairie,2026-09-18,Kelly,,2,1,W,2.85,0.58,-0.85,-0.42,-1.27,False
East Prairie,2026-09-21,Southland,,3,0,W,3.18,-0.41,-0.18,-0.41,-0.59,False
East Prairie,2026-09-22,Charleston,,3,0,W,3.24,-0.72,-0.24,-0.72,-0.95,False
East Prairie,2026-09-24,South Pemiscot,,2,0,W,1.84,1.13,0.16,1.13,1.29,False
East Prairie,2026-09-24,Charleston,,2,0,W,3.24,-0.72,-1.24,-0.72,-1.95,False
East Prairie,2026-09-24,Gideon,,2,0,W,-0.33,2.6,2.33,2.6,4.92,False
East Prairie,2026-09-26,Bloomfield,,2,0,W,2.21,0.58,-0.21,0.58,0.37,False
East Prairie,2026-09-26,Campbell,,0,2,L,0.75,2.01,-0.75,0.01,-0.74,False
East Prairie,2026-09-26,Clarkton,,0,2,L,1.31,1.54,-1.31,-0.46,-1.77,False
East Prairie,2026-09-28,Risco,,3,1,W,1.94,0.95,1.06,-0.05,1.0,False
East Prairie,2026-09-29,Malden,,1,3,L,0.63,2.21,0.37,-0.79,-0.42,False
East Prairie,2026-10-01,Oak Ridge,,0,3,L,-0.02,3.04,0.02,0.04,0.06,False
East Prairie,2026-10-06,Charleston,,,,,3.24,-0.72,,,,False
East Prairie,2026-10-13,Kelly,,,,,2.85,0.58,,,,False
East Prairie,2026-10-14,Scott City,,,,,0.44,2.47,,,,False
East Prairie,2026-10-19,Sikeston,,,,,0.77,2.41,,,,False
East Prairie,2026-10-20,Bloomfield,,,,,2.21,0.58,,,,False
"Edwardsville(Edwardsville, IL)",2026-09-11,Nerinx Hall,,2,0,W,,,,,,False
"Edwardsville(Edwardsville, IL)",2026-10-07,Cor Jesu Academy,,1,3,L,,,,,,False
"Effingham(Effingham , IL)",2026-09-11,Visitation Academy,,,,,,,,,,False
"Egyptian(Tamms , IL)",2026-09-08,Kelly,,3,1,W,,,,,,False
"Egyptian(Tamms, IL)",2026-08-27,Kelly,,2,0,W,,,,,,False
"Egyptian(Tamms, IL)",2026-09-01,Charleston,,2,0,W,,,,,,False
"Egyptian(Tamms, IL)",2026-09-18,Oak Ridge,,0,3,L,,,,,,False
El Dorado Springs,2026-08-29,Ash Grove,,0,2,L,0.15,2.91,-0.15,0.91,0.76,False
El Dorado Springs,2026-08-29,Buffalo,,0,2,L,1.11,1.84,-1.11,-0.16,-1.27,False
El Dorado Springs,2026-08-29,Stockton,,0,2,L,0.65,2.72,-0.65,0.72,0.07,False
El Dorado Springs,2026-08-29,Sparta,,2,0,W,2.02,1.09,-0.02,1.09,1.07,False
El Dorado Springs,2026-09-01,Clinton,,0,3,L,-1.23,4.44,1.23,1.44,2.68,False
El Dorado Springs,2026-09-03,Buffalo,,3,2,W,1.11,1.84,1.89,-0.16,1.73,False
El Dorado Springs,2026-09-08,Neosho,,1,3,L,1.17,2.0,-0.17,-1.0,-1.18,False
El Dorado Springs,2026-09-10,Appleton City with Montrose,,3,1,W,2.08,1.05,0.92,0.05,0.97,False
El Dorado Springs,2026-09-14,Stockton,,0,3,L,0.65,2.72,-0.65,-0.28,-0.93,False
El Dorado Springs,2026-09-15,Liberal,,0,3,L,0.32,3.21,-0.32,0.21,-0.11,False
El Dorado Springs,2026-09-17,Fair Grove,,0,3,L,-0.12,3.0,0.12,0.0,0.12,False
El Dorado Springs,2026-09-19,Ash Grove,,0,2,L,0.15,2.91,-0.15,0.91,0.76,False
El Dorado Springs,2026-09-19,Cassville,,2,1,W,1.0,2.46,1.0,1.46,2.46,False
El Dorado Springs,2026-09-19,Lighthouse Sr. High,,0,3,L,,,,,,False
El Dorado Springs,2026-09-19,Fair Grove,,1,2,L,-0.12,3.0,1.12,1.0,2.12,False
El Dorado Springs,2026-09-22,Osceola,,0,3,L,-0.16,3.36,0.16,0.36,0.52,False
El Dorado Springs,2026-09-24,Sherwood,,0,3,L,1.79,1.19,-1.79,-1.81,-3.6,False
El Dorado Springs,2026-09-29,Adrian,,0,3,L,-1.15,4.02,1.15,1.02,2.17,False
El Dorado Springs,2026-10-01,Versailles,,1,3,L,0.46,3.02,0.54,0.02,0.56,False
El Dorado Springs,2026-10-06,Skyline,,0,3,L,0.25,2.95,-0.25,-0.05,-0.3,False
El Dorado Springs,2026-10-08,Butler,,,,,-0.51,3.73,,,,False
El Dorado Springs,2026-10-10,Cabool,,,,,-0.4,3.42,,,,False
El Dorado Springs,2026-10-10,Harrisonville,,,,,-0.31,3.76,,,,False
El Dorado Springs,2026-10-10,Knob Noster,,,,,0.5,2.39,,,,False
El Dorado Springs,2026-10-12,Nevada,,,,,-1.13,4.08,,,,False
El Dorado Springs,2026-10-13,New Heights Christian,,,,,0.75,2.21,,,,False
El Dorado Springs,2026-10-15,Warsaw,,,,,-0.05,3.52,,,,False
El Dorado Springs,2026-10-20,Butler,,,,,-0.51,3.73,,,,False
Eldon,2026-09-01,Battle,,0,3,L,0.11,3.25,-0.11,0.25,0.14,False
Eldon,2026-09-02,Linn,,1,3,L,0.66,2.51,0.34,-0.49,-0.15,False
Eldon,2026-09-03,Centralia,,3,1,W,2.59,0.95,0.41,-0.05,0.37,False
Eldon,2026-09-08,Eugene,,3,0,W,2.76,0.91,0.24,0.91,1.15,False
Eldon,2026-09-10,California,,1,3,L,0.88,2.32,0.12,-0.68,-0.56,False
Eldon,2026-09-12,Carl Junction,,0,2,L,0.22,2.81,-0.22,0.81,0.59,False
Eldon,2026-09-12,Carthage,,0,2,L,-0.28,3.35,0.28,1.35,1.64,False
Eldon,2026-09-12,Lebanon,,0,2,L,0.55,2.5,-0.55,0.5,-0.04,False
Eldon,2026-09-12,Smith-Cotton,,1,1,T,0.96,2.29,0.04,1.29,1.33,False
Eldon,2026-09-15,Blair Oaks,,0,3,L,-0.13,3.49,0.13,0.49,0.62,False
Eldon,2026-09-16,Hallsville,,2,3,L,1.21,2.0,0.79,-1.0,-0.22,False
Eldon,2026-09-21,Boonville,,0,3,L,0.87,2.35,-0.87,-0.65,-1.52,False
Eldon,2026-09-23,Father Tolton,,1,3,L,1.26,1.95,-0.26,-1.05,-1.31,False
Eldon,2026-09-24,Camdenton,,2,3,L,1.24,1.77,0.76,-1.23,-0.46,False
Eldon,2026-09-26,Bolivar,,0,2,L,1.35,1.63,-1.35,-0.37,-1.72,False
Eldon,2026-09-26,Carthage,,0,2,L,-0.28,3.35,0.28,1.35,1.64,False
Eldon,2026-09-26,"Fayetteville(Fayetteville, AR)",,0,2,L,,,,,,False
Eldon,2026-09-26,Hillcrest,,1,1,T,1.13,1.73,-0.13,0.73,0.6,False
Eldon,2026-09-26,Marshfield,,0,2,L,-0.14,3.24,0.14,1.24,1.39,False
Eldon,2026-09-26,Willard,,0,2,L,0.53,2.88,-0.53,0.88,0.35,False
Eldon,2026-09-28,Lebanon,,0,3,L,0.55,2.5,-0.55,-0.5,-1.04,False
Eldon,2026-10-01,Osage,,0,3,L,0.24,3.29,-0.24,0.29,0.05,False
Eldon,2026-10-05,Southern Boone,,1,3,L,0.38,3.22,0.62,0.22,0.84,False
Eldon,2026-10-06,Fulton,,3,0,W,2.11,1.31,0.89,1.31,2.2,False
Eldon,2026-10-08,Versailles,,,,,1.5,2.03,,,,False
Eldon,2026-10-10,Boonville,,,,,0.87,2.35,,,,False
Eldon,2026-10-12,Smith-Cotton,,,,,0.96,2.29,,,,False
Eldon,2026-10-13,Hickman,,,,,0.35,2.7,,,,False
Eldon,2026-10-19,Helias Catholic,,,,,-1.25,4.11,,,,False
Eldon,2026-10-22,Versailles,,,,,1.5,2.03,,,,False
"Elkins(Elkins, AR)",2026-09-26,McDonald County,,1,1,T,,,,,,False
"Elkins(Elkins, AR)",2026-09-26,Cassville,,1,1,T,,,,,,False
"Elkins(Elkins, AR)",2026-09-26,Neosho,,2,1,W,,,,,,False
"Elkins(Elkins, AR)",2026-10-05,Neosho,,3,2,W,,,,,,False
Ellington,2026-08-28,Eminence,,1,3,L,1.5,1.07,-0.5,-1.93,-2.43,False
Ellington,2026-09-01,Bismarck,,3,0,W,1.06,1.84,1.94,1.84,3.78,False
Ellington,2026-09-04,Winona,,0,3,L,0.48,2.27,-0.48,-0.73,-1.21,False
Ellington,2026-09-08,Lesterville,,3,1,W,1.99,0.64,1.01,-0.36,0.65,False
Ellington,2026-09-11,Advance,,0,2,L,1.24,1.97,-1.24,-0.03,-1.27,False
Ellington,2026-09-11,Valle Catholic,,0,2,L,0.22,2.51,-0.22,0.51,0.29,False
Ellington,2026-09-11,Poplar Bluff,,2,0,W,1.53,0.93,0.47,0.93,1.4,False
Ellington,2026-09-12,Central (Cape Girardeau),,1,2,L,1.33,0.96,-0.33,-1.04,-1.37,False
Ellington,2026-09-12,Kennett,,2,0,W,2.6,0.36,-0.6,0.36,-0.25,False
Ellington,2026-09-15,Summersville,,3,0,W,2.2,0.74,0.8,0.74,1.54,False
Ellington,2026-09-19,Clearwater,,2,0,W,2.88,-0.56,-0.88,-0.56,-1.44,False
Ellington,2026-09-19,St. Paul Lutheran (Farmington),,1,1,T,1.65,0.76,-0.65,-0.24,-0.9,False
Ellington,2026-09-19,Valley,,2,0,W,2.23,0.23,-0.23,0.23,0.0,False
Ellington,2026-09-19,Fredericktown,,0,2,L,1.13,1.88,-1.13,-0.12,-1.25,False
Ellington,2026-09-22,Valley,,3,0,W,2.23,0.23,0.77,0.23,1.0,False
Ellington,2026-09-24,Bunker,,2,0,W,2.81,0.36,-0.81,0.36,-0.45,False
Ellington,2026-09-25,Lesterville,,3,0,W,1.99,0.64,1.01,0.64,1.65,False
Ellington,2026-09-26,Bismarck,,2,3,L,1.06,1.84,0.94,-1.16,-0.22,False
Ellington,2026-09-26,Leopold,,1,3,L,0.27,2.56,0.73,-0.44,0.3,False
Ellington,2026-09-29,Doniphan,,3,0,W,2.5,0.31,0.5,0.31,0.82,False
Ellington,2026-10-02,Greenville,,3,0,W,3.17,-0.21,-0.17,-0.21,-0.38,False
Ellington,2026-10-03,Conway,,2,0,W,2.53,0.29,-0.53,0.29,-0.24,False
Ellington,2026-10-03,Gainesville,,2,0,W,2.18,0.72,-0.18,0.72,0.55,False
Ellington,2026-10-03,Lesterville,,2,0,W,1.99,0.64,0.01,0.64,0.65,False
Ellington,2026-10-03,Mansfield,,2,0,W,4.16,-1.18,-2.16,-1.18,-3.34,False
Ellington,2026-10-03,Mountain Grove,,0,2,L,0.78,1.57,-0.78,-0.43,-1.21,False
Ellington,2026-10-03,Salem,,1,1,T,1.61,1.19,-0.61,0.19,-0.41,False
Ellington,2026-10-06,South Iron,,3,0,W,2.67,0.09,0.33,0.09,0.42,False
Ellington,2026-10-08,Liberty (Mountain View),,2,1,W,0.53,2.07,1.47,1.07,2.54,False
Ellington,2026-10-09,Arcadia Valley,,,,,0.97,1.5,,,,False
Ellington,2026-10-13,Viburnum,,,,,2.95,-0.64,,,,False
Ellington,2026-10-16,Clearwater,,,,,2.88,-0.56,,,,False
Ellington,2026-10-19,Bunker,,,,,2.81,0.36,,,,False
Eminence,2026-08-28,Ellington,,3,1,W,1.07,1.5,1.93,0.5,2.43,False
Eminence,2026-09-01,Couch,,3,0,W,2.59,0.58,0.41,0.58,0.99,False
Eminence,2026-09-03,Cabool,,0,3,L,0.65,2.14,-0.65,-0.86,-1.51,False
Eminence,2026-09-04,Bakersfield,,3,0,W,2.69,0.37,0.31,0.37,0.68,False
Eminence,2026-09-08,Salem,,2,3,L,1.53,1.55,0.47,-1.45,-0.98,False
Eminence,2026-09-10,Liberty (Mountain View),,0,3,L,0.46,2.42,-0.46,-0.58,-1.03,False
Eminence,2026-09-11,St. Paul Lutheran (Farmington),,2,0,W,1.58,1.11,0.42,1.11,1.53,False
Eminence,2026-09-11,Malden,,1,1,T,1.44,1.47,-0.44,0.47,0.03,False
Eminence,2026-09-12,Bell City,,0,2,L,1.12,2.14,-1.12,0.14,-0.98,False
Eminence,2026-09-12,Clearwater,,2,0,W,2.8,-0.21,-0.8,-0.21,-1.01,False
Eminence,2026-09-12,Lesterville,,2,0,W,1.91,1.0,0.09,1.0,1.08,False
Eminence,2026-09-12,Greenville,,2,0,W,3.09,0.15,-1.09,0.15,-0.95,False
Eminence,2026-09-15,Winona,,0,3,L,0.41,2.62,-0.41,-0.38,-0.78,False
Eminence,2026-09-17,Bunker,,3,0,W,2.74,0.71,0.26,0.71,0.98,False
Eminence,2026-09-18,Dora,,3,1,W,2.85,0.13,0.15,-0.87,-0.72,False
Eminence,2026-09-21,Willow Springs,,3,0,W,2.75,0.12,0.25,0.12,0.37,False
Eminence,2026-09-22,Koshkonong,,3,0,W,3.42,-0.75,-0.42,-0.75,-1.16,False
Eminence,2026-09-24,Koshkonong,,3,0,W,3.42,-0.75,-0.42,-0.75,-1.16,False
Eminence,2026-09-25,Summersville,,3,2,W,2.13,1.09,0.87,-0.91,-0.03,False
Eminence,2026-09-26,Winona,,0,3,L,0.41,2.62,-0.41,-0.38,-0.78,False
Eminence,2026-09-28,Houston,,,1,,2.07,1.17,,,,False
Eminence,2026-09-29,South Iron,,3,1,W,2.6,0.45,0.4,-0.55,-0.15,False
Eminence,2026-10-02,Central (Springfield),,0,2,L,1.64,0.9,-1.64,-1.1,-2.74,False
Eminence,2026-10-02,Linn,,0,2,L,0.67,2.22,-0.67,0.22,-0.44,False
Eminence,2026-10-02,Capital City,,0,2,L,0.93,2.24,-0.93,0.24,-0.68,False
Eminence,2026-10-02,Sullivan,,0,2,L,-0.36,2.97,0.36,0.97,1.33,False
Eminence,2026-10-05,Mountain Grove,,0,3,L,0.71,1.93,-0.71,-1.07,-1.78,False
Eminence,2026-10-06,Thayer,,3,0,W,2.13,0.88,0.87,0.88,1.76,False
Eminence,2026-10-08,Summersville,,3,0,W,2.13,1.09,0.87,1.09,1.97,False
Eminence,2026-10-12,Clearwater,,,,,2.8,-0.21,,,,False
Eminence,2026-10-13,Lesterville,,,,,1.91,1.0,,,,False
"Essex Community School District(Essex, IA)",2026-10-08,Tarkio with Fairfax,,,,,,,,,,False
Eugene,2026-08-27,Otterville,,2,3,L,1.26,2.17,0.74,-0.83,-0.09,False
Eugene,2026-08-31,Dixon,,3,1,W,2.38,1.03,0.62,0.03,0.65,False
Eugene,2026-09-01,Mexico,,3,1,W,2.31,2.02,0.69,1.02,1.7,False
Eugene,2026-09-03,Stover,,0,3,L,0.15,3.29,-0.15,0.29,0.15,False
Eugene,2026-09-08,Eldon,,0,3,L,0.91,2.76,-0.91,-0.24,-1.15,False
Eugene,2026-09-10,Fulton,,0,3,L,1.31,2.36,-1.31,-0.64,-1.95,False
Eugene,2026-09-14,Calvary Lutheran,,1,3,L,1.82,2.0,-0.82,-1.0,-1.82,False
Eugene,2026-09-15,Fatima,,0,3,L,0.72,3.13,-0.72,0.13,-0.58,False
Eugene,2026-09-17,Osage,,0,3,L,-0.56,4.34,0.56,1.34,1.9,False
Eugene,2026-09-19,Bunceton,,2,0,W,4.06,-0.95,-2.06,-0.95,-3.0,False
Eugene,2026-09-19,New Bloomfield,,2,0,W,2.75,0.41,-0.75,0.41,-0.34,False
Eugene,2026-09-19,North Callaway,,1,1,T,0.85,2.71,0.15,1.71,1.87,False
Eugene,2026-09-21,Belle,,3,1,W,1.83,1.81,1.17,0.81,1.98,False
Eugene,2026-09-22,Laquey,,3,0,W,3.54,-0.35,-0.54,-0.35,-0.89,False
Eugene,2026-09-24,Christian Fellowship Sr.,,3,1,W,2.37,1.23,0.63,0.23,0.86,False
Eugene,2026-09-28,Smithton,,1,3,L,1.32,2.33,-0.32,-0.67,-0.99,False
Eugene,2026-09-29,Versailles,,0,3,L,0.7,3.08,-0.7,0.08,-0.61,False
Eugene,2026-10-01,New Bloomfield,,3,0,W,2.75,0.41,0.25,0.41,0.66,False
Eugene,2026-10-05,Chamois,,3,0,W,3.79,0.38,-0.79,0.38,-0.41,False
Eugene,2026-10-06,Russellville,,1,3,L,1.28,2.52,-0.28,-0.48,-0.76,False
Eugene,2026-10-08,Tipton,,1,3,L,0.59,2.53,0.41,-0.47,-0.07,False
Eugene,2026-10-12,Bunceton,,,,,4.06,-0.95,,,,False
Eugene,2026-10-13,Linn,,,,,-0.15,3.56,,,,False
Eugene,2026-10-15,North Callaway,,,,,0.85,2.71,,,,False
Eugene,2026-10-17,Centralia,,,,,1.78,2.01,,,,False
Eugene,2026-10-17,Chamois,,,,,3.79,0.38,,,,False
Eugene,2026-10-21,Warsaw,,,,,0.19,3.58,,,,False
Eureka,2026-08-27,St. Dominic,,2,1,W,1.58,1.28,0.42,0.28,0.69,False
Eureka,2026-08-27,Ft. Zumwalt West,,2,1,W,1.54,0.9,0.46,-0.1,0.36,False
Eureka,2026-08-31,Oakville,,3,1,W,2.62,0.53,0.38,-0.47,-0.09,False
Eureka,2026-09-03,St. Francis Borgia,,3,0,W,1.85,0.84,1.15,0.84,1.99,False
Eureka,2026-09-08,Rockwood Summit,,3,0,W,2.32,0.6,0.68,0.6,1.28,False
Eureka,2026-09-10,Parkway West,,3,0,W,2.96,0.06,0.04,0.06,0.1,False
Eureka,2026-09-11,Blue Springs South,,2,0,W,2.16,1.07,-0.16,1.07,0.91,False
Eureka,2026-09-11,Jefferson City,,0,2,L,2.3,0.6,-2.3,-1.4,-3.7,False
Eureka,2026-09-12,Lee's Summit North,,2,0,W,1.27,1.63,0.73,1.63,2.36,False
Eureka,2026-09-12,Nixa,,2,1,W,1.78,0.95,0.22,-0.05,0.16,False
Eureka,2026-09-12,"Mascoutah(Mascoutah, IL)",,2,1,W,,,,,,False
Eureka,2026-09-16,Francis Howell North,,3,0,W,3.55,-0.21,-0.55,-0.21,-0.76,False
Eureka,2026-09-17,Marquette,,3,2,W,2.61,0.66,0.39,-1.34,-0.95,False
Eureka,2026-09-19,"Blue Valley SW(Overland Park, KS)",,2,1,W,,,,,,False
Eureka,2026-09-19,Lee's Summit West,,1,2,L,0.79,1.92,0.21,-0.08,0.13,False
Eureka,2026-09-19,Park Hill South,,2,1,W,2.53,0.51,-0.53,-0.49,-1.02,False
Eureka,2026-09-19,"Maize South(Wichita, KS)",,1,2,L,,,,,,False
Eureka,2026-09-21,North Point,,2,0,W,2.62,0.37,-0.62,0.37,-0.26,False
Eureka,2026-09-21,Francis Howell Central,,2,0,W,3.31,0.06,-1.31,0.06,-1.24,False
Eureka,2026-09-23,Francis Howell,,2,0,W,3.14,0.07,-1.14,0.07,-1.08,False
Eureka,2026-09-23,Westminster Christian Academy,,0,2,L,2.0,0.67,-2.0,-1.33,-3.33,False
Eureka,2026-09-24,Seckman,,3,0,W,2.66,0.44,0.34,0.44,0.78,False
Eureka,2026-09-29,Lindbergh,,3,0,W,2.8,0.96,0.2,0.96,1.17,False
Eureka,2026-09-30,"Mater Dei Catholic(Breese, IL)",,1,2,L,,,,,,False
Eureka,2026-10-06,Incarnate Word Academy,,2,3,L,1.85,1.82,0.15,-1.18,-1.03,False
Eureka,2026-10-08,Lafayette (Wildwood),,0,3,L,0.67,2.13,-0.67,-0.87,-1.54,False
Eureka,2026-10-08,Lindbergh,,,,,2.8,0.96,,,,False
Eureka,2026-10-09,Park Hill South,,,,,2.53,0.51,,,,False
Eureka,2026-10-09,"Greenwood(Greenwood, AR)",,,,,,,,,,False
Eureka,2026-10-10,Logan-Rogersville,,,,,3.38,0.08,,,,False
Eureka,2026-10-10,Ozark,,,,,1.38,1.28,,,,False
Eureka,2026-10-10,West Plains,,,,,2.08,0.81,,,,False
Eureka,2026-10-12,Kirkwood,,,,,2.25,0.9,,,,False
Eureka,2026-10-13,Cor Jesu Academy,,,,,2.09,1.24,,,,False
Eureka,2026-10-15,Jackson,,,,,0.83,1.75,,,,False
Eureka,2026-10-21,Lindbergh,,,,,2.8,0.96,,,,False
"Eureka Springs(Eureka Springs, AR)",2026-09-03,McDonald County,,0,3,L,,,,,,False
Everton,2026-08-27,Greenfield,,,,,1.1,2.0,,,,False
Everton,2026-08-28,Marion C. Early,,3,0,W,3.85,-0.36,-0.85,-0.36,-1.21,False
Everton,2026-09-01,Pleasant Hope,,0,3,L,1.03,1.71,-1.03,-1.29,-2.32,False
Everton,2026-09-03,Gloria Deo Academy,,3,0,W,2.08,0.61,0.92,0.61,1.53,False
Everton,2026-09-04,Niangua,,3,0,W,2.67,0.09,0.33,0.09,0.42,False
Everton,2026-09-05,Galena,,2,0,W,2.06,0.46,-0.06,0.46,0.4,False
Everton,2026-09-05,Gloria Deo Academy,,2,0,W,2.08,0.61,-0.08,0.61,0.53,False
Everton,2026-09-05,McAuley Catholic,,2,0,W,2.27,0.81,-0.27,0.81,0.54,False
Everton,2026-09-05,Verona,,1,1,T,1.54,1.41,-0.54,0.41,-0.13,False
Everton,2026-09-05,Northeast Vernon County,,2,0,W,3.34,-0.87,-1.34,-0.87,-2.22,False
Everton,2026-09-05,Lockwood,,0,2,L,-0.51,3.1,0.51,1.1,1.61,False
Everton,2026-09-08,Greenfield,,0,3,L,1.1,2.0,-1.1,-1.0,-2.1,False
Everton,2026-09-10,Billings,,0,3,L,0.04,2.97,-0.04,-0.03,-0.07,False
Everton,2026-09-11,School of the Ozarks,,2,3,L,0.58,1.95,1.42,-1.05,0.37,False
Everton,2026-09-14,Northeast Vernon County,,3,0,W,3.34,-0.87,-0.34,-0.87,-1.22,False
Everton,2026-09-15,Purdy,,3,0,W,1.74,1.41,1.26,1.41,2.67,False
Everton,2026-09-17,Southwest (Washburn),,3,1,W,2.12,0.39,0.88,-0.61,0.26,False
Everton,2026-09-19,Thomas Jefferson Independent Day,,0,2,L,0.62,1.73,-0.62,-0.27,-0.89,False
Everton,2026-09-19,Hurley,,2,0,W,1.9,0.97,0.1,0.97,1.06,False
Everton,2026-09-19,Exeter,,2,0,W,2.78,0.14,-0.78,0.14,-0.64,False
Everton,2026-09-19,Sheldon,,2,0,W,2.49,0.46,-0.49,0.46,-0.03,False
Everton,2026-09-22,Verona,,2,3,L,1.54,1.41,0.46,-1.59,-1.13,False
Everton,2026-09-24,Hurley,,3,1,W,1.9,0.97,1.1,-0.03,1.06,False
Everton,2026-09-29,Marion C. Early,,3,0,W,3.85,-0.36,-0.85,-0.36,-1.21,False
Everton,2026-10-01,Sheldon,,3,1,W,2.49,0.46,0.51,-0.54,-0.03,False
Everton,2026-10-02,Chadwick,,3,1,W,1.86,0.96,1.14,-0.04,1.1,False
Everton,2026-10-03,Thomas Jefferson Independent Day,,0,2,L,0.62,1.73,-0.62,-0.27,-0.89,False
Everton,2026-10-03,Verona,,2,0,W,1.54,1.41,0.46,1.41,1.87,False
Everton,2026-10-03,Exeter,,2,0,W,2.78,0.14,-0.78,0.14,-0.64,False
Everton,2026-10-03,Golden City,,2,0,W,2.31,0.66,-0.31,0.66,0.35,False
Everton,2026-10-03,Crane,,0,2,L,1.17,1.71,-1.17,-0.29,-1.47,False
Everton,2026-10-03,Purdy,,1,2,L,1.74,1.41,-0.74,-0.59,-1.33,False
Everton,2026-10-06,Bradleyville,,3,1,W,3.3,-0.05,-0.3,-1.05,-1.35,False
Everton,2026-10-08,Golden City,,3,0,W,2.31,0.66,0.69,0.66,1.35,False
Everton,2026-10-13,Blue Eye,,,,,-0.05,2.48,,,,False
Everton,2026-10-15,Galena,,,,,2.06,0.46,,,,False
Everton,2026-10-19,Lockwood,,,,,-0.51,3.1,,,,False
Everton,2026-10-20,Jasper,,,,,1.56,1.48,,,,False
Ewing Marion Kauffman,2026-09-02,Southeast,,3,0,W,3.67,-0.89,-0.67,-0.89,-1.56,False
Ewing Marion Kauffman,2026-09-05,Raytown South,,0,2,L,0.98,1.99,-0.98,-0.01,-0.98,False
Ewing Marion Kauffman,2026-09-05,University Academy Charter,,0,2,L,0.19,2.09,-0.19,0.09,-0.1,False
Ewing Marion Kauffman,2026-09-05,Van Horn,,0,2,L,1.11,1.53,-1.11,-0.47,-1.59,False
Ewing Marion Kauffman,2026-09-05,William Chrisman,,0,2,L,-0.42,2.82,0.42,0.82,1.24,False
Ewing Marion Kauffman,2026-09-08,Grandview,,2,3,L,0.21,2.35,1.79,-0.65,1.14,False
Ewing Marion Kauffman,2026-09-10,Central (Kansas City),,3,0,W,2.46,0.37,0.54,0.37,0.91,False
Ewing Marion Kauffman,2026-09-14,Paseo Academy,,3,0,W,2.11,0.8,0.89,0.8,1.69,False
Ewing Marion Kauffman,2026-09-17,University Academy Charter,,0,3,L,0.19,2.09,-0.19,-0.91,-1.1,False
Ewing Marion Kauffman,2026-09-19,Grandview,,0,2,L,0.21,2.35,-0.21,0.35,0.14,False
Ewing Marion Kauffman,2026-09-19,Lincoln College Prep,,0,2,L,-0.08,3.22,0.08,1.22,1.3,False
Ewing Marion Kauffman,2026-09-22,KIPP KC Legacy,,3,0,W,2.21,0.59,0.79,0.59,1.38,False
Ewing Marion Kauffman,2026-09-24,Crossroads Prep Charter,,3,0,W,2.13,0.53,0.87,0.53,1.4,False
Ewing Marion Kauffman,2026-09-26,East (Kansas City),,0,1,L,3.99,-1.27,-3.99,-2.27,-6.26,False
Ewing Marion Kauffman,2026-09-29,Faith Christian Academy,,0,3,L,0.33,2.05,-0.33,-0.95,-1.27,False
Ewing Marion Kauffman,2026-10-01,Academie Lafayette,,3,0,W,3.16,-0.81,-0.16,-0.81,-0.98,False
Ewing Marion Kauffman,2026-10-05,"KC Metro(Kansas City, KS)",,,,,,,,,,False
Ewing Marion Kauffman,2026-10-08,Northeast (Kansas City),,,,,3.13,-0.07,,,,False
Ewing Marion Kauffman,2026-10-13,Cristo Rey,,,,,2.22,0.3,,,,False
Ewing Marion Kauffman,2026-10-15,Central (Kansas City),,,,,2.46,0.37,,,,False
Ewing Marion Kauffman,2026-10-20,"Turner(Kansas City, KS)",,,,,,,,,,False
Excelsior Springs,2026-09-01,Mid-Buchanan,,0,3,L,-0.85,3.51,0.85,0.51,1.37,False
Excelsior Springs,2026-09-02,Oak Grove,,0,3,L,-1.8,4.62,1.8,1.62,3.42,False
Excelsior Springs,2026-09-08,Benton,,0,3,L,-0.77,3.84,0.77,0.84,1.61,False
Excelsior Springs,2026-09-09,Harrisonville,,0,3,L,-0.04,3.48,0.04,0.48,0.53,False
Excelsior Springs,2026-09-10,Chillicothe,,0,3,L,1.0,2.02,-1.0,-0.98,-1.97,False
Excelsior Springs,2026-09-12,Carrollton,,1,1,T,1.96,1.56,-0.96,0.56,-0.39,False
Excelsior Springs,2026-09-12,Chillicothe,,0,2,L,1.0,2.02,-1.0,0.02,-0.97,False
Excelsior Springs,2026-09-12,St. Paul Lutheran (Concordia),,0,2,L,1.01,2.34,-1.01,0.34,-0.68,False
Excelsior Springs,2026-09-15,Bishop LeBlond,,0,3,L,0.18,3.28,-0.18,0.28,0.11,False
Excelsior Springs,2026-09-17,Lexington,,3,0,W,2.12,0.88,0.88,0.88,1.76,False
Excelsior Springs,2026-09-21,Lawson,,0,3,L,0.48,2.58,-0.48,-0.42,-0.9,False
Excelsior Springs,2026-09-22,West Platte,,0,3,L,0.58,2.95,-0.58,-0.05,-0.64,False
Excelsior Springs,2026-09-24,Van Horn,,3,2,W,1.71,1.27,1.29,-0.73,0.56,False
Excelsior Springs,2026-09-29,Lathrop,,3,1,W,1.75,1.6,1.25,0.6,1.84,False
Excelsior Springs,2026-09-30,Kearney,,0,3,L,-0.22,2.99,0.22,-0.01,0.21,False
Excelsior Springs,2026-10-05,St. Pius X (Kansas City),,0,3,L,-1.4,4.57,1.4,1.57,2.97,False
Excelsior Springs,2026-10-08,Cameron,,1,3,L,1.19,1.99,-0.19,-1.01,-1.2,False
Excelsior Springs,2026-10-10,Benton,,,,,-0.77,3.84,,,,False
Excelsior Springs,2026-10-10,Bishop LeBlond,,,,,0.18,3.28,,,,False
Excelsior Springs,2026-10-10,Mound City,,,,,0.17,3.15,,,,False
Excelsior Springs,2026-10-10,Savannah,,,,,-0.15,3.71,,,,False
Excelsior Springs,2026-10-13,Maryville,,,,,-0.41,3.8,,,,False
Excelsior Springs,2026-10-15,Savannah,,,,,-0.15,3.71,,,,False
Excelsior Springs,2026-10-20,Frontier STEM,,,,,3.95,-0.84,,,,False
Exeter,2026-08-27,Seneca,,1,3,L,0.99,2.12,0.01,-0.88,-0.87,False
Exeter,2026-09-03,Blue Eye,,0,3,L,-1.24,3.94,1.24,0.94,2.18,False
Exeter,2026-09-05,Southwest (Washburn),,2,0,W,0.94,1.84,1.06,1.84,2.9,False
Exeter,2026-09-05,Gloria Deo Academy,,0,2,L,0.89,2.06,-0.89,0.06,-0.83,False
Exeter,2026-09-05,McAuley Catholic,,0,2,L,1.08,2.27,-1.08,0.27,-0.82,False
Exeter,2026-09-05,Golden City,,1,1,T,1.12,2.11,-0.12,1.11,0.99,False
Exeter,2026-09-05,Lockwood,,0,2,L,-1.7,4.56,1.7,2.56,4.25,False
Exeter,2026-09-08,Thomas Jefferson Independent Day,,0,3,L,-0.57,3.18,0.57,0.18,0.75,False
Exeter,2026-09-11,Golden City,,2,3,L,1.12,2.11,0.88,-0.89,-0.01,False
Exeter,2026-09-14,Billings,,0,3,L,-1.14,4.43,1.14,1.43,2.57,False
Exeter,2026-09-15,Bronaugh,,3,0,W,2.85,-0.03,0.15,-0.03,0.12,False
Exeter,2026-09-15,McAuley Catholic,,2,3,L,1.08,2.27,0.92,-0.73,0.18,False
Exeter,2026-09-17,Galena,,2,3,L,0.88,1.92,1.12,-1.08,0.04,False
Exeter,2026-09-19,Everton,,0,2,L,0.14,2.78,-0.14,0.78,0.64,False
Exeter,2026-09-19,Sheldon,,0,2,L,1.3,1.92,-1.3,-0.08,-1.39,False
Exeter,2026-09-19,Galena,,0,2,L,0.88,1.92,-0.88,-0.08,-0.96,False
Exeter,2026-09-22,New Heights Christian,,0,3,L,-0.51,3.4,0.51,0.4,0.91,False
Exeter,2026-09-24,Marion C. Early,,3,0,W,2.66,1.09,0.34,1.09,1.43,False
Exeter,2026-09-28,Hurley,,1,3,L,0.71,2.42,0.29,-0.58,-0.29,False
Exeter,2026-10-01,Purdy,,2,3,L,0.55,2.87,1.45,-0.13,1.32,False
Exeter,2026-10-03,Everton,,0,2,L,0.14,2.78,-0.14,0.78,0.64,False
Exeter,2026-10-03,Thomas Jefferson Independent Day,,0,2,L,-0.57,3.18,0.57,1.18,1.75,False
Exeter,2026-10-03,Verona,,0,2,L,0.35,2.86,-0.35,0.86,0.51,False
Exeter,2026-10-03,Golden City,,0,2,L,1.12,2.11,-1.12,0.11,-1.01,False
Exeter,2026-10-05,McAuley Catholic,,1,3,L,1.08,2.27,-0.08,-0.73,-0.82,False
Exeter,2026-10-06,Southwest (Washburn),,1,3,L,0.94,1.84,0.06,-1.16,-1.1,False
Exeter,2026-10-09,Wheaton,,,,,0.79,2.36,,,,False
Exeter,2026-10-12,Sheldon,,,,,1.3,1.92,,,,False
Exeter,2026-10-13,Gloria Deo Academy,,,,,0.89,2.06,,,,False
Exeter,2026-10-16,School of the Ozarks,,,,,-0.61,3.41,,,,False
Exeter,2026-10-19,Verona,,,,,0.35,2.86,,,,False
Exeter,2026-10-20,Crane,,,,,-0.01,3.16,,,,False
"F L Schlagle(Kansas City , KS)",2026-09-19,Northeast (Kansas City),,2,0,W,,,,,,False
"F L Schlagle(Kansas City, KS)",2026-09-19,Central (Kansas City),,1,1,T,,,,,,False
"F. L. Schlagle(Kansas City, KS)",2026-09-03,Northeast (Kansas City),,3,1,W,,,,,,False
"F. L. Schlagle(Kansas City, KS)",2026-09-08,Central (Kansas City),,,2,,,,,,,False
Fair Grove,2026-08-29,East Newton,,1,1,T,1.25,1.26,-0.25,0.26,0.01,False
Fair Grove,2026-08-29,Kearney,,1,1,T,0.85,1.49,0.15,0.49,0.64,False
Fair Grove,2026-08-29,Republic,,0,2,L,0.23,2.26,-0.23,0.26,0.03,False
Fair Grove,2026-09-01,Skyline,,3,2,W,1.59,1.17,1.41,-0.83,0.58,False
Fair Grove,2026-09-03,Battle,,0,2,L,0.41,2.46,-0.41,0.46,0.05,False
Fair Grove,2026-09-03,Hickman,,0,2,L,0.65,1.91,-0.65,-0.09,-0.74,False
Fair Grove,2026-09-03,Smith-Cotton,,2,0,W,1.26,1.5,0.74,1.5,2.24,False
Fair Grove,2026-09-10,Marshfield,,2,3,L,0.16,2.45,1.84,-0.55,1.29,False
Fair Grove,2026-09-15,Miller,,3,1,W,1.61,1.28,1.39,0.28,1.67,False
Fair Grove,2026-09-17,El Dorado Springs,,3,0,W,3.0,-0.12,-0.0,-0.12,-0.12,False
Fair Grove,2026-09-19,Cassville,,3,0,W,2.34,0.68,0.66,0.68,1.34,False
Fair Grove,2026-09-19,Central (Springfield),,2,0,W,1.94,0.4,0.06,0.4,0.46,False
Fair Grove,2026-09-19,El Dorado Springs,,2,1,W,3.0,-0.12,-1.0,-1.12,-2.12,False
Fair Grove,2026-09-19,Lighthouse Sr. High,,1,2,L,,,,,,False
Fair Grove,2026-09-19,Stockton,,2,0,W,1.99,0.94,0.01,0.94,0.95,False
Fair Grove,2026-09-21,Glendale,,0,3,L,0.43,2.1,-0.43,-0.9,-1.33,False
Fair Grove,2026-09-22,Logan-Rogersville,,0,3,L,1.0,2.21,-1.0,-0.79,-1.79,False
Fair Grove,2026-09-24,Hollister,,0,3,L,0.65,1.88,-0.65,-1.12,-1.77,False
Fair Grove,2026-09-29,Clever,,0,3,L,0.95,1.83,-0.95,-1.17,-2.12,False
Fair Grove,2026-10-01,Springfield Catholic,,0,3,L,1.01,1.34,-1.01,-1.66,-2.68,False
Fair Grove,2026-10-03,Aurora,,1,1,T,2.7,0.53,-1.7,-0.47,-2.18,False
Fair Grove,2026-10-03,East Newton,,1,1,T,1.25,1.26,-0.25,0.26,0.01,False
Fair Grove,2026-10-03,Miller,,2,0,W,1.61,1.28,0.39,1.28,1.67,False
Fair Grove,2026-10-03,"Rogers(Rogers , AR)",,0,2,L,,,,,,False
Fair Grove,2026-10-05,Willard,,0,3,L,0.84,2.09,-0.84,-0.91,-1.75,False
Fair Grove,2026-10-06,Reeds Spring,,3,0,W,2.23,1.04,0.77,1.04,1.8,False
Fair Grove,2026-10-08,Forsyth,,,,,2.7,-0.14,,,,False
Fair Grove,2026-10-13,Strafford,,,,,0.19,2.34,,,,False
Fair Grove,2026-10-15,Buffalo,,,,,2.46,0.06,,,,False
Fair Grove,2026-10-19,Diamond,,,,,2.58,0.34,,,,False
Fair Grove,2026-10-22,Mountain Grove,,,,,1.01,1.42,,,,False
"Fairfield Community HS(Fairfield , IL)",2026-09-12,Nerinx Hall,,2,1,W,,,,,,False
"Fairfield Community(Fairfield , IL)",2026-09-12,Visitation Academy,,,,,,,,,,False
Faith Christian Academy,2026-08-27,"Metro Mavs(Olathe , KS)",,0,3,L,,,,,,False
Faith Christian Academy,2026-08-28,"Bishop Seabury(Lawrence , KS)",,0,3,L,,,,,,False
Faith Christian Academy,2026-09-01,"Bishop Ward(Kansas City, KS)",,3,0,W,,,,,,False
Faith Christian Academy,2026-09-03,"Maranatha(Olathe, KS)",,0,3,L,,,,,,False
Faith Christian Academy,2026-09-08,Northland Christian,,3,1,W,0.52,1.9,2.48,0.9,3.38,False
Faith Christian Academy,2026-09-10,"Heritage Christian(Olathe, KS)",,0,3,L,,,,,,False
Faith Christian Academy,2026-09-12,Northland Christian,,0,2,L,0.52,1.9,-0.52,-0.1,-0.62,False
Faith Christian Academy,2026-09-12,Sherwood,,2,0,W,2.2,0.17,-0.2,0.17,-0.02,False
Faith Christian Academy,2026-09-12,Stover,,0,2,L,0.32,2.22,-0.32,0.22,-0.1,False
Faith Christian Academy,2026-09-12,Trenton,,1,1,T,2.25,0.38,-1.25,-0.62,-1.86,False
Faith Christian Academy,2026-09-12,Wellington-Napoleon,,2,0,W,1.9,0.64,0.1,0.64,0.74,False
Faith Christian Academy,2026-09-15,Lutheran (Kansas City),,1,3,L,1.46,0.97,-0.46,-2.03,-2.49,False
Faith Christian Academy,2026-09-17,"Kansas City Christian(Kansas City, KS)",,0,3,L,,,,,,False
Faith Christian Academy,2026-09-19,"Bishop Ward(Kansas City, KS)",,2,0,W,,,,,,False
Faith Christian Academy,2026-09-19,"Kansas City Christian(Kansas City, KS)",,2,0,W,,,,,,False
Faith Christian Academy,2026-09-19,Lutheran (Kansas City),,0,2,L,1.46,0.97,-1.46,-1.03,-2.49,False
Faith Christian Academy,2026-09-21,"Kansas City East Christian Homeschool(Kansas City, KS)",,3,0,W,,,,,,False
Faith Christian Academy,2026-09-22,Maysville,,3,1,W,2.49,0.19,0.51,-0.81,-0.3,False
Faith Christian Academy,2026-09-25,"Christ Prep(Lenexa, KS)",,0,3,L,,,,,,False
Faith Christian Academy,2026-09-29,Ewing Marion Kauffman,,3,0,W,2.05,0.33,0.95,0.33,1.27,False
Faith Christian Academy,2026-10-01,Kingsville,,3,0,W,2.13,0.52,0.87,0.52,1.4,False
Faith Christian Academy,2026-10-03,Archie,,1,1,T,1.15,1.71,-0.15,0.71,0.56,False
Faith Christian Academy,2026-10-03,Lutheran (Kansas City),,1,1,T,1.46,0.97,-0.46,-0.03,-0.49,False
Faith Christian Academy,2026-10-03,Midway,,2,0,W,1.11,1.35,0.89,1.35,2.25,False
Faith Christian Academy,2026-10-06,"Atchison Classical(Atchison , KS)",,3,0,W,,,,,,False
Faith Christian Academy,2026-10-12,Lawson,,,,,0.61,1.84,,,,False
Faith Christian Academy,2026-10-13,Lutheran (Kansas City),,,,,1.46,0.97,,,,False
"Falls City Public(Falls City, NE)",2026-09-29,West Nodaway with Nodaway-Holt,,3,0,W,,,,,,False
"Falls City Sacred Heart(Falls City , NE)",2026-09-03,Bishop LeBlond,,1,3,L,,,,,,False
"Falls City Sacred Heart(Falls City, NE)",2026-09-01,Rock Port,,1,3,L,,,,,,False
"Falls City(Falls City, NE)",2026-08-31,Tarkio with Fairfax,,3,0,W,,,,,,False
Farmington,2026-08-28,MICDS,,2,1,W,1.77,1.28,0.23,0.28,0.51,False
Farmington,2026-08-28,North Point,,3,0,W,1.98,1.06,1.02,1.06,2.08,False
Farmington,2026-08-28,"St. Louis Panthers(St. Louis, MO)",,2,1,W,,,,,,False
Farmington,2026-08-29,Blair Oaks,,0,2,L,1.92,1.26,-1.92,-0.74,-2.66,False
Farmington,2026-09-01,Notre Dame (Cape Girardeau),,3,2,W,2.37,0.49,0.63,-1.51,-0.88,False
Farmington,2026-09-02,Arcadia Valley,,3,0,W,2.93,-0.09,0.07,-0.09,-0.02,False
Farmington,2026-09-03,Festus,,3,1,W,1.87,0.85,1.13,-0.15,0.98,False
Farmington,2026-09-05,Webb City,,3,0,W,2.73,0.65,0.27,0.65,0.92,False
Farmington,2026-09-08,Hillsboro,,3,0,W,2.19,0.92,0.81,0.92,1.73,False
Farmington,2026-09-12,DeSoto,,2,0,W,3.89,-1.13,-1.89,-1.13,-3.03,False
Farmington,2026-09-12,Potosi,,0,2,L,1.0,1.77,-1.0,-0.23,-1.23,False
Farmington,2026-09-12,Ft. Zumwalt North,,2,0,W,2.37,0.92,-0.37,0.92,0.55,False
Farmington,2026-09-12,North County,,2,0,W,3.6,0.05,-1.6,0.05,-1.55,False
Farmington,2026-09-15,Seckman,,3,2,W,2.02,1.13,0.98,-0.87,0.11,False
Farmington,2026-09-16,St. Pius X (Festus),,3,0,W,2.22,0.59,0.78,0.59,1.37,False
Farmington,2026-09-22,Central (Cape Girardeau),,2,0,W,3.29,-0.63,-1.29,-0.63,-1.92,False
Farmington,2026-09-22,Woodland,,2,0,W,2.64,0.5,-0.64,0.5,-0.15,False
Farmington,2026-09-23,DeSoto,,3,0,W,3.89,-1.13,-0.89,-1.13,-2.03,False
Farmington,2026-09-24,Ste. Genevieve,,3,0,W,2.82,0.18,0.18,0.18,0.37,False
Farmington,2026-09-29,Potosi,,1,,,1.0,1.77,,,,False
Farmington,2026-10-01,Central (Park Hills),,3,1,W,3.6,-0.09,-0.6,-1.09,-1.69,False
Farmington,2026-10-05,Jackson,,0,3,L,0.18,2.44,-0.18,-0.56,-0.75,False
Farmington,2026-10-06,North County,,3,0,W,3.6,0.05,-0.6,0.05,-0.55,False
Farmington,2026-10-08,Fredericktown,,,,,3.09,0.29,,,,False
Farmington,2026-10-21,TBD,,,,,,,,,,False
"Farmington(Farmington, AR)",2026-08-29,Blue Springs South,,2,0,W,,,,,,False
"Farmington(Farmington, AR)",2026-09-03,Nixa,,3,2,W,,,,,,False
"Farmington(Farmington, AR)",2026-10-06,Carl Junction,,3,2,W,,,,,,False
Father Tolton,2026-08-27,New Bloomfield,,3,0,W,3.8,-1.08,-0.8,-1.08,-1.88,False
Father Tolton,2026-08-29,Boonville,,1,1,T,1.11,1.9,-0.11,0.9,0.79,False
Father Tolton,2026-08-29,Hallsville,,0,2,L,1.46,1.55,-1.46,-0.45,-1.91,False
Father Tolton,2026-08-29,Linn,,0,2,L,0.9,2.07,-0.9,0.07,-0.83,False
Father Tolton,2026-08-29,Tipton,,2,0,W,1.64,1.03,0.36,1.03,1.39,False
Father Tolton,2026-09-01,California,,3,2,W,1.12,1.88,1.88,-0.12,1.76,False
Father Tolton,2026-09-03,Christian Fellowship Sr.,,3,0,W,3.41,-0.27,-0.41,-0.27,-0.68,False
Father Tolton,2026-09-08,Osage,,0,3,L,0.49,2.84,-0.49,-0.16,-0.64,False
Father Tolton,2026-09-10,Centralia,,3,0,W,2.83,0.51,0.17,0.51,0.68,False
Father Tolton,2026-09-12,Battle,,0,2,L,0.35,2.8,-0.35,0.8,0.45,False
Father Tolton,2026-09-12,Hannibal,,0,2,L,-0.51,3.15,0.51,1.15,1.66,False
Father Tolton,2026-09-12,Hickman,,0,2,L,0.59,2.26,-0.59,0.26,-0.34,False
Father Tolton,2026-09-12,"Madison(Madison, IL)",,2,0,W,,,,,,False
Father Tolton,2026-09-14,Mexico,,3,0,W,3.36,0.52,-0.36,0.52,0.16,False
Father Tolton,2026-09-15,Heritage Athletics,,3,0,W,,,,,,False
Father Tolton,2026-09-17,Battle,,0,3,L,0.35,2.8,-0.35,-0.2,-0.55,False
Father Tolton,2026-09-21,St. Francis Borgia,,0,3,L,-0.59,3.32,0.59,0.32,0.91,False
Father Tolton,2026-09-22,Montgomery County,,3,0,W,2.38,0.84,0.62,0.84,1.46,False
Father Tolton,2026-09-23,Eldon,,3,1,W,1.95,1.26,1.05,0.26,1.31,False
Father Tolton,2026-09-26,Centralia,,1,1,T,2.83,0.51,-1.83,-0.49,-2.32,False
Father Tolton,2026-09-26,Columbia Independent,,2,0,W,3.12,0.38,-1.12,0.38,-0.73,False
Father Tolton,2026-09-26,Linn,,0,2,L,0.9,2.07,-0.9,0.07,-0.83,False
Father Tolton,2026-09-28,Fatima,,3,2,W,1.76,1.64,1.24,-0.36,0.87,False
Father Tolton,2026-09-30,Helias Catholic,,0,3,L,-1.0,3.67,1.0,0.67,1.68,False
Father Tolton,2026-10-05,Capital City,,0,3,L,1.16,2.09,-1.16,-0.91,-2.07,False
Father Tolton,2026-10-06,Bowling Green,,3,0,W,2.75,0.41,0.25,0.41,0.65,False
Father Tolton,2026-10-07,Hallsville,,2,3,L,1.46,1.55,0.54,-1.45,-0.91,False
Father Tolton,2026-10-12,Camdenton,,,,,1.48,1.33,,,,False
Father Tolton,2026-10-14,Hickman,,,,,0.59,2.26,,,,False
Father Tolton,2026-10-15,Kirksville,,,,,2.5,0.51,,,,False
Father Tolton,2026-10-19,Southern Boone,,,,,0.63,2.78,,,,False
Father Tolton,2026-10-21,Centralia,,,,,2.83,0.51,,,,False
Fatima,2026-08-25,Battle,,,,,0.48,3.06,,,,False
Fatima,2026-08-27,Hickman,,1,3,L,0.72,2.51,0.28,-0.49,-0.21,False
Fatima,2026-08-28,Cameron,,2,1,W,2.33,1.09,-0.33,0.09,-0.24,False
Fatima,2026-08-28,Rock Port,,2,0,W,0.83,2.18,1.17,2.18,3.35,False
Fatima,2026-08-29,Northland Christian,,0,2,L,1.53,1.73,-1.53,-0.27,-1.79,False
Fatima,2026-08-29,Saxony Lutheran,,0,2,L,0.31,3.07,-0.31,1.07,0.76,False
Fatima,2026-09-01,Helias Catholic,,0,3,L,-0.88,3.93,0.88,0.93,1.8,False
Fatima,2026-09-02,New Haven,,3,2,W,2.45,0.64,0.55,-1.36,-0.81,False
Fatima,2026-09-08,Linn,,3,2,W,1.03,2.32,1.97,0.32,2.29,False
Fatima,2026-09-10,Hermann,,0,3,L,1.68,1.52,-1.68,-1.48,-3.16,False
Fatima,2026-09-12,Centralia,,2,0,W,2.96,0.76,-0.96,0.76,-0.19,False
Fatima,2026-09-12,California,,0,2,L,1.25,2.13,-1.25,0.13,-1.12,False
Fatima,2026-09-12,Fulton,,2,0,W,2.48,1.12,-0.48,1.12,0.63,False
Fatima,2026-09-12,North Callaway,,2,0,W,2.02,1.47,-0.02,1.47,1.45,False
Fatima,2026-09-14,Southern Boone,,1,3,L,0.76,3.04,0.24,0.04,0.28,False
Fatima,2026-09-15,Eugene,,3,0,W,3.13,0.72,-0.13,0.72,0.58,False
Fatima,2026-09-16,Owensville,,3,2,W,1.4,1.96,1.6,-0.04,1.56,False
Fatima,2026-09-21,Montgomery County,,3,1,W,2.51,1.1,0.49,0.1,0.59,False
Fatima,2026-09-22,Boonville,,3,2,W,1.24,2.16,1.76,0.16,1.92,False
Fatima,2026-09-28,Father Tolton,,2,3,L,1.64,1.76,0.36,-1.24,-0.87,False
Fatima,2026-09-29,Sullivan,,0,3,L,-0.0,3.07,0.0,0.07,0.07,False
Fatima,2026-10-01,Blair Oaks,,0,3,L,0.25,3.3,-0.25,0.3,0.06,False
Fatima,2026-10-02,Stover,,1,3,L,1.32,2.05,-0.32,-0.95,-1.27,False
Fatima,2026-10-06,Osage,,0,3,L,0.61,3.1,-0.61,0.1,-0.52,False
Fatima,2026-10-07,Battle,,0,3,L,0.48,3.06,-0.48,0.06,-0.42,False
Fatima,2026-10-13,California,,,,,1.25,2.13,,,,False
Fatima,2026-10-15,Capital City,,,,,1.29,2.34,,,,False
Fatima,2026-10-16,St. Francis Borgia,,,,,-0.47,3.57,,,,False
Fatima,2026-10-19,New Bloomfield,,,,,3.92,-0.83,,,,False
Fatima,2026-10-20,Veritas Christian Academy,,,,,3.76,-0.49,,,,False
"Fayetteville(Fayetteville, AR)",2026-09-26,Bolivar,,2,0,W,,,,,,False
"Fayetteville(Fayetteville, AR)",2026-09-26,Willard,,2,0,W,,,,,,False
"Fayetteville(Fayetteville, AR)",2026-09-26,Eldon,,2,0,W,,,,,,False
"Fayetteville(Fayetteville, AR)",2026-09-26,Carthage,,1,1,T,,,,,,False
"Fayetteville(Fayetteville, AR)",2026-09-26,Marshfield,,2,0,W,,,,,,False
"Fayetteville(Fayetteville, AR)",2026-09-26,Hillcrest,,2,0,W,,,,,,False
Festus,2026-08-27,Northwest (Cedar Hill),,3,0,W,2.79,-0.26,0.21,-0.26,-0.05,False
Festus,2026-09-01,Central (Park Hills),,3,0,W,2.93,0.26,0.07,0.26,0.33,False
Festus,2026-09-03,Farmington,,1,3,L,0.85,1.87,0.15,-1.13,-0.98,False
Festus,2026-09-08,Valle Catholic,,3,1,W,1.51,1.27,1.49,0.27,1.76,False
Festus,2026-09-09,Oakville,,3,0,W,1.3,1.56,1.7,1.56,3.26,False
Festus,2026-09-12,Sullivan,,0,2,L,1.0,1.37,-1.0,-0.63,-1.63,False
Festus,2026-09-12,Potosi,,0,2,L,0.33,2.12,-0.33,0.12,-0.21,False
Festus,2026-09-12,North County,,2,0,W,2.92,0.4,-0.92,0.4,-0.53,False
Festus,2026-09-12,Ft. Zumwalt North,,2,0,W,1.7,1.27,0.3,1.27,1.57,False
Festus,2026-09-17,Windsor (Imperial),,3,0,W,2.05,0.45,0.95,0.45,1.4,False
Festus,2026-09-19,Troy Buchanan,,2,0,W,2.51,0.29,-0.51,0.29,-0.22,False
Festus,2026-09-19,Fox,,2,0,W,3.48,-0.31,-1.48,-0.31,-1.79,False
Festus,2026-09-19,Timberland,,1,1,T,2.36,0.51,-1.36,-0.49,-1.85,False
Festus,2026-09-19,Poplar Bluff,,2,0,W,2.82,-0.31,-0.82,-0.31,-1.13,False
Festus,2026-09-19,Windsor (Imperial),,2,0,W,2.05,0.45,-0.05,0.45,0.4,False
Festus,2026-09-19,Liberty (Wentzville),,2,0,W,2.1,0.62,-0.1,0.62,0.52,False
Festus,2026-09-22,DeSoto,,3,0,W,3.22,-0.78,-0.22,-0.78,-1.01,False
Festus,2026-09-23,Potosi,,1,3,L,0.33,2.12,0.67,-0.88,-0.21,False
Festus,2026-09-24,Lindbergh,,0,3,L,1.48,2.0,-1.48,-1.0,-2.48,False
Festus,2026-09-29,Hillsboro,,3,0,W,1.51,1.27,1.49,1.27,2.75,False
Festus,2026-09-30,St. Clair,,0,3,L,1.8,1.31,-1.8,-1.69,-3.49,False
Festus,2026-10-07,St. Francis Borgia,,0,3,L,0.53,1.88,-0.53,-1.12,-1.65,False
Festus,2026-10-10,Kirkwood,,,,,0.93,1.93,,,,False
Festus,2026-10-12,Seckman,,,,,1.35,1.48,,,,False
Festus,2026-10-15,Perryville,,,,,1.84,0.89,,,,False
Festus,2026-10-21,Affton,,,,,3.56,-0.69,,,,False
"First Baptist(Ofallon, IL)",2026-09-25,Gateway Science Charter,,2,0,W,,,,,,False
Fordland,2026-08-28,Hurley,,3,0,W,2.53,1.06,0.47,1.06,1.53,False
Fordland,2026-08-31,New Covenant Academy,,0,3,L,-0.97,4.03,0.97,1.03,2.0,False
Fordland,2026-09-01,Seymour,,3,1,W,2.88,0.98,0.12,-0.02,0.1,False
Fordland,2026-09-03,Crane,,3,2,W,1.81,1.8,1.19,-0.2,1.0,False
Fordland,2026-09-04,Chadwick,,3,1,W,2.49,1.06,0.51,0.06,0.57,False
Fordland,2026-09-10,Ash Grove,,0,3,L,0.71,2.74,-0.71,-0.26,-0.97,False
Fordland,2026-09-11,Gainesville,,1,3,L,1.62,2.18,-0.62,-0.82,-1.44,False
Fordland,2026-09-15,Conway,,3,2,W,1.98,1.76,1.02,-0.24,0.78,False
Fordland,2026-09-17,School of the Ozarks,,0,3,L,1.21,2.05,-1.21,-0.95,-2.16,False
Fordland,2026-09-18,Sparta,,3,0,W,2.59,0.92,0.41,0.92,1.33,False
Fordland,2026-09-19,Cabool,,0,2,L,0.17,3.24,-0.17,1.24,1.08,False
Fordland,2026-09-19,Hollister,,1,1,T,-0.12,3.49,1.12,2.49,3.62,False
Fordland,2026-09-19,Salem,,0,2,L,1.05,2.65,-1.05,0.65,-0.39,False
Fordland,2026-09-21,Ava,,0,3,L,1.43,2.2,-1.43,-0.8,-2.23,False
Fordland,2026-10-01,Blue Eye,,0,3,L,0.58,2.58,-0.58,-0.42,-1.0,False
Fordland,2026-10-07,Greenwood,,,,,1.82,1.9,,,,False
Fordland,2026-10-08,Dora,,3,0,W,2.36,1.24,0.64,1.24,1.87,False
Fordland,2026-10-10,Plato,,,,,2.2,1.52,,,,False
Fordland,2026-10-10,Gainesville,,,,,1.62,2.18,,,,False
Fordland,2026-10-10,Koshkonong,,,,,2.94,0.36,,,,False
Fordland,2026-10-12,Mansfield,,,,,3.61,0.28,,,,False
Fordland,2026-10-13,Spokane,,,,,0.51,3.08,,,,False
Fordland,2026-10-15,Marion C. Early,,,,,4.48,-0.27,,,,False
Fordland,2026-10-20,Seymour,,,,,2.88,0.98,,,,False
Forsyth,2026-08-29,Sarcoxie,,1,1,T,0.94,2.35,0.06,1.35,1.41,False
Forsyth,2026-08-29,New Heights Christian,,1,1,T,0.73,1.91,0.27,0.91,1.18,False
Forsyth,2026-08-29,Monett,,1,1,T,0.46,2.39,0.54,1.39,1.93,False
Forsyth,2026-08-29,Pierce City,,1,1,T,0.71,1.89,0.29,0.89,1.18,False
Forsyth,2026-08-29,Winona,,0,2,L,-0.66,3.6,0.66,1.6,2.26,False
Forsyth,2026-09-01,Marionville,,1,3,L,0.82,2.06,0.18,-0.94,-0.76,False
Forsyth,2026-09-03,Mountain Grove,,0,3,L,-0.36,2.9,0.36,-0.1,0.26,False
Forsyth,2026-09-08,Aurora,,3,2,W,1.34,2.01,1.66,0.01,1.67,False
Forsyth,2026-09-10,Ava,,0,3,L,0.85,2.07,-0.85,-0.93,-1.78,False
Forsyth,2026-09-12,Bakersfield,,0,2,L,1.62,1.35,-1.62,-0.65,-2.28,False
Forsyth,2026-09-12,Buffalo,,1,2,L,1.09,1.54,-0.09,-0.46,-0.55,False
Forsyth,2026-09-12,Skyline,,0,2,L,0.23,2.65,-0.23,0.65,0.42,False
Forsyth,2026-09-12,Willow Springs,,1,1,T,1.68,1.09,-0.68,0.09,-0.59,False
Forsyth,2026-09-12,Sparta,,1,1,T,2.0,0.79,-1.0,-0.21,-1.21,False
Forsyth,2026-09-15,Parkview,,3,2,W,1.39,1.28,1.61,-0.72,0.89,False
Forsyth,2026-09-24,Clever,,0,3,L,-0.41,3.31,0.41,0.31,0.72,False
Forsyth,2026-09-28,Springfield Catholic,,0,3,L,-0.35,2.82,0.35,-0.18,0.16,False
Forsyth,2026-10-01,Reeds Spring,,0,3,L,0.87,2.52,-0.87,-0.48,-1.35,False
Forsyth,2026-10-03,Hollister,,0,2,L,-0.71,3.36,0.71,1.36,2.07,False
Forsyth,2026-10-03,Reeds Spring,,0,2,L,0.87,2.52,-0.87,0.52,-0.35,False
Forsyth,2026-10-03,"Green Forest(Green Forest, AR)",,1,1,T,,,,,,False
Forsyth,2026-10-03,"Omaha(Omaha, AR)",,2,0,W,,,,,,False
Forsyth,2026-10-05,Spokane,,0,3,L,-0.08,2.95,0.08,-0.05,0.03,False
Forsyth,2026-10-06,Strafford,,1,3,L,-1.18,3.82,2.18,0.82,3.0,False
Forsyth,2026-10-08,Fair Grove,,,,,-0.14,2.7,,,,False
Forsyth,2026-10-13,Buffalo,,,,,1.09,1.54,,,,False
Forsyth,2026-10-15,Hollister,,,,,-0.71,3.36,,,,False
Forsyth,2026-10-20,Reeds Spring,,,,,0.87,2.52,,,,False
Fort Osage,2026-08-27,Blue Springs South,,1,3,L,0.49,2.98,0.51,-0.02,0.49,False
Fort Osage,2026-09-01,Kearney,,3,1,W,1.57,1.27,1.43,0.27,1.7,False
Fort Osage,2026-09-03,Truman,,3,0,W,2.45,0.39,0.55,0.39,0.93,False
Fort Osage,2026-09-08,Belton,,1,3,L,1.03,2.5,-0.03,-0.5,-0.53,False
Fort Osage,2026-09-10,William Chrisman,,3,0,W,1.96,0.84,1.04,0.84,1.88,False
Fort Osage,2026-09-12,Oak Grove,,0,3,L,-0.02,2.9,0.02,-0.1,-0.08,False
Fort Osage,2026-09-12,Odessa,,1,3,L,1.51,2.26,-0.51,-0.74,-1.25,False
Fort Osage,2026-09-15,Raytown,,3,0,W,2.75,0.02,0.25,0.02,0.26,False
Fort Osage,2026-09-17,Grain Valley,,0,3,L,1.25,2.09,-1.25,-0.91,-2.17,False
Fort Osage,2026-09-19,Central (St. Joseph),,2,0,W,1.84,1.04,0.16,1.04,1.2,False
Fort Osage,2026-09-19,Kearney,,1,1,T,1.57,1.27,-0.57,0.27,-0.3,False
Fort Osage,2026-09-19,Pembroke Hill,,0,2,L,0.55,2.2,-0.55,0.2,-0.35,False
Fort Osage,2026-09-19,Winnetonka,,2,0,W,3.48,-0.51,-1.48,-0.51,-1.99,False
Fort Osage,2026-09-21,North Kansas City,,2,3,L,1.23,2.09,0.77,-0.91,-0.14,False
Fort Osage,2026-09-22,Platte County,,0,3,L,0.46,2.52,-0.46,-0.48,-0.94,False
Fort Osage,2026-09-24,Blue Springs,,0,3,L,0.35,2.78,-0.35,-0.22,-0.57,False
Fort Osage,2026-09-26,Central (Kansas City),,2,0,W,4.84,-1.61,-2.84,-1.61,-4.45,False
Fort Osage,2026-09-26,"Christ Preparatory(Lenexa, KS)",,0,2,L,,,,,,False
Fort Osage,2026-09-26,California,,1,1,T,1.89,1.31,-0.89,0.31,-0.58,False
Fort Osage,2026-09-26,Paseo Academy,,2,0,W,4.48,-1.18,-2.48,-1.18,-3.67,False
Fort Osage,2026-09-29,Platte County,,0,3,L,0.46,2.52,-0.46,-0.48,-0.94,False
Fort Osage,2026-10-01,Belton,,1,3,L,1.03,2.5,-0.03,-0.5,-0.53,False
Fort Osage,2026-10-05,Raymore-Peculiar,,0,3,L,0.51,3.36,-0.51,0.36,-0.15,False
Fort Osage,2026-10-06,William Chrisman,,3,0,W,1.96,0.84,1.04,0.84,1.88,False
Fort Osage,2026-10-08,Truman,,3,0,W,2.45,0.39,0.55,0.39,0.93,False
Fort Osage,2026-10-13,Raytown,,,,,2.75,0.02,,,,False
Fort Osage,2026-10-15,Grain Valley,,,,,1.25,2.09,,,,False
Fort Osage,2026-10-20,Blue Springs South,,,,,0.49,2.98,,,,False
"Fort Scott Christian Heights(Fort Scott, KS)",2026-08-29,Liberal,,1,2,L,,,,,,False
"Fort Scott(Fort Scott, KS)",2026-09-19,Joplin,,1,2,L,,,,,,False
"Founders(Rogers, AR)",2026-10-09,Southwest (Washburn),,,,,,,,,,False
Fox,2026-09-01,Pacific,,0,3,L,0.08,3.33,-0.08,0.33,0.25,False
Fox,2026-09-02,Poplar Bluff,,1,3,L,1.31,1.97,-0.31,-1.03,-1.34,False
Fox,2026-09-08,Oakville,,0,3,L,-0.2,3.85,0.2,0.85,1.05,False
Fox,2026-09-15,Ritenour,,3,1,W,2.63,0.9,0.37,-0.1,0.27,False
Fox,2026-09-17,Parkway North,,1,3,L,1.45,2.51,-0.45,-0.49,-0.94,False
Fox,2026-09-19,Festus,,0,2,L,-0.31,3.48,0.31,1.48,1.79,False
Fox,2026-09-19,Seckman,,2,1,W,-0.15,3.76,2.15,2.76,4.92,False
Fox,2026-09-19,Timberland,,0,2,L,0.86,2.79,-0.86,0.79,-0.07,False
Fox,2026-09-19,Poplar Bluff,,1,1,T,1.31,1.97,-0.31,0.97,0.66,False
Fox,2026-09-19,Liberty (Wentzville),,,,,0.59,2.9,,,,False
Fox,2026-09-21,Mehlville,,1,3,L,0.9,2.56,0.1,-0.44,-0.34,False
Fox,2026-09-22,Hazelwood West,,3,0,W,2.58,0.73,0.42,0.73,1.14,False
Fox,2026-09-24,Clayton,,3,2,W,1.62,2.27,1.38,0.27,1.65,False
Fox,2026-09-28,Seckman,,0,3,L,-0.15,3.76,0.15,0.76,0.92,False
Fox,2026-09-29,Parkway South,,0,3,L,0.28,3.24,-0.28,0.24,-0.04,False
Fox,2026-10-01,Pattonville,,1,3,L,1.5,2.29,-0.5,-0.71,-1.2,False
Fox,2026-10-05,Ladue Horton Watkins,,1,3,L,1.39,2.3,-0.39,-0.7,-1.09,False
Fox,2026-10-06,Northwest (Cedar Hill),,,,,1.28,2.02,,,,False
Fox,2026-10-08,Notre Dame (St. Louis),,,,,1.04,2.58,,,,False
Fox,2026-10-12,Parkway Central,,,,,0.25,3.1,,,,False
Fox,2026-10-13,Affton,,,,,2.06,1.6,,,,False
Fox,2026-10-20,Jackson,,,,,-1.99,5.07,,,,False
Francis Howell,2026-08-27,Marquette,,2,3,L,1.2,2.33,0.8,-0.67,0.12,False
Francis Howell,2026-09-01,Timberland,,3,1,W,2.27,1.14,0.73,0.14,0.87,False
Francis Howell,2026-09-03,Ft. Zumwalt West,,0,3,L,0.13,2.57,-0.13,-0.43,-0.56,False
Francis Howell,2026-09-08,North Point,,1,3,L,1.22,2.04,-0.22,-0.96,-1.18,False
Francis Howell,2026-09-10,Liberty (Wentzville),,1,3,L,2.01,1.25,-1.01,-1.75,-2.75,False
Francis Howell,2026-09-11,Blue Springs,,2,1,W,0.62,2.54,1.38,1.54,2.92,False
Francis Howell,2026-09-11,Kirkwood,,1,2,L,0.84,2.57,0.16,0.57,0.73,False
Francis Howell,2026-09-12,St. Pius X (Festus),,1,2,L,1.46,1.57,-0.46,-0.43,-0.89,False
Francis Howell,2026-09-12,Republic,,1,2,L,1.21,1.8,-0.21,-0.2,-0.41,False
Francis Howell,2026-09-12,Lutheran St. Charles,,1,2,L,1.91,1.98,-0.91,-0.02,-0.93,False
Francis Howell,2026-09-12,Webster Groves,,0,2,L,1.59,1.67,-1.59,-0.33,-1.92,False
Francis Howell,2026-09-15,Oakville,,1,2,L,1.21,2.2,-0.21,0.2,-0.01,False
Francis Howell,2026-09-15,Lafayette (Wildwood),,0,2,L,-0.73,3.8,0.73,1.8,2.53,False
Francis Howell,2026-09-16,Francis Howell Central,,3,2,W,1.9,1.73,1.1,-0.27,0.83,False
Francis Howell,2026-09-17,Troy Buchanan,,3,1,W,2.42,0.92,0.58,-0.08,0.51,False
Francis Howell,2026-09-22,Francis Howell North,,3,1,W,2.15,1.46,0.85,0.46,1.32,False
Francis Howell,2026-09-23,Eureka,,0,2,L,0.07,3.14,-0.07,1.14,1.08,False
Francis Howell,2026-09-23,Westminster Christian Academy,,0,2,L,0.6,2.34,-0.6,0.34,-0.25,False
Francis Howell,2026-09-29,Ft. Zumwalt West,,0,3,L,0.13,2.57,-0.13,-0.43,-0.56,False
Francis Howell,2026-09-30,Hannibal,,0,3,L,0.52,2.34,-0.52,-0.66,-1.18,False
Francis Howell,2026-10-01,Liberty (Wentzville),,3,1,W,2.01,1.25,0.99,0.25,1.25,False
Francis Howell,2026-10-02,John Burroughs,,0,2,L,1.42,1.83,-1.42,-0.17,-1.59,False
Francis Howell,2026-10-02,"Mater Dei(Breeze, IL)",,0,2,L,,,,,,False
Francis Howell,2026-10-03,"Belleville West(Belleville, IL)",,2,1,W,,,,,,False
Francis Howell,2026-10-03,St. Pius X (Festus),,2,0,W,1.46,1.57,0.54,1.57,2.11,False
Francis Howell,2026-10-03,"Gibault Catholic(Waterloo, IL)",,2,0,W,,,,,,False
Francis Howell,2026-10-06,Francis Howell Central,,3,1,W,1.9,1.73,1.1,0.73,1.83,False
Francis Howell,2026-10-13,Troy Buchanan,,,,,2.42,0.92,,,,False
Francis Howell,2026-10-14,Incarnate Word Academy,,,,,0.45,3.49,,,,False
Francis Howell,2026-10-15,Francis Howell North,,,,,2.15,1.46,,,,False
Francis Howell,2026-10-22,Battle,,,,,1.39,2.0,,,,False
Francis Howell Central,2026-08-27,Lutheran St. Charles,,3,2,W,1.9,2.14,1.1,0.14,1.24,False
Francis Howell Central,2026-08-29,Francis Howell North,,2,0,W,2.14,1.62,-0.14,1.62,1.49,False
Francis Howell Central,2026-08-29,St. Vincent,,2,0,W,2.63,0.75,-0.63,0.75,0.12,False
Francis Howell Central,2026-08-29,Westminster Christian Academy,,0,2,L,0.59,2.5,-0.59,0.5,-0.09,False
Francis Howell Central,2026-08-29,Parkway Central,,1,2,L,1.66,1.62,-0.66,-0.38,-1.04,False
Francis Howell Central,2026-09-01,St. Dominic,,0,3,L,0.17,3.11,-0.17,0.11,-0.06,False
Francis Howell Central,2026-09-03,Troy Buchanan,,3,2,W,2.41,1.09,0.59,-0.91,-0.32,False
Francis Howell Central,2026-09-08,Westminster Christian Academy,,1,3,L,0.59,2.5,0.41,-0.5,-0.09,False
Francis Howell Central,2026-09-10,Francis Howell North,,2,3,L,2.14,1.62,-0.14,-1.38,-1.51,False
Francis Howell Central,2026-09-11,Westminster Christian Academy,,0,2,L,0.59,2.5,-0.59,0.5,-0.09,False
Francis Howell Central,2026-09-11,Jackson,,0,2,L,-0.58,3.58,0.58,1.58,2.17,False
Francis Howell Central,2026-09-12,Republic,,0,2,L,1.2,1.96,-1.2,-0.04,-1.24,False
Francis Howell Central,2026-09-12,Lee's Summit,,0,2,L,0.72,3.17,-0.72,1.17,0.45,False
Francis Howell Central,2026-09-12,Rockwood Summit,,0,2,L,0.91,2.44,-0.91,0.44,-0.48,False
Francis Howell Central,2026-09-14,Gateway Legacy Sr. H.,,3,0,W,,,,,,False
Francis Howell Central,2026-09-16,Francis Howell,,2,3,L,1.73,1.9,0.27,-1.1,-0.83,False
Francis Howell Central,2026-09-17,Liberty (Wentzville),,3,1,W,2.0,1.42,1.0,0.42,1.42,False
Francis Howell Central,2026-09-18,St. Louis Patriots Sr.,,0,3,L,,,,,,False
Francis Howell Central,2026-09-21,Eureka,,0,2,L,0.06,3.31,-0.06,1.31,1.24,False
Francis Howell Central,2026-09-21,North Point,,2,1,W,1.21,2.2,0.79,1.2,1.99,False
Francis Howell Central,2026-09-22,Ft. Zumwalt West,,0,3,L,0.12,2.73,-0.12,-0.27,-0.39,False
Francis Howell Central,2026-09-24,Marquette,,1,3,L,1.2,2.49,-0.2,-0.51,-0.71,False
Francis Howell Central,2026-09-28,Pattonville,,3,0,W,2.9,0.81,0.1,0.81,0.9,False
Francis Howell Central,2026-09-29,Troy Buchanan,,3,0,W,2.41,1.09,0.59,1.09,1.68,False
Francis Howell Central,2026-09-30,Francis Howell North,,3,2,W,2.14,1.62,0.86,-0.38,0.49,False
Francis Howell Central,2026-10-05,Kirkwood,,0,3,L,0.83,2.73,-0.83,-0.27,-1.1,False
Francis Howell Central,2026-10-06,Francis Howell,,1,3,L,1.73,1.9,-0.73,-1.1,-1.83,False
Francis Howell Central,2026-10-08,Timberland,,,,,2.27,1.31,,,,False
Francis Howell Central,2026-10-09,Parkway West,,,,,1.55,1.9,,,,False
Francis Howell Central,2026-10-12,Ft. Zumwalt North,,,,,1.6,2.06,,,,False
Francis Howell Central,2026-10-13,Liberty (Wentzville),,,,,2.0,1.42,,,,False
Francis Howell Central,2026-10-15,Ft. Zumwalt West,,,,,0.12,2.73,,,,False
Francis Howell Central,2026-10-20,Ladue Horton Watkins,,,,,2.8,0.82,,,,False
Francis Howell North,2026-08-29,Francis Howell Central,,0,2,L,1.62,2.14,-1.62,0.14,-1.49,False
Francis Howell North,2026-08-29,Oakville,,1,2,L,0.93,2.6,0.07,0.6,0.67,False
Francis Howell North,2026-08-29,Westminster Christian Academy,,1,1,T,0.32,2.75,0.68,1.75,2.43,False
Francis Howell North,2026-08-29,St. Vincent,,2,0,W,2.35,0.99,-0.35,0.99,0.64,False
Francis Howell North,2026-09-02,Parkway West,,2,3,L,1.28,2.14,0.72,-0.86,-0.14,False
Francis Howell North,2026-09-03,Liberty (Wentzville),,3,0,W,1.73,1.66,1.27,1.66,2.93,False
Francis Howell North,2026-09-09,Duchesne,,3,1,W,1.62,1.45,1.38,0.45,1.83,False
Francis Howell North,2026-09-10,Francis Howell Central,,3,2,W,1.62,2.14,1.38,0.14,1.51,False
Francis Howell North,2026-09-12,Republic,,1,2,L,0.93,2.2,0.07,0.2,0.28,False
Francis Howell North,2026-09-12,Webster Groves,,1,1,T,1.32,2.08,-0.32,1.08,0.76,False
Francis Howell North,2026-09-12,Pattonville,,2,0,W,2.63,1.05,-0.63,1.05,0.42,False
Francis Howell North,2026-09-12,Duchesne,,0,2,L,1.62,1.45,-1.62,-0.55,-2.17,False
Francis Howell North,2026-09-15,Troy Buchanan,,3,0,W,2.14,1.33,0.86,1.33,2.19,False
Francis Howell North,2026-09-16,Eureka,,0,3,L,-0.21,3.55,0.21,0.55,0.76,False
Francis Howell North,2026-09-17,Ft. Zumwalt West,,0,3,L,-0.15,2.98,0.15,-0.02,0.12,False
Francis Howell North,2026-09-21,Timberland,,2,3,L,2.0,1.55,0.0,-1.45,-1.45,False
Francis Howell North,2026-09-22,Francis Howell,,1,3,L,1.46,2.15,-0.46,-0.85,-1.32,False
Francis Howell North,2026-09-24,Warrenton,,3,1,W,2.59,0.8,0.41,-0.2,0.21,False
Francis Howell North,2026-09-29,Liberty (Wentzville),,0,3,L,1.73,1.66,-1.73,-1.34,-3.07,False
Francis Howell North,2026-09-30,Francis Howell Central,,2,3,L,1.62,2.14,0.38,-0.86,-0.49,False
Francis Howell North,2026-10-01,Lutheran St. Charles,,2,3,L,1.63,2.38,0.37,-0.62,-0.25,False
Francis Howell North,2026-10-06,Troy Buchanan,,3,2,W,2.14,1.33,0.86,-0.67,0.19,False
Francis Howell North,2026-10-08,Ft. Zumwalt North,,0,2,L,1.33,2.31,-1.33,0.31,-1.02,False
Francis Howell North,2026-10-13,Ft. Zumwalt West,,,,,-0.15,2.98,,,,False
Francis Howell North,2026-10-14,North Point,,,,,0.94,2.45,,,,False
Francis Howell North,2026-10-15,Francis Howell,,,,,1.46,2.15,,,,False
Francis Howell North,2026-10-17,Incarnate Word Academy,,,,,0.17,3.9,,,,False
Francis Howell North,2026-10-17,Marquette,,,,,0.93,2.73,,,,False
Francis Howell North,2026-10-20,Pattonville,,,,,2.63,1.05,,,,False
Fredericktown,2026-08-31,Bismarck,,2,3,L,1.79,1.82,0.21,-1.18,-0.98,False
Fredericktown,2026-09-01,Herculaneum,,3,0,W,3.7,-0.59,-0.7,-0.59,-1.29,False
Fredericktown,2026-09-03,South Iron,,3,0,W,3.4,0.07,-0.4,0.07,-0.33,False
Fredericktown,2026-09-08,Scott City,,3,0,W,2.06,1.36,0.94,1.36,2.3,False
Fredericktown,2026-09-10,DeSoto,,3,0,W,2.66,0.44,0.34,0.44,0.77,False
Fredericktown,2026-09-14,Perryville,,1,3,L,1.28,2.12,-0.28,-0.88,-1.17,False
Fredericktown,2026-09-15,Arcadia Valley,,1,3,L,1.7,1.48,-0.7,-1.52,-2.22,False
Fredericktown,2026-09-17,West County,,3,1,W,3.14,0.32,-0.14,-0.68,-0.82,False
Fredericktown,2026-09-19,Doniphan,,2,0,W,3.23,0.29,-1.23,0.29,-0.93,False
Fredericktown,2026-09-19,Ellington,,2,0,W,1.88,1.13,0.12,1.13,1.25,False
Fredericktown,2026-09-19,Clearwater,,2,0,W,3.6,-0.59,-1.6,-0.59,-2.19,False
Fredericktown,2026-09-19,St. Paul Lutheran (Farmington),,2,0,W,2.38,0.74,-0.38,0.74,0.35,False
Fredericktown,2026-09-22,Valle Catholic,,0,3,L,0.95,2.49,-0.95,-0.51,-1.46,False
Fredericktown,2026-09-24,Potosi,,0,3,L,-0.23,3.34,0.23,0.34,0.57,False
Fredericktown,2026-09-28,Meadow Heights,,2,3,L,2.23,1.14,-0.23,-1.86,-2.09,False
Fredericktown,2026-09-29,Central (Park Hills),,3,1,W,2.37,1.48,0.63,0.48,1.11,False
Fredericktown,2026-10-01,North County,,3,1,W,2.37,1.62,0.63,0.62,1.25,False
Fredericktown,2026-10-03,St. Vincent,,2,0,W,2.16,1.17,-0.16,1.17,1.01,False
Fredericktown,2026-10-03,Potosi,,0,2,L,-0.23,3.34,0.23,1.34,1.57,False
Fredericktown,2026-10-03,Leopold,,0,2,L,1.0,2.54,-1.0,0.54,-0.46,False
Fredericktown,2026-10-03,Central (Cape Girardeau),,2,0,W,2.06,0.94,-0.06,0.94,0.88,False
Fredericktown,2026-10-03,Northwest (Cedar Hill),,0,2,L,2.23,0.96,-2.23,-1.04,-3.27,False
Fredericktown,2026-10-05,Central (Cape Girardeau),,3,0,W,2.06,0.94,0.94,0.94,1.88,False
Fredericktown,2026-10-06,Ste. Genevieve,,3,2,W,1.58,1.75,1.42,-0.25,1.17,False
Fredericktown,2026-10-08,Farmington,,,,,0.29,3.09,,,,False
"Fredonia(Fredonia, KS)",2026-09-19,Joplin,,0,2,L,,,,,,False
"Freemont Mills(Freemont Mills, IA)",2026-08-29,Mound City,,0,2,L,,,,,,False
"Freemont Mills(Tabor, IA)",2026-08-29,West Nodaway with Nodaway-Holt,,1,2,L,,,,,,False
Fremont Mills,2026-09-14,Tarkio with Fairfax,,2,0,W,,,,,,False
"Fremont Mills(Tabor , IA)",2026-08-29,Tarkio with Fairfax,,2,0,W,,,,,,False
"Frontenac(Frontenac, KS)",2026-09-05,Lamar,,0,2,L,,,,,,False
"Frontenac(Frontenac, KS)",2026-09-05,Nevada,,0,2,L,,,,,,False
"Frontenac(Frontenac, KS)",2026-09-05,Harrisonville,,1,1,T,,,,,,False
"Frontenac(Frontenac, KS)",2026-09-05,McDonald County,,2,0,W,,,,,,False
Frontier STEM,2026-09-01,Guadalupe Centers Charter,,0,2,L,0.74,2.26,-0.74,0.26,-0.48,False
Frontier STEM,2026-09-01,"Kansas School for the Deaf(Olathe, KS)",,1,2,L,,,,,,False
Frontier STEM,2026-09-08,Frontier School of Excellence Charter,,3,0,W,,,,,,False
Frontier STEM,2026-09-10,Cristo Rey,,0,3,L,0.32,2.33,-0.32,-0.67,-0.99,False
Frontier STEM,2026-09-15,"Hyman Brand(Overland Park, KS)",,1,0,W,,,,,,False
Frontier STEM,2026-09-17,Hogan Prep Academy Charter,,3,1,W,2.07,0.66,0.93,-0.34,0.59,False
Frontier STEM,2026-09-19,East (Kansas City),,1,1,T,2.09,0.76,-1.09,-0.24,-1.33,False
Frontier STEM,2026-09-19,"JC Harman(Kansas City, KS)",,0,2,L,,,,,,False
Frontier STEM,2026-09-19,Northeast (Kansas City),,1,1,T,1.23,1.97,-0.23,0.97,0.74,False
Frontier STEM,2026-09-22,Cristo Rey,,1,3,L,0.32,2.33,0.68,-0.67,0.01,False
Frontier STEM,2026-09-23,Guadalupe Centers Charter,,1,3,L,0.74,2.26,0.26,-0.74,-0.48,False
Frontier STEM,2026-09-28,"Midland(Olathe, KS)",,0,3,L,,,,,,False
Frontier STEM,2026-09-29,Frontier School of Excellence Charter,,1,3,L,,,,,,False
Frontier STEM,2026-10-01,Hogan Prep Academy Charter,,3,0,W,2.07,0.66,0.93,0.66,1.59,False
Frontier STEM,2026-10-05,KIPP KC Legacy,,0,3,L,0.3,2.62,-0.3,-0.38,-0.68,False
Frontier STEM,2026-10-06,"Daniel(Kansas City, MO)",,,,,,,,,,False
Frontier STEM,2026-10-15,Cristo Rey,,,,,0.32,2.33,,,,False
Frontier STEM,2026-10-15,Guadalupe Centers Charter,,,,,0.74,2.26,,,,False
Frontier STEM,2026-10-20,Excelsior Springs,,,,,-0.84,3.95,,,,False
Frontier School of Excellence Charter,2026-09-03,Cristo Rey,,1,3,L,,,,,,False
Frontier School of Excellence Charter,2026-09-08,Frontier STEM,,0,3,L,,,,,,False
Frontier School of Excellence Charter,2026-09-17,Academie Lafayette,,0,3,L,,,,,,False
Frontier School of Excellence Charter,2026-09-25,Cristo Rey,,0,2,L,,,,,,False
Frontier School of Excellence Charter,2026-09-25,Guadalupe Centers Charter,,0,2,L,,,,,,False
Frontier School of Excellence Charter,2026-09-29,Frontier STEM,,3,1,W,,,,,,False
Frontier School of Excellence Charter,2026-10-05,Academie Lafayette,,1,3,L,,,,,,False
Ft. Zumwalt East,2026-08-25,Ft. Zumwalt North,,0,3,L,-0.51,3.56,0.51,0.56,1.07,False
Ft. Zumwalt East,2026-08-25,Ft. Zumwalt South,,0,3,L,0.55,2.16,-0.55,-0.84,-1.39,False
Ft. Zumwalt East,2026-08-31,Warrenton,,0,3,L,0.74,2.05,-0.74,-0.95,-1.69,False
Ft. Zumwalt East,2026-09-01,St. Charles,,2,3,L,1.48,1.75,0.52,-1.25,-0.74,False
Ft. Zumwalt East,2026-09-03,North Point,,0,3,L,-0.91,3.7,0.91,0.7,1.6,False
Ft. Zumwalt East,2026-09-08,Winfield,,0,3,L,0.63,2.33,-0.63,-0.67,-1.31,False
Ft. Zumwalt East,2026-09-10,Washington,,0,3,L,-0.01,2.86,0.01,-0.14,-0.13,False
Ft. Zumwalt East,2026-09-12,Collegiate School of Med-Bio Science,,2,0,W,2.59,0.7,-0.59,0.7,0.11,False
Ft. Zumwalt East,2026-09-12,St. Charles West,,1,1,T,0.52,2.44,0.48,1.44,1.93,False
Ft. Zumwalt East,2026-09-12,Troy Buchanan,,0,2,L,0.29,2.58,-0.29,0.58,0.29,False
Ft. Zumwalt East,2026-09-15,Ft. Zumwalt South,,0,3,L,0.55,2.16,-0.55,-0.84,-1.39,False
Ft. Zumwalt East,2026-09-17,Ft. Zumwalt North,,0,3,L,-0.51,3.56,0.51,0.56,1.07,False
Ft. Zumwalt East,2026-09-22,Timberland,,0,3,L,0.15,2.8,-0.15,-0.2,-0.35,False
Ft. Zumwalt East,2026-09-24,Washington,,0,3,L,-0.01,2.86,0.01,-0.14,-0.13,False
Ft. Zumwalt East,2026-09-26,Battle,,0,2,L,-0.74,3.66,0.74,1.66,2.39,False
Ft. Zumwalt East,2026-09-26,Mexico,,2,0,W,2.27,1.37,-0.27,1.37,1.1,False
Ft. Zumwalt East,2026-09-26,Warrenton,,0,2,L,0.74,2.05,-0.74,0.05,-0.69,False
Ft. Zumwalt East,2026-09-26,Waynesville,,2,0,W,1.07,1.24,0.93,1.24,2.17,False
Ft. Zumwalt East,2026-09-26,Wright City,,1,2,L,0.39,2.23,0.61,0.23,0.84,False
Ft. Zumwalt East,2026-09-28,St. Charles West,,0,3,L,0.52,2.44,-0.52,-0.56,-1.07,False
Ft. Zumwalt East,2026-09-29,North Point,,0,3,L,-0.91,3.7,0.91,0.7,1.6,False
Ft. Zumwalt East,2026-10-01,Wright City,,1,3,L,0.39,2.23,0.61,-0.77,-0.16,False
Ft. Zumwalt East,2026-10-06,Ft. Zumwalt South,,0,3,L,0.55,2.16,-0.55,-0.84,-1.39,False
Ft. Zumwalt East,2026-10-07,Ft. Zumwalt North,,1,3,L,-0.51,3.56,1.51,0.56,2.07,False
Ft. Zumwalt East,2026-10-12,Holt,,,,,-0.16,3.15,,,,False
Ft. Zumwalt East,2026-10-14,Orchard Farm,,,,,-0.4,3.38,,,,False
Ft. Zumwalt East,2026-10-15,Timberland,,,,,0.15,2.8,,,,False
Ft. Zumwalt East,2026-10-20,St. Charles,,,,,1.48,1.75,,,,False
Ft. Zumwalt North,2026-08-25,Ft. Zumwalt East,,3,0,W,3.56,-0.51,-0.56,-0.51,-1.07,False
Ft. Zumwalt North,2026-09-01,St. Charles West,,3,0,W,2.8,0.66,0.2,0.66,0.85,False
Ft. Zumwalt North,2026-09-03,Timberland,,3,2,W,2.44,1.01,0.56,-0.99,-0.42,False
Ft. Zumwalt North,2026-09-08,Troy Buchanan,,2,3,L,2.58,0.79,-0.58,-2.21,-2.79,False
Ft. Zumwalt North,2026-09-10,Ft. Zumwalt South,,3,2,W,2.84,0.37,0.16,-1.63,-1.47,False
Ft. Zumwalt North,2026-09-12,Farmington,,0,2,L,0.92,2.37,-0.92,0.37,-0.55,False
Ft. Zumwalt North,2026-09-12,Festus,,0,2,L,1.27,1.7,-1.27,-0.3,-1.57,False
Ft. Zumwalt North,2026-09-12,Sullivan,,0,2,L,1.07,1.88,-1.07,-0.12,-1.19,False
Ft. Zumwalt North,2026-09-14,Pattonville,,3,0,W,3.07,0.52,-0.07,0.52,0.44,False
Ft. Zumwalt North,2026-09-15,North Point,,3,2,W,1.38,1.91,1.62,-0.09,1.53,False
Ft. Zumwalt North,2026-09-17,Ft. Zumwalt East,,3,0,W,3.56,-0.51,-0.56,-0.51,-1.07,False
Ft. Zumwalt North,2026-09-18,Parkway South,,2,1,W,1.85,1.46,0.15,0.46,0.61,False
Ft. Zumwalt North,2026-09-18,Parkway Central,,1,2,L,1.83,1.33,-0.83,-0.67,-1.51,False
Ft. Zumwalt North,2026-09-19,Lindbergh,,0,2,L,1.56,2.51,-1.56,0.51,-1.05,False
Ft. Zumwalt North,2026-09-21,Lutheran St. Charles,,3,2,W,2.07,1.85,0.93,-0.15,0.78,False
Ft. Zumwalt North,2026-09-22,Washington,,3,0,W,2.27,1.07,0.73,1.07,1.8,False
Ft. Zumwalt North,2026-09-28,Ft. Zumwalt West,,0,3,L,0.29,2.44,-0.29,-0.56,-0.85,False
Ft. Zumwalt North,2026-09-29,Timberland,,3,1,W,2.44,1.01,0.56,0.01,0.58,False
Ft. Zumwalt North,2026-10-01,Ft. Zumwalt South,,3,1,W,2.84,0.37,0.16,-0.63,-0.47,False
Ft. Zumwalt North,2026-10-06,North Point,,3,1,W,1.38,1.91,1.62,0.91,2.53,False
Ft. Zumwalt North,2026-10-07,Ft. Zumwalt East,,3,1,W,3.56,-0.51,-0.56,-1.51,-2.07,False
Ft. Zumwalt North,2026-10-08,Francis Howell North,,2,0,W,2.31,1.33,-0.31,1.33,1.02,False
Ft. Zumwalt North,2026-10-12,Francis Howell Central,,,,,2.06,1.6,,,,False
Ft. Zumwalt North,2026-10-15,Washington,,,,,2.27,1.07,,,,False
Ft. Zumwalt North,2026-10-21,Ritenour,,,,,4.21,-0.88,,,,False
Ft. Zumwalt South,2026-08-25,Ft. Zumwalt East,,3,0,W,2.16,0.55,0.84,0.55,1.39,False
Ft. Zumwalt South,2026-08-27,Troy Buchanan,,0,3,L,1.18,1.86,-1.18,-1.14,-2.32,False
Ft. Zumwalt South,2026-08-31,Parkway Central,,0,3,L,0.43,2.39,-0.43,-0.61,-1.04,False
Ft. Zumwalt South,2026-09-01,Ft. Zumwalt West,,0,3,L,-1.11,3.51,1.11,0.51,1.61,False
Ft. Zumwalt South,2026-09-03,Washington,,1,3,L,0.88,2.14,0.12,-0.86,-0.74,False
Ft. Zumwalt South,2026-09-08,Holt,,0,3,L,0.73,2.43,-0.73,-0.57,-1.3,False
Ft. Zumwalt South,2026-09-10,Ft. Zumwalt North,,2,3,L,0.37,2.84,1.63,-0.16,1.47,False
Ft. Zumwalt South,2026-09-15,Ft. Zumwalt East,,3,0,W,2.16,0.55,0.84,0.55,1.39,False
Ft. Zumwalt South,2026-09-17,Timberland,,2,3,L,1.04,2.08,0.96,-0.92,0.04,False
Ft. Zumwalt South,2026-09-19,Affton,,2,0,W,2.24,0.89,-0.24,0.89,0.65,False
Ft. Zumwalt South,2026-09-19,Pattonville,,2,0,W,1.67,1.58,0.33,1.58,1.91,False
Ft. Zumwalt South,2026-09-19,Ste. Genevieve,,0,2,L,0.82,2.1,-0.82,0.1,-0.71,False
Ft. Zumwalt South,2026-09-19,Hannibal,,0,2,L,-0.71,3.28,0.71,1.28,1.99,False
Ft. Zumwalt South,2026-09-19,Visitation Academy,,,,,1.62,1.3,,,,False
Ft. Zumwalt South,2026-09-22,North Point,,0,3,L,-0.02,2.98,0.02,-0.02,-0.01,False
Ft. Zumwalt South,2026-09-24,St. Charles West,,0,3,L,1.4,1.72,-1.4,-1.28,-2.68,False
Ft. Zumwalt South,2026-09-29,Duchesne,,0,3,L,0.66,1.98,-0.66,-1.02,-1.68,False
Ft. Zumwalt South,2026-10-01,Ft. Zumwalt North,,1,3,L,0.37,2.84,0.63,-0.16,0.47,False
Ft. Zumwalt South,2026-10-03,Lutheran South,,2,0,W,0.89,1.63,1.11,1.63,2.73,False
Ft. Zumwalt South,2026-10-03,Parkway Central,,0,2,L,0.43,2.39,-0.43,0.39,-0.04,False
Ft. Zumwalt South,2026-10-03,Mehlville,,0,2,L,1.08,1.85,-1.08,-0.15,-1.23,False
Ft. Zumwalt South,2026-10-03,Notre Dame (Cape Girardeau),,1,1,T,0.37,2.41,0.63,1.41,2.04,False
Ft. Zumwalt South,2026-10-06,Ft. Zumwalt East,,3,0,W,2.16,0.55,0.84,0.55,1.39,False
Ft. Zumwalt South,2026-10-08,Washington,,2,3,L,0.88,2.14,1.12,-0.86,0.26,False
Ft. Zumwalt South,2026-10-13,Timberland,,,,,1.04,2.08,,,,False
Ft. Zumwalt South,2026-10-15,North Point,,,,,-0.02,2.98,,,,False
Ft. Zumwalt South,2026-10-21,Hannibal,,,,,-0.71,3.28,,,,False
Ft. Zumwalt West,2026-08-27,St. Dominic,,0,2,L,1.01,1.34,-1.01,-0.66,-1.67,False
Ft. Zumwalt West,2026-08-27,Eureka,,1,2,L,0.9,1.54,0.1,-0.46,-0.36,False
Ft. Zumwalt West,2026-09-01,Ft. Zumwalt South,,3,0,W,3.51,-1.11,-0.51,-1.11,-1.61,False
Ft. Zumwalt West,2026-09-03,Francis Howell,,3,0,W,2.57,0.13,0.43,0.13,0.56,False
Ft. Zumwalt West,2026-09-08,Timberland,,3,0,W,3.11,-0.46,-0.11,-0.46,-0.57,False
Ft. Zumwalt West,2026-09-10,Troy Buchanan,,3,0,W,3.25,-0.68,-0.25,-0.68,-0.93,False
Ft. Zumwalt West,2026-09-12,Ozark,,0,2,L,0.81,1.34,-0.81,-0.66,-1.47,False
Ft. Zumwalt West,2026-09-12,St. Michael the Archangel,,2,0,W,1.07,1.34,0.93,1.34,2.27,False
Ft. Zumwalt West,2026-09-12,Jefferson City,,2,0,W,1.73,0.67,0.27,0.67,0.94,False
Ft. Zumwalt West,2026-09-15,Liberty (Wentzville),,3,0,W,2.84,-0.35,0.16,-0.35,-0.19,False
Ft. Zumwalt West,2026-09-17,Francis Howell North,,3,0,W,2.98,-0.15,0.02,-0.15,-0.12,False
Ft. Zumwalt West,2026-09-22,Francis Howell Central,,3,0,W,2.73,0.12,0.27,0.12,0.39,False
Ft. Zumwalt West,2026-09-24,Holt,,3,0,W,2.8,-0.12,0.2,-0.12,0.08,False
Ft. Zumwalt West,2026-09-26,Waynesville,,2,0,W,4.03,-2.03,-2.03,-2.03,-4.05,False
Ft. Zumwalt West,2026-09-26,Warrenton,,2,0,W,3.7,-1.21,-1.7,-1.21,-2.91,False
Ft. Zumwalt West,2026-09-26,Battle,,2,0,W,2.22,0.39,-0.22,0.39,0.17,False
Ft. Zumwalt West,2026-09-26,"STL Panthers(St. Louis, MO)",,1,2,L,,,,,,False
Ft. Zumwalt West,2026-09-28,Ft. Zumwalt North,,3,0,W,2.44,0.29,0.56,0.29,0.85,False
Ft. Zumwalt West,2026-09-29,Francis Howell,,3,0,W,2.57,0.13,0.43,0.13,0.56,False
Ft. Zumwalt West,2026-10-01,Troy Buchanan,,3,0,W,3.25,-0.68,-0.25,-0.68,-0.93,False
Ft. Zumwalt West,2026-10-05,Lafayette (Wildwood),,0,2,L,0.1,2.19,-0.1,0.19,0.09,False
Ft. Zumwalt West,2026-10-05,"STL Panthers(St. Louis, MO)",,2,0,W,,,,,,False
Ft. Zumwalt West,2026-10-06,Liberty (Wentzville),,3,0,W,2.84,-0.35,0.16,-0.35,-0.19,False
Ft. Zumwalt West,2026-10-08,North Point,,3,0,W,2.05,0.43,0.95,0.43,1.38,False
Ft. Zumwalt West,2026-10-13,Francis Howell North,,,,,2.98,-0.15,,,,False
Ft. Zumwalt West,2026-10-15,Francis Howell Central,,,,,2.73,0.12,,,,False
Ft. Zumwalt West,2026-10-22,TBD,,,,,,,,,,False
Fulton,2026-09-01,Centralia,,3,0,W,2.18,1.36,0.82,1.36,2.17,False
Fulton,2026-09-03,Marshall,,2,3,L,2.29,0.93,-0.29,-2.07,-2.36,False
Fulton,2026-09-08,North Callaway,,1,3,L,1.25,2.06,-0.25,-0.94,-1.18,False
Fulton,2026-09-10,Eugene,,3,0,W,2.36,1.31,0.64,1.31,1.95,False
Fulton,2026-09-12,Bowling Green,,1,1,T,2.11,1.25,-1.11,0.25,-0.86,False
Fulton,2026-09-12,Fatima,,0,2,L,1.12,2.48,-1.12,0.48,-0.63,False
Fulton,2026-09-12,New Bloomfield,,2,0,W,3.15,-0.24,-1.15,-0.24,-1.39,False
Fulton,2026-09-12,Southern Boone,,0,2,L,-0.02,3.63,0.02,1.63,1.65,False
Fulton,2026-09-14,Osage,,0,3,L,-0.16,3.69,0.16,0.69,0.85,False
Fulton,2026-09-15,Kirksville,,3,0,W,1.85,1.36,1.15,1.36,2.5,False
Fulton,2026-09-21,Mexico,,2,3,L,2.71,1.37,-0.71,-1.63,-2.35,False
Fulton,2026-09-23,New Bloomfield,,3,0,W,3.15,-0.24,-0.15,-0.24,-0.39,False
Fulton,2026-09-24,Southern Boone,,0,3,L,-0.02,3.63,0.02,0.63,0.65,False
Fulton,2026-09-29,Blair Oaks,,0,3,L,-0.53,3.89,0.53,0.89,1.42,False
Fulton,2026-10-01,Boonville,,0,3,L,0.47,2.75,-0.47,-0.25,-0.72,False
Fulton,2026-10-05,Warrenton,,2,3,L,1.18,2.05,0.82,-0.95,-0.14,False
Fulton,2026-10-06,Eldon,,0,3,L,1.31,2.11,-1.31,-0.89,-2.2,False
Fulton,2026-10-08,California,,3,2,W,0.48,2.72,2.52,0.72,3.25,False
Fulton,2026-10-10,Boonville,,,,,0.47,2.75,,,,False
Fulton,2026-10-12,Linn,,,,,0.26,2.91,,,,False
Fulton,2026-10-13,Hallsville,,,,,0.81,2.4,,,,False
Fulton,2026-10-17,Skyline,,,,,0.89,2.37,,,,False
Fulton,2026-10-22,Wright City,,,,,0.83,2.22,,,,False
Gainesville,2026-08-29,Blue Eye,,0,2,L,0.71,2.14,-0.71,0.14,-0.57,False
Gainesville,2026-08-29,Couch,,2,0,W,2.23,1.25,-0.23,1.25,1.02,False
Gainesville,2026-08-29,Niangua,,2,0,W,3.43,-0.25,-1.43,-0.25,-1.68,False
Gainesville,2026-08-29,Koshkonong,,2,0,W,3.07,-0.07,-1.07,-0.07,-1.14,False
Gainesville,2026-08-29,"Mammoth Springs(Mammoth Springs, AR)",,2,0,W,,,,,,False
Gainesville,2026-09-01,Koshkonong,,3,0,W,3.07,-0.07,-0.07,-0.07,-0.14,False
Gainesville,2026-09-03,Dora,,3,0,W,2.49,0.8,0.51,0.8,1.31,False
Gainesville,2026-09-04,Bradleyville,,3,0,W,4.07,-0.39,-1.07,-0.39,-1.45,False
Gainesville,2026-09-08,Seymour,,3,0,W,3.01,0.54,-0.01,0.54,0.53,False
Gainesville,2026-09-10,Sparta,,3,1,W,2.72,0.48,0.28,-0.52,-0.23,False
Gainesville,2026-09-11,Fordland,,3,1,W,2.18,1.62,0.82,0.62,1.44,False
Gainesville,2026-09-14,Couch,,1,3,L,2.23,1.25,-1.23,-1.75,-2.98,False
Gainesville,2026-09-15,Bakersfield,,3,2,W,2.34,1.04,0.66,-0.96,-0.29,False
Gainesville,2026-09-22,Chadwick,,3,0,W,2.62,0.62,0.38,0.62,1.0,False
Gainesville,2026-09-24,Lutie,,3,0,W,4.13,-0.57,-1.13,-0.57,-1.7,False
Gainesville,2026-10-01,Conway,,3,1,W,2.11,1.32,0.89,0.32,1.22,False
Gainesville,2026-10-02,Seymour,,3,1,W,3.01,0.54,-0.01,-0.46,-0.47,False
Gainesville,2026-10-03,Mountain Grove,,0,2,L,0.36,2.6,-0.36,0.6,0.24,False
Gainesville,2026-10-03,Niangua,,2,0,W,3.43,-0.25,-1.43,-0.25,-1.68,False
Gainesville,2026-10-03,Willow Springs,,2,0,W,2.4,0.79,-0.4,0.79,0.39,False
Gainesville,2026-10-03,Ellington,,0,2,L,0.72,2.18,-0.72,0.18,-0.55,False
Gainesville,2026-10-06,Dora,,3,0,W,2.49,0.8,0.51,0.8,1.31,False
Gainesville,2026-10-08,Ava,,2,3,L,1.56,1.77,0.44,-1.23,-0.8,False
Gainesville,2026-10-10,Fordland,,,,,2.18,1.62,,,,False
Gainesville,2026-10-10,Plato,,,,,2.33,1.08,,,,False
Gainesville,2026-10-13,Bradleyville,,,,,4.07,-0.39,,,,False
Gainesville,2026-10-15,Bakersfield,,,,,2.34,1.04,,,,False
Gainesville,2026-10-19,Mansfield,,,,,3.74,-0.15,,,,False
Gainesville,2026-10-20,Thayer,,,,,1.77,1.56,,,,False
Galena,2026-09-01,Greenwood,,0,3,L,0.33,2.55,-0.33,-0.45,-0.78,False
Galena,2026-09-03,Hollister,,0,3,L,-1.62,4.14,1.62,1.14,2.75,False
Galena,2026-09-05,Everton,,0,2,L,0.46,2.06,-0.46,0.06,-0.4,False
Galena,2026-09-05,Verona,,2,0,W,0.68,2.15,1.32,2.15,3.47,False
Galena,2026-09-05,McAuley Catholic,,2,0,W,1.41,1.55,0.59,1.55,2.14,False
Galena,2026-09-05,Northeast Vernon County,,2,0,W,2.49,-0.13,-0.49,-0.13,-0.62,False
Galena,2026-09-05,Lockwood,,0,2,L,-1.37,3.84,1.37,1.84,3.21,False
Galena,2026-09-08,New Covenant Academy,,0,3,L,-2.46,4.67,2.46,1.67,4.13,False
Galena,2026-09-11,Greenfield,,0,3,L,0.24,2.74,-0.24,-0.26,-0.5,False
Galena,2026-09-14,Spokane,,0,3,L,-0.99,3.72,0.99,0.72,1.71,False
Galena,2026-09-15,Sparta,,1,3,L,1.09,1.56,-0.09,-1.44,-1.53,False
Galena,2026-09-17,Exeter,,3,2,W,1.92,0.88,1.08,-1.12,-0.04,False
Galena,2026-09-18,Chadwick,,0,3,L,1.0,1.7,-1.0,-1.3,-2.3,False
Galena,2026-09-19,Exeter,,2,0,W,1.92,0.88,0.08,0.88,0.96,False
Galena,2026-09-19,Sheldon,,1,1,T,1.63,1.2,-0.63,0.2,-0.43,False
Galena,2026-09-19,Hurley,,0,2,L,1.04,1.71,-1.04,-0.29,-1.34,False
Galena,2026-09-21,Verona,,0,3,L,0.68,2.15,-0.68,-0.85,-1.53,False
Galena,2026-09-22,Bradleyville,,3,0,W,2.45,0.69,0.55,0.69,1.25,False
Galena,2026-09-24,Crane,,0,3,L,0.31,2.45,-0.31,-0.55,-0.87,False
Galena,2026-09-26,Billings,,0,2,L,-0.81,3.71,0.81,1.71,2.53,False
Galena,2026-09-26,Chadwick,,1,1,T,1.0,1.7,-0.0,0.7,0.7,False
Galena,2026-09-26,Southwest (Washburn),,0,2,L,1.27,1.13,-1.27,-0.87,-2.14,False
Galena,2026-09-26,Spokane,,0,2,L,-0.99,3.72,0.99,1.72,2.71,False
Galena,2026-09-29,School of the Ozarks,,0,3,L,-0.28,2.69,0.28,-0.31,-0.03,False
Galena,2026-10-01,Billings,,0,3,L,-0.81,3.71,0.81,0.71,1.53,False
Galena,2026-10-05,Niangua,,3,0,W,1.81,0.83,1.19,0.83,2.02,False
Galena,2026-10-06,Purdy,,2,3,L,0.88,2.15,1.12,-0.85,0.27,False
Galena,2026-10-08,Blue Eye,,0,3,L,-0.91,3.22,0.91,0.22,1.13,False
Galena,2026-10-13,Hurley,,,,,1.04,1.71,,,,False
Galena,2026-10-15,Everton,,,,,0.46,2.06,,,,False
Galena,2026-10-20,Chadwick,,,,,1.0,1.7,,,,False
"Galena , Galena, KS",2026-09-08,Liberal,,2,0,W,,,,,,False
Gateway Legacy Sr. H.,2026-09-03,Collegiate School of Med-Bio Science,,3,1,W,,,,,,False
Gateway Legacy Sr. H.,2026-09-09,Bishop DuBourg,,3,0,W,,,,,,False
Gateway Legacy Sr. H.,2026-09-12,McCluer North,,2,0,W,,,,,,False
Gateway Legacy Sr. H.,2026-09-14,Francis Howell Central,,0,3,L,,,,,,False
Gateway Legacy Sr. H.,2026-09-23,St. Pius X (Festus),,0,3,L,,,,,,False
Gateway Legacy Sr. H.,2026-09-29,McCluer North,,3,0,W,,,,,,False
Gateway Legacy Sr. H.,2026-10-01,Grandview (Hillsboro),,3,0,W,,,,,,False
Gateway Legacy Sr. H.,2026-10-05,Gateway Science Charter,,3,1,W,,,,,,False
Gateway Legacy Sr. H.,2026-10-08,Confluence Prep Academy Charter with Grand Center Arts Charter,,,,,,,,,,False
Gateway Legacy Sr. H.,2026-10-14,St. James,,,,,,,,,,False
Gateway Legacy Sr. H.,2026-10-16,Villa Duchesne,,,,,,,,,,False
Gateway Science Charter,2026-08-27,Gateway with Soldan International Studies,,3,0,W,3.26,-0.09,-0.26,-0.09,-0.35,False
Gateway Science Charter,2026-08-29,STEAM Academy,,2,0,W,1.33,1.85,0.67,1.85,2.52,False
Gateway Science Charter,2026-08-29,Lift for Life Academy Charter,,2,1,W,1.65,1.32,0.35,0.32,0.67,False
Gateway Science Charter,2026-08-29,Ritenour,,0,2,L,0.99,2.1,-0.99,0.1,-0.88,False
Gateway Science Charter,2026-08-31,Vashon,,3,0,W,2.85,0.53,0.15,0.53,0.68,False
Gateway Science Charter,2026-09-09,Miller Career Academy,,3,0,W,2.94,-0.24,0.06,-0.24,-0.18,False
Gateway Science Charter,2026-09-10,Principia,,0,3,L,0.85,1.72,-0.85,-1.28,-2.13,False
Gateway Science Charter,2026-09-14,Believe Acad Charter,,3,0,W,4.47,-1.34,-1.47,-1.34,-2.81,False
Gateway Science Charter,2026-09-18,McKinley Classical Leadership,,3,0,W,2.18,0.82,0.82,0.82,1.63,False
Gateway Science Charter,2026-09-21,Hancock,,1,3,L,1.17,1.75,-0.17,-1.25,-1.42,False
Gateway Science Charter,2026-09-25,"First Baptist(Ofallon, IL)",,0,2,L,,,,,,False
Gateway Science Charter,2026-09-29,Confluence Prep Academy Charter with Grand Center Arts Charter,,3,0,W,3.12,0.39,-0.12,0.39,0.27,False
Gateway Science Charter,2026-10-02,Brentwood,,1,3,L,0.73,2.06,0.27,-0.94,-0.67,False
Gateway Science Charter,2026-10-05,Gateway Legacy Sr. H.,,1,3,L,,,,,,False
Gateway Science Charter,2026-10-12,Affton,,,,,0.42,2.8,,,,False
Gateway Science Charter,2026-10-13,Collegiate School of Med-Bio Science,,,,,1.65,1.89,,,,False
Gateway Science Charter,2026-10-15,Valley Park,,,,,1.86,0.96,,,,False
Gateway Science Charter,2026-10-19,Providence Academy Sr.,,,,,,,,,,False
Gateway Science Charter,2026-10-20,Bayless,,,,,0.65,2.69,,,,False
Gateway with Soldan International Studies,2026-08-25,McKinley Classical Leadership,,0,2,L,0.56,2.54,-0.56,0.54,-0.02,False
Gateway with Soldan International Studies,2026-08-25,Miller Career Academy,,3,0,W,1.32,1.48,1.68,1.48,3.17,False
Gateway with Soldan International Studies,2026-08-27,Gateway Science Charter,,0,3,L,-0.09,3.26,0.09,0.26,0.35,False
Gateway with Soldan International Studies,2026-09-01,Affton,,0,3,L,-1.21,4.53,1.21,1.53,2.74,False
Gateway with Soldan International Studies,2026-09-02,Roosevelt,,1,0,W,,,,,,False
Gateway with Soldan International Studies,2026-09-03,McCluer North,,3,1,W,1.6,1.66,1.4,0.66,2.06,False
Gateway with Soldan International Studies,2026-09-09,Vashon,,0,3,L,1.23,2.25,-1.23,-0.75,-1.97,False
Gateway with Soldan International Studies,2026-09-10,Hancock,,0,3,L,-0.45,3.47,0.45,0.47,0.92,False
Gateway with Soldan International Studies,2026-09-14,West Plains,,3,0,W,-4.01,7.06,7.01,7.06,14.07,False
Gateway with Soldan International Studies,2026-09-17,Lift for Life Academy Charter,,0,3,L,0.03,3.04,-0.03,0.04,0.01,False
Gateway with Soldan International Studies,2026-09-21,Collegiate School of Med-Bio Science,,0,3,L,0.03,3.62,-0.03,0.62,0.59,False
Gateway with Soldan International Studies,2026-09-23,Metro,,0,3,L,-1.47,4.15,1.47,1.15,2.62,False
Gateway with Soldan International Studies,2026-09-24,McKinley Classical Leadership,,0,2,L,0.56,2.54,-0.56,0.54,-0.02,False
Gateway with Soldan International Studies,2026-09-25,Roosevelt,,2,0,W,,,,,,False
Gateway with Soldan International Studies,2026-09-28,McKinley Classical Leadership,,0,3,L,0.56,2.54,-0.56,-0.46,-1.02,False
Gateway with Soldan International Studies,2026-09-30,Miller Career Academy,,0,3,L,1.32,1.48,-1.32,-1.52,-2.83,False
Gateway with Soldan International Studies,2026-10-06,Confluence Prep Academy Charter with Grand Center Arts Charter,,1,3,L,1.49,2.11,-0.49,-0.89,-1.38,False
Gateway with Soldan International Studies,2026-10-08,University City,,0,3,L,0.63,2.92,-0.63,-0.08,-0.71,False
Gateway with Soldan International Studies,2026-10-12,Maplewood-Richmond Hts.,,,,,-1.17,4.24,,,,False
Gateway with Soldan International Studies,2026-10-13,Bishop DuBourg,,,,,0.6,3.24,,,,False
Gateway with Soldan International Studies,2026-10-15,STEAM Academy,,,,,-0.29,3.57,,,,False
Gateway with Soldan International Studies,2026-10-17,Maplewood-Richmond Hts.,,,,,-1.17,4.24,,,,False
Gateway with Soldan International Studies,2026-10-17,Ritenour,,,,,-0.64,3.83,,,,False
Gateway with Soldan International Studies,2026-10-17,STEAM Academy,,,,,-0.29,3.57,,,,False
Gateway with Soldan International Studies,2026-10-20,Rockwood Summit,,,,,-3.77,6.85,,,,False
"Gentry HS(Gentry, AR)",2026-09-26,New Heights Christian,,0,2,L,,,,,,False
"Gentry(Gentry, AR)",2026-09-01,McDonald County,,1,3,L,,,,,,False
"Gentry(Gentry, AR)",2026-09-03,Neosho,,0,3,L,,,,,,False
"Gentry(Gentry, AR)",2026-09-26,McDonald County,,2,1,W,,,,,,False
"Gentry(Gentry, AR)",2026-09-26,Liberal,,0,2,L,,,,,,False
"Gentry(Gentry, AR)",2026-09-26,Neosho,,1,1,T,,,,,,False
"Gentry(Gentry, AR)",2026-09-28,Southwest (Washburn),,3,0,W,,,,,,False
"Gibault Catholic(Waterloo, IL)",2026-10-03,Francis Howell,,0,2,L,,,,,,False
"Gibson County(Dyer, TN)",2026-09-05,St. Clair,,0,2,L,,,,,,False
"Gibson County(Dyer, TN)",2026-09-05,Oakville,,0,2,L,,,,,,False
Gideon,2026-09-01,Central (New Madrid County),,3,0,W,2.16,0.35,0.84,0.35,1.19,False
Gideon,2026-09-08,Clarkton,,3,0,W,2.55,-0.14,0.45,-0.14,0.31,False
Gideon,2026-09-10,Holcomb,,3,0,W,2.29,0.14,0.71,0.14,0.86,False
Gideon,2026-09-11,Bell City,,1,1,T,1.54,1.2,-0.54,0.2,-0.35,False
Gideon,2026-09-11,Jefferson (Festus),,2,0,W,2.02,0.44,-0.02,0.44,0.42,False
Gideon,2026-09-12,Oak Ridge,,2,0,W,1.21,1.35,0.79,1.35,2.14,False
Gideon,2026-09-12,Hazelwood West,,2,0,W,3.15,-0.91,-1.15,-0.91,-2.06,False
Gideon,2026-09-12,Northwest (Cedar Hill),,2,0,W,1.85,0.39,0.15,0.39,0.54,False
Gideon,2026-09-12,Owensville,,2,0,W,1.46,0.92,0.54,0.92,1.46,False
Gideon,2026-09-12,Parkway South,,0,2,L,0.84,1.61,-0.84,-0.39,-1.23,False
Gideon,2026-09-12,Twin Rivers,,2,0,W,3.48,-0.39,-1.48,-0.39,-1.87,False
Gideon,2026-09-14,Richland (Essex),,3,0,W,3.08,-0.51,-0.08,-0.51,-0.59,False
Gideon,2026-09-15,Delta (Deering),,3,0,W,3.76,-1.08,-0.76,-1.08,-1.85,False
Gideon,2026-09-17,North Pemiscot,,3,0,W,1.92,0.44,1.08,0.44,1.51,False
Gideon,2026-09-18,Bloomfield,,3,0,W,3.44,-1.11,-0.44,-1.11,-1.55,False
Gideon,2026-09-21,Advance,,1,3,L,1.59,1.38,-0.59,-1.62,-2.21,False
Gideon,2026-09-22,Cooter,,3,0,W,4.14,-1.24,-1.14,-1.24,-2.38,False
Gideon,2026-09-24,Charleston,,2,0,W,4.47,-2.4,-2.47,-2.4,-4.87,False
Gideon,2026-09-24,East Prairie,,0,2,L,2.6,-0.33,-2.6,-2.33,-4.92,False
Gideon,2026-09-25,Bloomfield,,2,0,W,3.44,-1.11,-1.44,-1.11,-2.55,False
Gideon,2026-09-25,Delta (Deering),,2,0,W,3.76,-1.08,-1.76,-1.08,-2.85,False
Gideon,2026-09-25,Southland,,2,0,W,4.41,-2.1,-2.41,-2.1,-4.51,False
Gideon,2026-09-26,Campbell,,2,0,W,1.99,0.33,0.01,0.33,0.34,False
Gideon,2026-09-26,Clarkton,,2,0,W,2.55,-0.14,-0.55,-0.14,-0.69,False
Gideon,2026-09-26,South Pemiscot,,2,0,W,3.07,-0.56,-1.07,-0.56,-1.63,False
Gideon,2026-09-28,Southland,,3,0,W,4.41,-2.1,-1.41,-2.1,-3.51,False
Gideon,2026-09-29,Campbell,,3,0,W,1.99,0.33,1.01,0.33,1.34,False
Gideon,2026-10-01,Malden,,3,0,W,1.86,0.52,1.14,0.52,1.66,False
Gideon,2026-10-02,"Piggott(Piggott , AR)",,3,0,W,,,,,,False
Gideon,2026-10-05,Bernie,,3,0,W,2.51,-0.28,0.49,-0.28,0.21,False
Gideon,2026-10-08,Risco,,3,0,W,3.18,-0.74,-0.18,-0.74,-0.92,False
Gideon,2026-10-09,Bell City,,,,,1.54,1.2,,,,False
"Girard(Girard, KS)",2026-09-19,Joplin,,0,2,L,,,,,,False
"Girard(Girard, KS)",2026-09-26,Helias Catholic,,0,2,L,,,,,,False
Glendale,2026-09-01,Hillcrest,,3,0,W,2.31,0.15,0.69,0.15,0.84,False
Glendale,2026-09-10,Carthage,,1,3,L,0.9,1.77,0.1,-1.23,-1.13,False
Glendale,2026-09-15,Joplin,,3,1,W,2.01,0.7,0.99,-0.3,0.7,False
Glendale,2026-09-17,Neosho,,3,0,W,3.39,-0.58,-0.39,-0.58,-0.97,False
Glendale,2026-09-21,Fair Grove,,3,0,W,2.1,0.43,0.9,0.43,1.33,False
Glendale,2026-09-22,Webb City,,3,0,W,1.86,1.3,1.14,1.3,2.43,False
Glendale,2026-09-24,Willard,,0,3,L,1.71,1.3,-1.71,-1.7,-3.41,False
Glendale,2026-09-26,Lockwood,,2,0,W,1.78,0.8,0.22,0.8,1.02,False
Glendale,2026-09-26,Strafford,,0,2,L,1.06,1.55,-1.06,-0.45,-1.51,False
Glendale,2026-09-26,Osceola,,2,0,W,2.06,0.79,-0.06,0.79,0.73,False
Glendale,2026-09-26,Clever,,2,0,W,1.83,1.04,0.17,1.04,1.21,False
Glendale,2026-09-28,Central (Springfield),,3,0,W,2.81,-0.4,0.19,-0.4,-0.21,False
Glendale,2026-09-29,Republic,,3,1,W,1.1,1.46,1.9,0.46,2.36,False
Glendale,2026-10-01,Nixa,,0,3,L,0.28,2.29,-0.28,-0.71,-0.99,False
Glendale,2026-10-03,Mt. Vernon,,1,1,T,1.48,1.07,-0.48,0.07,-0.41,False
Glendale,2026-10-03,Carl Junction,,1,1,T,1.4,1.22,-0.4,0.22,-0.18,False
Glendale,2026-10-03,Lamar,,2,0,W,1.71,0.67,0.29,0.67,0.96,False
Glendale,2026-10-03,Logan-Rogersville,,1,2,L,1.87,1.42,-0.87,-0.58,-1.45,False
Glendale,2026-10-03,Cassville,,2,0,W,3.22,-0.12,-1.22,-0.12,-1.33,False
Glendale,2026-10-06,Kickapoo,,0,3,L,0.06,2.2,-0.06,-0.8,-0.86,False
Glendale,2026-10-08,Ozark,,0,3,L,-0.12,2.62,0.12,-0.38,-0.26,False
Glendale,2026-10-12,Marshfield,,,,,1.04,1.66,,,,False
Glendale,2026-10-13,Waynesville,,,,,3.09,-0.76,,,,False
Glendale,2026-10-15,Lebanon,,,,,1.73,0.92,,,,False
Glendale,2026-10-22,Kickapoo,,,,,0.06,2.2,,,,False
"Glenwood Chatham(Chatham, IL)",2026-09-11,Visitation Academy,,,,,,,,,,False
Gloria Deo Academy,2026-08-27,Crane,,0,3,L,0.46,2.46,-0.46,-0.54,-1.0,False
Gloria Deo Academy,2026-08-31,Chadwick,,1,0,W,1.14,1.72,-0.14,1.72,1.57,False
Gloria Deo Academy,2026-09-01,Mansfield,,3,0,W,2.26,0.94,0.74,0.94,1.69,False
Gloria Deo Academy,2026-09-03,Everton,,0,3,L,0.61,2.08,-0.61,-0.92,-1.53,False
Gloria Deo Academy,2026-09-05,Everton,,0,2,L,0.61,2.08,-0.61,0.08,-0.53,False
Gloria Deo Academy,2026-09-05,Exeter,,2,0,W,2.06,0.89,-0.06,0.89,0.83,False
Gloria Deo Academy,2026-09-05,Golden City,,2,0,W,1.59,1.41,0.41,1.41,1.82,False
Gloria Deo Academy,2026-09-05,Lockwood,,0,2,L,-1.23,3.86,1.23,1.86,3.08,False
Gloria Deo Academy,2026-09-05,Southwest (Washburn),,1,1,T,1.41,1.14,-0.41,0.14,-0.27,False
Gloria Deo Academy,2026-09-08,Marion C. Early,,3,1,W,3.13,0.39,-0.13,-0.61,-0.74,False
Gloria Deo Academy,2026-09-10,Seymour,,3,2,W,1.53,1.63,1.47,-0.37,1.1,False
Gloria Deo Academy,2026-09-15,Greenwood,,1,3,L,0.47,2.56,0.53,-0.44,0.09,False
Gloria Deo Academy,2026-09-17,Verona,,0,3,L,0.82,2.16,-0.82,-0.84,-1.66,False
Gloria Deo Academy,2026-09-19,Ash Grove,,0,2,L,-0.64,3.4,0.64,1.4,2.04,False
Gloria Deo Academy,2026-09-19,Buffalo,,0,2,L,0.33,2.33,-0.33,0.33,-0.0,False
Gloria Deo Academy,2026-09-19,Central (Springfield),,0,2,L,-0.19,2.66,0.19,0.66,0.85,False
Gloria Deo Academy,2026-09-19,Stockton,,0,2,L,-0.14,3.2,0.14,1.2,1.34,False
Gloria Deo Academy,2026-09-22,Niangua,,3,0,W,1.95,0.84,1.05,0.84,1.89,False
Gloria Deo Academy,2026-09-24,School of the Ozarks,,0,3,L,-0.14,2.71,0.14,-0.29,-0.16,False
Gloria Deo Academy,2026-09-26,Blue Eye,,0,2,L,-0.77,3.23,0.77,1.23,2.0,False
Gloria Deo Academy,2026-09-26,Conway,,0,2,L,0.63,2.41,-0.63,0.41,-0.21,False
Gloria Deo Academy,2026-09-26,Marionville,,0,2,L,0.05,2.85,-0.05,0.85,0.79,False
Gloria Deo Academy,2026-09-26,Monett,,0,2,L,-0.31,3.17,0.31,1.17,1.48,False
Gloria Deo Academy,2026-09-29,Bradleyville,,3,1,W,2.59,0.7,0.41,-0.3,0.12,False
Gloria Deo Academy,2026-10-01,Golden City,,1,3,L,1.59,1.41,-0.59,-1.59,-2.18,False
Gloria Deo Academy,2026-10-06,Hurley,,0,3,L,1.18,1.72,-1.18,-1.28,-2.46,False
Gloria Deo Academy,2026-10-08,Lutie,,,,,2.65,0.52,,,,False
Gloria Deo Academy,2026-10-13,Exeter,,,,,2.06,0.89,,,,False
Gloria Deo Academy,2026-10-15,Laquey,,,,,2.52,0.07,,,,False
Gloria Deo Academy,2026-10-20,Niangua,,,,,1.95,0.84,,,,False
Golden City,2026-08-27,Greenfield,,,,,0.43,2.98,,,,False
Golden City,2026-09-01,Jasper,,0,3,L,0.89,2.46,-0.89,-0.54,-1.43,False
Golden City,2026-09-03,Verona,,3,1,W,0.87,2.39,2.13,1.39,3.52,False
Golden City,2026-09-05,Southwest (Washburn),,0,2,L,1.46,1.37,-1.46,-0.63,-2.09,False
Golden City,2026-09-05,Exeter,,1,1,T,2.11,1.12,-1.11,0.12,-0.99,False
Golden City,2026-09-05,Gloria Deo Academy,,0,2,L,1.41,1.59,-1.41,-0.41,-1.82,False
Golden City,2026-09-05,Lockwood,,0,2,L,-1.18,4.08,1.18,2.08,3.26,False
Golden City,2026-09-08,Rich Hill,,3,1,W,1.48,1.56,1.52,0.56,2.08,False
Golden City,2026-09-10,Bronaugh,,3,0,W,3.37,-0.51,-0.37,-0.51,-0.87,False
Golden City,2026-09-11,Exeter,,3,2,W,2.11,1.12,0.89,-0.88,0.01,False
Golden City,2026-09-14,McAuley Catholic,,1,3,L,1.6,1.79,-0.6,-1.21,-1.81,False
Golden City,2026-09-17,Purdy,,0,3,L,1.07,2.4,-1.07,-0.6,-1.68,False
Golden City,2026-09-18,Southwest (Washburn),,3,2,W,1.46,1.37,1.54,-0.63,0.91,False
Golden City,2026-09-21,Northeast Vernon County,,3,0,W,2.68,0.11,0.32,0.11,0.43,False
Golden City,2026-09-24,Greenfield,,0,3,L,0.43,2.98,-0.43,-0.02,-0.45,False
Golden City,2026-09-25,Miami (Amoret),,3,0,W,2.26,0.74,0.74,0.74,1.47,False
Golden City,2026-09-28,New Heights Christian,,0,3,L,0.01,2.92,-0.01,-0.08,-0.09,False
Golden City,2026-10-01,Gloria Deo Academy,,3,1,W,1.41,1.59,1.59,0.59,2.18,False
Golden City,2026-10-03,Everton,,0,2,L,0.66,2.31,-0.66,0.31,-0.35,False
Golden City,2026-10-03,Thomas Jefferson Independent Day,,0,2,L,-0.05,2.71,0.05,0.71,0.76,False
Golden City,2026-10-03,Southwest (Washburn),,0,2,L,1.46,1.37,-1.46,-0.63,-2.09,False
Golden City,2026-10-03,Exeter,,2,0,W,2.11,1.12,-0.11,1.12,1.01,False
Golden City,2026-10-03,Verona,,0,2,L,0.87,2.39,-0.87,0.39,-0.48,False
Golden City,2026-10-06,Sheldon,,3,0,W,1.82,1.44,1.18,1.44,2.62,False
Golden City,2026-10-08,Everton,,0,3,L,0.66,2.31,-0.66,-0.69,-1.35,False
Golden City,2026-10-12,Lockwood,,,,,-1.18,4.08,,,,False
Golden City,2026-10-13,Wheaton,,,,,1.31,1.89,,,,False
Golden City,2026-10-15,Thomas Jefferson Independent Day,,,,,-0.05,2.71,,,,False
Golden City,2026-10-20,Thomas Jefferson Independent Day,,,,,-0.05,2.71,,,,False
Grain Valley,2026-08-27,Lee's Summit West,,0,3,L,-0.5,3.37,0.5,0.37,0.87,False
Grain Valley,2026-09-01,Belton,,2,3,L,1.41,2.04,0.59,-0.96,-0.37,False
Grain Valley,2026-09-03,Blue Springs,,0,2,L,0.73,2.32,-0.73,0.32,-0.41,False
Grain Valley,2026-09-03,Park Hill South,,0,2,L,1.23,1.96,-1.23,-0.04,-1.27,False
Grain Valley,2026-09-08,Truman,,3,0,W,2.83,-0.07,0.17,-0.07,0.1,False
Grain Valley,2026-09-10,Platte County,,0,3,L,0.84,2.06,-0.84,-0.94,-1.78,False
Grain Valley,2026-09-12,Odessa,,2,3,L,1.88,1.8,0.12,-1.2,-1.08,False
Grain Valley,2026-09-12,Oak Grove,,2,3,L,0.36,2.44,1.64,-0.56,1.08,False
Grain Valley,2026-09-15,William Chrisman,,3,0,W,2.34,0.38,0.66,0.38,1.04,False
Grain Valley,2026-09-17,Fort Osage,,3,0,W,2.09,1.25,0.91,1.25,2.17,False
Grain Valley,2026-09-19,Blue Springs South,,0,2,L,0.87,2.52,-0.87,0.52,-0.35,False
Grain Valley,2026-09-19,"Blue Valley(Overland Park, KS)",,0,2,L,,,,,,False
Grain Valley,2026-09-19,Liberty North,,2,1,W,1.09,2.7,0.91,1.7,2.61,False
Grain Valley,2026-09-19,"Saint Thomas Aquinas(Overland Park, KS)",,0,2,L,,,,,,False
Grain Valley,2026-09-21,Kearney,,2,1,W,1.94,0.81,0.06,-0.19,-0.13,False
Grain Valley,2026-09-21,Oak Park,,2,0,W,2.24,0.93,-0.24,0.93,0.69,False
Grain Valley,2026-09-22,Raytown,,3,0,W,3.13,-0.44,-0.13,-0.44,-0.57,False
Grain Valley,2026-09-24,Belton,,3,2,W,1.41,2.04,1.59,0.04,1.63,False
Grain Valley,2026-09-26,Rock Bridge,,0,2,L,1.13,1.9,-1.13,-0.1,-1.23,False
Grain Valley,2026-09-26,North Point,,0,2,L,1.33,1.82,-1.33,-0.18,-1.51,False
Grain Valley,2026-09-26,Westminster Christian Academy,,1,2,L,0.71,2.12,0.29,0.12,0.41,False
Grain Valley,2026-09-29,Raytown,,3,0,W,3.13,-0.44,-0.13,-0.44,-0.57,False
Grain Valley,2026-10-01,Truman,,3,0,W,2.83,-0.07,0.17,-0.07,0.1,False
Grain Valley,2026-10-05,Blue Springs South,,1,2,L,0.87,2.52,0.13,0.52,0.65,False
Grain Valley,2026-10-05,Pembroke Hill,,2,1,W,0.92,1.74,1.08,0.74,1.82,False
Grain Valley,2026-10-05,Lee's Summit North,,0,2,L,-0.03,3.08,0.03,1.08,1.11,False
Grain Valley,2026-10-06,Platte County,,0,3,L,0.84,2.06,-0.84,-0.94,-1.78,False
Grain Valley,2026-10-08,St. Michael the Archangel,,0,3,L,0.35,2.72,-0.35,-0.28,-0.62,False
Grain Valley,2026-10-13,William Chrisman,,,,,2.34,0.38,,,,False
Grain Valley,2026-10-15,Fort Osage,,,,,2.09,1.25,,,,False
Grain Valley,2026-10-20,Blue Springs,,,,,0.73,2.32,,,,False
Grandview,2026-08-20,Raytown,,,,,1.4,0.89,,,,False
Grandview,2026-08-27,Guadalupe Centers Charter,,3,0,W,3.67,-0.88,-0.67,-0.88,-1.55,False
Grandview,2026-09-01,Raytown South,,3,1,W,2.01,0.89,0.99,-0.11,0.88,False
Grandview,2026-09-03,Smithville,,0,3,L,-1.14,3.6,1.14,0.6,1.74,False
Grandview,2026-09-05,Center,,1,1,T,0.75,1.69,0.25,0.69,0.93,False
Grandview,2026-09-05,University Academy Charter,,1,1,T,1.21,0.98,-0.21,-0.02,-0.24,False
Grandview,2026-09-05,Raytown,,2,0,W,1.4,0.89,0.6,0.89,1.49,False
Grandview,2026-09-05,Raytown South,,2,0,W,2.01,0.89,-0.01,0.89,0.88,False
Grandview,2026-09-08,Ewing Marion Kauffman,,3,2,W,2.35,0.21,0.65,-1.79,-1.14,False
Grandview,2026-09-10,Kearney,,0,3,L,0.22,2.15,-0.22,-0.85,-1.07,False
Grandview,2026-09-12,Scott City,,0,2,L,0.91,1.88,-0.91,-0.12,-1.03,False
Grandview,2026-09-15,Ruskin,,3,0,W,2.71,-0.29,0.29,-0.29,0.0,False
Grandview,2026-09-17,William Chrisman,,0,3,L,0.61,1.72,-0.61,-1.28,-1.9,False
Grandview,2026-09-19,Ewing Marion Kauffman,,2,0,W,2.35,0.21,-0.35,0.21,-0.14,False
Grandview,2026-09-19,Washington,,2,0,W,0.5,2.31,1.5,2.31,3.81,False
Grandview,2026-09-19,Lincoln College Prep,,0,2,L,0.95,2.11,-0.95,0.11,-0.84,False
Grandview,2026-09-19,Raytown,,2,0,W,1.4,0.89,0.6,0.89,1.49,False
Grandview,2026-09-19,Ruskin,,2,0,W,2.71,-0.29,-0.71,-0.29,-1.0,False
Grandview,2026-09-21,Van Horn,,3,0,W,2.14,0.42,0.86,0.42,1.28,False
Grandview,2026-09-22,Winnetonka,,3,0,W,2.13,0.37,0.87,0.37,1.24,False
Grandview,2026-09-26,Benton,,0,2,L,-0.34,3.0,0.34,1.0,1.33,False
Grandview,2026-09-26,Drexel,,1,1,T,1.83,0.98,-0.83,-0.02,-0.85,False
Grandview,2026-09-26,Hogan Prep Academy Charter,,2,0,W,5.0,-2.48,-3.0,-2.48,-5.48,False
Grandview,2026-09-26,Mound City,,0,2,L,0.61,2.3,-0.61,0.3,-0.3,False
Grandview,2026-09-29,Belton,,0,3,L,-0.31,3.38,0.31,0.38,0.69,False
Grandview,2026-10-01,Smithville,,0,3,L,-1.14,3.6,1.14,0.6,1.74,False
Grandview,2026-10-05,Center,,0,3,L,0.75,1.69,-0.75,-1.31,-2.07,False
Grandview,2026-10-06,Raytown South,,2,3,L,2.01,0.89,-0.01,-2.11,-2.12,False
Grandview,2026-10-08,Ruskin,,,,,2.71,-0.29,,,,False
Grandview,2026-10-13,Winnetonka,,,,,2.13,0.37,,,,False
Grandview,2026-10-15,Kearney,,,,,0.22,2.15,,,,False
Grandview,2026-10-22,Pleasant Hill,,,,,-0.29,3.25,,,,False
Grandview (Hillsboro),2026-08-27,Oak Ridge,,0,3,L,-0.98,3.88,0.98,0.88,1.86,False
Grandview (Hillsboro),2026-09-01,Brentwood,,0,2,L,0.75,1.76,-0.75,-0.24,-1.0,False
Grandview (Hillsboro),2026-09-01,Crossroads College Preparatory,,2,0,W,2.44,0.34,-0.44,0.34,-0.1,False
Grandview (Hillsboro),2026-09-01,Principia,,1,1,T,0.87,1.42,0.13,0.42,0.55,False
Grandview (Hillsboro),2026-09-02,Bayless,,0,2,L,0.67,2.39,-0.67,0.39,-0.28,False
Grandview (Hillsboro),2026-09-02,Hancock,,2,1,W,1.19,1.44,0.81,0.44,1.25,False
Grandview (Hillsboro),2026-09-02,Valley Park,,2,0,W,1.88,0.65,0.12,0.65,0.78,False
Grandview (Hillsboro),2026-09-04,Veritas Christian Academy,,3,1,W,1.63,1.0,1.37,-0.0,1.37,False
Grandview (Hillsboro),2026-09-08,Marquand-Zion,,,,,,,,,,False
Grandview (Hillsboro),2026-09-09,Bismarck,,0,3,L,-0.78,3.78,0.78,0.78,1.56,False
Grandview (Hillsboro),2026-09-11,West County,,0,2,L,0.57,2.28,-0.57,0.28,-0.28,False
Grandview (Hillsboro),2026-09-11,Campbell,,0,2,L,-0.21,2.86,0.21,0.86,1.06,False
Grandview (Hillsboro),2026-09-12,Scott City,,0,2,L,-0.51,3.32,0.51,1.32,1.83,False
Grandview (Hillsboro),2026-09-12,St. Paul Lutheran (Farmington),,0,1,L,-0.19,2.7,0.19,1.7,1.88,False
Grandview (Hillsboro),2026-09-12,Lesterville,,0,2,L,0.14,2.58,-0.14,0.58,0.44,False
Grandview (Hillsboro),2026-09-15,West County,,0,3,L,0.57,2.28,-0.57,-0.72,-1.28,False
Grandview (Hillsboro),2026-09-21,St. Clair,,0,3,L,-1.33,4.49,1.33,1.49,2.82,False
Grandview (Hillsboro),2026-09-22,Bourbon,,0,3,L,1.1,1.6,-1.1,-1.4,-2.5,False
Grandview (Hillsboro),2026-09-24,St. Vincent,,0,3,L,-0.41,3.13,0.41,0.13,0.54,False
Grandview (Hillsboro),2026-09-28,Valley,,0,3,L,0.39,2.17,-0.39,-0.83,-1.22,False
Grandview (Hillsboro),2026-10-01,Gateway Legacy Sr. H.,,0,3,L,,,,,,False
Grandview (Hillsboro),2026-10-05,Kingston,,1,3,L,0.98,2.47,0.02,-0.53,-0.51,False
Grandview (Hillsboro),2026-10-07,Crystal City,,0,3,L,-0.05,2.88,0.05,-0.12,-0.07,False
Grandview (Hillsboro),2026-10-08,Cuba,,0,3,L,-0.41,3.05,0.41,0.05,0.46,False
Grandview (Hillsboro),2026-10-12,Herculaneum,,,,,1.13,1.37,,,,False
Grandview (Hillsboro),2026-10-13,St. Paul Lutheran (Farmington),,,,,-0.19,2.7,,,,False
Grandview (Hillsboro),2026-10-15,Jefferson (Festus),,,,,-0.17,2.97,,,,False
Grandview (Hillsboro),2026-10-20,Kingston,,,,,0.98,2.47,,,,False
"Granite City(Granite City, IL)",2026-10-07,Lutheran North,,,,,,,,,,False
"Gravette(Gravette, AR)",2026-09-08,McDonald County,,3,0,W,,,,,,False
"Green County Tech(Paragould, AR)",2026-09-11,Central (Park Hills),,2,0,W,,,,,,False
"Green Forest High Scholl(Green Forest, AR)",2026-10-03,Reeds Spring,,0,2,L,,,,,,False
"Green Forest(Green Forest, AR)",2026-10-03,Hollister,,0,2,L,,,,,,False
"Green Forest(Green Forest, AR)",2026-10-03,Forsyth,,1,1,T,,,,,,False
Green Ridge,2026-08-31,Santa Fe,,0,3,L,0.52,2.37,-0.52,-0.63,-1.15,False
Green Ridge,2026-09-01,Sweet Springs,,0,3,L,1.14,2.1,-1.14,-0.9,-2.04,False
Green Ridge,2026-09-03,Osceola,,0,3,L,0.05,2.91,-0.05,-0.09,-0.14,False
Green Ridge,2026-09-08,Christian Fellowship Sr.,,3,0,W,2.34,0.72,0.66,0.72,1.38,False
Green Ridge,2026-09-10,Crest Ridge,,0,3,L,1.11,2.04,-1.11,-0.96,-2.06,False
Green Ridge,2026-09-14,Lakeland,,3,1,W,2.24,1.31,0.76,0.31,1.07,False
Green Ridge,2026-09-15,Cole Camp,,0,3,L,-0.12,2.94,0.12,-0.06,0.06,False
Green Ridge,2026-09-17,Smithton,,0,,,1.29,1.81,,,,False
Green Ridge,2026-09-19,Ballard,,2,0,W,2.01,0.55,-0.01,0.55,0.53,False
Green Ridge,2026-09-19,Leeton with Chilhowee,,2,0,W,2.78,-0.19,-0.78,-0.19,-0.97,False
Green Ridge,2026-09-19,Otterville,,1,2,L,1.23,1.66,-0.23,-0.34,-0.58,False
Green Ridge,2026-09-19,Kingsville,,2,0,W,1.93,1.09,0.07,1.09,1.16,False
Green Ridge,2026-09-19,Lakeland,,2,0,W,2.24,1.31,-0.24,1.31,1.07,False
Green Ridge,2026-09-21,Leeton with Chilhowee,,2,0,W,2.78,-0.19,-0.78,-0.19,-0.97,False
Green Ridge,2026-09-21,Kingsville,,2,1,W,1.93,1.09,0.07,0.09,0.16,False
Green Ridge,2026-09-22,Lincoln,,3,1,W,1.94,1.1,1.06,0.1,1.17,False
Green Ridge,2026-09-24,Stover,,0,3,L,0.12,2.78,-0.12,-0.22,-0.34,False
Green Ridge,2026-09-28,Appleton City with Montrose,,3,2,W,2.29,0.6,0.71,-1.4,-0.69,False
Green Ridge,2026-09-29,La Monte,,3,2,W,1.37,1.59,1.63,-0.41,1.22,False
Green Ridge,2026-10-01,Otterville,,1,3,L,1.23,1.66,-0.23,-1.34,-1.58,False
Green Ridge,2026-10-05,Windsor,,3,0,W,2.48,1.01,0.52,1.01,1.53,False
Green Ridge,2026-10-07,Northwest (Hughesville),,1,1,T,2.09,0.57,-1.09,-0.43,-1.51,False
Green Ridge,2026-10-07,Stover,,0,2,L,0.12,2.78,-0.12,0.78,0.66,False
Green Ridge,2026-10-08,La Monte,,0,2,L,1.37,1.59,-1.37,-0.41,-1.78,False
Green Ridge,2026-10-08,Sacred Heart,,2,0,W,1.1,1.87,0.9,1.87,2.76,False
Green Ridge,2026-10-13,Sacred Heart,,,,,1.1,1.87,,,,False
Green Ridge,2026-10-15,Northwest (Hughesville),,,,,2.09,0.57,,,,False
Green Ridge,2026-10-17,Skyline,,,,,0.46,2.5,,,,False
Green Ridge,2026-10-20,Leeton with Chilhowee,,,,,2.78,-0.19,,,,False
"Greenbrier(Greenbrier , AR)",2026-08-29,Kirkwood,,1,2,L,,,,,,False
"Greenbrier(Greenbrier, AR)",2026-08-29,Blue Springs South,,1,2,L,,,,,,False
"Greene County Tech(Paragould , AR)",2026-09-11,Saxony Lutheran,,0,2,L,,,,,,False
"Greene County Tech(Paragould , AR)",2026-09-12,Dexter,,1,2,L,,,,,,False
"Greene County Tech(Paragould, AR)",2026-09-12,Bismarck,,1,2,L,,,,,,False
"Greene County Tech(Paragould, AR)",2026-09-12,Kennett,,2,0,W,,,,,,False
"Greene County Tech(Paragould, AR)",2026-10-20,Kennett,,,,,,,,,,False
Greenfield,2026-08-27,Everton,,,,,2.0,1.1,,,,False
Greenfield,2026-08-27,Golden City,,,,,2.98,0.43,,,,False
Greenfield,2026-09-01,Stockton,,1,3,L,1.26,2.23,-0.26,-0.77,-1.03,False
Greenfield,2026-09-03,Ash Grove,,0,3,L,0.75,2.42,-0.75,-0.58,-1.33,False
Greenfield,2026-09-08,Everton,,3,0,W,2.0,1.1,1.0,1.1,2.1,False
Greenfield,2026-09-11,Galena,,3,0,W,2.74,0.24,0.26,0.24,0.5,False
Greenfield,2026-09-12,Wheaton,,2,0,W,2.65,0.68,-0.65,0.68,0.03,False
Greenfield,2026-09-14,Marionville,,0,3,L,1.44,1.87,-1.44,-1.13,-2.58,False
Greenfield,2026-09-15,Sarcoxie,,1,3,L,1.57,2.16,-0.57,-0.84,-1.41,False
Greenfield,2026-09-17,Sheldon,,3,0,W,3.17,0.24,-0.17,0.24,0.07,False
Greenfield,2026-09-19,School of the Ozarks,,2,0,W,1.26,1.73,0.74,1.73,2.47,False
Greenfield,2026-09-19,Pierce City,,0,2,L,1.34,1.7,-1.34,-0.3,-1.64,False
Greenfield,2026-09-19,New Heights Christian,,0,2,L,1.35,1.72,-1.35,-0.28,-1.64,False
Greenfield,2026-09-19,Sarcoxie,,2,1,W,1.57,2.16,0.43,1.16,1.59,False
Greenfield,2026-09-22,Jasper,,3,0,W,2.23,1.26,0.77,1.26,2.02,False
Greenfield,2026-09-24,Golden City,,3,0,W,2.98,0.43,0.02,0.43,0.45,False
Greenfield,2026-09-28,Pleasant Hope,,3,2,W,1.7,1.48,1.3,-0.52,0.78,False
Greenfield,2026-09-29,Greenwood,,3,2,W,1.86,1.58,1.14,-0.42,0.72,False
Greenfield,2026-10-05,Liberal,,0,3,L,0.93,2.72,-0.93,-0.28,-1.21,False
Greenfield,2026-10-06,Conway,,3,2,W,2.02,1.43,0.98,-0.57,0.42,False
Greenfield,2026-10-08,Northeast Vernon County,,3,0,W,4.02,-1.1,-1.02,-1.1,-2.12,False
Greenfield,2026-10-10,Wheaton,,,,,2.65,0.68,,,,False
Greenfield,2026-10-10,Lockwood,,,,,0.17,2.88,,,,False
Greenfield,2026-10-12,Verona,,,,,2.22,1.18,,,,False
Greenfield,2026-10-13,Chadwick,,,,,2.54,0.74,,,,False
Greenfield,2026-10-15,Lockwood,,,,,0.17,2.88,,,,False
Greenfield,2026-10-20,McAuley Catholic,,,,,2.95,0.59,,,,False
Greenville,2026-08-27,Clarkton,,0,3,L,0.84,2.47,-0.84,-0.53,-1.37,False
Greenville,2026-08-28,Zalma,,3,1,W,2.36,0.88,0.64,-0.12,0.52,False
Greenville,2026-08-31,Perryville,,0,3,L,-0.81,4.16,0.81,1.16,1.96,False
Greenville,2026-09-03,Oak Ridge,,0,3,L,-0.49,3.96,0.49,0.96,1.46,False
Greenville,2026-09-08,St. Paul Lutheran (Farmington),,2,3,L,0.3,2.78,1.7,-0.22,1.48,False
Greenville,2026-09-11,Bernie,,0,2,L,0.81,2.33,-0.81,0.33,-0.47,False
Greenville,2026-09-11,Owensville,,0,2,L,-0.24,3.53,0.24,1.53,1.77,False
Greenville,2026-09-12,Eminence,,0,2,L,0.15,3.09,-0.15,1.09,0.95,False
Greenville,2026-09-12,Valley,,0,2,L,0.87,2.25,-0.87,0.25,-0.62,False
Greenville,2026-09-12,New Haven,,1,2,L,0.8,2.2,0.2,0.2,0.4,False
Greenville,2026-09-12,Viburnum,,2,1,W,1.59,1.38,0.41,0.38,0.79,False
Greenville,2026-09-17,South Iron,,1,3,L,1.32,2.11,-0.32,-0.89,-1.21,False
Greenville,2026-09-18,Meadow Heights,,0,3,L,0.14,3.18,-0.14,0.18,0.04,False
Greenville,2026-09-19,Central (New Madrid County),,0,2,L,0.46,2.96,-0.46,0.96,0.5,False
Greenville,2026-09-19,Doniphan,,0,2,L,1.14,2.33,-1.14,0.33,-0.81,False
Greenville,2026-09-19,Valley,,0,2,L,0.87,2.25,-0.87,0.25,-0.62,False
Greenville,2026-09-21,West County,,0,3,L,1.05,2.36,-1.05,-0.64,-1.69,False
Greenville,2026-09-24,Doniphan,,3,2,W,1.14,2.33,1.86,0.33,2.19,False
Greenville,2026-09-28,Clearwater,,0,3,L,1.52,1.45,-1.52,-1.55,-3.06,False
Greenville,2026-09-29,Bloomfield,,3,1,W,1.74,1.5,1.26,0.5,1.76,False
Greenville,2026-10-02,Ellington,,0,3,L,-0.21,3.17,0.21,0.17,0.38,False
Greenville,2026-10-05,Twin Rivers,,3,2,W,1.78,2.22,1.22,0.22,1.44,False
Greenville,2026-10-09,Puxico,,,,,-0.04,3.35,,,,False
Greenville,2026-10-12,Bunker,,,,,1.46,2.38,,,,False
Greenville,2026-10-13,Doniphan,,,,,1.14,2.33,,,,False
Greenville,2026-10-16,Oak Ridge,,,,,-0.49,3.96,,,,False
Greenville,2026-10-20,Jefferson (Festus),,,,,0.31,3.05,,,,False
Greenwood,2026-08-27,Hillcrest,,1,3,L,0.51,2.32,0.49,-0.68,-0.19,False
Greenwood,2026-09-01,Galena,,3,0,W,2.55,0.33,0.45,0.33,0.78,False
Greenwood,2026-09-03,Marion C. Early,,3,0,W,4.34,-0.5,-1.34,-0.5,-1.84,False
Greenwood,2026-09-08,Mansfield,,3,0,W,3.46,0.05,-0.46,0.05,-0.41,False
Greenwood,2026-09-12,Chadwick,,2,0,W,2.34,0.82,-0.34,0.82,0.48,False
Greenwood,2026-09-12,Hurley,,2,0,W,2.39,0.83,-0.39,0.83,0.44,False
Greenwood,2026-09-12,Pleasant Hope,,1,1,T,1.51,1.57,-0.51,0.57,0.06,False
Greenwood,2026-09-12,Wheaton,,2,0,W,2.46,0.77,-0.46,0.77,0.31,False
Greenwood,2026-09-15,Gloria Deo Academy,,3,1,W,2.56,0.47,0.44,-0.53,-0.09,False
Greenwood,2026-09-17,Seymour,,3,0,W,2.73,0.74,0.27,0.74,1.01,False
Greenwood,2026-09-18,Crane,,3,1,W,1.66,1.57,1.34,0.57,1.91,False
Greenwood,2026-09-21,Niangua,,3,0,W,3.15,-0.05,-0.15,-0.05,-0.2,False
Greenwood,2026-09-22,Billings,,1,3,L,0.53,2.84,0.47,-0.16,0.31,False
Greenwood,2026-09-24,Spokane,,0,3,L,0.36,2.84,-0.36,-0.16,-0.51,False
Greenwood,2026-09-25,New Covenant Academy,,0,3,L,-1.12,3.79,1.12,0.79,1.91,False
Greenwood,2026-09-28,Chadwick,,3,0,W,2.34,0.82,0.66,0.82,1.48,False
Greenwood,2026-09-29,Greenfield,,2,3,L,1.58,1.86,0.42,-1.14,-0.72,False
Greenwood,2026-10-06,Pleasant Hope,,0,3,L,1.51,1.57,-1.51,-1.43,-2.94,False
Greenwood,2026-10-07,Fordland,,,,,1.9,1.82,,,,False
Greenwood,2026-10-08,Conway,,,,,1.83,1.52,,,,False
Greenwood,2026-10-12,School of the Ozarks,,,,,1.07,1.82,,,,False
Greenwood,2026-10-15,Parkview,,,,,1.83,1.17,,,,False
Greenwood,2026-10-20,Bradleyville,,,,,3.79,-0.19,,,,False
"Greenwood(Greenwood , AR)",2026-08-29,Blue Springs South,,0,2,L,,,,,,False
"Greenwood(Greenwood, AR)",2026-10-09,Eureka,,,,,,,,,,False
"Greenwood(Greenwood, AR)",2026-10-09,West Plains,,,,,,,,,,False
"Greenwood(Greenwood, AR)",2026-10-10,St. Francis Borgia,,,,,,,,,,False
"Greenwood(Greenwood, AR)",2026-10-10,Logan-Rogersville,,,,,,,,,,False
"Greenwood(Greenwook, AR)",2026-10-10,Jefferson City,,,,,,,,,,False
Guadalupe Centers Charter,2026-08-27,Grandview,,0,3,L,-0.88,3.67,0.88,0.67,1.55,False
Guadalupe Centers Charter,2026-09-01,Frontier STEM,,2,0,W,2.26,0.74,-0.26,0.74,0.48,False
Guadalupe Centers Charter,2026-09-01,"Kansas School for the Deaf(Olathe, KS)",,0,2,L,,,,,,False
Guadalupe Centers Charter,2026-09-03,East (Kansas City),,3,0,W,2.9,0.05,0.1,0.05,0.15,False
Guadalupe Centers Charter,2026-09-08,Crossroads Prep Charter,,0,3,L,1.04,1.86,-1.04,-1.14,-2.18,False
Guadalupe Centers Charter,2026-09-10,KIPP KC Legacy,,3,2,W,1.12,1.91,1.88,-0.09,1.8,False
Guadalupe Centers Charter,2026-09-14,"Midland Adventist(Shawnee, KS)",,0,3,L,,,,,,False
Guadalupe Centers Charter,2026-09-15,Northeast (Kansas City),,2,3,L,2.04,1.26,-0.04,-1.74,-1.78,False
Guadalupe Centers Charter,2026-09-17,"Hyman Brand Hebrew(Overland Park, KS)",,2,3,L,,,,,,False
Guadalupe Centers Charter,2026-09-19,Central (Kansas City),,2,0,W,1.37,1.69,0.63,1.69,2.32,False
Guadalupe Centers Charter,2026-09-19,KIPP KC Legacy,,1,1,T,1.12,1.91,-0.12,0.91,0.8,False
Guadalupe Centers Charter,2026-09-19,Academie Lafayette,,2,0,W,2.07,0.51,-0.07,0.51,0.44,False
Guadalupe Centers Charter,2026-09-19,Lincoln College Prep,,0,2,L,-1.17,4.55,1.17,2.55,3.72,False
Guadalupe Centers Charter,2026-09-19,"Schlagle HS(Kansas City, KS)",,0,2,L,,,,,,False
Guadalupe Centers Charter,2026-09-22,"Kansas School for the Deaf(Olathe, KS)",,1,2,L,,,,,,False
Guadalupe Centers Charter,2026-09-23,Frontier STEM,,3,1,W,2.26,0.74,0.74,-0.26,0.48,False
Guadalupe Centers Charter,2026-09-25,Cristo Rey,,0,2,L,1.13,1.62,-1.13,-0.38,-1.51,False
Guadalupe Centers Charter,2026-09-25,Frontier School of Excellence Charter,,2,0,W,,,,,,False
Guadalupe Centers Charter,2026-09-26,Center,,0,2,L,-1.37,4.12,1.37,2.12,3.49,False
Guadalupe Centers Charter,2026-09-26,Capital City,,0,2,L,-1.53,4.83,1.53,2.83,4.36,False
Guadalupe Centers Charter,2026-09-26,Kearney,,0,2,L,-1.9,4.58,1.9,2.58,4.48,False
Guadalupe Centers Charter,2026-09-26,West Platte,,0,2,L,-1.1,4.53,1.1,2.53,3.63,False
Guadalupe Centers Charter,2026-09-28,Central (Kansas City),,0,3,L,1.37,1.69,-1.37,-1.31,-2.68,False
Guadalupe Centers Charter,2026-09-29,Academie Lafayette,,3,0,W,2.07,0.51,0.93,0.51,1.44,False
Guadalupe Centers Charter,2026-10-06,"Bishop Ward(Kansas City, KS)",,,,,,,,,,False
Guadalupe Centers Charter,2026-10-07,Cristo Rey,,,,,1.13,1.62,,,,False
Guadalupe Centers Charter,2026-10-09,Daniel Academy Sr. High,,,,,,,,,,False
Guadalupe Centers Charter,2026-10-12,Southeast,,,,,2.58,0.44,,,,False
Guadalupe Centers Charter,2026-10-15,Frontier STEM,,,,,2.26,0.74,,,,False
Guadalupe Centers Charter,2026-10-20,Central (Kansas City),,,,,1.37,1.69,,,,False
Hallsville,2026-08-27,Kirksville,,3,0,W,2.54,0.46,0.46,0.46,0.92,False
Hallsville,2026-08-29,Christian Fellowship Sr.,,2,0,W,3.46,-0.32,-1.46,-0.32,-1.77,False
Hallsville,2026-08-29,Montgomery County,,1,1,T,2.43,0.79,-1.43,-0.21,-1.63,False
Hallsville,2026-08-29,Linn,,2,0,W,0.94,2.02,1.06,2.02,3.07,False
Hallsville,2026-08-29,Father Tolton,,2,0,W,1.55,1.46,0.45,1.46,1.91,False
Hallsville,2026-08-29,Kirksville,,2,0,W,2.54,0.46,-0.54,0.46,-0.08,False
Hallsville,2026-09-03,Sunnydale Adventist Acad HS,,3,0,W,,,,,,False
Hallsville,2026-09-08,Mexico,,3,0,W,3.4,0.47,-0.4,0.47,0.07,False
Hallsville,2026-09-10,Battle,,0,3,L,0.39,2.75,-0.39,-0.25,-0.64,False
Hallsville,2026-09-15,Russellville,,3,0,W,2.37,0.97,0.63,0.97,1.6,False
Hallsville,2026-09-16,Eldon,,3,2,W,2.0,1.21,1.0,-0.79,0.22,False
Hallsville,2026-09-17,Boonville,,0,3,L,1.16,1.85,-1.16,-1.15,-2.3,False
Hallsville,2026-09-22,North Callaway,,3,0,W,1.94,1.17,1.06,1.17,2.23,False
Hallsville,2026-09-23,Smith-Cotton,,0,3,L,1.25,1.8,-1.25,-1.2,-2.45,False
Hallsville,2026-09-24,Blair Oaks,,0,3,L,0.16,3.0,-0.16,-0.0,-0.16,False
Hallsville,2026-09-26,Columbia Independent,,2,0,W,3.16,0.33,-1.16,0.33,-0.83,False
Hallsville,2026-09-26,Linn,,0,2,L,0.94,2.02,-0.94,0.02,-0.93,False
Hallsville,2026-09-26,Smithton,,2,0,W,2.41,0.78,-0.41,0.78,0.37,False
Hallsville,2026-09-28,California,,1,3,L,1.17,1.83,-0.17,-1.17,-1.34,False
Hallsville,2026-09-29,Centralia,,3,2,W,2.87,0.46,0.13,-1.54,-1.41,False
Hallsville,2026-10-01,Christian Fellowship Sr.,,3,0,W,3.46,-0.32,-0.46,-0.32,-0.77,False
Hallsville,2026-10-05,Marshall,,3,1,W,2.98,0.03,0.02,-0.97,-0.94,False
Hallsville,2026-10-07,Father Tolton,,3,2,W,1.55,1.46,1.45,-0.54,0.91,False
Hallsville,2026-10-08,Osage,,0,3,L,0.53,2.79,-0.53,-0.21,-0.74,False
Hallsville,2026-10-12,Montgomery County,,,,,2.43,0.79,,,,False
Hallsville,2026-10-13,Fulton,,,,,2.4,0.81,,,,False
Hallsville,2026-10-15,Southern Boone,,,,,0.67,2.73,,,,False
Hallsville,2026-10-22,Boonville,,,,,1.16,1.85,,,,False
"Hamburg(Hamburg, IA)",2026-08-27,Rock Port,,0,3,L,,,,,,False
"Hamilton(Hamilton, AZ)",2026-10-02,Incarnate Word Academy,,2,0,W,,,,,,False
Hancock,2026-09-01,Bayless,,0,2,L,0.86,2.33,-0.86,0.33,-0.53,False
Hancock,2026-09-01,Valley Park,,1,1,T,2.07,0.6,-1.07,-0.4,-1.47,False
Hancock,2026-09-01,Maplewood-Richmond Hts.,,0,2,L,0.67,2.15,-0.67,0.15,-0.51,False
Hancock,2026-09-02,Grandview (Hillsboro),,1,2,L,1.44,1.19,-0.44,-0.81,-1.25,False
Hancock,2026-09-02,Principia,,0,2,L,1.07,1.36,-1.07,-0.64,-1.71,False
Hancock,2026-09-02,Crossroads College Preparatory,,2,0,W,2.63,0.28,-0.63,0.28,-0.35,False
Hancock,2026-09-09,Maplewood-Richmond Hts.,,3,0,W,0.67,2.15,2.33,2.15,4.49,False
Hancock,2026-09-10,Gateway with Soldan International Studies,,3,0,W,3.47,-0.45,-0.47,-0.45,-0.92,False
Hancock,2026-09-15,Brentwood,,0,3,L,0.95,1.7,-0.95,-1.3,-2.25,False
Hancock,2026-09-16,Crossroads College Preparatory,,3,1,W,2.63,0.28,0.37,-0.72,-0.35,False
Hancock,2026-09-18,Valley Park,,3,0,W,2.07,0.6,0.93,0.6,1.53,False
Hancock,2026-09-21,Gateway Science Charter,,3,1,W,1.75,1.17,1.25,0.17,1.42,False
Hancock,2026-09-22,Bayless,,0,3,L,0.86,2.33,-0.86,-0.67,-1.53,False
Hancock,2026-09-24,Crystal City,,0,3,L,0.15,2.83,-0.15,-0.17,-0.32,False
Hancock,2026-09-29,Crossroads College Preparatory,,3,1,W,2.63,0.28,0.37,-0.72,-0.35,False
Hancock,2026-10-01,McKinley Classical Leadership,,3,0,W,2.4,0.46,0.6,0.46,1.06,False
Hancock,2026-10-06,Valley Park,,,,,2.07,0.6,,,,False
Hancock,2026-10-07,Collegiate School of Med-Bio Science,,3,0,W,1.87,1.53,1.13,1.53,2.66,False
Hancock,2026-10-10,Brentwood,,,,,0.95,1.7,,,,False
Hancock,2026-10-10,Bayless,,,,,0.86,2.33,,,,False
Hancock,2026-10-12,Maplewood-Richmond Hts.,,,,,0.67,2.15,,,,False
Hancock,2026-10-13,University City,,,,,2.47,0.84,,,,False
Hancock,2026-10-16,Metro,,,,,0.37,2.07,,,,False
Hannibal,2026-08-28,Bishop LeBlond,,0,2,L,2.83,0.1,-2.83,-1.9,-4.72,False
Hannibal,2026-08-28,Oak Grove,,1,2,L,0.85,1.44,0.15,-0.56,-0.41,False
Hannibal,2026-08-29,Belton,,2,0,W,1.9,1.05,0.1,1.05,1.15,False
Hannibal,2026-08-29,Maryville,,2,0,W,2.24,0.62,-0.24,0.62,0.38,False
Hannibal,2026-09-01,Troy Buchanan,,3,0,W,3.02,-0.29,-0.02,-0.29,-0.31,False
Hannibal,2026-09-08,"Payson Seymour(Payson, IL)",,2,0,W,,,,,,False
Hannibal,2026-09-09,Holt,,3,0,W,2.57,0.27,0.43,0.27,0.7,False
Hannibal,2026-09-12,Father Tolton,,2,0,W,3.15,-0.51,-1.15,-0.51,-1.66,False
Hannibal,2026-09-12,Battle,,2,0,W,1.99,0.78,0.01,0.78,0.79,False
Hannibal,2026-09-12,St. Clair,,2,0,W,2.31,0.73,-0.31,0.73,0.41,False
Hannibal,2026-09-12,Hickman,,2,1,W,2.23,0.23,-0.23,-0.77,-1.0,False
Hannibal,2026-09-12,"MADISON HS(MADISON, IL)",,2,0,W,,,,,,False
Hannibal,2026-09-15,Hickman,,3,0,W,2.23,0.23,0.77,0.23,1.0,False
Hannibal,2026-09-17,Mexico,,3,0,W,5.0,-1.5,-2.0,-1.5,-3.5,False
Hannibal,2026-09-19,Clayton,,2,0,W,3.64,-0.6,-1.64,-0.6,-2.23,False
Hannibal,2026-09-19,Ft. Zumwalt South,,2,0,W,3.28,-0.71,-1.28,-0.71,-1.99,False
Hannibal,2026-09-19,STEAM Academy,,2,0,W,4.99,-2.22,-2.99,-2.22,-5.21,False
Hannibal,2026-09-19,St. Charles,,2,0,W,4.21,-1.13,-2.21,-1.13,-3.34,False
Hannibal,2026-09-19,Ste. Genevieve,,2,1,W,2.66,-0.05,-0.66,-1.05,-1.71,False
Hannibal,2026-09-22,"Quincy Notre Dame(Quincy, IL)",,3,1,W,,,,,,False
Hannibal,2026-09-24,Kirksville,,3,0,W,4.14,-1.51,-1.14,-1.51,-2.65,False
Hannibal,2026-09-26,Valle Catholic,,2,1,W,2.02,0.68,-0.02,-0.32,-0.34,False
Hannibal,2026-09-26,Windsor (Imperial),,2,0,W,2.56,-0.13,-0.56,-0.13,-0.7,False
Hannibal,2026-09-28,"Quincy Senior High(Quincy, IL)",,0,2,L,,,,,,False
Hannibal,2026-09-30,Francis Howell,,3,0,W,2.34,0.52,0.66,0.52,1.18,False
Hannibal,2026-10-02,Webster Groves,,3,0,W,2.19,0.45,0.81,0.45,1.26,False
Hannibal,2026-10-06,Kirksville,,3,0,W,4.14,-1.51,-1.14,-1.51,-2.65,False
Hannibal,2026-10-08,Rock Bridge,,3,1,W,1.62,0.91,1.38,-0.09,1.28,False
Hannibal,2026-10-10,"JACKSONVILLE HS(JACKSONVILLE, IL)",,,,,,,,,,False
Hannibal,2026-10-10,"PAYTON COLLEGE PREP(CHICAGO, IL)",,,,,,,,,,False
Hannibal,2026-10-10,"Sacred Heart(SPRINGFIELD, IL)",,,,,,,,,,False
Hannibal,2026-10-12,"Illini West HS(Carthage , IL)",,,,,,,,,,False
Hannibal,2026-10-21,Ft. Zumwalt South,,,,,3.28,-0.71,,,,False
"Harrisburg(Harrisburg, IL)",2026-09-05,Sikeston,,0,2,L,,,,,,False
"Harrison(Harrison , AR)",2026-10-05,Hollister,,1,3,L,,,,,,False
"Harrison(Harrison, AR)",2026-08-27,Branson,,0,3,L,,,,,,False
Harrisonville,2026-09-01,Butler,,2,3,L,1.59,1.75,0.41,-1.25,-0.84,False
Harrisonville,2026-09-05,Clinton,,0,2,L,0.87,2.47,-0.87,0.47,-0.4,False
Harrisonville,2026-09-05,"Frontenac(Frontenac, KS)",,1,1,T,,,,,,False
Harrisonville,2026-09-05,Nevada,,1,1,T,0.97,2.11,0.03,1.11,1.13,False
Harrisonville,2026-09-05,Knob Noster,,2,0,W,2.61,0.41,-0.61,0.41,-0.19,False
Harrisonville,2026-09-05,McDonald County,,2,0,W,3.68,-0.92,-1.68,-0.92,-2.6,False
Harrisonville,2026-09-09,Excelsior Springs,,3,0,W,3.48,-0.04,-0.48,-0.04,-0.53,False
Harrisonville,2026-09-10,Holden,,3,0,W,3.41,-0.26,-0.41,-0.26,-0.67,False
Harrisonville,2026-09-15,Adrian,,3,1,W,0.95,2.05,2.05,1.05,3.1,False
Harrisonville,2026-09-16,"Louisburg(Louisburg , KS)",,1,3,L,,,,,,False
Harrisonville,2026-09-19,East Buchanan,,1,1,T,1.65,1.58,-0.65,0.58,-0.07,False
Harrisonville,2026-09-19,Lone Jack,,2,0,W,1.9,1.37,0.1,1.37,1.47,False
Harrisonville,2026-09-19,Holden,,2,0,W,3.41,-0.26,-1.41,-0.26,-1.67,False
Harrisonville,2026-09-19,Butler,,0,2,L,1.59,1.75,-1.59,-0.25,-1.84,False
Harrisonville,2026-09-22,Lexington,,3,0,W,3.95,-0.82,-0.95,-0.82,-1.77,False
Harrisonville,2026-09-24,Summit Christian Academy,,3,1,W,1.66,1.35,1.34,0.35,1.68,False
Harrisonville,2026-09-29,Pleasant Hill,,1,3,L,1.11,2.4,-0.11,-0.6,-0.71,False
Harrisonville,2026-10-01,Center,,3,1,W,2.15,0.84,0.85,-0.16,0.69,False
Harrisonville,2026-10-06,Clinton,,0,3,L,0.87,2.47,-0.87,-0.53,-1.4,False
Harrisonville,2026-10-08,Warrensburg,,2,3,L,1.74,1.51,0.26,-1.49,-1.23,False
Harrisonville,2026-10-10,Cabool,,,,,1.7,1.44,,,,False
Harrisonville,2026-10-10,Knob Noster,,,,,2.61,0.41,,,,False
Harrisonville,2026-10-10,El Dorado Springs,,,,,3.76,-0.31,,,,False
Harrisonville,2026-10-12,Archie,,,,,2.84,0.74,,,,False
Harrisonville,2026-10-13,Oak Grove,,,,,0.03,2.92,,,,False
Harrisonville,2026-10-15,Odessa,,,,,1.56,2.29,,,,False
Harrisonville,2026-10-22,Warrensburg,,,,,1.74,1.51,,,,False
"Hayden Catholic(Topeka, KS)",2026-09-28,St. Pius X (Kansas City),,2,3,L,,,,,,False
Hayti,2026-08-25,Delta (Deering),,,,,1.42,2.1,,,,False
Hayti,2026-09-01,Malden,,0,3,L,-0.48,3.71,0.48,0.71,1.19,False
Hayti,2026-09-03,Central (New Madrid County),,0,3,L,-0.18,3.54,0.18,0.54,0.72,False
Hayti,2026-09-07,Holcomb,,0,3,L,-0.06,3.33,0.06,0.33,0.39,False
Hayti,2026-09-08,Portageville,,0,3,L,0.04,3.66,-0.04,0.66,0.61,False
Hayti,2026-09-10,Southland,,3,0,W,2.07,1.09,0.93,1.09,2.02,False
Hayti,2026-09-15,Risco,,0,3,L,0.84,2.45,-0.84,-0.55,-1.39,False
Hayti,2026-09-17,Campbell,,0,,,-0.36,3.51,,,,False
Hayti,2026-09-21,"Blytheville(Blytheville , AR)",,2,3,L,,,,,,False
Hayti,2026-09-22,North Pemiscot,,0,3,L,-0.42,3.62,0.42,0.62,1.04,False
Hayti,2026-09-24,Bernie,,0,2,L,0.17,2.91,-0.17,0.91,0.74,False
Hayti,2026-09-24,Clarkton,,0,2,L,0.2,3.04,-0.2,1.04,0.84,False
Hayti,2026-09-24,Risco,,0,2,L,0.84,2.45,-0.84,0.45,-0.39,False
Hayti,2026-09-28,South Pemiscot,,0,3,L,0.73,2.63,-0.73,-0.37,-1.1,False
Hayti,2026-09-30,Caruthersville,,1,3,L,1.59,1.71,-0.59,-1.29,-1.88,False
Hayti,2026-10-01,Cooter,,3,2,W,1.79,1.95,1.21,-0.05,1.15,False
Hayti,2026-10-06,Senath-Hornersville,,0,3,L,0.74,2.83,-0.74,-0.17,-0.91,False
Hayti,2026-10-20,"Cairo(Cairo , IL)",,,,,,,,,,False
Hayti,2026-10-21,Delta (Deering),,,,,1.42,2.1,,,,False
Hazelwood Central,2026-08-27,Clayton,,0,3,L,-0.61,4.01,0.61,1.01,1.63,False
Hazelwood Central,2026-08-29,Hazelwood West,,0,2,L,0.35,2.47,-0.35,0.47,0.12,False
Hazelwood Central,2026-08-29,Jennings,,2,0,W,2.59,0.61,-0.59,0.61,0.02,False
Hazelwood Central,2026-08-29,McCluer,,2,0,W,3.36,0.12,-1.36,0.12,-1.25,False
Hazelwood Central,2026-08-29,University City,,2,1,W,1.67,1.74,0.33,0.74,1.07,False
Hazelwood Central,2026-08-29,Cardinal Ritter,,2,0,W,1.77,1.24,0.23,1.24,1.47,False
Hazelwood Central,2026-08-29,Hazelwood East,,0,2,L,0.8,2.43,-0.8,0.43,-0.37,False
Hazelwood Central,2026-09-08,Hazelwood East,,0,3,L,0.8,2.43,-0.8,-0.57,-1.37,False
Hazelwood Central,2026-09-10,Jennings,,3,1,W,2.59,0.61,0.41,-0.39,0.02,False
Hazelwood Central,2026-09-12,Ritenour,,0,2,L,0.4,2.64,-0.4,0.64,0.24,False
Hazelwood Central,2026-09-12,Rosati-Kain,,2,1,W,1.94,1.34,0.06,0.34,0.4,False
Hazelwood Central,2026-09-14,University City,,2,3,L,1.67,1.74,0.33,-1.26,-0.93,False
Hazelwood Central,2026-09-16,Normandy Collaborative,,3,0,W,,,,,,False
Hazelwood Central,2026-09-18,STEAM Academy,,0,3,L,0.74,2.39,-0.74,-0.61,-1.35,False
Hazelwood Central,2026-09-21,Affton,,0,3,L,-0.17,3.34,0.17,0.34,0.51,False
Hazelwood Central,2026-09-22,McCluer North,,3,0,W,2.64,0.48,0.36,0.48,0.84,False
Hazelwood Central,2026-09-23,Hazelwood West,,0,3,L,0.35,2.47,-0.35,-0.53,-0.88,False
Hazelwood Central,2026-09-24,McCluer,,3,0,W,3.36,0.12,-0.36,0.12,-0.25,False
Hazelwood Central,2026-09-28,Hazelwood East,,1,3,L,0.8,2.43,0.2,-0.57,-0.37,False
Hazelwood Central,2026-09-30,Jennings,,3,0,W,2.59,0.61,0.41,0.61,1.02,False
Hazelwood Central,2026-10-02,University City,,1,3,L,1.67,1.74,-0.67,-1.26,-1.93,False
Hazelwood Central,2026-10-05,Normandy Collaborative,,3,0,W,,,,,,False
Hazelwood Central,2026-10-06,McKinley Classical Leadership,,3,1,W,1.59,1.35,1.41,0.35,1.76,False
Hazelwood Central,2026-10-07,STEAM Academy,,0,3,L,0.74,2.39,-0.74,-0.61,-1.35,False
Hazelwood Central,2026-10-08,Winfield,,0,3,L,-0.89,4.06,0.89,1.06,1.95,False
Hazelwood Central,2026-10-12,McCluer North,,,,,2.64,0.48,,,,False
Hazelwood Central,2026-10-14,McCluer,,,,,3.36,0.12,,,,False
Hazelwood Central,2026-10-16,Parkway North,,,,,-0.78,4.25,,,,False
Hazelwood Central,2026-10-20,Hazelwood West,,,,,0.35,2.47,,,,False
Hazelwood East,2026-08-29,Hazelwood Central,,2,0,W,2.43,0.8,-0.43,0.8,0.37,False
Hazelwood East,2026-08-29,Hazelwood West,,0,2,L,1.3,1.79,-1.3,-0.21,-1.51,False
Hazelwood East,2026-08-29,Jennings,,2,0,W,3.54,-0.07,-1.54,-0.07,-1.61,False
Hazelwood East,2026-08-29,McCluer,,2,0,W,4.31,-0.56,-2.31,-0.56,-2.87,False
Hazelwood East,2026-08-29,University City,,2,1,W,2.61,1.06,-0.61,0.06,-0.56,False
Hazelwood East,2026-09-01,Winfield,,0,3,L,0.06,3.38,-0.06,0.38,0.32,False
Hazelwood East,2026-09-08,Hazelwood Central,,3,0,W,2.43,0.8,0.57,0.8,1.37,False
Hazelwood East,2026-09-09,Parkway North,,0,3,L,0.17,3.57,-0.17,0.57,0.41,False
Hazelwood East,2026-09-10,University City,,3,1,W,2.61,1.06,0.39,0.06,0.44,False
Hazelwood East,2026-09-11,Windsor (Imperial),,0,2,L,-0.74,3.79,0.74,1.79,2.54,False
Hazelwood East,2026-09-12,Notre Dame (St. Louis),,0,,,-0.25,3.64,,,,False
Hazelwood East,2026-09-14,STEAM Academy,,3,1,W,1.69,1.71,1.31,0.71,2.02,False
Hazelwood East,2026-09-14,Normandy Collaborative,,,,,,,,,,False
Hazelwood East,2026-09-16,McCluer,,3,1,W,4.31,-0.56,-1.31,-1.56,-2.87,False
Hazelwood East,2026-09-17,Jennings,,3,0,W,3.54,-0.07,-0.54,-0.07,-0.61,False
Hazelwood East,2026-09-21,Alton,,0,2,L,,,,,,False
Hazelwood East,2026-09-24,McCluer North,,3,0,W,3.58,-0.2,-0.58,-0.2,-0.79,False
Hazelwood East,2026-09-28,Hazelwood Central,,3,1,W,2.43,0.8,0.57,-0.2,0.37,False
Hazelwood East,2026-09-30,University City,,3,1,W,2.61,1.06,0.39,0.06,0.44,False
Hazelwood East,2026-10-01,STEAM Academy,,2,3,L,1.69,1.71,0.31,-1.29,-0.98,False
Hazelwood East,2026-10-02,Lutheran North,,1,,,1.57,1.91,,,,False
Hazelwood East,2026-10-05,McCluer,,3,0,W,4.31,-0.56,-1.31,-0.56,-1.87,False
Hazelwood East,2026-10-07,Jennings,,3,0,W,3.54,-0.07,-0.54,-0.07,-0.61,False
Hazelwood East,2026-10-07,Normandy Collaborative,,,,,,,,,,False
Hazelwood East,2026-10-12,Normandy Collaborative,,,,,,,,,,False
Hazelwood East,2026-10-13,Cardinal Ritter,,,,,2.72,0.56,,,,False
Hazelwood East,2026-10-14,McCluer North,,,,,3.58,-0.2,,,,False
Hazelwood East,2026-10-15,Hazelwood West,,,,,1.3,1.79,,,,False
Hazelwood West,2026-08-28,Collegiate School of Med-Bio Science,,3,1,W,2.05,1.3,0.95,0.3,1.25,False
Hazelwood West,2026-08-29,Hazelwood Central,,2,0,W,2.47,0.35,-0.47,0.35,-0.12,False
Hazelwood West,2026-08-29,Hazelwood East,,2,0,W,1.79,1.3,0.21,1.3,1.51,False
Hazelwood West,2026-08-29,Normandy Collaborative,,1,0,W,,,,,,False
Hazelwood West,2026-08-29,Jennings,,2,0,W,3.58,-0.52,-1.58,-0.52,-2.1,False
Hazelwood West,2026-08-29,McCluer North,,2,0,W,3.62,-0.66,-1.62,-0.66,-2.28,False
Hazelwood West,2026-08-31,St. Charles West,,0,3,L,-0.02,3.04,0.02,0.04,0.07,False
Hazelwood West,2026-09-01,McKinley Classical Leadership,,3,0,W,2.58,0.22,0.42,0.22,0.64,False
Hazelwood West,2026-09-09,Cardinal Ritter,,3,0,W,2.76,0.11,0.24,0.11,0.35,False
Hazelwood West,2026-09-10,Parkway South,,0,3,L,-0.97,3.85,0.97,0.85,1.82,False
Hazelwood West,2026-09-11,East Prairie,,0,2,L,0.78,1.91,-0.78,-0.09,-0.87,False
Hazelwood West,2026-09-11,Southland,,2,0,W,2.6,0.14,-0.6,0.14,-0.45,False
Hazelwood West,2026-09-12,Doniphan,,1,2,L,1.03,1.97,-0.03,-0.03,-0.07,False
Hazelwood West,2026-09-12,Oak Ridge,,0,2,L,-0.6,3.59,0.6,1.59,2.19,False
Hazelwood West,2026-09-12,Gideon,,0,2,L,-0.91,3.15,0.91,1.15,2.06,False
Hazelwood West,2026-09-12,Zalma,,2,0,W,2.25,0.51,-0.25,0.51,0.26,False
Hazelwood West,2026-09-15,Pattonville,,0,3,L,0.25,2.9,-0.25,-0.1,-0.34,False
Hazelwood West,2026-09-17,Northwest (Cedar Hill),,0,3,L,0.04,2.63,-0.04,-0.37,-0.41,False
Hazelwood West,2026-09-22,Fox,,0,3,L,0.73,2.58,-0.73,-0.42,-1.14,False
Hazelwood West,2026-09-23,Hazelwood Central,,3,0,W,2.47,0.35,0.53,0.35,0.88,False
Hazelwood West,2026-09-29,Ritenour,,2,3,L,1.38,1.51,0.62,-1.49,-0.87,False
Hazelwood West,2026-10-01,Parkway North,,0,3,L,0.2,3.12,-0.2,0.12,-0.08,False
Hazelwood West,2026-10-06,Affton,,0,3,L,0.81,2.21,-0.81,-0.79,-1.6,False
Hazelwood West,2026-10-07,Rosati-Kain,,3,0,W,2.93,0.21,0.07,0.21,0.28,False
Hazelwood West,2026-10-08,McCluer North,,3,0,W,3.62,-0.66,-0.62,-0.66,-1.28,False
Hazelwood West,2026-10-13,Clayton,,,,,0.37,2.88,,,,False
Hazelwood West,2026-10-14,Lift for Life Academy Charter,,,,,2.05,0.72,,,,False
Hazelwood West,2026-10-15,Hazelwood East,,,,,1.79,1.3,,,,False
Hazelwood West,2026-10-17,Lutheran North,,,,,1.61,1.46,,,,False
Hazelwood West,2026-10-17,McCluer,,,,,4.34,-1.02,,,,False
Hazelwood West,2026-10-17,University City,,,,,2.65,0.61,,,,False
Hazelwood West,2026-10-20,Hazelwood Central,,,,,2.47,0.35,,,,False
"Hebron Christian(Dacula, GA)",2026-10-03,Incarnate Word Academy,,1,2,L,,,,,,False
Helias Catholic,2026-08-29,Bolivar,,2,0,W,3.76,-1.33,-1.76,-1.33,-3.08,False
Helias Catholic,2026-08-29,Carthage,,2,0,W,2.13,0.4,-0.13,0.4,0.27,False
Helias Catholic,2026-08-29,Summit Christian Academy,,2,0,W,3.01,-0.62,-1.01,-0.62,-1.63,False
Helias Catholic,2026-08-29,Mt. Vernon,,2,0,W,2.71,-0.3,-0.71,-0.3,-1.01,False
Helias Catholic,2026-08-29,Republic,,2,0,W,2.33,0.09,-0.33,0.09,-0.24,False
Helias Catholic,2026-08-29,Strafford,,1,1,T,2.29,0.18,-1.29,-0.82,-2.11,False
Helias Catholic,2026-09-01,Fatima,,3,0,W,3.93,-0.88,-0.93,-0.88,-1.8,False
Helias Catholic,2026-09-02,Rolla,,3,0,W,3.73,-1.01,-0.73,-1.01,-1.74,False
Helias Catholic,2026-09-03,Branson,,2,0,W,2.63,-0.09,-0.63,-0.09,-0.72,False
Helias Catholic,2026-09-03,Logan-Rogersville,,2,0,W,3.1,0.05,-1.1,0.05,-1.05,False
Helias Catholic,2026-09-03,West Plains,,2,0,W,1.8,0.78,0.2,0.78,0.98,False
Helias Catholic,2026-09-04,Kickapoo,,2,1,W,1.29,0.83,0.71,-0.17,0.54,False
Helias Catholic,2026-09-04,Nixa,,2,1,W,1.51,0.91,0.49,-0.09,0.41,False
Helias Catholic,2026-09-10,Hickman,,3,0,W,2.75,-0.26,0.25,-0.26,-0.01,False
Helias Catholic,2026-09-14,Capital City,,3,0,W,3.32,-0.43,-0.32,-0.43,-0.75,False
Helias Catholic,2026-09-16,Battle,,3,0,W,2.51,0.29,0.49,0.29,0.78,False
Helias Catholic,2026-09-21,Camdenton,,3,0,W,3.65,-1.18,-0.65,-1.18,-1.83,False
Helias Catholic,2026-09-22,Smith-Cotton,,3,0,W,3.37,-0.66,-0.37,-0.66,-1.03,False
Helias Catholic,2026-09-24,California,,3,0,W,3.29,-0.63,-0.29,-0.63,-0.92,False
Helias Catholic,2026-09-26,Belton,,2,0,W,2.42,0.56,-0.42,0.56,0.13,False
Helias Catholic,2026-09-26,Carl Junction,,2,0,W,2.63,-0.15,-0.63,-0.15,-0.78,False
Helias Catholic,2026-09-26,"Girard(Girard, KS)",,2,0,W,,,,,,False
Helias Catholic,2026-09-26,"Northside(Ft. Smith, AR)",,2,0,W,,,,,,False
Helias Catholic,2026-09-26,"Olathe South(Olathe, KS)",,2,0,W,,,,,,False
Helias Catholic,2026-09-26,"Oologah(Oologah, OK)",,2,0,W,,,,,,False
Helias Catholic,2026-09-29,Rock Bridge,,3,0,W,2.15,0.42,0.85,0.42,1.27,False
Helias Catholic,2026-09-30,Father Tolton,,3,0,W,3.67,-1.0,-0.67,-1.0,-1.68,False
Helias Catholic,2026-10-06,Blair Oaks,,3,0,W,2.28,0.54,0.72,0.54,1.25,False
Helias Catholic,2026-10-12,Hermann,,,,,3.72,-1.24,,,,False
Helias Catholic,2026-10-13,Jefferson City,,,,,2.03,0.57,,,,False
Helias Catholic,2026-10-19,Eldon,,,,,4.11,-1.25,,,,False
Helias Catholic,2026-10-20,Camdenton,,,,,3.65,-1.18,,,,False
Herculaneum,2026-09-01,Fredericktown,,0,3,L,-0.59,3.7,0.59,0.7,1.29,False
Herculaneum,2026-09-02,Bishop DuBourg,,3,1,W,2.36,1.09,0.64,0.09,0.73,False
Herculaneum,2026-09-03,West County,,1,3,L,0.69,2.16,0.31,-0.84,-0.53,False
Herculaneum,2026-09-08,Ste. Genevieve,,0,3,L,-0.87,3.59,0.87,0.59,1.46,False
Herculaneum,2026-09-10,Central (Park Hills),,0,3,L,-0.08,3.32,0.08,0.32,0.4,False
Herculaneum,2026-09-14,Kingston,,1,3,L,1.1,2.35,-0.1,-0.65,-0.75,False
Herculaneum,2026-09-16,North County,,1,3,L,-0.08,3.46,1.08,0.46,1.55,False
Herculaneum,2026-09-17,Valley Park,,3,0,W,2.0,0.53,1.0,0.53,1.54,False
Herculaneum,2026-09-19,Belle,,0,2,L,1.0,1.94,-1.0,-0.06,-1.06,False
Herculaneum,2026-09-19,Viburnum,,0,2,L,1.23,1.18,-1.23,-0.82,-2.05,False
Herculaneum,2026-09-19,Warrenton,,0,2,L,-0.05,2.82,0.05,0.82,0.87,False
Herculaneum,2026-09-19,Steelville,,0,2,L,0.52,2.51,-0.52,0.51,-0.02,False
Herculaneum,2026-09-22,Crystal City,,0,3,L,0.07,2.76,-0.07,-0.24,-0.31,False
Herculaneum,2026-09-23,St. Paul Lutheran (Farmington),,1,3,L,-0.07,2.58,1.07,-0.42,0.64,False
Herculaneum,2026-09-24,Perryville,,0,3,L,-1.17,3.96,1.17,0.96,2.13,False
Herculaneum,2026-09-29,St. Vincent,,1,3,L,-0.29,3.01,1.29,0.01,1.3,False
Herculaneum,2026-10-06,Lift for Life Academy Charter,,2,0,W,1.79,0.89,0.21,0.89,1.1,False
Herculaneum,2026-10-06,Windsor (Imperial),,0,2,L,-0.96,3.51,0.96,1.51,2.47,False
Herculaneum,2026-10-08,Jefferson (Festus),,,,,-0.05,2.85,,,,False
Herculaneum,2026-10-10,Bismarck,,,,,-0.66,3.66,,,,False
Herculaneum,2026-10-10,Viburnum,,,,,1.23,1.18,,,,False
Herculaneum,2026-10-10,Kingston,,,,,1.1,2.35,,,,False
Herculaneum,2026-10-12,Grandview (Hillsboro),,,,,1.37,1.13,,,,False
Herculaneum,2026-10-13,DeSoto,,,,,0.21,2.28,,,,False
Herculaneum,2026-10-15,Bayless,,,,,0.79,2.27,,,,False
Herculaneum,2026-10-20,Lift for Life Academy Charter,,,,,1.79,0.89,,,,False
Heritage Athletics,2026-09-15,Father Tolton,,0,3,L,,,,,,False
Heritage Athletics,2026-09-22,Calvary Lutheran,,0,3,L,,,,,,False
Heritage Athletics,2026-10-06,Calvary Lutheran,,,,,,,,,,False
"Heritage Christian(Olathe , KS)",2026-09-19,Northland Christian,,2,0,W,,,,,,False
"Heritage Christian(Olathe, KS)",2026-09-08,Lutheran (Kansas City),,3,0,W,,,,,,False
"Heritage Christian(Olathe, KS)",2026-09-10,Faith Christian Academy,,3,0,W,,,,,,False
"Heritage Christian(Olathe, KS)",2026-09-15,Northland Christian,,3,1,W,,,,,,False
Hermann,2026-08-29,Lutheran South,,1,1,T,0.85,1.54,0.15,0.54,0.69,False
Hermann,2026-08-29,Windsor,,0,2,L,3.31,0.08,-3.31,-1.92,-5.24,False
Hermann,2026-08-29,Orchard Farm,,0,2,L,0.44,2.58,-0.44,0.58,0.13,False
Hermann,2026-08-29,Notre Dame (Cape Girardeau),,0,2,L,0.33,2.32,-0.33,0.32,-0.01,False
Hermann,2026-08-29,Windsor (Imperial),,0,2,L,0.68,1.93,-0.68,-0.07,-0.75,False
Hermann,2026-08-31,Jefferson City,,0,3,L,-0.38,3.13,0.38,0.13,0.51,False
Hermann,2026-09-01,Montgomery County,,3,1,W,2.14,0.89,0.86,-0.11,0.75,False
Hermann,2026-09-05,Lutheran South,,0,2,L,0.85,1.54,-0.85,-0.46,-1.31,False
Hermann,2026-09-08,Blair Oaks,,0,3,L,-0.12,3.09,0.12,0.09,0.22,False
Hermann,2026-09-10,Fatima,,3,0,W,1.52,1.68,1.48,1.68,3.16,False
Hermann,2026-09-11,"Normal University(Normal, IL)",,0,2,L,,,,,,False
Hermann,2026-09-11,"Wheaton St. Francis(Wheaton, IL)",,1,2,L,,,,,,False
Hermann,2026-09-12,"Sacred Heart-Griffon(Springfield, IL)",,1,2,L,,,,,,False
Hermann,2026-09-12,"Windsor Stewardson-Strasburg(Strasburg, IL)",,0,2,L,,,,,,False
Hermann,2026-09-15,Rock Bridge,,0,3,L,-0.26,2.97,0.26,-0.03,0.23,False
Hermann,2026-09-17,St. James,,3,0,W,3.47,-0.87,-0.47,-0.87,-1.34,False
Hermann,2026-09-22,Pacific,,0,3,L,0.22,2.53,-0.22,-0.47,-0.68,False
Hermann,2026-09-24,New Haven,,3,1,W,2.08,0.43,0.92,-0.57,0.35,False
Hermann,2026-09-29,St. Francis Borgia,,0,2,L,-0.83,3.36,0.83,1.36,2.2,False
Hermann,2026-09-29,Owensville,,1,1,T,1.03,1.75,-0.03,0.75,0.72,False
Hermann,2026-09-29,St. Louis Christian Sr.,,0,2,L,,,,,,False
Hermann,2026-10-01,New Haven,,2,1,W,2.08,0.43,-0.08,-0.57,-0.65,False
Hermann,2026-10-01,Chamois,,,,,4.6,-1.07,,,,False
Hermann,2026-10-05,Washington,,0,3,L,0.83,2.05,-0.83,-0.95,-1.78,False
Hermann,2026-10-06,St. Clair,,0,3,L,0.43,2.79,-0.43,-0.21,-0.64,False
Hermann,2026-10-08,Owensville,,1,3,L,1.03,1.75,-0.03,-1.25,-1.28,False
Hermann,2026-10-10,Hickman,,,,,0.35,2.3,,,,False
Hermann,2026-10-10,Lebanon,,,,,0.55,2.11,,,,False
Hermann,2026-10-10,Bolivar,,,,,1.35,1.23,,,,False
Hermann,2026-10-12,Helias Catholic,,,,,-1.24,3.72,,,,False
Hermann,2026-10-13,Sullivan,,,,,-0.37,2.86,,,,False
Hermann,2026-10-15,Union,,,,,1.46,1.7,,,,False
Hermann,2026-10-19,St. Francis Borgia,,,,,-0.83,3.36,,,,False
Hermann,2026-10-20,New Bloomfield,,,,,3.56,-1.04,,,,False
"Herrin(Herrin, IL)",2026-09-05,St. Clair,,2,1,W,,,,,,False
"Herrin(Herrin, IL)",2026-09-05,Jackson,,0,2,L,,,,,,False
"Herrin(Herrin, IL)",2026-09-05,Oakville,,0,2,L,,,,,,False
Hickman,2026-08-27,Fatima,,3,1,W,2.51,0.72,0.49,-0.28,0.21,False
Hickman,2026-09-01,Capital City,,3,0,W,1.91,1.17,1.09,1.17,2.26,False
Hickman,2026-09-03,Carl Junction,,2,1,W,1.21,1.45,0.79,0.45,1.23,False
Hickman,2026-09-03,Hillcrest,,2,0,W,2.12,0.37,-0.12,0.37,0.25,False
Hickman,2026-09-03,Fair Grove,,2,0,W,1.91,0.65,0.09,0.65,0.74,False
Hickman,2026-09-09,Jefferson City,,0,3,L,0.61,2.16,-0.61,-0.84,-1.45,False
Hickman,2026-09-10,Helias Catholic,,0,3,L,-0.26,2.75,0.26,-0.25,0.01,False
Hickman,2026-09-12,Seckman,,1,1,T,0.97,2.0,0.03,1.0,1.03,False
Hickman,2026-09-12,Father Tolton,,2,0,W,2.26,0.59,-0.26,0.59,0.34,False
Hickman,2026-09-12,St. Clair,,1,1,T,1.42,1.83,-0.42,0.83,0.41,False
Hickman,2026-09-12,Hannibal,,1,2,L,0.23,2.23,0.77,0.23,1.0,False
Hickman,2026-09-12,"Jonesboro(Jonesboro, AR)",,1,1,T,,,,,,False
Hickman,2026-09-15,Hannibal,,0,3,L,0.23,2.23,-0.23,-0.77,-1.0,False
Hickman,2026-09-17,Southern Boone,,0,3,L,1.37,1.86,-1.37,-1.14,-2.51,False
Hickman,2026-09-19,Platte County,,0,2,L,0.44,2.17,-0.44,0.17,-0.27,False
Hickman,2026-09-19,North Kansas City,,1,1,T,1.2,1.74,-0.2,0.74,0.54,False
Hickman,2026-09-19,Smithville,,0,2,L,0.19,2.38,-0.19,0.38,0.19,False
Hickman,2026-09-19,Truman,,2,0,W,2.42,0.04,-0.42,0.04,-0.39,False
Hickman,2026-09-22,Camdenton,,3,1,W,2.23,0.41,0.77,-0.59,0.18,False
Hickman,2026-09-24,Battle,,1,3,L,1.1,1.89,-0.1,-1.11,-1.21,False
Hickman,2026-09-29,Smith-Cotton,,3,1,W,1.95,0.93,1.05,-0.07,0.98,False
Hickman,2026-10-06,Rolla,,1,3,L,2.31,0.58,-1.31,-2.42,-3.72,False
Hickman,2026-10-08,Blair Oaks,,1,3,L,0.87,2.13,0.13,-0.87,-0.73,False
Hickman,2026-10-10,Hermann,,,,,2.3,0.35,,,,False
Hickman,2026-10-13,Eldon,,,,,2.7,0.35,,,,False
Hickman,2026-10-14,Father Tolton,,,,,2.26,0.59,,,,False
Hickman,2026-10-19,Rock Bridge,,,,,0.73,2.01,,,,False
Hickman,2026-10-20,Rock Bridge,,,,,0.73,2.01,,,,False
Highland,2026-09-19,Lincoln College Prep,,0,2,L,,,,,,False
"Highland Park(Topeka, KS)",2026-09-19,Southeast,,2,0,W,,,,,,False
"Highland Park(Topeka, KS)",2026-09-19,Academie Lafayette,,2,0,W,,,,,,False
"Highland Park(Topeka, KS)",2026-09-19,Hogan Prep Academy Charter,,2,0,W,,,,,,False
"Highland(Hardy, AR)",2026-09-12,Rolla,,0,2,L,,,,,,False
"Highland(Highland, AR)",2026-09-12,Marshfield,,0,2,L,,,,,,False
"Highland(Highland, AR)",2026-09-12,Salem,,0,2,L,,,,,,False
"Highland(Highland, AR)",2026-09-12,Liberty (Mountain View),,0,2,L,,,,,,False
Hillcrest,2026-08-25,Buffalo,,,,,2.17,0.27,,,,False
Hillcrest,2026-08-27,Greenwood,,3,1,W,2.32,0.51,0.68,-0.49,0.19,False
Hillcrest,2026-09-01,Glendale,,0,3,L,0.15,2.31,-0.15,-0.69,-0.84,False
Hillcrest,2026-09-03,Hickman,,0,2,L,0.37,2.12,-0.37,0.12,-0.25,False
Hillcrest,2026-09-03,Capital City,,0,2,L,0.94,1.95,-0.94,-0.05,-0.99,False
Hillcrest,2026-09-03,Smith-Cotton,,0,2,L,0.98,1.72,-0.98,-0.28,-1.27,False
Hillcrest,2026-09-08,Willard,,0,2,L,0.56,2.31,-0.56,0.31,-0.25,False
Hillcrest,2026-09-10,Cassville,,3,1,W,2.06,0.89,0.94,-0.11,0.83,False
Hillcrest,2026-09-12,Clever,,0,2,L,0.67,2.05,-0.67,0.05,-0.63,False
Hillcrest,2026-09-12,Lighthouse Sr. High,,0,2,L,,,,,,False
Hillcrest,2026-09-12,Waynesville,,2,0,W,1.94,0.25,0.06,0.25,0.32,False
Hillcrest,2026-09-12,Joplin,,1,1,T,0.85,1.71,0.15,0.71,0.86,False
Hillcrest,2026-09-14,Waynesville,,3,1,W,1.94,0.25,1.06,-0.75,0.32,False
Hillcrest,2026-09-17,Hollister,,0,3,L,0.37,2.1,-0.37,-0.9,-1.28,False
Hillcrest,2026-09-19,Aurora,,2,0,W,2.42,0.74,-0.42,0.74,0.32,False
Hillcrest,2026-09-19,Springfield Catholic,,0,2,L,0.73,1.55,-0.73,-0.45,-1.18,False
Hillcrest,2026-09-21,Aurora,,3,2,W,2.42,0.74,0.58,-1.26,-0.68,False
Hillcrest,2026-09-22,Buffalo,,3,0,W,2.17,0.27,0.83,0.27,1.1,False
Hillcrest,2026-09-24,Bolivar,,3,1,W,1.37,1.05,1.63,0.05,1.68,False
Hillcrest,2026-09-26,Carthage,,0,2,L,-0.26,2.78,0.26,0.78,1.04,False
Hillcrest,2026-09-26,"Fayetteville(Fayetteville, AR)",,0,2,L,,,,,,False
Hillcrest,2026-09-26,Bolivar,,1,1,T,1.37,1.05,-0.37,0.05,-0.32,False
Hillcrest,2026-09-26,Willard,,0,2,L,0.56,2.31,-0.56,0.31,-0.25,False
Hillcrest,2026-09-26,Eldon,,1,1,T,1.73,1.13,-0.73,0.13,-0.6,False
Hillcrest,2026-09-26,Marshfield,,0,2,L,-0.12,2.67,0.12,0.67,0.78,False
Hillcrest,2026-09-28,Reeds Spring,,3,0,W,1.95,1.25,1.05,1.25,2.3,False
Hillcrest,2026-09-29,Carl Junction,,0,3,L,0.25,2.23,-0.25,-0.77,-1.02,False
Hillcrest,2026-10-01,Marshfield,,0,3,L,-0.12,2.67,0.12,-0.33,-0.22,False
Hillcrest,2026-10-05,Parkview,,3,0,W,2.47,0.01,0.53,0.01,0.54,False
Hillcrest,2026-10-06,Logan-Rogersville,,0,3,L,0.72,2.43,-0.72,-0.57,-1.29,False
Hillcrest,2026-10-08,West Plains,,0,3,L,-0.58,3.16,0.58,0.16,0.74,False
Hillcrest,2026-10-13,Branson,,,,,0.25,2.29,,,,False
Hillcrest,2026-10-15,Central (Springfield),,,,,1.66,0.61,,,,False
Hillcrest,2026-10-20,Logan-Rogersville,,,,,0.72,2.43,,,,False
"Hillcrest Baptist(Dyersburg, TN)",2026-09-08,Caruthersville,,0,3,L,,,,,,False
"Hillcrest Baptist(Dyersburg, TN)",2026-10-01,Caruthersville,,0,3,L,,,,,,False
Hillsboro,2026-08-27,Notre Dame (Cape Girardeau),,3,2,W,1.77,1.16,1.23,-0.84,0.39,False
Hillsboro,2026-08-29,Poplar Bluff,,1,1,T,2.89,0.01,-1.89,-0.99,-2.88,False
Hillsboro,2026-08-29,Ste. Genevieve,,1,2,L,2.22,0.85,-1.22,-1.15,-2.37,False
Hillsboro,2026-08-29,Northwest (Cedar Hill),,2,0,W,2.86,0.06,-0.86,0.06,-0.8,False
Hillsboro,2026-08-29,Veritas Christian Academy,,2,0,W,4.83,-1.86,-2.83,-1.86,-4.69,False
Hillsboro,2026-08-29,Warrenton,,2,0,W,3.03,0.08,-1.03,0.08,-0.95,False
Hillsboro,2026-08-31,Seckman,,3,0,W,1.42,1.8,1.58,1.8,3.38,False
Hillsboro,2026-09-02,Potosi,,1,3,L,0.4,2.44,0.6,-0.56,0.04,False
Hillsboro,2026-09-03,St. Vincent,,3,0,W,2.79,0.27,0.21,0.27,0.48,False
Hillsboro,2026-09-08,Farmington,,0,3,L,0.92,2.19,-0.92,-0.81,-1.73,False
Hillsboro,2026-09-09,Potosi,,1,3,L,0.4,2.44,0.6,-0.56,0.04,False
Hillsboro,2026-09-11,Advance,,2,0,W,2.6,1.05,-0.6,1.05,0.45,False
Hillsboro,2026-09-11,Woodland,,1,1,T,2.04,1.17,-1.04,0.17,-0.88,False
Hillsboro,2026-09-12,Poplar Bluff,,2,0,W,2.89,0.01,-0.89,0.01,-0.88,False
Hillsboro,2026-09-12,Leopold,,2,1,W,1.63,1.64,0.37,0.64,1.01,False
Hillsboro,2026-09-12,Valle Catholic,,2,1,W,1.58,1.59,0.42,0.59,1.01,False
Hillsboro,2026-09-12,Saxony Lutheran,,2,1,W,1.38,1.69,0.62,0.69,1.31,False
Hillsboro,2026-09-15,DeSoto,,3,0,W,3.29,-0.46,-0.29,-0.46,-0.76,False
Hillsboro,2026-09-17,St. Louis Ignite,,3,0,W,,,,,,False
Hillsboro,2026-09-21,North County,,3,0,W,3.0,0.72,0.0,0.72,0.72,False
Hillsboro,2026-09-22,Perryville,,3,0,W,1.91,1.21,1.09,1.21,2.3,False
Hillsboro,2026-09-24,Windsor (Imperial),,3,0,W,2.12,0.77,0.88,0.77,1.65,False
Hillsboro,2026-09-29,Festus,,0,3,L,1.27,1.51,-1.27,-1.49,-2.75,False
Hillsboro,2026-10-01,Union,,3,1,W,2.9,0.53,0.1,-0.47,-0.37,False
Hillsboro,2026-10-03,Arcadia Valley,,1,1,T,2.33,0.58,-1.33,-0.42,-1.75,False
Hillsboro,2026-10-03,Puxico,,2,1,W,2.68,0.41,-0.68,-0.59,-1.27,False
Hillsboro,2026-10-03,Central (Cape Girardeau),,2,0,W,2.69,0.04,-0.69,0.04,-0.65,False
Hillsboro,2026-10-03,South Iron,,2,0,W,4.03,-0.83,-2.03,-0.83,-2.87,False
Hillsboro,2026-10-03,Potosi,,0,2,L,0.4,2.44,-0.4,0.44,0.04,False
Hillsboro,2026-10-05,St. Clair,,2,3,L,1.87,1.63,0.13,-1.37,-1.24,False
Hillsboro,2026-10-07,Jefferson (Festus),,3,1,W,3.03,0.11,-0.03,-0.89,-0.92,False
Hillsboro,2026-10-12,Northwest (Cedar Hill),,,,,2.86,0.06,,,,False
Hillsboro,2026-10-13,Meadow Heights,,,,,2.86,0.24,,,,False
Hillsboro,2026-10-21,Central (Cape Girardeau),,,,,2.69,0.04,,,,False
Hogan Prep Academy Charter,2026-09-12,Van Horn,,0,2,L,-1.58,4.18,1.58,2.18,3.76,False
Hogan Prep Academy Charter,2026-09-12,Winnetonka,,0,2,L,-1.59,4.13,1.59,2.13,3.72,False
Hogan Prep Academy Charter,2026-09-12,Paseo Academy,,0,2,L,-0.58,3.45,0.58,1.45,2.04,False
Hogan Prep Academy Charter,2026-09-12,Cristo Rey,,0,2,L,-0.47,2.95,0.47,0.95,1.42,False
Hogan Prep Academy Charter,2026-09-14,Cristo Rey,,0,3,L,-0.47,2.95,0.47,-0.05,0.42,False
Hogan Prep Academy Charter,2026-09-16,Crossroads Prep Charter,,0,3,L,-0.56,3.19,0.56,0.19,0.75,False
Hogan Prep Academy Charter,2026-09-17,Frontier STEM,,1,3,L,0.66,2.07,0.34,-0.93,-0.59,False
Hogan Prep Academy Charter,2026-09-19,"Highland Park(Topeka, KS)",,0,2,L,,,,,,False
Hogan Prep Academy Charter,2026-09-19,Southeast,,0,2,L,0.98,1.77,-0.98,-0.23,-1.21,False
Hogan Prep Academy Charter,2026-09-19,Academie Lafayette,,0,2,L,0.47,1.84,-0.47,-0.16,-0.63,False
Hogan Prep Academy Charter,2026-09-23,University Academy Charter,,0,3,L,-2.51,4.74,2.51,1.74,4.25,False
Hogan Prep Academy Charter,2026-09-26,Grandview,,0,2,L,-2.48,5.0,2.48,3.0,5.48,False
Hogan Prep Academy Charter,2026-09-26,Benton,,0,2,L,-4.06,6.76,4.06,4.76,8.81,False
Hogan Prep Academy Charter,2026-09-26,Drexel,,0,2,L,-1.89,4.74,1.89,2.74,4.63,False
Hogan Prep Academy Charter,2026-09-26,Sherwood,,0,2,L,-1.23,3.82,1.23,1.82,3.05,False
Hogan Prep Academy Charter,2026-10-01,Frontier STEM,,0,3,L,0.66,2.07,-0.66,-0.93,-1.59,False
Hogan Prep Academy Charter,2026-10-02,Cristo Rey,,0,3,L,-0.47,2.95,0.47,-0.05,0.42,False
Hogan Prep Academy Charter,2026-10-06,Crossroads Prep Charter,,0,3,L,-0.56,3.19,0.56,0.19,0.75,False
Hogan Prep Academy Charter,2026-10-08,Drexel,,0,3,L,-1.89,4.74,1.89,1.74,3.63,False
Hogan Prep Academy Charter,2026-10-12,Northeast (Kansas City),,,,,0.44,2.59,,,,False
Hogan Prep Academy Charter,2026-10-20,Crossroads Prep Charter,,,,,-0.56,3.19,,,,False
"Hogan prep(Kansas City, MO)",2026-09-19,Academie Lafayette,,0,2,L,,,,,,False
Holcomb,2026-08-28,Southland,,3,0,W,3.64,-0.72,-0.64,-0.72,-1.37,False
Holcomb,2026-09-03,Delta (Deering),,3,1,W,2.99,0.29,0.01,-0.71,-0.7,False
Holcomb,2026-09-07,Hayti,,3,0,W,3.33,-0.06,-0.33,-0.06,-0.39,False
Holcomb,2026-09-08,Senath-Hornersville,,3,0,W,2.31,1.02,0.69,1.02,1.71,False
Holcomb,2026-09-10,Gideon,,0,3,L,0.14,2.29,-0.14,-0.71,-0.86,False
Holcomb,2026-09-11,Lutheran North,,1,1,T,2.65,0.59,-1.65,-0.41,-2.06,False
Holcomb,2026-09-11,"Piggott(Piggott, AR)",,0,2,L,,,,,,False
Holcomb,2026-09-12,Clearwater,,2,0,W,2.46,0.22,-0.46,0.22,-0.24,False
Holcomb,2026-09-12,Puxico,,0,2,L,0.9,2.12,-0.9,0.12,-0.78,False
Holcomb,2026-09-12,Kelly,,2,0,W,3.31,0.27,-1.31,0.27,-1.05,False
Holcomb,2026-09-12,Senath-Hornersville,,2,0,W,2.31,1.02,-0.31,1.02,0.71,False
Holcomb,2026-09-14,Risco,,3,0,W,2.41,0.64,0.59,0.64,1.23,False
Holcomb,2026-09-15,Twin Rivers,,3,0,W,2.72,0.99,0.28,0.99,1.27,False
Holcomb,2026-09-17,Cooter,,3,0,W,3.37,0.14,-0.37,0.14,-0.23,False
Holcomb,2026-09-18,South Pemiscot,,3,0,W,2.3,0.82,0.7,0.82,1.52,False
Holcomb,2026-09-21,Kennett,,3,1,W,2.19,1.14,0.81,0.14,0.96,False
Holcomb,2026-09-23,Caruthersville,,3,0,W,3.17,-0.1,-0.17,-0.1,-0.27,False
Holcomb,2026-09-24,Central (New Madrid County),,1,3,L,1.4,1.73,-0.4,-1.27,-1.67,False
Holcomb,2026-09-25,Campbell,,0,2,L,1.22,1.7,-1.22,-0.3,-1.51,False
Holcomb,2026-09-25,Cooter,,2,0,W,3.37,0.14,-1.37,0.14,-1.23,False
Holcomb,2026-09-25,Richland (Essex),,2,0,W,2.31,0.87,-0.31,0.87,0.56,False
Holcomb,2026-09-26,Clarkton,,0,2,L,1.78,1.23,-1.78,-0.77,-2.54,False
Holcomb,2026-09-28,Westwood Baptist Sr.,,3,0,W,,,,,,False
Holcomb,2026-10-01,North Pemiscot,,2,3,L,1.16,1.81,0.84,-1.19,-0.34,False
Holcomb,2026-10-02,Clarkton,,3,0,W,1.78,1.23,1.22,1.23,2.46,False
Holcomb,2026-10-05,South Pemiscot,,3,1,W,2.3,0.82,0.7,-0.18,0.52,False
Holcomb,2026-10-08,Campbell,,3,2,W,1.22,1.7,1.78,-0.3,1.49,False
Holcomb,2026-10-09,"Piggott(Piggott, AR)",,,,,,,,,,False
Holcomb,2026-10-12,Delta (Deering),,,,,2.99,0.29,,,,False
Holcomb,2026-10-19,Portageville,,,,,1.62,1.85,,,,False
Holcomb,2026-10-20,Malden,,,,,1.09,1.9,,,,False
Holden,2026-09-01,Cole Camp,,0,3,L,-0.27,3.04,0.27,0.04,0.31,False
Holden,2026-09-03,Barstow,,0,3,L,0.38,2.4,-0.38,-0.6,-0.98,False
Holden,2026-09-08,Oak Grove,,0,3,L,-2.01,4.55,2.01,1.55,3.56,False
Holden,2026-09-10,Harrisonville,,0,3,L,-0.26,3.41,0.26,0.41,0.67,False
Holden,2026-09-12,Wellington-Napoleon,,1,1,T,1.55,1.3,-0.55,0.3,-0.25,False
Holden,2026-09-12,Lexington,,2,0,W,1.91,0.81,0.09,0.81,0.9,False
Holden,2026-09-12,Stover,,0,2,L,-0.03,2.88,0.03,0.88,0.91,False
Holden,2026-09-12,Trenton,,2,1,W,1.9,1.05,0.1,0.05,0.15,False
Holden,2026-09-15,Odessa,,0,3,L,-0.48,3.91,0.48,0.91,1.4,False
Holden,2026-09-17,Carrollton,,0,3,L,1.75,1.49,-1.75,-1.51,-3.25,False
Holden,2026-09-19,East Buchanan,,0,2,L,-0.4,3.21,0.4,1.21,1.6,False
Holden,2026-09-19,Harrisonville,,0,2,L,-0.26,3.41,0.26,1.41,1.67,False
Holden,2026-09-19,Lone Jack,,0,2,L,-0.15,2.99,0.15,0.99,1.14,False
Holden,2026-09-19,Tipton,,0,2,L,0.42,2.11,-0.42,0.11,-0.3,False
Holden,2026-09-22,Knob Noster,,0,3,L,0.56,2.04,-0.56,-0.96,-1.53,False
Holden,2026-09-24,Lexington,,3,0,W,1.91,0.81,1.09,0.81,1.9,False
Holden,2026-09-29,Lafayette County,,0,3,L,-0.3,2.84,0.3,-0.16,0.13,False
Holden,2026-10-01,Richmond,,3,0,W,2.22,0.59,0.78,0.59,1.37,False
Holden,2026-10-06,Carrollton,,3,2,W,1.75,1.49,1.25,-0.51,0.75,False
Holden,2026-10-08,Knob Noster,,,,,0.56,2.04,,,,False
Holden,2026-10-10,Northland Christian,,,,,0.18,2.56,,,,False
Holden,2026-10-10,Midway,,,,,0.76,2.02,,,,False
Holden,2026-10-10,Lakeland,,,,,2.09,1.41,,,,False
Holden,2026-10-12,Richmond,,,,,2.22,0.59,,,,False
Holden,2026-10-13,Lexington,,,,,1.91,0.81,,,,False
Holden,2026-10-15,Lafayette County,,,,,-0.3,2.84,,,,False
Holden,2026-10-20,Knob Noster,,,,,0.56,2.04,,,,False
Hollister,2026-09-01,Parkview,,3,0,W,3.41,-0.77,-0.41,-0.77,-1.18,False
Hollister,2026-09-03,Galena,,3,0,W,4.14,-1.62,-1.14,-1.62,-2.75,False
Hollister,2026-09-07,Spokane,,3,2,W,1.94,0.9,1.06,-1.1,-0.04,False
Hollister,2026-09-08,Ava,,3,1,W,2.87,0.02,0.13,-0.98,-0.85,False
Hollister,2026-09-10,Mountain Grove,,3,0,W,1.67,0.86,1.33,0.86,2.19,False
Hollister,2026-09-12,Ava,,2,0,W,2.87,0.02,-0.87,0.02,-0.85,False
Hollister,2026-09-12,Bolivar,,1,1,T,2.31,0.27,-1.31,-0.73,-2.04,False
Hollister,2026-09-12,Parkview,,2,0,W,3.41,-0.77,-1.41,-0.77,-2.18,False
Hollister,2026-09-12,Spokane,,2,0,W,1.94,0.9,0.06,0.9,0.96,False
Hollister,2026-09-15,Lighthouse Sr. High,,3,2,W,,,,,,False
Hollister,2026-09-17,Hillcrest,,3,0,W,2.1,0.37,0.9,0.37,1.28,False
Hollister,2026-09-19,Ava,,2,0,W,2.87,0.02,-0.87,0.02,-0.85,False
Hollister,2026-09-19,Cabool,,2,0,W,1.6,1.07,0.4,1.07,1.46,False
Hollister,2026-09-19,Bunker,,2,0,W,3.7,-0.36,-1.7,-0.36,-2.05,False
Hollister,2026-09-19,Fordland,,1,1,T,3.49,-0.12,-2.49,-1.12,-3.62,False
Hollister,2026-09-19,Thayer,,2,0,W,3.08,-0.19,-1.08,-0.19,-1.27,False
Hollister,2026-09-19,Salem,,2,0,W,2.49,0.48,-0.49,0.48,-0.01,False
Hollister,2026-09-19,Mountain Grove,,2,0,W,1.67,0.86,0.33,0.86,1.19,False
Hollister,2026-09-21,Monett,,3,0,W,2.48,0.34,0.52,0.34,0.86,False
Hollister,2026-09-24,Fair Grove,,3,0,W,1.88,0.65,1.12,0.65,1.77,False
Hollister,2026-09-29,Buffalo,,3,0,W,3.12,-0.51,-0.12,-0.51,-0.62,False
Hollister,2026-10-01,Strafford,,0,3,L,0.85,1.78,-0.85,-1.22,-2.07,False
Hollister,2026-10-03,Forsyth,,2,0,W,3.36,-0.71,-1.36,-0.71,-2.07,False
Hollister,2026-10-03,"Green Forest(Green Forest, AR)",,2,0,W,,,,,,False
Hollister,2026-10-03,Reeds Spring,,2,0,W,2.89,0.47,-0.89,0.47,-0.43,False
Hollister,2026-10-03,"Omaha(Omaha, AR)",,2,0,W,,,,,,False
Hollister,2026-10-05,"Harrison(Harrison , AR)",,3,1,W,,,,,,False
Hollister,2026-10-06,Clever,,0,3,L,1.61,1.26,-1.61,-1.74,-3.35,False
Hollister,2026-10-08,Springfield Catholic,,3,0,W,1.68,0.77,1.32,0.77,2.09,False
Hollister,2026-10-12,Aurora,,,,,3.36,-0.04,,,,False
Hollister,2026-10-13,Reeds Spring,,,,,2.89,0.47,,,,False
Hollister,2026-10-15,Forsyth,,,,,3.36,-0.71,,,,False
Hollister,2026-10-20,Aurora,,,,,3.36,-0.04,,,,False
"Hollister JV(Hollister, MO)",2026-09-19,Cabool,,0,2,L,,,,,,False
"Hollister JV(Hollister, MO)",2026-09-19,Mountain Grove,,0,2,L,,,,,,False
Holt,2026-08-21,Lutheran St. Charles,,,,,1.66,2.2,,,,False
Holt,2026-08-21,Westminster Christian Academy,,,,,0.35,2.57,,,,False
Holt,2026-08-21,St. Charles West,,,,,2.39,1.01,,,,False
Holt,2026-08-27,Timberland,,3,2,W,2.02,1.37,0.98,-0.63,0.35,False
Holt,2026-08-29,John Burroughs,,2,1,W,1.17,2.06,0.83,1.06,1.88,False
Holt,2026-08-29,Visitation Academy,,2,0,W,2.61,0.59,-0.61,0.59,-0.02,False
Holt,2026-08-29,Villa Duchesne,,2,0,W,2.9,0.43,-0.9,0.43,-0.47,False
Holt,2026-08-29,Oakville,,0,2,L,0.96,2.43,-0.96,0.43,-0.53,False
Holt,2026-08-29,Parkway Central,,0,2,L,1.42,1.68,-1.42,-0.32,-1.74,False
Holt,2026-09-02,North Point,,1,3,L,0.97,2.27,0.03,-0.73,-0.7,False
Holt,2026-09-03,St. Charles,,3,0,W,3.36,0.32,-0.36,0.32,-0.04,False
Holt,2026-09-05,St. Francis Borgia,,0,2,L,0.2,2.74,-0.2,0.74,0.55,False
Holt,2026-09-05,Washington,,2,1,W,1.86,1.43,0.14,0.43,0.57,False
Holt,2026-09-05,Liberty (Wentzville),,0,2,L,1.76,1.48,-1.76,-0.52,-2.28,False
Holt,2026-09-05,Union,,2,0,W,2.49,1.07,-0.49,1.07,0.59,False
Holt,2026-09-08,Ft. Zumwalt South,,3,0,W,2.43,0.73,0.57,0.73,1.3,False
Holt,2026-09-09,Hannibal,,0,3,L,0.27,2.57,-0.27,-0.43,-0.7,False
Holt,2026-09-10,Warrenton,,3,0,W,2.62,0.62,0.38,0.62,1.0,False
Holt,2026-09-14,Liberty (Wentzville),,3,2,W,1.76,1.48,1.24,-0.52,0.72,False
Holt,2026-09-15,Winfield,,3,0,W,2.51,0.89,0.49,0.89,1.39,False
Holt,2026-09-17,St. Charles West,,3,1,W,2.39,1.01,0.61,0.01,0.62,False
Holt,2026-09-21,St. Louis Christian Sr.,,0,3,L,,,,,,False
Holt,2026-09-22,Orchard Farm,,1,3,L,1.47,1.95,-0.47,-1.05,-1.52,False
Holt,2026-09-24,Ft. Zumwalt West,,0,3,L,-0.12,2.8,0.12,-0.2,-0.08,False
Holt,2026-09-29,St. Charles,,3,0,W,3.36,0.32,-0.36,0.32,-0.04,False
Holt,2026-10-01,Warrenton,,3,0,W,2.62,0.62,0.38,0.62,1.0,False
Holt,2026-10-06,Winfield,,3,2,W,2.51,0.89,0.49,-1.11,-0.61,False
Holt,2026-10-07,Lutheran St. Charles,,2,3,L,1.66,2.2,0.34,-0.8,-0.46,False
Holt,2026-10-08,Troy Buchanan,,3,0,W,2.17,1.15,0.83,1.15,1.98,False
Holt,2026-10-12,Ft. Zumwalt East,,,,,3.15,-0.16,,,,False
Holt,2026-10-13,St. Charles West,,,,,2.39,1.01,,,,False
Holt,2026-10-15,Orchard Farm,,,,,1.47,1.95,,,,False
Holt,2026-10-21,Warrenton,,,,,2.62,0.62,,,,False
Houston,2026-08-31,Bakersfield,,3,0,W,2.43,1.01,0.57,1.01,1.59,False
Houston,2026-09-01,Lutie,,3,0,W,4.22,-0.6,-1.22,-0.6,-1.81,False
Houston,2026-09-08,Summersville,,3,2,W,1.86,1.74,1.14,-0.26,0.87,False
Houston,2026-09-10,Licking,,0,3,L,0.96,2.02,-0.96,-0.98,-1.94,False
Houston,2026-09-15,Plato,,3,0,W,2.42,1.05,0.58,1.05,1.63,False
Houston,2026-09-17,Ava,,3,2,W,1.65,1.74,1.35,-0.26,1.09,False
Houston,2026-09-19,Willow Springs,,2,0,W,2.49,0.76,-0.49,0.76,0.27,False
Houston,2026-09-19,Waynesville,,2,0,W,1.66,1.19,0.34,1.19,1.53,False
Houston,2026-09-22,Willow Springs,,3,0,W,2.49,0.76,0.51,0.76,1.27,False
Houston,2026-09-24,Salem,,1,3,L,1.27,2.19,-0.27,-0.81,-1.08,False
Houston,2026-09-28,Eminence,,1,,,1.17,2.07,,,,False
Houston,2026-09-29,Mountain Grove,,1,3,L,0.45,2.57,0.55,-0.43,0.12,False
Houston,2026-10-01,Thayer,,3,1,W,1.86,1.53,1.14,0.53,1.67,False
Houston,2026-10-03,Bradleyville,,2,0,W,4.16,-0.41,-2.16,-0.41,-2.57,False
Houston,2026-10-03,Dora,,2,0,W,2.58,0.77,-0.58,0.77,0.19,False
Houston,2026-10-03,Lesterville,,0,2,L,1.65,1.64,-1.65,-0.36,-2.01,False
Houston,2026-10-03,Salem,,0,2,L,1.27,2.19,-1.27,0.19,-1.08,False
Houston,2026-10-05,Lesterville,,1,3,L,1.65,1.64,-0.65,-1.36,-2.01,False
Houston,2026-10-08,Laquey,,3,0,W,4.09,-1.05,-1.09,-1.05,-2.13,False
Houston,2026-10-10,Pleasant Hope,,,,,1.88,1.34,,,,False
Houston,2026-10-12,Dixon,,,,,2.93,0.34,,,,False
Houston,2026-10-13,Liberty (Mountain View),,,,,0.2,3.07,,,,False
Houston,2026-10-15,Cabool,,,,,0.38,2.78,,,,False
Houston,2026-10-20,Willow Springs,,,,,2.49,0.76,,,,False
"Hoxie(Hoxie , AR)",2026-09-26,Kennett,,1,2,L,,,,,,False
Hume,2026-09-01,Drexel,,0,3,L,-0.21,3.39,0.21,0.39,0.59,False
Hume,2026-09-03,Miami (Amoret),,3,1,W,1.67,1.3,1.33,0.3,1.63,False
Hume,2026-09-08,Bronaugh,,3,0,W,2.78,0.06,0.22,0.06,0.29,False
Hume,2026-09-10,"Pleasanton(Pleasanton, KS)",,2,3,L,,,,,,False
Hume,2026-09-12,Appleton City with Montrose,,0,2,L,0.75,2.33,-0.75,0.33,-0.42,False
Hume,2026-09-12,Ballard,,0,2,L,0.47,2.28,-0.47,0.28,-0.19,False
Hume,2026-09-12,Kingsville,,0,2,L,0.39,2.82,-0.39,0.82,0.43,False
Hume,2026-09-12,Miami (Amoret),,2,1,W,1.67,1.3,0.33,0.3,0.63,False
Hume,2026-09-14,Ballard,,0,3,L,0.47,2.28,-0.47,-0.72,-1.19,False
Hume,2026-09-17,Appleton City with Montrose,,0,2,L,0.75,2.33,-0.75,0.33,-0.42,False
Hume,2026-09-17,Sherwood,,2,1,W,0.46,2.47,1.54,1.47,3.01,False
Hume,2026-09-23,Northeast Vernon County,,3,0,W,2.09,0.68,0.91,0.68,1.59,False
Hume,2026-09-26,Ballard,,0,2,L,0.47,2.28,-0.47,0.28,-0.19,False
Hume,2026-09-26,Warsaw,,0,2,L,-1.37,4.8,1.37,2.8,4.18,False
Hume,2026-09-26,Midway,,0,2,L,-0.63,3.65,0.63,1.65,2.28,False
Hume,2026-09-28,Sheldon,,1,3,L,1.23,2.01,-0.23,-0.99,-1.22,False
Hume,2026-09-30,Lakeland,,0,3,L,0.71,3.05,-0.71,0.05,-0.66,False
Hume,2026-10-05,Rich Hill,,1,3,L,0.89,2.12,0.11,-0.88,-0.76,False
Hume,2026-10-06,Bronaugh,,3,0,W,2.78,0.06,0.22,0.06,0.29,False
Hume,2026-10-08,Sheldon,,0,3,L,1.23,2.01,-1.23,-0.99,-2.22,False
Hume,2026-10-09,Ballard,,0,3,L,0.47,2.28,-0.47,-0.72,-1.19,False
Hume,2026-10-13,Northeast Vernon County,,,,,2.09,0.68,,,,False
"Huntsville(Huntsville, AR)",2026-09-26,Liberal,,1,2,L,,,,,,False
"Huntsville(Huntsville, AR)",2026-09-26,Cassville,,2,0,W,,,,,,False
"Huntsville(Huntsville, AR)",2026-09-26,McDonald County,,2,0,W,,,,,,False
Hurley,2026-08-28,Fordland,,0,3,L,1.06,2.53,-1.06,-0.47,-1.53,False
Hurley,2026-09-01,Verona,,1,3,L,1.18,1.98,-0.18,-1.02,-1.2,False
Hurley,2026-09-03,Wheaton,,3,1,W,1.62,1.48,1.38,0.48,1.87,False
Hurley,2026-09-04,Purdy,,1,3,L,1.38,1.99,-0.38,-1.01,-1.39,False
Hurley,2026-09-08,Bradleyville,,3,0,W,2.95,0.53,0.05,0.53,0.58,False
Hurley,2026-09-11,Blue Eye,,0,3,L,-0.41,3.06,0.41,0.06,0.47,False
Hurley,2026-09-12,"Classical School of Wichita(Wichita , KS)",,0,2,L,,,,,,False
Hurley,2026-09-12,Pleasant Hope,,0,2,L,0.67,2.28,-0.67,0.28,-0.38,False
Hurley,2026-09-12,Wheaton,,1,1,T,1.62,1.48,-0.62,0.48,-0.13,False
Hurley,2026-09-12,Greenwood,,0,2,L,0.83,2.39,-0.83,0.39,-0.44,False
Hurley,2026-09-19,Everton,,0,2,L,0.97,1.9,-0.97,-0.1,-1.06,False
Hurley,2026-09-19,Galena,,2,0,W,1.71,1.04,0.29,1.04,1.34,False
Hurley,2026-09-19,Thomas Jefferson Independent Day,,0,2,L,0.26,2.31,-0.26,0.31,0.05,False
Hurley,2026-09-22,School of the Ozarks,,1,3,L,0.22,2.53,0.78,-0.47,0.31,False
Hurley,2026-09-24,Everton,,1,3,L,0.97,1.9,0.03,-1.1,-1.06,False
Hurley,2026-09-25,Northeast Vernon County,,3,0,W,2.99,-0.29,0.01,-0.29,-0.28,False
Hurley,2026-09-28,Exeter,,3,1,W,2.42,0.71,0.58,-0.29,0.29,False
Hurley,2026-09-29,Mansfield,,3,1,W,2.62,0.77,0.38,-0.23,0.15,False
Hurley,2026-10-02,Crane,,0,3,L,0.82,2.28,-0.82,-0.72,-1.53,False
Hurley,2026-10-05,Billings,,0,3,L,-0.31,3.55,0.31,0.55,0.86,False
Hurley,2026-10-06,Gloria Deo Academy,,3,0,W,1.72,1.18,1.28,1.18,2.46,False
Hurley,2026-10-08,Chadwick,,,,,1.5,1.54,,,,False
Hurley,2026-10-09,Sparta,,,,,1.6,1.4,,,,False
Hurley,2026-10-12,Southwest (Washburn),,,,,1.77,0.96,,,,False
Hurley,2026-10-13,Galena,,,,,1.71,1.04,,,,False
Hurley,2026-10-15,Niangua,,,,,2.31,0.66,,,,False
Hurley,2026-10-20,Purdy,,,,,1.38,1.99,,,,False
"Hyman Brand Hebrew(Overland Park, KS)",2026-09-17,Guadalupe Centers Charter,,3,2,W,,,,,,False
"Hyman Brand(Overland Park, KS)",2026-09-15,Frontier STEM,,0,1,L,,,,,,False
"Illini West HS(Carthage , IL)",2026-10-12,Hannibal,,,,,,,,,,False
Incarnate Word Academy,2026-08-27,"Bellville East(Bellville, IL)",,3,0,W,,,,,,False
Incarnate Word Academy,2026-08-31,Visitation Academy,,3,0,W,4.6,-0.93,-1.6,-0.93,-2.54,False
Incarnate Word Academy,2026-09-03,Cor Jesu Academy,,1,3,L,2.44,1.62,-1.44,-1.38,-2.81,False
Incarnate Word Academy,2026-09-10,Ursuline Academy,,3,1,W,3.59,0.27,-0.59,-0.73,-1.32,False
Incarnate Word Academy,2026-09-11,Blue Springs South,,2,0,W,2.51,1.45,-0.51,1.45,0.94,False
Incarnate Word Academy,2026-09-11,St. Francis Borgia,,2,1,W,2.19,1.22,-0.19,0.22,0.03,False
Incarnate Word Academy,2026-09-12,"Mascoutah(mascoutah, IL)",,2,1,W,,,,,,False
Incarnate Word Academy,2026-09-12,Oakville,,2,1,W,2.96,0.91,-0.96,-0.09,-1.05,False
Incarnate Word Academy,2026-09-12,"st james academy(lenexa, KS)",,2,1,W,,,,,,False
Incarnate Word Academy,2026-09-14,Westminster Christian Academy,,3,2,W,2.35,1.05,0.65,-0.95,-0.3,False
Incarnate Word Academy,2026-09-15,St. Dominic,,3,1,W,1.93,1.66,1.07,0.66,1.73,False
Incarnate Word Academy,2026-09-17,Nerinx Hall,,3,0,W,3.75,0.25,-0.75,0.25,-0.5,False
Incarnate Word Academy,2026-09-21,Jefferson City,,3,1,W,2.65,0.98,0.35,-0.02,0.33,False
Incarnate Word Academy,2026-09-24,Villa Duchesne,,3,0,W,4.9,-1.08,-1.9,-1.08,-2.99,False
Incarnate Word Academy,2026-09-25,"Mater Dei(Breese, IL)",,1,3,L,,,,,,False
Incarnate Word Academy,2026-09-28,Rockwood Summit,,3,1,W,2.67,0.98,0.33,-0.02,0.31,False
Incarnate Word Academy,2026-09-29,St. Joseph's Academy,,3,0,W,2.38,1.35,0.62,1.35,1.96,False
Incarnate Word Academy,2026-09-30,Notre Dame (St. Louis),,3,0,W,4.2,-0.37,-1.2,-0.37,-1.57,False
Incarnate Word Academy,2026-10-02,"Crater(Crater, OR)",,2,0,W,,,,,,False
Incarnate Word Academy,2026-10-02,"Hamilton(Hamilton, AZ)",,0,2,L,,,,,,False
Incarnate Word Academy,2026-10-02,"mira costa high school(mira costa , CA)",,0,2,L,,,,,,False
Incarnate Word Academy,2026-10-03,"Bishop Odowd(Oakland, CA)",,2,0,W,,,,,,False
Incarnate Word Academy,2026-10-03,"Hebron Christian(Dacula, GA)",,2,1,W,,,,,,False
Incarnate Word Academy,2026-10-03,"Millenium(Goodyear, AZ)",,2,0,W,,,,,,False
Incarnate Word Academy,2026-10-03,"Notre Dame(Los Angeles, CA)",,2,0,W,,,,,,False
Incarnate Word Academy,2026-10-06,Eureka,,3,2,W,1.82,1.85,1.18,-0.15,1.03,False
Incarnate Word Academy,2026-10-07,Jackson,,0,3,L,1.17,2.13,-1.17,-0.87,-2.05,False
Incarnate Word Academy,2026-10-10,Valle Catholic,,,,,3.17,0.61,,,,False
Incarnate Word Academy,2026-10-10,Winona,,,,,3.43,0.37,,,,False
Incarnate Word Academy,2026-10-13,Lafayette (Wildwood),,,,,1.02,2.51,,,,False
Incarnate Word Academy,2026-10-14,Francis Howell,,,,,3.49,0.45,,,,False
Incarnate Word Academy,2026-10-17,Francis Howell North,,,,,3.9,0.17,,,,False
Incarnate Word Academy,2026-10-17,Marquette,,,,,2.95,1.04,,,,False
Incarnate Word Academy,2026-10-21,TBD,,,,,,,,,,False
"Inola(Inola, OK)",2026-09-26,Belton,,0,2,L,,,,,,False
"J C Harmon(Kansas City, KS)",2026-09-17,East (Kansas City),,3,0,W,,,,,,False
"J.C. Harmon High Schoo(Kansas City, KS)",2026-09-21,Northeast (Kansas City),,3,0,W,,,,,,False
"J.C. Harmon(Kansas City, KS)",2026-09-19,Paseo Academy,,2,0,W,,,,,,False
"JACKSONVILLE HS(JACKSONVILLE, IL)",2026-10-10,Hannibal,,,,,,,,,,False
"JC Harman(Kansas City, KS)",2026-09-19,Frontier STEM,,2,0,W,,,,,,False
"JC Harmon(Kansas City, KS)",2026-09-03,Paseo Academy,,3,0,W,,,,,,False
"JC Harmon(Kansas City, KS)",2026-09-19,Ruskin,,0,2,L,,,,,,False
"JC Harmon(Kansas City, KS)",2026-10-12,Central (Kansas City),,,,,,,,,,False
"JC Harmon(Kansas City, KS)",2026-10-14,Lincoln College Prep,,,,,,,,,,False
Jackson,2026-09-02,"Carterville(Carterville, IL)",,2,1,W,,,,,,False
Jackson,2026-09-02,"Pinckneyville(Pinckneyville, IL)",,2,0,W,,,,,,False
Jackson,2026-09-03,Dexter,,3,0,W,3.83,-1.05,-0.83,-1.05,-1.88,False
Jackson,2026-09-05,"Dyer County(Dyersburg, TN)",,2,0,W,,,,,,False
Jackson,2026-09-05,"Herrin(Herrin, IL)",,2,0,W,,,,,,False
Jackson,2026-09-05,"Northpoint(Southhaven, MS)",,1,2,L,,,,,,False
Jackson,2026-09-05,"Red Bud(Red Bud, IL)",,2,1,W,,,,,,False
Jackson,2026-09-08,Poplar Bluff,,3,0,W,4.41,-1.99,-1.41,-1.99,-3.4,False
Jackson,2026-09-09,St. Pius X (Festus),,3,0,W,3.14,-0.74,-0.14,-0.74,-0.88,False
Jackson,2026-09-11,Francis Howell Central,,2,0,W,3.58,-0.58,-1.58,-0.58,-2.17,False
Jackson,2026-09-11,Westminster Christian Academy,,2,0,W,2.27,0.02,-0.27,0.02,-0.25,False
Jackson,2026-09-12,Blue Springs South,,2,0,W,2.44,0.43,-0.44,0.43,-0.01,False
Jackson,2026-09-12,Lee's Summit West,,2,1,W,1.07,1.27,0.93,0.27,1.21,False
Jackson,2026-09-12,"St. Thomas Aquinas(Overland Park, KS)",,1,2,L,,,,,,False
Jackson,2026-09-14,Cor Jesu Academy,,3,0,W,2.36,0.6,0.64,0.6,1.23,False
Jackson,2026-09-17,Notre Dame (Cape Girardeau),,3,0,W,3.29,-0.85,-0.29,-0.85,-1.13,False
Jackson,2026-09-19,"Belleville East(Belleville, IL)",,2,0,W,,,,,,False
Jackson,2026-09-19,"Columbia(Columbia , IL)",,2,1,W,,,,,,False
Jackson,2026-09-19,St. Joseph's Academy,,2,1,W,2.31,0.32,-0.31,-0.68,-0.99,False
Jackson,2026-09-22,Sikeston,,3,1,W,4.53,-1.61,-1.53,-2.61,-4.14,False
Jackson,2026-09-26,Nixa,,2,1,W,2.06,0.3,-0.06,-0.7,-0.76,False
Jackson,2026-09-26,Lafayette (Wildwood),,0,2,L,0.94,1.48,-0.94,-0.52,-1.46,False
Jackson,2026-09-26,St. Dominic,,2,0,W,1.86,0.63,0.14,0.63,0.77,False
Jackson,2026-09-28,Saxony Lutheran,,3,0,W,2.89,-0.31,0.11,-0.31,-0.21,False
Jackson,2026-09-29,Oakville,,3,0,W,2.89,-0.12,0.11,-0.12,-0.01,False
Jackson,2026-10-01,Scott City,,2,0,W,4.2,-1.55,-2.2,-1.55,-3.75,False
Jackson,2026-10-01,Central (Cape Girardeau),,2,0,W,4.21,-1.96,-2.21,-1.96,-4.17,False
Jackson,2026-10-01,Saxony Lutheran,,2,0,W,2.89,-0.31,-0.89,-0.31,-1.21,False
Jackson,2026-10-05,Farmington,,3,0,W,2.44,0.18,0.56,0.18,0.75,False
Jackson,2026-10-07,Incarnate Word Academy,,3,0,W,2.13,1.17,0.87,1.17,2.05,False
Jackson,2026-10-10,Kirkwood,,,,,2.52,0.25,,,,False
Jackson,2026-10-15,Eureka,,,,,1.75,0.83,,,,False
Jackson,2026-10-17,Central (Cape Girardeau),,,,,4.21,-1.96,,,,False
Jackson,2026-10-20,Fox,,,,,5.07,-1.99,,,,False
Jasper,2026-08-31,Thomas Jefferson Independent Day,,1,3,L,0.77,1.96,0.23,-1.04,-0.81,False
Jasper,2026-09-01,Golden City,,3,0,W,2.46,0.89,0.54,0.89,1.43,False
Jasper,2026-09-03,McAuley Catholic,,3,0,W,2.43,1.04,0.57,1.04,1.62,False
Jasper,2026-09-07,Rich Hill,,3,1,W,2.3,0.81,0.7,-0.19,0.51,False
Jasper,2026-09-08,Seneca,,3,0,W,2.34,0.9,0.66,0.9,1.56,False
Jasper,2026-09-10,Lockwood,,0,3,L,-0.35,3.33,0.35,0.33,0.69,False
Jasper,2026-09-12,Diamond,,1,1,T,1.33,2.08,-0.33,1.08,0.76,False
Jasper,2026-09-12,West Platte,,0,2,L,0.4,3.19,-0.4,1.19,0.79,False
Jasper,2026-09-12,Lamar,,0,2,L,-0.42,3.21,0.42,1.21,1.63,False
Jasper,2026-09-15,New Heights Christian,,0,3,L,0.83,2.17,-0.83,-0.83,-1.66,False
Jasper,2026-09-17,Northeast Vernon County,,3,0,W,3.5,-0.64,-0.5,-0.64,-1.14,False
Jasper,2026-09-21,Midway,,1,3,L,0.79,2.33,0.21,-0.67,-0.45,False
Jasper,2026-09-22,Greenfield,,0,3,L,1.26,2.23,-1.26,-0.77,-2.02,False
Jasper,2026-09-28,Wheaton,,3,1,W,2.13,1.14,0.87,0.14,1.01,False
Jasper,2026-09-29,Drexel,,1,3,L,1.21,2.07,-0.21,-0.93,-1.14,False
Jasper,2026-10-01,Archie,,0,3,L,0.83,2.68,-0.83,-0.32,-1.14,False
Jasper,2026-10-06,Osceola,,0,3,L,-0.08,3.33,0.08,0.33,0.4,False
Jasper,2026-10-08,Lakeland,,,,,2.12,1.73,,,,False
Jasper,2026-10-10,Pleasant Hope,,,,,1.18,1.94,,,,False
Jasper,2026-10-13,Appleton City with Montrose,,,,,2.16,1.02,,,,False
Jasper,2026-10-15,Liberal,,,,,0.41,3.17,,,,False
Jasper,2026-10-20,Everton,,,,,1.48,1.56,,,,False
Jefferson (Festus),2026-08-31,Kingston,,3,0,W,2.7,1.05,0.3,1.05,1.35,False
Jefferson (Festus),2026-09-01,Seckman,,0,3,L,-0.05,3.24,0.05,0.24,0.3,False
Jefferson (Festus),2026-09-03,Ste. Genevieve,,0,3,L,0.74,2.29,-0.74,-0.71,-1.44,False
Jefferson (Festus),2026-09-08,Webster Groves,,2,1,W,0.28,2.8,1.72,1.8,3.52,False
Jefferson (Festus),2026-09-08,Windsor (Imperial),,0,2,L,0.64,2.21,-0.64,0.21,-0.43,False
Jefferson (Festus),2026-09-10,Valle Catholic,,0,3,L,0.1,3.03,-0.1,0.03,-0.07,False
Jefferson (Festus),2026-09-11,Gideon,,0,2,L,0.44,2.02,-0.44,0.02,-0.42,False
Jefferson (Festus),2026-09-11,Twin Rivers,,2,0,W,3.02,0.72,-1.02,0.72,-0.3,False
Jefferson (Festus),2026-09-12,Bell City,,0,2,L,1.08,2.31,-1.08,0.31,-0.77,False
Jefferson (Festus),2026-09-12,Bernie,,2,1,W,2.05,0.83,-0.05,-0.17,-0.21,False
Jefferson (Festus),2026-09-12,East Prairie,,2,0,W,2.13,0.79,-0.13,0.79,0.66,False
Jefferson (Festus),2026-09-12,Puxico,,0,2,L,1.2,1.85,-1.2,-0.15,-1.35,False
Jefferson (Festus),2026-09-12,Summersville,,2,1,W,2.09,1.26,-0.09,0.26,0.17,False
Jefferson (Festus),2026-09-15,North County,,2,3,L,1.52,2.16,0.48,-0.84,-0.36,False
Jefferson (Festus),2026-09-17,St. Vincent,,2,3,L,1.32,1.72,0.68,-1.28,-0.6,False
Jefferson (Festus),2026-09-19,Bourbon,,2,0,W,2.83,0.18,-0.83,0.18,-0.65,False
Jefferson (Festus),2026-09-19,Cuba,,2,0,W,1.31,1.63,0.69,1.63,2.32,False
Jefferson (Festus),2026-09-19,Licking,,1,1,T,1.18,1.54,-0.18,0.54,0.36,False
Jefferson (Festus),2026-09-19,St. James,,2,0,W,3.43,-0.6,-1.43,-0.6,-2.03,False
Jefferson (Festus),2026-09-21,Perryville,,0,3,L,0.44,2.66,-0.44,-0.34,-0.78,False
Jefferson (Festus),2026-09-22,West County,,3,0,W,2.29,0.86,0.71,0.86,1.57,False
Jefferson (Festus),2026-09-24,Arcadia Valley,,1,3,L,0.86,2.03,0.14,-0.97,-0.83,False
Jefferson (Festus),2026-09-29,Crystal City,,3,2,W,1.68,1.46,1.32,-0.54,0.79,False
Jefferson (Festus),2026-10-01,Lift for Life Academy Charter,,3,0,W,3.4,-0.41,-0.4,-0.41,-0.8,False
Jefferson (Festus),2026-10-05,Central (Park Hills),,1,3,L,1.53,2.02,-0.53,-0.98,-1.51,False
Jefferson (Festus),2026-10-07,Hillsboro,,1,3,L,0.11,3.03,0.89,0.03,0.92,False
Jefferson (Festus),2026-10-08,Herculaneum,,,,,2.85,-0.05,,,,False
Jefferson (Festus),2026-10-14,DeSoto,,,,,1.82,0.98,,,,False
Jefferson (Festus),2026-10-15,Grandview (Hillsboro),,,,,2.97,-0.17,,,,False
Jefferson (Festus),2026-10-20,Greenville,,,,,3.05,0.31,,,,False
Jefferson City,2026-08-27,Ozark,,0,3,L,0.51,2.11,-0.51,-0.89,-1.4,False
Jefferson City,2026-08-31,Hermann,,3,0,W,3.13,-0.38,-0.13,-0.38,-0.51,False
Jefferson City,2026-09-03,Marshfield,,2,0,W,1.68,1.15,0.32,1.15,1.48,False
Jefferson City,2026-09-03,West Plains,,0,2,L,1.21,1.65,-1.21,-0.35,-1.57,False
Jefferson City,2026-09-03,Branson,,1,2,L,2.04,0.78,-1.04,-1.22,-2.26,False
Jefferson City,2026-09-04,Kickapoo,,0,2,L,0.7,1.69,-0.7,-0.31,-1.01,False
Jefferson City,2026-09-04,Nixa,,0,2,L,0.91,1.78,-0.91,-0.22,-1.13,False
Jefferson City,2026-09-09,Hickman,,3,0,W,2.16,0.61,0.84,0.61,1.45,False
Jefferson City,2026-09-11,Eureka,,2,0,W,0.6,2.3,1.4,2.3,3.7,False
Jefferson City,2026-09-11,St. Francis Borgia,,1,2,L,0.98,1.67,0.02,-0.33,-0.31,False
Jefferson City,2026-09-12,Ft. Zumwalt West,,0,2,L,0.67,1.73,-0.67,-0.27,-0.94,False
Jefferson City,2026-09-12,St. Dominic,,0,2,L,0.71,2.11,-0.71,0.11,-0.6,False
Jefferson City,2026-09-14,Smith-Cotton,,3,0,W,2.78,0.2,0.22,0.2,0.43,False
Jefferson City,2026-09-17,Capital City,,3,2,W,2.73,0.44,0.27,-1.56,-1.29,False
Jefferson City,2026-09-21,Incarnate Word Academy,,1,3,L,0.98,2.65,0.02,-0.35,-0.33,False
Jefferson City,2026-09-22,Battle,,3,0,W,1.92,1.16,1.08,1.16,2.24,False
Jefferson City,2026-09-23,Blair Oaks,,3,0,W,1.69,1.4,1.31,1.4,2.71,False
Jefferson City,2026-09-29,Camdenton,,3,0,W,3.06,-0.31,-0.06,-0.31,-0.37,False
Jefferson City,2026-10-01,Rolla,,3,0,W,3.13,-0.15,-0.13,-0.15,-0.28,False
Jefferson City,2026-10-07,Rock Bridge,,2,3,L,1.56,1.28,0.44,-1.72,-1.27,False
Jefferson City,2026-10-09,Logan-Rogersville,,,,,2.51,0.91,,,,False
Jefferson City,2026-10-09,"Olathe NW(Olathe, KS)",,,,,,,,,,False
Jefferson City,2026-10-10,"Greenwood(Greenwook, AR)",,,,,,,,,,False
Jefferson City,2026-10-10,Park Hill,,,,,1.41,2.19,,,,False
Jefferson City,2026-10-10,St. Joseph's Academy,,,,,1.17,1.8,,,,False
Jefferson City,2026-10-13,Helias Catholic,,,,,0.57,2.03,,,,False
Jefferson City,2026-10-20,Bolivar,,,,,3.17,-0.46,,,,False
"Jefferson Co North(Winchester, KS)",2026-10-03,St. Joseph Christian,,1,2,L,,,,,,False
Jennings,2026-08-28,Maplewood-Richmond Hts.,,0,3,L,-1.0,4.16,1.0,1.16,2.17,False
Jennings,2026-08-29,Hazelwood Central,,0,2,L,0.61,2.59,-0.61,0.59,-0.02,False
Jennings,2026-08-29,Hazelwood East,,0,2,L,-0.07,3.54,0.07,1.54,1.61,False
Jennings,2026-08-29,Hazelwood West,,0,2,L,-0.52,3.58,0.52,1.58,2.1,False
Jennings,2026-08-29,McCluer North,,2,0,W,1.77,1.59,0.23,1.59,1.82,False
Jennings,2026-08-29,Normandy Collaborative,,1,0,W,,,,,,False
Jennings,2026-09-07,Normandy Collaborative,,,,,,,,,,False
Jennings,2026-09-08,McCluer,,3,2,W,2.49,1.23,0.51,-0.77,-0.27,False
Jennings,2026-09-09,Valley Park,,0,3,L,0.4,2.61,-0.4,-0.39,-0.79,False
Jennings,2026-09-10,Hazelwood Central,,1,3,L,0.61,2.59,0.39,-0.41,-0.02,False
Jennings,2026-09-12,McKinley Classical Leadership,,1,2,L,0.73,2.47,0.27,0.47,0.74,False
Jennings,2026-09-12,Cardinal Ritter,,0,2,L,0.9,2.35,-0.9,0.35,-0.55,False
Jennings,2026-09-12,McCluer North,,1,2,L,1.77,1.59,-0.77,-0.41,-1.18,False
Jennings,2026-09-12,Miller Career Academy,,0,2,L,1.48,1.41,-1.48,-0.59,-2.08,False
Jennings,2026-09-14,Normandy Collaborative,,3,0,W,,,,,,False
Jennings,2026-09-16,McCluer North,,3,1,W,1.77,1.59,1.23,0.59,1.82,False
Jennings,2026-09-17,Hazelwood East,,0,3,L,-0.07,3.54,0.07,0.54,0.61,False
Jennings,2026-09-21,Rosati-Kain,,2,3,L,1.07,2.45,0.93,-0.55,0.38,False
Jennings,2026-09-22,University City,,1,3,L,0.8,2.85,0.2,-0.15,0.05,False
Jennings,2026-09-24,STEAM Academy,,0,3,L,-0.13,3.5,0.13,0.5,0.62,False
Jennings,2026-09-28,McCluer,,3,1,W,2.49,1.23,0.51,0.23,0.73,False
Jennings,2026-09-30,Hazelwood Central,,0,3,L,0.61,2.59,-0.61,-0.41,-1.02,False
Jennings,2026-09-30,Normandy Collaborative,,,,,,,,,,False
Jennings,2026-10-05,McCluer North,,2,3,L,1.77,1.59,0.23,-1.41,-1.18,False
Jennings,2026-10-07,Hazelwood East,,0,3,L,-0.07,3.54,0.07,0.54,0.61,False
Jennings,2026-10-08,West Plains,,1,,,-3.84,6.99,,,,False
Jennings,2026-10-09,Miller Career Academy,,,,,1.48,1.41,,,,False
Jennings,2026-10-10,Lutheran North,,,,,-0.25,3.7,,,,False
Jennings,2026-10-14,STEAM Academy,,,,,-0.13,3.5,,,,False
John Burroughs,2026-08-29,Holt,,1,2,L,2.06,1.17,-1.06,-0.83,-1.88,False
John Burroughs,2026-08-29,Notre Dame (St. Louis),,2,0,W,2.54,0.61,-0.54,0.61,0.07,False
John Burroughs,2026-08-29,Oakville,,1,1,T,1.3,1.88,-0.3,0.88,0.58,False
John Burroughs,2026-08-29,Rockwood Summit,,0,2,L,1.01,1.96,-1.01,-0.04,-1.05,False
John Burroughs,2026-09-01,Lutheran St. Charles,,3,2,W,2.0,1.66,1.0,-0.34,0.66,False
John Burroughs,2026-09-03,Lutheran South,,3,0,W,2.22,0.37,0.78,0.37,1.15,False
John Burroughs,2026-09-08,Lutheran North,,3,0,W,4.36,-1.12,-1.36,-1.12,-2.48,False
John Burroughs,2026-09-10,Westminster Christian Academy,,2,3,L,0.69,2.03,1.31,-0.97,0.34,False
John Burroughs,2026-09-14,Clayton,,3,0,W,3.12,0.31,-0.12,0.31,0.18,False
John Burroughs,2026-09-15,Villa Duchesne,,3,0,W,3.24,-0.11,-0.24,-0.11,-0.35,False
John Burroughs,2026-09-17,St. Louis Christian Sr.,,3,2,W,,,,,,False
John Burroughs,2026-09-22,Lindbergh,,1,3,L,1.48,2.32,-0.48,-0.68,-1.16,False
John Burroughs,2026-09-24,Principia,,3,0,W,4.0,-1.45,-1.0,-1.45,-2.45,False
John Burroughs,2026-09-26,MICDS,,1,3,L,1.1,1.95,-0.1,-1.05,-1.15,False
John Burroughs,2026-09-29,Ladue Horton Watkins,,3,0,W,2.89,0.34,0.11,0.34,0.44,False
John Burroughs,2026-10-02,Francis Howell,,2,0,W,1.83,1.42,0.17,1.42,1.59,False
John Burroughs,2026-10-02,Liberty (Wentzville),,2,0,W,2.1,0.94,-0.1,0.94,0.84,False
John Burroughs,2026-10-02,"Mater Dei(Breese, IL)",,0,2,L,,,,,,False
John Burroughs,2026-10-03,MICDS,,1,2,L,1.1,1.95,-0.1,-0.05,-0.15,False
John Burroughs,2026-10-03,"O’Fallon(O’Fallon, IL)",,1,2,L,,,,,,False
John Burroughs,2026-10-06,Duchesne,,3,1,W,1.99,0.73,1.01,-0.27,0.74,False
John Burroughs,2026-10-08,Visitation Academy,,3,0,W,2.94,0.04,0.06,0.04,0.1,False
John Burroughs,2026-10-09,Nerinx Hall,,,,,2.09,1.22,,,,False
John Burroughs,2026-10-13,Whitfield,,,,,3.56,-0.22,,,,False
John Burroughs,2026-10-14,Ursuline Academy,,,,,1.93,1.24,,,,False
"Johnston City(Johnston City, IL)",2026-09-05,Sikeston,,0,2,L,,,,,,False
"Jonesboro HS(JB, AR)",2026-09-26,Kennett,,2,0,W,,,,,,False
"Jonesboro(Jonesboro, AR)",2026-09-12,St. Clair,,1,1,T,,,,,,False
"Jonesboro(Jonesboro, AR)",2026-09-12,Seckman,,1,1,T,,,,,,False
"Jonesboro(Jonesboro, AR)",2026-09-12,Battle,,0,2,L,,,,,,False
"Jonesboro(Jonesboro, AR)",2026-09-12,Hickman,,1,1,T,,,,,,False
Joplin,2026-09-03,Nevada,,0,3,L,0.49,2.21,-0.49,-0.79,-1.28,False
Joplin,2026-09-05,Clinton,,0,2,L,0.38,2.57,-0.38,0.57,0.19,False
Joplin,2026-09-05,Lamar,,1,1,T,1.11,1.37,-0.11,0.37,0.26,False
Joplin,2026-09-05,Nevada,,0,2,L,0.49,2.21,-0.49,0.21,-0.28,False
Joplin,2026-09-05,Lone Jack,,2,0,W,1.41,1.47,0.59,1.47,2.06,False
Joplin,2026-09-05,Neosho,,2,0,W,2.79,0.12,-0.79,0.12,-0.66,False
Joplin,2026-09-08,Central (Springfield),,3,1,W,2.21,0.31,0.79,-0.69,0.09,False
Joplin,2026-09-10,Lebanon,,3,0,W,1.13,1.62,1.87,1.62,3.5,False
Joplin,2026-09-12,Waynesville,,2,0,W,2.49,-0.05,-0.49,-0.05,-0.54,False
Joplin,2026-09-12,Lighthouse Sr. High,,1,1,T,,,,,,False
Joplin,2026-09-12,Hillcrest,,1,1,T,1.71,0.85,-0.71,-0.15,-0.86,False
Joplin,2026-09-12,Monett,,0,2,L,2.1,0.82,-2.1,-1.18,-3.28,False
Joplin,2026-09-15,Glendale,,1,3,L,0.7,2.01,0.3,-0.99,-0.7,False
Joplin,2026-09-17,Nixa,,0,3,L,-0.32,2.99,0.32,-0.01,0.31,False
Joplin,2026-09-19,"Chanute(Chanute, KS)",,2,0,W,,,,,,False
Joplin,2026-09-19,"Fort Scott(Fort Scott, KS)",,2,1,W,,,,,,False
Joplin,2026-09-19,"Fredonia(Fredonia, KS)",,2,0,W,,,,,,False
Joplin,2026-09-19,"Girard(Girard, KS)",,2,0,W,,,,,,False
Joplin,2026-09-19,"Neodesha(Neodesha, KS)",,2,0,W,,,,,,False
Joplin,2026-09-22,Waynesville,,3,0,W,2.49,-0.05,0.51,-0.05,0.46,False
Joplin,2026-09-24,Kickapoo,,0,3,L,-0.54,2.9,0.54,-0.1,0.44,False
Joplin,2026-09-28,Baxter Springs,,2,0,W,,,,,,False
Joplin,2026-09-29,Ozark,,0,3,L,-0.72,3.32,0.72,0.32,1.04,False
Joplin,2026-10-01,Neosho,,3,2,W,2.79,0.12,0.21,-1.88,-1.66,False
Joplin,2026-10-05,"Pittsburg(Pittsburg, KS)",,2,3,L,,,,,,False
Joplin,2026-10-06,Republic,,0,3,L,0.5,2.17,-0.5,-0.83,-1.34,False
Joplin,2026-10-08,Webb City,,1,3,L,1.26,2.0,-0.26,-1.0,-1.26,False
Joplin,2026-10-12,Carl Junction,,,,,0.8,1.93,,,,False
Joplin,2026-10-13,Willard,,,,,1.11,2.0,,,,False
Joplin,2026-10-15,Carthage,,,,,0.3,2.47,,,,False
"Joppa(Joppa , IL)",2026-08-31,Charleston,,2,0,W,,,,,,False
"KC Metro(Kansas City, KS)",2026-10-05,Ewing Marion Kauffman,,,,,,,,,,False
"KC Metro(Olathe, KS)",2026-09-29,Barstow,,0,3,L,,,,,,False
KIPP KC Legacy,2026-08-28,Barstow,,0,3,L,-0.73,3.62,0.73,0.62,1.35,False
KIPP KC Legacy,2026-09-02,Northeast (Kansas City),,3,0,W,2.4,0.82,0.6,0.82,1.42,False
KIPP KC Legacy,2026-09-08,Southeast,,3,0,W,2.94,0.0,0.06,0.0,0.06,False
KIPP KC Legacy,2026-09-10,Guadalupe Centers Charter,,2,3,L,1.91,1.12,0.09,-1.88,-1.8,False
KIPP KC Legacy,2026-09-12,Center,,0,2,L,-1.01,3.68,1.01,1.68,2.69,False
KIPP KC Legacy,2026-09-12,Ruskin,,0,2,L,0.95,1.71,-0.95,-0.29,-1.24,False
KIPP KC Legacy,2026-09-12,"Sumner(Kansas City, KS)",,0,2,L,,,,,,False
KIPP KC Legacy,2026-09-15,Richmond,,0,3,L,1.1,1.81,-1.1,-1.19,-2.3,False
KIPP KC Legacy,2026-09-19,Central (Kansas City),,2,0,W,1.73,1.26,0.27,1.26,1.53,False
KIPP KC Legacy,2026-09-19,Guadalupe Centers Charter,,1,1,T,1.91,1.12,-0.91,0.12,-0.8,False
KIPP KC Legacy,2026-09-19,"Schlage(Kansas City, KS)",,0,2,L,,,,,,False
KIPP KC Legacy,2026-09-22,Ewing Marion Kauffman,,0,3,L,0.59,2.21,-0.59,-0.79,-1.38,False
KIPP KC Legacy,2026-09-26,Chillicothe,,0,2,L,-0.33,3.17,0.33,1.17,1.5,False
KIPP KC Legacy,2026-09-26,"Christ Prep(Overland Park , KS)",,0,2,L,,,,,,False
KIPP KC Legacy,2026-09-26,Northland Christian,,0,2,L,-0.94,3.78,0.94,1.78,2.72,False
KIPP KC Legacy,2026-09-26,Raytown,,0,2,L,-0.36,2.89,0.36,0.89,1.25,False
KIPP KC Legacy,2026-09-28,East (Kansas City),,3,0,W,3.26,-0.39,-0.26,-0.39,-0.64,False
KIPP KC Legacy,2026-10-05,Frontier STEM,,3,0,W,2.62,0.3,0.38,0.3,0.68,False
KIPP KC Legacy,2026-10-06,Paseo Academy,,3,1,W,1.37,1.69,1.63,0.69,2.31,False
KIPP KC Legacy,2026-10-07,Southeast,,3,0,W,2.94,0.0,0.06,0.0,0.06,False
KIPP KC Legacy,2026-10-15,Crossroads Prep Charter,,,,,1.4,1.42,,,,False
KIPP KC Legacy,2026-10-20,Carrollton,,,,,0.63,2.71,,,,False
KIPP St. Louis Sr.,2026-09-01,Bishop DuBourg,,0,1,L,0.21,3.9,-0.21,2.9,2.7,False
KIPP St. Louis Sr.,2026-09-03,Confluence Prep Academy Charter with Grand Center Arts Charter,,,,,1.1,2.78,,,,False
KIPP St. Louis Sr.,2026-09-04,Vashon,,,,,0.84,2.92,,,,False
KIPP St. Louis Sr.,2026-09-11,Miller Career Academy,,,,,0.93,2.15,,,,False
KIPP St. Louis Sr.,2026-09-17,Believe Acad Charter,,3,1,W,2.46,1.05,0.54,0.05,0.59,False
KIPP St. Louis Sr.,2026-09-18,Vashon,,0,3,L,0.84,2.92,-0.84,-0.08,-0.92,False
KIPP St. Louis Sr.,2026-10-09,McKinley Classical Leadership,,,,,0.17,3.21,,,,False
KIPP St. Louis Sr.,2026-10-16,Confluence Prep Academy Charter with Grand Center Arts Charter,,,,,1.1,2.78,,,,False
KIPP St. Louis Sr.,2026-10-20,Believe Acad Charter,,,,,2.46,1.05,,,,False
"KSD (Kansas School for the Deaf)(Olathe , KS)",2026-08-27,Cristo Rey,,2,3,L,,,,,,False
"Kansas City Christian(Kansas City, KS)",2026-09-17,Faith Christian Academy,,3,0,W,,,,,,False
"Kansas City Christian(Kansas City, KS)",2026-09-19,Faith Christian Academy,,0,2,L,,,,,,False
"Kansas City Christian(Prairie Village, KS)",2026-09-10,Lutheran (Kansas City),,3,0,W,,,,,,False
"Kansas City Christian(Prairie Village, KS)",2026-09-19,Lutheran (Kansas City),,1,2,L,,,,,,False
"Kansas City Christian(Prairie Village, KS)",2026-10-06,Northland Christian,,1,3,L,,,,,,False
"Kansas City East Christian Homeschool(Kansas City, KS)",2026-09-21,Faith Christian Academy,,0,3,L,,,,,,False
"Kansas City- Bishop Ward HS(Kansas City, KS)",2026-09-10,Lincoln College Prep,,0,3,L,,,,,,False
"Kansas School for the Deaf(Olathe, KS)",2026-09-01,Frontier STEM,,2,1,W,,,,,,False
"Kansas School for the Deaf(Olathe, KS)",2026-09-01,Guadalupe Centers Charter,,2,0,W,,,,,,False
"Kansas School for the Deaf(Olathe, KS)",2026-09-22,Guadalupe Centers Charter,,2,1,W,,,,,,False
Kearney,2026-08-29,East Newton,,1,1,T,1.52,0.89,-0.52,-0.11,-0.62,False
Kearney,2026-08-29,Fair Grove,,1,1,T,1.49,0.85,-0.49,-0.15,-0.64,False
Kearney,2026-08-29,Lebanon,,0,2,L,1.12,1.35,-1.12,-0.65,-1.78,False
Kearney,2026-08-29,Republic,,0,2,L,0.5,1.89,-0.5,-0.11,-0.61,False
Kearney,2026-08-29,Summit Christian Academy,,2,0,W,1.17,1.18,0.83,1.18,2.0,False
Kearney,2026-09-01,Fort Osage,,1,3,L,1.27,1.57,-0.27,-1.43,-1.7,False
Kearney,2026-09-03,Winnetonka,,3,0,W,3.03,-0.66,-0.03,-0.66,-0.69,False
Kearney,2026-09-08,Ruskin,,3,0,W,3.61,-1.31,-0.61,-1.31,-1.92,False
Kearney,2026-09-09,Benton,,1,3,L,0.57,1.97,0.43,-1.03,-0.59,False
Kearney,2026-09-10,Grandview,,3,0,W,2.15,0.22,0.85,0.22,1.07,False
Kearney,2026-09-14,Pembroke Hill,,0,3,L,0.1,2.05,-0.1,-0.95,-1.05,False
Kearney,2026-09-15,Platte County,,0,3,L,0.02,2.37,-0.02,-0.63,-0.65,False
Kearney,2026-09-17,Smithville,,0,3,L,-0.23,2.58,0.23,-0.42,-0.19,False
Kearney,2026-09-19,Central (St. Joseph),,1,1,T,1.4,0.89,-0.4,-0.11,-0.5,False
Kearney,2026-09-19,Smithville,,0,2,L,-0.23,2.58,0.23,0.58,0.81,False
Kearney,2026-09-19,Fort Osage,,1,1,T,1.27,1.57,-0.27,0.57,0.3,False
Kearney,2026-09-19,Winnetonka,,2,0,W,3.03,-0.66,-1.03,-0.66,-1.69,False
Kearney,2026-09-21,Grain Valley,,1,2,L,0.81,1.94,0.19,-0.06,0.13,False
Kearney,2026-09-21,Oak Park,,2,1,W,1.43,1.25,0.57,0.25,0.82,False
Kearney,2026-09-22,Raytown South,,3,0,W,2.91,-0.14,0.09,-0.14,-0.05,False
Kearney,2026-09-24,Winnetonka,,3,0,W,3.03,-0.66,-0.03,-0.66,-0.69,False
Kearney,2026-09-26,West Platte,,1,1,T,1.92,1.08,-0.92,0.08,-0.85,False
Kearney,2026-09-26,Guadalupe Centers Charter,,2,0,W,4.58,-1.9,-2.58,-1.9,-4.48,False
Kearney,2026-09-26,Capital City,,2,0,W,1.49,1.37,0.51,1.37,1.88,False
Kearney,2026-09-26,Maryville,,1,2,L,0.93,1.93,0.07,-0.07,-0.0,False
Kearney,2026-09-29,Ruskin,,3,0,W,3.61,-1.31,-0.61,-1.31,-1.92,False
Kearney,2026-09-30,Excelsior Springs,,3,0,W,2.99,-0.22,0.01,-0.22,-0.21,False
Kearney,2026-10-01,Central (St. Joseph),,3,0,W,1.4,0.89,1.6,0.89,2.5,False
Kearney,2026-10-06,Smithville,,0,3,L,-0.23,2.58,0.23,-0.42,-0.19,False
Kearney,2026-10-08,Raytown South,,,,,2.91,-0.14,,,,False
Kearney,2026-10-12,St. Pius X (Kansas City),,,,,-0.06,2.7,,,,False
Kearney,2026-10-13,Notre Dame de Sion,,,,,0.96,2.28,,,,False
Kearney,2026-10-15,Grandview,,,,,2.15,0.22,,,,False
Kearney,2026-10-20,Winnetonka,,,,,3.03,-0.66,,,,False
Kelly,2026-08-27,"Egyptian(Tamms, IL)",,0,2,L,,,,,,False
Kelly,2026-09-01,Twin Rivers,,1,3,L,1.47,2.78,-0.47,-0.22,-0.68,False
Kelly,2026-09-02,Richland (Essex),,0,3,L,1.06,2.66,-1.06,-0.34,-1.4,False
Kelly,2026-09-04,Puxico,,0,3,L,-0.35,3.91,0.35,0.91,1.26,False
Kelly,2026-09-08,"Egyptian(Tamms , IL)",,1,3,L,,,,,,False
Kelly,2026-09-09,Meadow Heights,,0,3,L,-0.17,3.74,0.17,0.74,0.91,False
Kelly,2026-09-12,New Haven,,0,2,L,0.49,2.77,-0.49,0.77,0.28,False
Kelly,2026-09-12,Holcomb,,0,2,L,0.27,3.31,-0.27,1.31,1.05,False
Kelly,2026-09-12,Bell City,,0,2,L,-0.47,4.37,0.47,2.37,2.84,False
Kelly,2026-09-14,South Pemiscot,,0,3,L,1.05,2.61,-1.05,-0.39,-1.44,False
Kelly,2026-09-15,Scott City,,0,3,L,-0.34,3.96,0.34,0.96,1.3,False
Kelly,2026-09-18,East Prairie,,1,2,L,0.58,2.85,0.42,0.85,1.27,False
Kelly,2026-09-21,Caruthersville,,2,3,L,1.92,1.7,0.08,-1.3,-1.22,False
Kelly,2026-09-23,Marquand-Zion,,,,,,,,,,False
Kelly,2026-09-24,"Cairo(Cairo, IL)",,2,0,W,,,,,,False
Kelly,2026-09-25,Zalma,,3,0,W,2.05,1.44,0.95,1.44,2.4,False
Kelly,2026-09-29,Oak Ridge,,0,3,L,-0.8,4.52,0.8,1.52,2.33,False
Kelly,2026-10-05,Delta (Deering),,2,3,L,1.74,2.09,0.26,-0.91,-0.66,False
Kelly,2026-10-07,"Cairo(Cairo, IL)",,,,,,,,,,False
Kelly,2026-10-08,Charleston,,,,,2.45,0.77,,,,False
Kelly,2026-10-12,Charleston,,,,,2.45,0.77,,,,False
Kelly,2026-10-13,East Prairie,,,,,0.58,2.85,,,,False
Kelly,2026-10-14,Oran,,,,,1.36,1.98,,,,False
Kelly,2026-10-16,Eagle Ridge Christian,,,,,,,,,,False
Kelly,2026-10-20,Puxico,,,,,-0.35,3.91,,,,False
Kennett,2026-09-01,Campbell,,2,3,L,0.85,2.37,1.15,-0.63,0.53,False
Kennett,2026-09-02,Scott City,,0,3,L,0.54,2.83,-0.54,-0.17,-0.71,False
Kennett,2026-09-03,Charleston,,3,0,W,3.33,-0.36,-0.33,-0.36,-0.69,False
Kennett,2026-09-08,Doniphan,,3,1,W,1.71,1.77,1.29,0.77,2.06,False
Kennett,2026-09-10,Malden,,1,3,L,0.72,2.56,0.28,-0.44,-0.16,False
Kennett,2026-09-11,Central (Park Hills),,0,2,L,0.85,2.96,-0.85,0.96,0.1,False
Kennett,2026-09-11,Saxony Lutheran,,0,2,L,-0.77,4.07,0.77,2.07,2.84,False
Kennett,2026-09-12,Ellington,,0,2,L,0.36,2.6,-0.36,0.6,0.25,False
Kennett,2026-09-12,"Greene County Tech(Paragould, AR)",,0,2,L,,,,,,False
Kennett,2026-09-12,Poplar Bluff,,0,2,L,0.74,2.38,-0.74,0.38,-0.35,False
Kennett,2026-09-15,Dexter,,0,3,L,0.16,3.33,-0.16,0.33,0.16,False
Kennett,2026-09-17,Portageville,,1,3,L,1.25,2.51,-0.25,-0.49,-0.73,False
Kennett,2026-09-21,Holcomb,,1,3,L,1.14,2.19,-0.14,-0.81,-0.96,False
Kennett,2026-09-22,Senath-Hornersville,,3,0,W,1.94,1.69,1.06,1.69,2.75,False
Kennett,2026-09-23,Poplar Bluff,,1,3,L,0.74,2.38,0.26,-0.62,-0.35,False
Kennett,2026-09-26,"Cedar Ridge(CR, AR)",,2,0,W,,,,,,False
Kennett,2026-09-26,"Hoxie(Hoxie , AR)",,2,1,W,,,,,,False
Kennett,2026-09-26,"Jonesboro HS(JB, AR)",,0,2,L,,,,,,False
Kennett,2026-09-26,"Nettleton(Nettleton, AR)",,0,2,L,,,,,,False
Kennett,2026-09-26,"Walnut Ridge(WR, AR)",,0,2,L,,,,,,False
Kennett,2026-09-28,Bernie,,0,3,L,1.37,1.77,-1.37,-1.23,-2.61,False
Kennett,2026-10-01,Central (New Madrid County),,0,2,L,1.02,2.4,-1.02,0.4,-0.63,False
Kennett,2026-10-01,Poplar Bluff,,0,2,L,0.74,2.38,-0.74,0.38,-0.35,False
Kennett,2026-10-01,Sikeston,,2,1,W,0.87,2.77,1.13,1.77,2.9,False
Kennett,2026-10-05,Central (New Madrid County),,0,3,L,1.02,2.4,-1.02,-0.6,-1.63,False
Kennett,2026-10-06,Clarkton,,2,3,L,1.41,1.9,0.59,-1.1,-0.5,False
Kennett,2026-10-08,Central (Cape Girardeau),,0,3,L,0.54,2.41,-0.54,-0.59,-1.12,False
Kennett,2026-10-12,Saxony Lutheran,,,,,-0.77,4.07,,,,False
Kennett,2026-10-13,Sikeston,,,,,0.87,2.77,,,,False
Kennett,2026-10-15,Twin Rivers,,,,,2.34,1.65,,,,False
Kennett,2026-10-19,Notre Dame (Cape Girardeau),,,,,-0.38,3.53,,,,False
Kennett,2026-10-20,"Greene County Tech(Paragould, AR)",,,,,,,,,,False
Kickapoo,2026-08-29,Liberty,,2,0,W,1.98,1.13,0.02,1.13,1.15,False
Kickapoo,2026-08-29,Liberty North,,0,2,L,1.77,1.35,-1.77,-0.65,-2.42,False
Kickapoo,2026-09-04,Helias Catholic,,1,2,L,0.83,1.29,0.17,-0.71,-0.54,False
Kickapoo,2026-09-04,Jefferson City,,2,0,W,1.69,0.7,0.31,0.7,1.01,False
Kickapoo,2026-09-10,Neosho,,3,0,W,4.28,-1.82,-1.28,-1.82,-3.1,False
Kickapoo,2026-09-11,St. Dominic,,0,2,L,0.97,1.37,-0.97,-0.63,-1.6,False
Kickapoo,2026-09-11,Rockwood Summit,,2,0,W,1.71,0.7,0.29,0.7,0.98,False
Kickapoo,2026-09-12,Blue Springs South,,1,2,L,1.55,1.17,-0.55,-0.83,-1.38,False
Kickapoo,2026-09-12,Lafayette (Wildwood),,1,2,L,0.06,2.22,0.94,0.22,1.16,False
Kickapoo,2026-09-12,Kirkwood,,2,0,W,1.63,0.99,0.37,0.99,1.36,False
Kickapoo,2026-09-15,Republic,,3,1,W,2.0,0.22,1.0,-0.78,0.22,False
Kickapoo,2026-09-17,Carthage,,3,0,W,1.79,0.53,1.21,0.53,1.74,False
Kickapoo,2026-09-19,"Bryant(Bryant, AR)",,2,0,W,,,,,,False
Kickapoo,2026-09-19,"Conway(Conway, AR)",,1,2,L,,,,,,False
Kickapoo,2026-09-19,Rock Bridge,,2,0,W,1.81,0.54,0.19,0.54,0.73,False
Kickapoo,2026-09-19,Staley,,2,0,W,1.85,0.41,0.15,0.41,0.56,False
Kickapoo,2026-09-22,Willard,,3,2,W,2.61,0.06,0.39,-1.94,-1.55,False
Kickapoo,2026-09-24,Joplin,,3,0,W,2.9,-0.54,0.1,-0.54,-0.44,False
Kickapoo,2026-09-29,Webb City,,3,0,W,2.76,0.05,0.24,0.05,0.3,False
Kickapoo,2026-10-01,Lebanon,,3,0,W,2.62,-0.32,0.38,-0.32,0.05,False
Kickapoo,2026-10-03,Staley,,2,0,W,1.85,0.41,0.15,0.41,0.56,False
Kickapoo,2026-10-03,Lee's Summit North,,2,1,W,0.66,1.72,1.34,0.72,2.07,False
Kickapoo,2026-10-03,Lee's Summit West,,0,2,L,0.18,2.01,-0.18,0.01,-0.16,False
Kickapoo,2026-10-03,St. Teresa's Academy,,0,2,L,0.86,1.46,-0.86,-0.54,-1.4,False
Kickapoo,2026-10-06,Glendale,,3,0,W,2.2,0.06,0.8,0.06,0.86,False
Kickapoo,2026-10-08,Waynesville,,3,0,W,3.99,-2.0,-0.99,-2.0,-2.98,False
Kickapoo,2026-10-13,Nixa,,,,,1.17,1.04,,,,False
Kickapoo,2026-10-15,Ozark,,,,,0.77,1.37,,,,False
Kickapoo,2026-10-22,Glendale,,,,,2.2,0.06,,,,False
Kingston,2026-08-31,Jefferson (Festus),,0,3,L,1.05,2.7,-1.05,-0.3,-1.35,False
Kingston,2026-09-01,Viburnum,,3,2,W,2.33,1.03,0.67,-0.97,-0.3,False
Kingston,2026-09-03,Bourbon,,3,2,W,2.33,1.33,0.67,-0.67,0.0,False
Kingston,2026-09-10,North County,,1,3,L,1.02,3.31,-0.02,0.31,0.29,False
Kingston,2026-09-11,Parkway South,,0,2,L,-0.13,3.87,0.13,1.87,1.99,False
Kingston,2026-09-11,South Iron,,1,1,T,2.06,1.76,-1.06,0.76,-0.3,False
Kingston,2026-09-12,"Cape Central JV(Cape Girardeau, MO)",,2,0,W,,,,,,False
Kingston,2026-09-12,North Pemiscot,,0,2,L,0.96,2.7,-0.96,0.7,-0.26,False
Kingston,2026-09-12,Northwest (Cedar Hill),,0,2,L,0.88,2.65,-0.88,0.65,-0.23,False
Kingston,2026-09-12,Risco,,2,1,W,2.21,1.52,-0.21,0.52,0.31,False
Kingston,2026-09-12,St. Paul Lutheran (Farmington),,1,2,L,1.04,2.43,-0.04,0.43,0.39,False
Kingston,2026-09-14,Herculaneum,,3,1,W,2.35,1.1,0.65,0.1,0.75,False
Kingston,2026-09-15,South Iron,,3,2,W,2.06,1.76,0.94,-0.24,0.7,False
Kingston,2026-09-17,Cuba,,0,3,L,0.81,2.78,-0.81,-0.22,-1.03,False
Kingston,2026-09-21,St. Paul Lutheran (Farmington),,2,3,L,1.04,2.43,0.96,-0.57,0.39,False
Kingston,2026-09-22,Steelville,,1,3,L,1.63,2.36,-0.63,-0.64,-1.27,False
Kingston,2026-09-24,Valley,,3,1,W,1.61,1.9,1.39,0.9,2.29,False
Kingston,2026-09-28,Crystal City,,1,3,L,1.18,2.61,-0.18,-0.39,-0.56,False
Kingston,2026-09-29,Bismarck,,0,3,L,0.45,3.51,-0.45,0.51,0.06,False
Kingston,2026-10-01,West County,,1,3,L,1.79,2.01,-0.79,-0.99,-1.78,False
Kingston,2026-10-05,Grandview (Hillsboro),,3,1,W,2.47,0.98,0.53,-0.02,0.51,False
Kingston,2026-10-06,Arcadia Valley,,0,3,L,0.35,3.17,-0.35,0.17,-0.18,False
Kingston,2026-10-08,Valle Catholic,,0,3,L,-0.4,4.18,0.4,1.18,1.58,False
Kingston,2026-10-10,Herculaneum,,,,,2.35,1.1,,,,False
Kingston,2026-10-20,Grandview (Hillsboro),,,,,2.47,0.98,,,,False
Kingsville,2026-09-01,Windsor,,3,0,W,2.15,1.52,0.85,1.52,2.37,False
Kingsville,2026-09-02,Midway,,1,3,L,0.58,2.42,0.42,-0.58,-0.15,False
Kingsville,2026-09-03,Otterville,,0,3,L,0.9,2.16,-0.9,-0.84,-1.73,False
Kingsville,2026-09-11,La Monte,,0,3,L,1.03,2.09,-1.03,-0.91,-1.94,False
Kingsville,2026-09-12,Appleton City with Montrose,,2,0,W,1.95,1.11,0.05,1.11,1.16,False
Kingsville,2026-09-12,Ballard,,1,1,T,1.68,1.05,-0.68,0.05,-0.62,False
Kingsville,2026-09-12,Drexel,,0,2,L,1.0,2.16,-1.0,0.16,-0.84,False
Kingsville,2026-09-12,Hume,,2,0,W,2.82,0.39,-0.82,0.39,-0.43,False
Kingsville,2026-09-12,Rich Hill,,2,0,W,2.09,0.9,-0.09,0.9,0.81,False
Kingsville,2026-09-16,Drexel,,1,3,L,1.0,2.16,0.0,-0.84,-0.84,False
Kingsville,2026-09-19,Ballard,,2,0,W,1.68,1.05,0.32,1.05,1.38,False
Kingsville,2026-09-19,Green Ridge,,0,2,L,1.09,1.93,-1.09,-0.07,-1.16,False
Kingsville,2026-09-19,Leeton with Chilhowee,,2,0,W,2.44,0.32,-0.44,0.32,-0.13,False
Kingsville,2026-09-19,Otterville,,1,2,L,0.9,2.16,0.1,0.16,0.27,False
Kingsville,2026-09-21,Green Ridge,,1,2,L,1.09,1.93,-0.09,-0.07,-0.16,False
Kingsville,2026-09-21,Leeton with Chilhowee,,2,0,W,2.44,0.32,-0.44,0.32,-0.13,False
Kingsville,2026-09-23,Lincoln,,2,3,L,1.6,1.61,0.4,-1.39,-0.99,False
Kingsville,2026-09-24,Miami (Amoret),,3,0,W,2.88,0.08,0.12,0.08,0.2,False
Kingsville,2026-09-28,Orrick,,3,0,W,2.89,0.3,0.11,0.3,0.41,False
Kingsville,2026-09-30,Sweet Springs,,0,3,L,0.81,2.61,-0.81,-0.39,-1.2,False
Kingsville,2026-10-01,Faith Christian Academy,,0,3,L,0.52,2.13,-0.52,-0.87,-1.4,False
Kingsville,2026-10-05,Lakeland,,3,2,W,1.91,1.82,1.09,-0.18,0.91,False
Kingsville,2026-10-06,Crest Ridge,,2,3,L,0.77,2.55,1.23,-0.45,0.78,False
Kingsville,2026-10-07,Ballard,,3,1,W,1.68,1.05,1.32,0.05,1.38,False
Kingsville,2026-10-14,Leeton with Chilhowee,,,,,2.44,0.32,,,,False
Kingsville,2026-10-15,Bronaugh,,,,,3.98,-1.16,,,,False
Kirksville,2026-08-27,Hallsville,,0,3,L,0.46,2.54,-0.46,-0.46,-0.92,False
Kirksville,2026-08-29,Christian Fellowship Sr.,,2,0,W,2.41,0.72,-0.41,0.72,0.31,False
Kirksville,2026-08-29,Hallsville,,0,2,L,0.46,2.54,-0.46,0.54,0.08,False
Kirksville,2026-08-29,Montgomery County,,0,2,L,1.38,1.83,-1.38,-0.17,-1.55,False
Kirksville,2026-08-29,Tipton,,0,2,L,0.64,2.02,-0.64,0.02,-0.62,False
Kirksville,2026-08-31,Southern Boone,,0,3,L,-0.37,3.77,0.37,0.77,1.14,False
Kirksville,2026-09-01,Marshall,,3,0,W,1.93,1.07,1.07,1.07,2.14,False
Kirksville,2026-09-02,Mexico,,2,3,L,2.36,1.51,-0.36,-1.49,-1.85,False
Kirksville,2026-09-10,"Centerville(Centerville, IA)",,3,1,W,,,,,,False
Kirksville,2026-09-15,Fulton,,0,3,L,1.36,1.85,-1.36,-1.15,-2.5,False
Kirksville,2026-09-17,Trenton,,3,0,W,2.12,0.95,0.88,0.95,1.83,False
Kirksville,2026-09-22,Mexico,,3,1,W,2.36,1.51,0.64,0.51,1.15,False
Kirksville,2026-09-24,Hannibal,,0,3,L,-1.51,4.14,1.51,1.14,2.65,False
Kirksville,2026-09-29,Chillicothe,,2,3,L,1.01,1.86,0.99,-1.14,-0.15,False
Kirksville,2026-10-01,Marshall,,3,0,W,1.93,1.07,1.07,1.07,2.14,False
Kirksville,2026-10-05,Boonville,,0,3,L,0.11,2.89,-0.11,-0.11,-0.22,False
Kirksville,2026-10-06,Hannibal,,0,3,L,-1.51,4.14,1.51,1.14,2.65,False
Kirksville,2026-10-13,Centralia,,,,,1.83,1.5,,,,False
Kirksville,2026-10-15,Father Tolton,,,,,0.51,2.5,,,,False
Kirksville,2026-10-21,Orchard Farm,,,,,-0.32,3.52,,,,False
Kirkwood,2026-08-29,"Bentonville(Bentonville, AR)",,1,2,L,,,,,,False
Kirkwood,2026-08-29,"Bentonville West(Bentonville , AR)",,0,2,L,,,,,,False
Kirkwood,2026-08-29,"Greenbrier(Greenbrier , AR)",,2,1,W,,,,,,False
Kirkwood,2026-08-29,"Siloam Springs(Siloam Springs, AR)",,2,0,W,,,,,,False
Kirkwood,2026-09-01,Parkway West,,3,1,W,2.39,0.84,0.61,-0.16,0.45,False
Kirkwood,2026-09-02,Ursuline Academy,,3,1,W,2.67,0.66,0.33,-0.34,-0.01,False
Kirkwood,2026-09-08,Marquette,,3,0,W,2.03,1.43,0.97,1.43,2.4,False
Kirkwood,2026-09-10,Parkway Central,,3,0,W,2.5,0.56,0.5,0.56,1.06,False
Kirkwood,2026-09-11,Blue Springs,,0,2,L,1.45,1.64,-1.45,-0.36,-1.8,False
Kirkwood,2026-09-11,Francis Howell,,2,1,W,2.57,0.84,-0.57,-0.16,-0.73,False
Kirkwood,2026-09-12,Blue Springs South,,2,0,W,1.59,1.85,0.41,1.85,2.26,False
Kirkwood,2026-09-12,Kickapoo,,0,2,L,0.99,1.63,-0.99,-0.37,-1.36,False
Kirkwood,2026-09-12,Cor Jesu Academy,,1,2,L,1.51,2.02,-0.51,0.02,-0.5,False
Kirkwood,2026-09-14,Parkway South,,3,1,W,2.52,0.69,0.48,-0.31,0.17,False
Kirkwood,2026-09-16,Lutheran St. Charles,,3,1,W,2.74,1.08,0.26,0.08,0.34,False
Kirkwood,2026-09-17,Ladue Horton Watkins,,3,0,W,3.63,-0.25,-0.63,-0.25,-0.88,False
Kirkwood,2026-09-21,Lindbergh,,2,3,L,2.22,1.74,-0.22,-1.26,-1.49,False
Kirkwood,2026-09-22,Lafayette (Wildwood),,0,3,L,0.09,2.9,-0.09,-0.1,-0.19,False
Kirkwood,2026-09-28,Nerinx Hall,,3,0,W,2.83,0.64,0.17,0.64,0.81,False
Kirkwood,2026-09-30,Seckman,,2,3,L,2.09,1.21,-0.09,-1.79,-1.88,False
Kirkwood,2026-10-01,Oakville,,3,2,W,2.04,1.3,0.96,-0.7,0.26,False
Kirkwood,2026-10-05,Francis Howell Central,,3,0,W,2.73,0.83,0.27,0.83,1.1,False
Kirkwood,2026-10-08,Webster Groves,,3,0,W,2.42,0.77,0.58,0.77,1.35,False
Kirkwood,2026-10-10,Advance,,,,,3.27,0.47,,,,False
Kirkwood,2026-10-10,Festus,,,,,1.93,0.93,,,,False
Kirkwood,2026-10-10,Jackson,,,,,0.25,2.52,,,,False
Kirkwood,2026-10-10,Saxony Lutheran,,,,,2.05,1.11,,,,False
Kirkwood,2026-10-12,Eureka,,,,,0.9,2.25,,,,False
Kirkwood,2026-10-13,Mehlville,,,,,3.15,0.01,,,,False
Kirkwood,2026-10-15,Rockwood Summit,,,,,1.75,1.37,,,,False
Kirkwood,2026-10-21,Cor Jesu Academy,,,,,1.51,2.02,,,,False
Knob Noster,2026-08-27,California,,0,3,L,0.57,2.15,-0.57,-0.85,-1.41,False
Knob Noster,2026-09-03,Odessa,,0,3,L,0.18,3.11,-0.18,0.11,-0.08,False
Knob Noster,2026-09-05,Harrisonville,,0,2,L,0.41,2.61,-0.41,0.61,0.19,False
Knob Noster,2026-09-05,Nevada,,0,2,L,-0.4,2.93,0.4,0.93,1.33,False
Knob Noster,2026-09-05,McDonald County,,1,1,T,2.3,-0.1,-1.3,-1.1,-2.4,False
Knob Noster,2026-09-05,Lone Jack,,1,2,L,0.52,2.19,0.48,0.19,0.66,False
Knob Noster,2026-09-07,Clinton,,0,3,L,-0.51,3.29,0.51,0.29,0.79,False
Knob Noster,2026-09-10,Warsaw,,0,3,L,0.68,2.36,-0.68,-0.64,-1.32,False
Knob Noster,2026-09-14,Warrensburg,,0,3,L,0.36,2.33,-0.36,-0.67,-1.04,False
Knob Noster,2026-09-17,Lafayette County,,1,3,L,0.37,2.03,0.63,-0.97,-0.34,False
Knob Noster,2026-09-21,Oak Grove,,0,3,L,-1.35,3.74,1.35,0.74,2.09,False
Knob Noster,2026-09-22,Holden,,3,0,W,2.04,0.56,0.96,0.56,1.53,False
Knob Noster,2026-09-24,Carrollton,,3,0,W,2.41,0.69,0.59,0.69,1.27,False
Knob Noster,2026-09-26,Crest Ridge,,1,1,T,1.62,1.34,-0.62,0.34,-0.29,False
Knob Noster,2026-09-26,Lincoln,,2,0,W,2.45,0.4,-0.45,0.4,-0.06,False
Knob Noster,2026-09-26,Lexington,,2,0,W,2.58,0.0,-0.58,0.0,-0.57,False
Knob Noster,2026-09-26,La Monte,,2,0,W,1.88,0.88,0.12,0.88,1.0,False
Knob Noster,2026-09-26,St. Paul Lutheran (Concordia),,1,2,L,1.47,1.46,-0.47,-0.54,-1.01,False
Knob Noster,2026-09-28,Richmond,,3,0,W,2.89,-0.22,0.11,-0.22,-0.11,False
Knob Noster,2026-09-29,Lexington,,3,0,W,2.58,0.0,0.42,0.0,0.43,False
Knob Noster,2026-10-01,Lafayette County,,1,3,L,0.37,2.03,0.63,-0.97,-0.34,False
Knob Noster,2026-10-05,Raytown South,,3,0,W,2.03,0.85,0.97,0.85,1.83,False
Knob Noster,2026-10-06,Richmond,,3,0,W,2.89,-0.22,0.11,-0.22,-0.11,False
Knob Noster,2026-10-08,Holden,,,,,2.04,0.56,,,,False
Knob Noster,2026-10-10,Cabool,,,,,0.33,2.26,,,,False
Knob Noster,2026-10-10,Harrisonville,,,,,0.41,2.61,,,,False
Knob Noster,2026-10-10,El Dorado Springs,,,,,2.39,0.5,,,,False
Knob Noster,2026-10-12,Carrollton,,,,,2.41,0.69,,,,False
Knob Noster,2026-10-13,Smith-Cotton,,,,,0.65,2.13,,,,False
Knob Noster,2026-10-15,Lexington,,,,,2.58,0.0,,,,False
Knob Noster,2026-10-20,Holden,,,,,2.04,0.56,,,,False
Koshkonong,2026-08-29,Blue Eye,,0,2,L,-1.11,3.46,1.11,1.46,2.57,False
Koshkonong,2026-08-29,Gainesville,,0,2,L,-0.07,3.07,0.07,1.07,1.14,False
Koshkonong,2026-08-29,Niangua,,2,0,W,1.61,1.07,0.39,1.07,1.46,False
Koshkonong,2026-08-29,Couch,,0,2,L,0.41,2.57,-0.41,0.57,0.16,False
Koshkonong,2026-08-29,"Mammoth Spring(Mammoth Spring, AR)",,2,0,W,,,,,,False
Koshkonong,2026-09-01,Gainesville,,0,3,L,-0.07,3.07,0.07,0.07,0.14,False
Koshkonong,2026-09-03,Bakersfield,,0,3,L,0.51,2.36,-0.51,-0.64,-1.15,False
Koshkonong,2026-09-04,"Mammoth Spring(Mammoth Spring, AR)",,3,0,W,,,,,,False
Koshkonong,2026-09-08,Dora,,0,3,L,0.67,2.12,-0.67,-0.88,-1.55,False
Koshkonong,2026-09-10,Mansfield,,3,0,W,1.91,1.17,1.09,1.17,2.25,False
Koshkonong,2026-09-15,Couch,,0,3,L,0.41,2.57,-0.41,-0.43,-0.84,False
Koshkonong,2026-09-17,Bakersfield,,0,3,L,0.51,2.36,-0.51,-0.64,-1.15,False
Koshkonong,2026-09-21,"Mammoth Spring(Mammoth Spring, AR)",,3,1,W,,,,,,False
Koshkonong,2026-09-22,Eminence,,0,3,L,-0.75,3.42,0.75,0.42,1.16,False
Koshkonong,2026-09-24,Eminence,,0,3,L,-0.75,3.42,0.75,0.42,1.16,False
Koshkonong,2026-09-25,Dora,,0,3,L,0.67,2.12,-0.67,-0.88,-1.55,False
Koshkonong,2026-09-28,Thayer,,0,,,-0.05,2.87,,,,False
Koshkonong,2026-10-01,Seymour,,1,3,L,1.19,1.86,-0.19,-1.14,-1.33,False
Koshkonong,2026-10-05,"Viola(Viola, AR)",,,,,,,,,,False
Koshkonong,2026-10-06,Lutie,,,,,2.31,0.75,,,,False
Koshkonong,2026-10-09,Couch,,,,,0.41,2.57,,,,False
Koshkonong,2026-10-10,Plato,,,,,0.51,2.4,,,,False
Koshkonong,2026-10-10,Fordland,,,,,0.36,2.94,,,,False
Koshkonong,2026-10-12,Seymour,,,,,1.19,1.86,,,,False
Koshkonong,2026-10-13,Dora,,,,,0.67,2.12,,,,False
Koshkonong,2026-10-15,Summersville,,,,,-0.05,3.08,,,,False
Koshkonong,2026-10-22,Bakersfield,,,,,0.51,2.36,,,,False
La Monte,2026-08-28,Ballard,,3,0,W,2.18,0.49,0.82,0.49,1.31,False
La Monte,2026-09-01,Christian Fellowship Sr.,,3,0,W,2.51,0.66,0.49,0.66,1.15,False
La Monte,2026-09-02,Bunceton,,3,0,W,4.2,-1.51,-1.2,-1.51,-2.71,False
La Monte,2026-09-03,Russellville,,1,3,L,1.42,1.95,-0.42,-1.05,-1.47,False
La Monte,2026-09-08,Columbia Independent,,1,3,L,2.21,1.31,-1.21,-1.69,-2.9,False
La Monte,2026-09-10,Prairie Home,,3,0,W,3.4,-0.41,-0.4,-0.41,-0.81,False
La Monte,2026-09-11,Kingsville,,3,0,W,2.09,1.03,0.91,1.03,1.94,False
La Monte,2026-09-14,Crest Ridge,,0,3,L,1.27,1.99,-1.27,-1.01,-2.28,False
La Monte,2026-09-15,Windsor,,3,2,W,2.65,0.96,0.35,-1.04,-0.69,False
La Monte,2026-09-17,Sacred Heart,,1,3,L,1.27,1.81,-0.27,-1.19,-1.46,False
La Monte,2026-09-21,Orrick,,3,0,W,3.39,-0.26,-0.39,-0.26,-0.66,False
La Monte,2026-09-22,Northwest (Hughesville),,3,0,W,2.25,0.52,0.75,0.52,1.26,False
La Monte,2026-09-24,Cole Camp,,0,3,L,0.04,2.88,-0.04,-0.12,-0.16,False
La Monte,2026-09-26,Crest Ridge,,1,2,L,1.27,1.99,-0.27,-0.01,-0.28,False
La Monte,2026-09-26,Knob Noster,,0,2,L,0.88,1.88,-0.88,-0.12,-1.0,False
La Monte,2026-09-26,St. Paul Lutheran (Concordia),,1,1,T,1.12,2.11,-0.12,1.11,0.99,False
La Monte,2026-09-26,Northwest (Hughesville),,1,1,T,2.25,0.52,-1.25,-0.48,-1.74,False
La Monte,2026-09-26,Richmond,,2,0,W,2.54,0.43,-0.54,0.43,-0.1,False
La Monte,2026-09-28,Leeton with Chilhowee,,3,0,W,2.94,-0.25,0.06,-0.25,-0.19,False
La Monte,2026-09-29,Green Ridge,,2,3,L,1.59,1.37,0.41,-1.63,-1.22,False
La Monte,2026-10-01,Lincoln,,3,0,W,2.1,1.05,0.9,1.05,1.95,False
La Monte,2026-10-02,Calvary Lutheran,,3,1,W,1.96,1.43,1.04,0.43,1.47,False
La Monte,2026-10-05,Stover,,0,3,L,0.29,2.72,-0.29,-0.28,-0.56,False
La Monte,2026-10-07,Stover,,0,2,L,0.29,2.72,-0.29,0.72,0.44,False
La Monte,2026-10-07,Sacred Heart,,2,0,W,1.27,1.81,0.73,1.81,2.54,False
La Monte,2026-10-07,Northwest (Hughesville),,2,0,W,2.25,0.52,-0.25,0.52,0.26,False
La Monte,2026-10-08,Green Ridge,,2,0,W,1.59,1.37,0.41,1.37,1.78,False
La Monte,2026-10-13,Smithton,,,,,1.46,1.76,,,,False
La Monte,2026-10-14,Sweet Springs,,,,,1.31,2.04,,,,False
La Monte,2026-10-15,Otterville,,,,,1.4,1.6,,,,False
Ladue Horton Watkins,2026-08-28,St. Charles West,,0,2,L,1.55,1.85,-1.55,-0.15,-1.7,False
Ladue Horton Watkins,2026-08-29,Clayton,,2,0,W,1.95,1.69,0.05,1.69,1.74,False
Ladue Horton Watkins,2026-08-29,Lutheran North,,,,,3.18,0.26,,,,False
Ladue Horton Watkins,2026-09-01,Clayton,,3,2,W,1.95,1.69,1.05,-0.31,0.74,False
Ladue Horton Watkins,2026-09-03,Affton,,3,0,W,2.39,1.02,0.61,1.02,1.63,False
Ladue Horton Watkins,2026-09-04,Parkway South,,0,3,L,0.6,2.65,-0.6,-0.35,-0.95,False
Ladue Horton Watkins,2026-09-08,MICDS,,0,3,L,-0.08,3.33,0.08,0.33,0.41,False
Ladue Horton Watkins,2026-09-10,Bayless,,3,1,W,2.62,0.91,0.38,-0.09,0.28,False
Ladue Horton Watkins,2026-09-14,Lutheran St. Charles,,0,3,L,0.82,3.04,-0.82,0.04,-0.78,False
Ladue Horton Watkins,2026-09-15,Lutheran South,,2,3,L,1.04,1.75,0.96,-1.25,-0.29,False
Ladue Horton Watkins,2026-09-17,Kirkwood,,0,3,L,-0.25,3.63,0.25,0.63,0.88,False
Ladue Horton Watkins,2026-09-22,Oakville,,0,3,L,0.12,3.26,-0.12,0.26,0.14,False
Ladue Horton Watkins,2026-09-25,Westminster Christian Academy,,0,3,L,-0.49,3.41,0.49,0.41,0.9,False
Ladue Horton Watkins,2026-09-28,Parkway North,,1,3,L,1.78,1.93,-0.78,-1.07,-1.85,False
Ladue Horton Watkins,2026-09-29,John Burroughs,,0,3,L,0.34,2.89,-0.34,-0.11,-0.44,False
Ladue Horton Watkins,2026-10-01,Rockwood Summit,,0,3,L,-0.17,3.34,0.17,0.34,0.51,False
Ladue Horton Watkins,2026-10-05,Fox,,3,1,W,2.3,1.39,0.7,0.39,1.09,False
Ladue Horton Watkins,2026-10-06,Parkway West,,0,3,L,0.47,2.8,-0.47,-0.2,-0.67,False
Ladue Horton Watkins,2026-10-08,Seckman,,,,,0.17,3.18,,,,False
Ladue Horton Watkins,2026-10-12,Pattonville,,,,,1.83,1.71,,,,False
Ladue Horton Watkins,2026-10-13,Webster Groves,,,,,0.51,2.74,,,,False
Ladue Horton Watkins,2026-10-16,Parkway Central,,,,,0.58,2.52,,,,False
Ladue Horton Watkins,2026-10-20,Francis Howell Central,,,,,0.82,2.8,,,,False
Lafayette (Wildwood),2026-08-27,Pattonville,,2,0,W,4.97,-1.83,-2.97,-1.83,-4.8,False
Lafayette (Wildwood),2026-08-27,Parkway Central,,2,0,W,3.73,-1.02,-1.73,-1.02,-2.75,False
Lafayette (Wildwood),2026-08-31,St. Joseph's Academy,,3,0,W,2.69,0.16,0.31,0.16,0.47,False
Lafayette (Wildwood),2026-09-02,Cor Jesu Academy,,3,2,W,2.75,0.44,0.25,-1.56,-1.31,False
Lafayette (Wildwood),2026-09-04,"Bloomington(Bloomington, IL)",,2,0,W,,,,,,False
Lafayette (Wildwood),2026-09-04,"Washington(Washington, IL)",,2,1,W,,,,,,False
Lafayette (Wildwood),2026-09-05,"Breese Central(Breese, IL)",,2,0,W,,,,,,False
Lafayette (Wildwood),2026-09-05,"Columbia(Columbia, IL)",,2,0,W,,,,,,False
Lafayette (Wildwood),2026-09-05,"Morton(Morton, IL)",,1,2,L,,,,,,False
Lafayette (Wildwood),2026-09-10,Lindbergh,,3,0,W,3.46,0.16,-0.46,0.16,-0.29,False
Lafayette (Wildwood),2026-09-11,Lee's Summit,,2,1,W,2.78,0.53,-0.78,-0.47,-1.25,False
Lafayette (Wildwood),2026-09-11,Ozark,,2,0,W,2.04,0.48,-0.04,0.48,0.44,False
Lafayette (Wildwood),2026-09-12,Kickapoo,,2,1,W,2.22,0.06,-0.22,-0.94,-1.16,False
Lafayette (Wildwood),2026-09-12,Lee's Summit West,,2,0,W,1.45,1.12,0.55,1.12,1.67,False
Lafayette (Wildwood),2026-09-12,Westminster Christian Academy,,2,0,W,2.66,-0.13,-0.66,-0.13,-0.79,False
Lafayette (Wildwood),2026-09-12,"St. Thomas Aquinas(Overland Park, KS)",,1,2,L,,,,,,False
Lafayette (Wildwood),2026-09-15,Francis Howell,,2,0,W,3.8,-0.73,-1.8,-0.73,-2.53,False
Lafayette (Wildwood),2026-09-15,Oakville,,2,0,W,3.27,-0.28,-1.27,-0.28,-1.55,False
Lafayette (Wildwood),2026-09-22,Kirkwood,,3,0,W,2.9,0.09,0.1,0.09,0.19,False
Lafayette (Wildwood),2026-09-23,Parkway West,,3,1,W,3.62,-0.74,-0.62,-1.74,-2.36,False
Lafayette (Wildwood),2026-09-26,Jackson,,2,0,W,1.48,0.94,0.52,0.94,1.46,False
Lafayette (Wildwood),2026-09-26,St. Dominic,,2,1,W,2.24,0.48,-0.24,-0.52,-0.76,False
Lafayette (Wildwood),2026-09-26,Nixa,,1,2,L,2.44,0.15,-1.44,-1.85,-3.29,False
Lafayette (Wildwood),2026-09-30,St. Dominic,,3,1,W,2.24,0.48,0.76,-0.52,0.24,False
Lafayette (Wildwood),2026-10-01,Marquette,,3,1,W,3.26,-0.15,-0.26,-1.15,-1.41,False
Lafayette (Wildwood),2026-10-05,Ft. Zumwalt West,,2,0,W,2.19,0.1,-0.19,0.1,-0.09,False
Lafayette (Wildwood),2026-10-05,St. Louis Christian Sr.,,2,0,W,,,,,,False
Lafayette (Wildwood),2026-10-08,Eureka,,3,0,W,2.13,0.67,0.87,0.67,1.54,False
Lafayette (Wildwood),2026-10-13,Incarnate Word Academy,,,,,2.51,1.02,,,,False
Lafayette (Wildwood),2026-10-15,"Mater Dei(Breese, IL)",,,,,,,,,,False
Lafayette (Wildwood),2026-10-21,TBD,,,,,,,,,,False
Lafayette County,2026-08-27,Wellington-Napoleon,,3,0,W,3.02,-0.36,-0.02,-0.36,-0.38,False
Lafayette County,2026-08-28,Liberty (Mountain View),,0,2,L,0.94,1.68,-0.94,-0.32,-1.25,False
Lafayette County,2026-08-28,Sullivan,,0,2,L,0.12,2.23,-0.12,0.23,0.11,False
Lafayette County,2026-08-29,Adrian,,0,2,L,0.37,2.01,-0.37,0.01,-0.37,False
Lafayette County,2026-08-29,Benton,,0,2,L,0.48,2.11,-0.48,0.11,-0.38,False
Lafayette County,2026-09-01,Lone Jack,,3,1,W,1.32,1.33,1.68,0.33,2.01,False
Lafayette County,2026-09-03,St. Paul Lutheran (Concordia),,3,0,W,2.27,0.6,0.73,0.6,1.33,False
Lafayette County,2026-09-08,Odessa,,0,3,L,0.98,2.25,-0.98,-0.75,-1.73,False
Lafayette County,2026-09-10,Santa Fe,,3,2,W,1.84,0.8,1.16,-1.2,-0.03,False
Lafayette County,2026-09-12,Cameron,,2,0,W,2.45,0.26,-0.45,0.26,-0.19,False
Lafayette County,2026-09-12,Versailles,,1,1,T,1.99,1.0,-0.99,0.0,-0.98,False
Lafayette County,2026-09-12,Marshall,,2,0,W,3.18,-0.5,-1.18,-0.5,-1.68,False
Lafayette County,2026-09-12,Sweet Springs,,2,0,W,2.46,0.53,-0.46,0.53,0.08,False
Lafayette County,2026-09-12,Warrensburg,,2,0,W,1.16,1.47,0.84,1.47,2.31,False
Lafayette County,2026-09-15,Concordia,,3,0,W,2.11,0.79,0.89,0.79,1.68,False
Lafayette County,2026-09-17,Knob Noster,,3,1,W,2.03,0.37,0.97,-0.63,0.34,False
Lafayette County,2026-09-22,Carrollton,,3,0,W,3.21,-0.17,-0.21,-0.17,-0.38,False
Lafayette County,2026-09-24,Richmond,,3,0,W,3.69,-1.08,-0.69,-1.08,-1.76,False
Lafayette County,2026-09-26,Osage,,0,2,L,0.73,2.26,-0.73,0.26,-0.47,False
Lafayette County,2026-09-26,Tipton,,2,0,W,1.88,0.45,0.12,0.45,0.56,False
Lafayette County,2026-09-26,Sacred Heart,,2,0,W,2.42,0.3,-0.42,0.3,-0.12,False
Lafayette County,2026-09-26,Smith-Cotton,,0,2,L,1.45,1.27,-1.45,-0.73,-2.18,False
Lafayette County,2026-09-28,Lexington,,3,0,W,3.37,-0.86,-0.37,-0.86,-1.23,False
Lafayette County,2026-09-29,Holden,,3,0,W,2.84,-0.3,0.16,-0.3,-0.13,False
Lafayette County,2026-10-01,Knob Noster,,3,1,W,2.03,0.37,0.97,-0.63,0.34,False
Lafayette County,2026-10-06,Lexington,,3,0,W,3.37,-0.86,-0.37,-0.86,-1.23,False
Lafayette County,2026-10-08,Carrollton,,3,0,W,3.21,-0.17,-0.21,-0.17,-0.38,False
Lafayette County,2026-10-10,Maryville,,,,,0.84,2.06,,,,False
Lafayette County,2026-10-10,Lawson,,,,,1.73,0.84,,,,False
Lafayette County,2026-10-10,Odessa,,,,,0.98,2.25,,,,False
Lafayette County,2026-10-13,Richmond,,,,,3.69,-1.08,,,,False
Lafayette County,2026-10-15,Holden,,,,,2.84,-0.3,,,,False
Lafayette County,2026-10-21,TBD,,,,,,,,,,False
Lakeland,2026-09-01,Leeton with Chilhowee,,2,0,W,2.67,0.63,-0.67,0.63,-0.04,False
Lakeland,2026-09-01,Northeast Vernon County,,2,0,W,3.52,-0.23,-1.52,-0.23,-1.75,False
Lakeland,2026-09-03,Ballard,,3,1,W,1.9,1.37,1.1,0.37,1.47,False
Lakeland,2026-09-08,Sheldon,,3,1,W,2.66,1.1,0.34,0.1,0.44,False
Lakeland,2026-09-09,Lincoln,,3,1,W,1.83,1.93,1.17,0.93,2.1,False
Lakeland,2026-09-14,Green Ridge,,1,3,L,1.31,2.24,-0.31,-0.76,-1.07,False
Lakeland,2026-09-15,Miami (Amoret),,3,0,W,3.1,0.4,-0.1,0.4,0.29,False
Lakeland,2026-09-17,Midway,,0,3,L,0.8,2.74,-0.8,-0.26,-1.06,False
Lakeland,2026-09-19,Bronaugh,,2,0,W,4.2,-0.85,-2.2,-0.85,-3.05,False
Lakeland,2026-09-19,Green Ridge,,0,2,L,1.31,2.24,-1.31,0.24,-1.07,False
Lakeland,2026-09-19,Orrick,,2,0,W,3.12,0.62,-1.12,0.62,-0.5,False
Lakeland,2026-09-19,Otterville,,0,2,L,1.12,2.48,-1.12,0.48,-0.64,False
Lakeland,2026-09-22,Rich Hill,,3,2,W,2.32,1.22,0.68,-0.78,-0.1,False
Lakeland,2026-09-23,Windsor,,2,3,L,2.37,1.84,-0.37,-1.16,-1.54,False
Lakeland,2026-09-24,Drexel,,1,3,L,1.22,2.48,-0.22,-0.52,-0.75,False
Lakeland,2026-09-28,Liberal,,0,3,L,0.42,3.58,-0.42,0.58,0.16,False
Lakeland,2026-09-30,Hume,,3,0,W,3.05,0.71,-0.05,0.71,0.66,False
Lakeland,2026-10-05,Kingsville,,2,3,L,1.82,1.91,0.18,-1.09,-0.91,False
Lakeland,2026-10-06,Appleton City with Montrose,,3,0,W,2.18,1.43,0.82,1.43,2.25,False
Lakeland,2026-10-08,Jasper,,,,,1.73,2.12,,,,False
Lakeland,2026-10-10,Holden,,,,,1.41,2.09,,,,False
Lakeland,2026-10-10,Northland Christian,,,,,0.22,3.29,,,,False
Lakeland,2026-10-10,Midway,,,,,0.8,2.74,,,,False
Lakeland,2026-10-13,Archie,,,,,0.84,3.09,,,,False
Lakeland,2026-10-15,Osceola,,,,,-0.06,3.73,,,,False
Lakeland,2026-10-20,Lincoln,,,,,1.83,1.93,,,,False
Lamar,2026-09-03,Stockton,,3,0,W,2.23,0.55,0.77,0.55,1.32,False
Lamar,2026-09-05,Clinton,,0,2,L,0.35,2.27,-0.35,0.27,-0.08,False
Lamar,2026-09-05,"Frontenac(Frontenac, KS)",,2,0,W,,,,,,False
Lamar,2026-09-05,Joplin,,1,1,T,1.37,1.11,-0.37,0.11,-0.26,False
Lamar,2026-09-05,Lone Jack,,0,2,L,1.38,1.17,-1.38,-0.83,-2.2,False
Lamar,2026-09-05,Neosho,,2,0,W,2.75,-0.17,-0.75,-0.17,-0.93,False
Lamar,2026-09-07,Diamond,,3,0,W,2.82,-0.05,0.18,-0.05,0.13,False
Lamar,2026-09-10,Liberal,,3,1,W,1.9,1.04,1.1,0.04,1.13,False
Lamar,2026-09-12,Jasper,,2,0,W,3.21,-0.42,-1.21,-0.42,-1.63,False
Lamar,2026-09-12,West Platte,,1,1,T,1.9,1.06,-0.9,0.06,-0.84,False
Lamar,2026-09-12,Diamond,,2,0,W,2.82,-0.05,-0.82,-0.05,-0.87,False
Lamar,2026-09-15,Monett,,3,0,W,2.06,0.52,0.94,0.52,1.46,False
Lamar,2026-09-17,East Newton,,3,0,W,1.49,0.87,1.51,0.87,2.38,False
Lamar,2026-09-21,Miller,,3,1,W,1.85,0.89,1.15,-0.11,1.04,False
Lamar,2026-09-22,McDonald County,,3,0,W,3.16,-1.11,-0.16,-1.11,-1.27,False
Lamar,2026-09-24,Mt. Vernon,,0,3,L,0.85,1.48,-0.85,-1.52,-2.37,False
Lamar,2026-09-29,Cassville,,3,0,W,2.58,0.29,0.42,0.29,0.71,False
Lamar,2026-10-01,Seneca,,3,0,W,3.83,-1.23,-0.83,-1.23,-2.07,False
Lamar,2026-10-03,Carl Junction,,2,0,W,0.77,1.63,1.23,1.63,2.86,False
Lamar,2026-10-03,Glendale,,0,2,L,0.67,1.71,-0.67,-0.29,-0.96,False
Lamar,2026-10-03,Pierce City,,2,0,W,2.32,0.02,-0.32,0.02,-0.29,False
Lamar,2026-10-03,Clever,,1,1,T,1.19,1.44,-0.19,0.44,0.25,False
Lamar,2026-10-03,"Rogers(Rogers, AR)",,0,2,L,,,,,,False
Lamar,2026-10-08,Nevada,,0,3,L,0.46,1.92,-0.46,-1.08,-1.54,False
Lamar,2026-10-13,Aurora,,,,,2.95,0.14,,,,False
Lamar,2026-10-15,Adrian,,,,,0.43,1.85,,,,False
Lamar,2026-10-19,Sarcoxie,,,,,2.54,0.48,,,,False
Lamar,2026-10-22,TBD,,,,,,,,,,False
"Lansing(Lansing, KS)",2026-09-03,St. Pius X (Kansas City),,2,3,L,,,,,,False
"Lansing(Lansing, KS)",2026-09-09,Notre Dame de Sion,,2,1,W,,,,,,False
"Lansing(Lansing, KS)",2026-10-03,Raymore-Peculiar,,2,0,W,,,,,,False
"Lansing(Lansing, KS)",2026-10-03,Benton,,2,0,W,,,,,,False
Laquey,2026-08-29,Bourbon,,0,2,L,-0.25,2.94,0.25,0.94,1.19,False
Laquey,2026-08-29,Plato,,0,2,L,-0.43,3.33,0.43,1.33,1.77,False
Laquey,2026-08-29,St. James,,0,2,L,0.35,2.16,-0.35,0.16,-0.19,False
Laquey,2026-09-01,Steelville,,0,3,L,-0.95,3.97,0.95,0.97,1.92,False
Laquey,2026-09-03,Mansfield,,0,3,L,0.97,2.1,-0.97,-0.9,-1.87,False
Laquey,2026-09-07,Plato,,0,3,L,-0.43,3.33,0.43,0.33,0.77,False
Laquey,2026-09-15,Belle,,0,3,L,-0.48,3.4,0.48,0.4,0.87,False
Laquey,2026-09-17,Niangua,,1,3,L,0.66,2.0,0.34,-1.0,-0.66,False
Laquey,2026-09-22,Eugene,,0,3,L,-0.35,3.54,0.35,0.54,0.89,False
Laquey,2026-09-24,Seymour,,0,3,L,0.24,2.79,-0.24,-0.21,-0.45,False
Laquey,2026-09-28,Conway,,0,3,L,-0.66,3.57,0.66,0.57,1.23,False
Laquey,2026-10-03,Dixon,,0,2,L,0.07,2.61,-0.07,0.61,0.54,False
Laquey,2026-10-03,Plato,,0,2,L,-0.43,3.33,0.43,1.33,1.77,False
Laquey,2026-10-03,Licking,,0,2,L,-1.9,4.3,1.9,2.3,4.2,False
Laquey,2026-10-05,Dixon,,0,3,L,0.07,2.61,-0.07,-0.39,-0.46,False
Laquey,2026-10-08,Houston,,0,3,L,-1.05,4.09,1.05,1.09,2.13,False
Laquey,2026-10-15,Gloria Deo Academy,,,,,0.07,2.52,,,,False
Laquey,2026-10-16,Plato,,,,,-0.43,3.33,,,,False
Laquey,2026-10-20,Christian Fellowship Sr.,,,,,0.06,2.81,,,,False
Lathrop,2026-08-22,Maryville,,0,2,L,-0.47,3.9,0.47,1.9,2.37,False
Lathrop,2026-08-27,Union Star with King City,,3,0,W,2.27,1.22,0.73,1.22,1.95,False
Lathrop,2026-08-29,East Buchanan,,0,2,L,-0.24,3.38,0.24,1.38,1.62,False
Lathrop,2026-08-29,North Platte,,2,0,W,2.09,0.8,-0.09,0.8,0.71,False
Lathrop,2026-08-29,Penney,,2,0,W,3.45,-0.49,-1.45,-0.49,-1.94,False
Lathrop,2026-08-29,Plattsburg,,0,2,L,0.92,2.09,-0.92,0.09,-0.83,False
Lathrop,2026-08-29,Lawson,,0,2,L,0.42,2.68,-0.42,0.68,0.26,False
Lathrop,2026-09-01,Chillicothe,,1,3,L,0.94,2.12,0.06,-0.88,-0.82,False
Lathrop,2026-09-03,Richmond,,3,1,W,2.37,0.76,0.63,-0.24,0.39,False
Lathrop,2026-09-08,Cameron,,3,2,W,1.14,2.09,1.86,0.09,1.96,False
Lathrop,2026-09-10,East Buchanan,,0,3,L,-0.24,3.38,0.24,0.38,0.62,False
Lathrop,2026-09-12,"Chillicothe JV(Chillicothe, MO)",,2,0,W,,,,,,False
Lathrop,2026-09-12,Bishop LeBlond,,0,2,L,0.12,3.38,-0.12,1.38,1.26,False
Lathrop,2026-09-12,St. Joseph Christian,,1,1,T,0.37,2.65,0.63,1.65,2.28,False
Lathrop,2026-09-14,South Harrison,,1,3,L,1.69,1.64,-0.69,-1.36,-2.05,False
Lathrop,2026-09-15,Wellington-Napoleon,,2,3,L,1.71,1.48,0.29,-1.52,-1.23,False
Lathrop,2026-09-17,Mid-Buchanan,,0,3,L,-0.91,3.61,0.91,0.61,1.52,False
Lathrop,2026-09-19,Cameron,,2,0,W,1.14,2.09,0.86,2.09,2.96,False
Lathrop,2026-09-19,South Harrison,,1,1,T,1.69,1.64,-0.69,0.64,-0.05,False
Lathrop,2026-09-19,Mid-Buchanan,,0,2,L,-0.91,3.61,0.91,1.61,2.52,False
Lathrop,2026-09-19,Plattsburg,,0,2,L,0.92,2.09,-0.92,0.09,-0.83,False
Lathrop,2026-09-19,Mound City,,0,2,L,0.11,3.25,-0.11,1.25,1.14,False
Lathrop,2026-09-21,University Academy Charter,,0,3,L,0.72,1.93,-0.72,-1.07,-1.8,False
Lathrop,2026-09-24,North Platte,,3,0,W,2.09,0.8,0.91,0.8,1.71,False
Lathrop,2026-09-28,St. Joseph Christian,,0,3,L,0.37,2.65,-0.37,-0.35,-0.72,False
Lathrop,2026-09-29,Excelsior Springs,,1,3,L,1.6,1.75,-0.6,-1.25,-1.84,False
Lathrop,2026-10-01,West Platte,,0,3,L,0.53,3.05,-0.53,0.05,-0.48,False
Lathrop,2026-10-05,Lone Jack,,0,3,L,0.01,3.16,-0.01,0.16,0.16,False
Lathrop,2026-10-06,Trenton,,3,1,W,2.05,1.22,0.95,0.22,1.16,False
Lathrop,2026-10-08,Plattsburg,,0,3,L,0.92,2.09,-0.92,-0.91,-1.83,False
Lathrop,2026-10-13,Penney,,,,,3.45,-0.49,,,,False
Lathrop,2026-10-15,Lawson,,,,,0.42,2.68,,,,False
Lathrop,2026-10-19,Brookfield,,,,,2.78,0.58,,,,False
Lathrop,2026-10-20,Plattsburg,,,,,0.92,2.09,,,,False
"Lawrence Free State(Lawrence, KS)",2026-09-12,Liberty,,2,0,W,,,,,,False
Lawson,2026-08-29,East Buchanan,,0,2,L,0.74,2.1,-0.74,0.1,-0.64,False
Lawson,2026-08-29,Lathrop,,2,0,W,2.68,0.42,-0.68,0.42,-0.26,False
Lawson,2026-08-29,North Platte,,2,0,W,3.07,-0.47,-1.07,-0.47,-1.54,False
Lawson,2026-08-29,Mid-Buchanan,,0,2,L,0.07,2.34,-0.07,0.34,0.27,False
Lawson,2026-09-01,Bishop LeBlond,,1,3,L,1.1,2.11,-0.1,-0.89,-0.99,False
Lawson,2026-09-03,Cameron,,3,2,W,2.12,0.82,0.88,-1.18,-0.3,False
Lawson,2026-09-08,Stover,,1,2,L,1.11,1.78,-0.11,-0.22,-0.33,False
Lawson,2026-09-08,Santa Fe,,2,0,W,1.5,1.37,0.5,1.37,1.86,False
Lawson,2026-09-10,West Platte,,2,3,L,1.51,1.77,0.49,-1.23,-0.73,False
Lawson,2026-09-17,East Buchanan,,1,3,L,0.74,2.1,0.26,-0.9,-0.64,False
Lawson,2026-09-19,William Chrisman,,1,1,T,1.1,1.39,-0.1,0.39,0.29,False
Lawson,2026-09-19,Warrensburg,,0,2,L,0.83,2.03,-0.83,0.03,-0.8,False
Lawson,2026-09-19,Van Horn,,2,0,W,2.63,0.09,-0.63,0.09,-0.54,False
Lawson,2026-09-19,Raytown,,2,0,W,1.89,0.56,0.11,0.56,0.67,False
Lawson,2026-09-19,Barstow,,2,0,W,1.52,1.29,0.48,1.29,1.78,False
Lawson,2026-09-21,Excelsior Springs,,3,0,W,2.58,0.48,0.42,0.48,0.9,False
Lawson,2026-09-22,Chillicothe,,2,0,W,1.92,0.85,0.08,0.85,0.93,False
Lawson,2026-09-22,Northland Christian,,1,2,L,1.31,1.46,-0.31,-0.54,-0.85,False
Lawson,2026-09-24,Penney,,3,0,W,4.43,-1.76,-1.43,-1.76,-3.19,False
Lawson,2026-09-29,Benton,,0,2,L,0.15,2.67,-0.15,0.67,0.52,False
Lawson,2026-09-29,Warrensburg,,0,2,L,0.83,2.03,-0.83,0.03,-0.8,False
Lawson,2026-10-01,Plattsburg,,3,0,W,1.9,0.82,1.1,0.82,1.92,False
Lawson,2026-10-06,Lincoln College Prep,,1,3,L,1.44,1.79,-0.44,-1.21,-1.65,False
Lawson,2026-10-08,North Platte,,3,0,W,3.07,-0.47,-0.07,-0.47,-0.54,False
Lawson,2026-10-10,Lafayette County,,,,,0.84,1.73,,,,False
Lawson,2026-10-10,Maryville,,,,,0.51,2.62,,,,False
Lawson,2026-10-12,Faith Christian Academy,,,,,1.84,0.61,,,,False
Lawson,2026-10-13,Mid-Buchanan,,,,,0.07,2.34,,,,False
Lawson,2026-10-15,Lathrop,,,,,2.68,0.42,,,,False
Lawson,2026-10-20,Richmond,,,,,3.35,-0.52,,,,False
Lebanon,2026-08-26,Central (Springfield),,3,0,W,2.43,0.03,0.57,0.03,0.6,False
Lebanon,2026-08-29,Bolivar,,2,0,W,2.14,0.47,-0.14,0.47,0.32,False
Lebanon,2026-08-29,Kearney,,2,0,W,1.35,1.12,0.65,1.12,1.78,False
Lebanon,2026-08-29,Springfield Catholic,,1,1,T,1.51,0.97,-0.51,-0.03,-0.54,False
Lebanon,2026-08-29,Mt. Vernon,,1,1,T,1.1,1.5,-0.1,0.5,0.4,False
Lebanon,2026-08-29,Reeds Spring,,1,1,T,2.72,0.67,-1.72,-0.33,-2.06,False
Lebanon,2026-08-29,Rolla,,2,0,W,2.11,0.79,-0.11,0.79,0.67,False
Lebanon,2026-09-01,Camdenton,,3,1,W,2.03,0.62,0.97,-0.38,0.58,False
Lebanon,2026-09-03,Central (Springfield),,3,0,W,2.43,0.03,0.57,0.03,0.6,False
Lebanon,2026-09-10,Joplin,,0,3,L,1.62,1.13,-1.62,-1.87,-3.5,False
Lebanon,2026-09-12,Camdenton,,2,0,W,2.03,0.62,-0.03,0.62,0.58,False
Lebanon,2026-09-12,Carl Junction,,1,1,T,1.02,1.65,-0.02,0.65,0.63,False
Lebanon,2026-09-12,Eldon,,2,0,W,2.5,0.55,-0.5,0.55,0.04,False
Lebanon,2026-09-12,Strafford,,0,2,L,0.68,1.98,-0.68,-0.02,-0.7,False
Lebanon,2026-09-12,Smith-Cotton,,2,0,W,1.75,1.13,0.25,1.13,1.38,False
Lebanon,2026-09-14,Parkview,,3,0,W,3.24,-0.57,-0.24,-0.57,-0.82,False
Lebanon,2026-09-15,Carthage,,1,3,L,0.51,2.19,0.49,-0.81,-0.32,False
Lebanon,2026-09-17,Webb City,,1,3,L,1.48,1.72,-0.48,-1.28,-1.76,False
Lebanon,2026-09-21,Rolla,,3,0,W,2.11,0.79,0.89,0.79,1.67,False
Lebanon,2026-09-22,Republic,,0,3,L,0.72,1.89,-0.72,-1.11,-1.83,False
Lebanon,2026-09-24,Neosho,,3,0,W,3.0,-0.15,-0.0,-0.15,-0.16,False
Lebanon,2026-09-28,Eldon,,3,0,W,2.5,0.55,0.5,0.55,1.04,False
Lebanon,2026-09-29,Willard,,3,2,W,1.33,1.72,1.67,-0.28,1.39,False
Lebanon,2026-10-01,Kickapoo,,0,3,L,-0.32,2.62,0.32,-0.38,-0.05,False
Lebanon,2026-10-06,Waynesville,,3,0,W,2.71,-0.33,0.29,-0.33,-0.04,False
Lebanon,2026-10-08,Nixa,,0,3,L,-0.11,2.71,0.11,-0.29,-0.18,False
Lebanon,2026-10-10,Hermann,,,,,2.11,0.55,,,,False
Lebanon,2026-10-13,Ozark,,,,,-0.51,3.04,,,,False
Lebanon,2026-10-15,Glendale,,,,,0.92,1.73,,,,False
Lebanon,2026-10-20,Capital City,,,,,1.71,1.37,,,,False
Lee's Summit,2026-09-01,Lee's Summit North,,1,3,L,1.13,2.29,-0.13,-0.71,-0.84,False
Lee's Summit,2026-09-03,Raymore-Peculiar,,3,1,W,2.04,2.11,0.96,1.11,2.07,False
Lee's Summit,2026-09-04,"Omaha Westside(Omaha, NE)",,0,3,L,,,,,,False
Lee's Summit,2026-09-08,Blue Springs,,3,0,W,1.88,1.52,1.12,1.52,2.64,False
Lee's Summit,2026-09-10,Lee's Summit West,,0,3,L,0.65,2.58,-0.65,-0.42,-1.08,False
Lee's Summit,2026-09-11,Lafayette (Wildwood),,1,2,L,0.53,2.78,0.47,0.78,1.25,False
Lee's Summit,2026-09-11,Ozark,,2,1,W,1.24,1.93,0.76,0.93,1.69,False
Lee's Summit,2026-09-12,Francis Howell Central,,2,0,W,3.17,0.72,-1.17,0.72,-0.45,False
Lee's Summit,2026-09-12,Lutheran St. Charles,,2,1,W,3.17,0.96,-1.17,-0.04,-1.22,False
Lee's Summit,2026-09-12,Rockwood Summit,,2,1,W,2.18,1.26,-0.18,0.26,0.07,False
Lee's Summit,2026-09-15,Staley,,3,0,W,2.32,0.97,0.68,0.97,1.65,False
Lee's Summit,2026-09-17,Blue Springs South,,1,3,L,2.02,1.73,-1.02,-1.27,-2.3,False
Lee's Summit,2026-09-21,St. Michael the Archangel,,1,3,L,1.5,1.93,-0.5,-1.07,-1.58,False
Lee's Summit,2026-09-22,Liberty North,,3,1,W,2.24,1.91,0.76,0.91,1.66,False
Lee's Summit,2026-09-24,Raymore-Peculiar,,3,2,W,2.04,2.11,0.96,0.11,1.07,False
Lee's Summit,2026-10-01,Blue Springs,,1,3,L,1.88,1.52,-0.88,-1.48,-2.36,False
Lee's Summit,2026-10-05,Liberty,,1,3,L,2.45,1.69,-1.45,-1.31,-2.76,False
Lee's Summit,2026-10-06,Lee's Summit West,,0,3,L,0.65,2.58,-0.65,-0.42,-1.08,False
Lee's Summit,2026-10-08,Liberty North,,,,,2.24,1.91,,,,False
Lee's Summit,2026-10-13,Staley,,,,,2.32,0.97,,,,False
Lee's Summit,2026-10-15,Blue Springs South,,,,,2.02,1.73,,,,False
Lee's Summit North,2026-09-01,Lee's Summit,,3,1,W,2.29,1.13,0.71,0.13,0.84,False
Lee's Summit North,2026-09-02,North Kansas City,,3,0,W,3.06,-0.02,-0.06,-0.02,-0.08,False
Lee's Summit North,2026-09-04,"Millard South HS(Omaha, NE)",,3,2,W,,,,,,False
Lee's Summit North,2026-09-08,Central (St. Joseph),,3,0,W,3.67,-1.07,-0.67,-1.07,-1.74,False
Lee's Summit North,2026-09-10,Park Hill,,3,0,W,2.43,1.16,0.57,1.16,1.72,False
Lee's Summit North,2026-09-11,Cor Jesu Academy,,1,2,L,2.25,1.04,-1.25,-0.96,-2.21,False
Lee's Summit North,2026-09-11,"St Louis Panthers(ST. Louis, MO)",,2,0,W,,,,,,False
Lee's Summit North,2026-09-12,Eureka,,0,2,L,1.63,1.27,-1.63,-0.73,-2.36,False
Lee's Summit North,2026-09-12,St. Francis Borgia,,2,0,W,2.01,0.64,-0.01,0.64,0.63,False
Lee's Summit North,2026-09-12,Oakville,,2,0,W,2.77,0.32,-0.77,0.32,-0.45,False
Lee's Summit North,2026-09-15,Liberty,,3,0,W,2.75,0.83,0.25,0.83,1.08,False
Lee's Summit North,2026-09-17,Oak Park,,3,0,W,3.7,-0.72,-0.7,-0.72,-1.42,False
Lee's Summit North,2026-09-19,"Blue Valley North(Overland Park, KS)",,2,1,W,,,,,,False
Lee's Summit North,2026-09-19,St. Teresa's Academy,,2,0,W,1.63,1.16,0.37,1.16,1.53,False
Lee's Summit North,2026-09-19,Lee's Summit West,,2,0,W,0.95,1.72,1.05,1.72,2.77,False
Lee's Summit North,2026-09-19,"Maize South HS(Wichita , KS)",,2,1,W,,,,,,False
Lee's Summit North,2026-09-19,"St. Thomas Aquinas(Overland Park, KS)",,2,1,W,,,,,,False
Lee's Summit North,2026-09-21,Lee's Summit West,,1,3,L,0.95,1.72,0.05,-1.28,-1.23,False
Lee's Summit North,2026-09-22,Park Hill South,,3,1,W,2.69,0.3,0.31,-0.7,-0.38,False
Lee's Summit North,2026-09-23,North Kansas City,,3,0,W,3.06,-0.02,-0.06,-0.02,-0.08,False
Lee's Summit North,2026-09-29,Central (St. Joseph),,3,0,W,3.67,-1.07,-0.67,-1.07,-1.74,False
Lee's Summit North,2026-10-01,Park Hill,,3,2,W,2.43,1.16,0.57,-0.84,-0.28,False
Lee's Summit North,2026-10-03,Blue Springs,,2,1,W,2.18,0.66,-0.18,-0.34,-0.52,False
Lee's Summit North,2026-10-03,Kickapoo,,1,2,L,1.72,0.66,-0.72,-1.34,-2.07,False
Lee's Summit North,2026-10-03,Ozark,,2,1,W,1.54,1.07,0.46,0.07,0.53,False
Lee's Summit North,2026-10-03,St. Teresa's Academy,,2,1,W,1.63,1.16,0.37,0.16,0.53,False
Lee's Summit North,2026-10-05,Blue Springs South,,2,0,W,2.32,0.87,-0.32,0.87,0.55,False
Lee's Summit North,2026-10-05,Grain Valley,,2,0,W,3.08,-0.03,-1.08,-0.03,-1.11,False
Lee's Summit North,2026-10-05,Pembroke Hill,,2,0,W,2.37,0.08,-0.37,0.08,-0.29,False
Lee's Summit North,2026-10-06,Liberty,,3,2,W,2.75,0.83,0.25,-1.17,-0.92,False
Lee's Summit North,2026-10-08,Raymore-Peculiar,,3,1,W,2.34,1.25,0.66,0.25,0.91,False
Lee's Summit North,2026-10-13,Oak Park,,,,,3.7,-0.72,,,,False
Lee's Summit North,2026-10-15,Park Hill South,,,,,2.69,0.3,,,,False
Lee's Summit North,2026-10-20,Truman,,,,,4.28,-1.73,,,,False
Lee's Summit West,2026-08-27,Grain Valley,,3,0,W,3.37,-0.5,-0.37,-0.5,-0.87,False
Lee's Summit West,2026-08-29,"Blue Valley West(Lenexa, KS)",,2,1,W,,,,,,False
Lee's Summit West,2026-09-01,Raymore-Peculiar,,3,0,W,2.63,0.77,0.37,0.77,1.14,False
Lee's Summit West,2026-09-03,Liberty North,,3,0,W,2.83,0.57,0.17,0.57,0.74,False
Lee's Summit West,2026-09-08,St. Michael the Archangel,,3,1,W,2.09,0.59,0.91,-0.41,0.5,False
Lee's Summit West,2026-09-10,Lee's Summit,,3,0,W,2.58,0.65,0.42,0.65,1.08,False
Lee's Summit West,2026-09-12,Jackson,,1,2,L,1.27,1.07,-0.27,-0.93,-1.21,False
Lee's Summit West,2026-09-12,Lafayette (Wildwood),,0,2,L,1.12,1.45,-1.12,-0.55,-1.67,False
Lee's Summit West,2026-09-12,Cor Jesu Academy,,2,0,W,2.54,0.56,-0.54,0.56,0.02,False
Lee's Summit West,2026-09-12,Westminster Christian Academy,,2,0,W,2.45,-0.01,-0.45,-0.01,-0.46,False
Lee's Summit West,2026-09-15,Blue Springs,,3,0,W,2.47,0.19,0.53,0.19,0.72,False
Lee's Summit West,2026-09-17,Staley,,3,0,W,2.91,-0.36,0.09,-0.36,-0.27,False
Lee's Summit West,2026-09-19,"Blue Valley Southwest(Overland Park, KS)",,2,0,W,,,,,,False
Lee's Summit West,2026-09-19,Eureka,,2,1,W,1.92,0.79,0.08,-0.21,-0.13,False
Lee's Summit West,2026-09-19,Lee's Summit North,,0,2,L,1.72,0.95,-1.72,-1.05,-2.77,False
Lee's Summit West,2026-09-19,Park Hill South,,2,0,W,2.98,-0.17,-0.98,-0.17,-1.15,False
Lee's Summit West,2026-09-21,Lee's Summit North,,3,1,W,1.72,0.95,1.28,-0.05,1.23,False
Lee's Summit West,2026-09-22,Blue Springs South,,3,0,W,2.61,0.39,0.39,0.39,0.78,False
Lee's Summit West,2026-09-24,Liberty North,,3,1,W,2.83,0.57,0.17,-0.43,-0.26,False
Lee's Summit West,2026-09-29,Raymore-Peculiar,,3,0,W,2.63,0.77,0.37,0.77,1.14,False
Lee's Summit West,2026-10-01,St. Teresa's Academy,,3,0,W,1.92,0.68,1.08,0.68,1.76,False
Lee's Summit West,2026-10-03,"Blue Valley North(Overland Park, KS)",,2,0,W,,,,,,False
Lee's Summit West,2026-10-03,Kickapoo,,2,0,W,2.01,0.18,-0.01,0.18,0.16,False
Lee's Summit West,2026-10-03,Liberty,,2,0,W,3.04,0.35,-1.04,0.35,-0.68,False
Lee's Summit West,2026-10-03,Ozark,,2,0,W,1.83,0.6,0.17,0.6,0.77,False
Lee's Summit West,2026-10-05,Park Hill,,3,0,W,2.72,0.68,0.28,0.68,0.96,False
Lee's Summit West,2026-10-06,Lee's Summit,,3,0,W,2.58,0.65,0.42,0.65,1.08,False
Lee's Summit West,2026-10-08,Blue Springs South,,3,0,W,2.61,0.39,0.39,0.39,0.78,False
Lee's Summit West,2026-10-13,Blue Springs,,,,,2.47,0.19,,,,False
Lee's Summit West,2026-10-15,Staley,,,,,2.91,-0.36,,,,False
Leeton with Chilhowee,2026-08-31,Lincoln,,0,3,L,0.33,2.46,-0.33,-0.54,-0.86,False
Leeton with Chilhowee,2026-09-01,Lakeland,,0,2,L,0.63,2.67,-0.63,0.67,0.04,False
Leeton with Chilhowee,2026-09-01,Northeast Vernon County,,2,0,W,2.01,0.3,-0.01,0.3,0.29,False
Leeton with Chilhowee,2026-09-02,Windsor,,0,3,L,0.87,2.37,-0.87,-0.63,-1.5,False
Leeton with Chilhowee,2026-09-08,Appleton City with Montrose,,0,3,L,0.68,1.96,-0.68,-1.04,-1.72,False
Leeton with Chilhowee,2026-09-09,Smithton,,0,3,L,-0.32,3.17,0.32,0.17,0.49,False
Leeton with Chilhowee,2026-09-14,Midway,,0,3,L,-0.7,3.28,0.7,0.28,0.98,False
Leeton with Chilhowee,2026-09-15,Drexel,,0,3,L,-0.28,3.01,0.28,0.01,0.29,False
Leeton with Chilhowee,2026-09-17,Ballard,,0,3,L,0.4,1.9,-0.4,-1.1,-1.5,False
Leeton with Chilhowee,2026-09-19,Ballard,,0,2,L,0.4,1.9,-0.4,-0.1,-0.5,False
Leeton with Chilhowee,2026-09-19,Green Ridge,,0,2,L,-0.19,2.78,0.19,0.78,0.97,False
Leeton with Chilhowee,2026-09-19,Kingsville,,0,2,L,0.32,2.44,-0.32,0.44,0.13,False
Leeton with Chilhowee,2026-09-19,Orrick,,2,1,W,1.62,1.15,0.38,0.15,0.53,False
Leeton with Chilhowee,2026-09-21,Green Ridge,,0,2,L,-0.19,2.78,0.19,0.78,0.97,False
Leeton with Chilhowee,2026-09-21,Kingsville,,0,2,L,0.32,2.44,-0.32,0.44,0.13,False
Leeton with Chilhowee,2026-09-24,Orrick,,3,1,W,1.62,1.15,1.38,0.15,1.53,False
Leeton with Chilhowee,2026-09-25,Prairie Home,,3,0,W,1.62,1.0,1.38,1.0,2.38,False
Leeton with Chilhowee,2026-09-28,La Monte,,0,3,L,-0.25,2.94,0.25,-0.06,0.19,False
Leeton with Chilhowee,2026-09-30,Crest Ridge,,0,3,L,-0.5,3.4,0.5,0.4,0.91,False
Leeton with Chilhowee,2026-10-02,Otterville,,0,3,L,-0.38,3.02,0.38,0.02,0.39,False
Leeton with Chilhowee,2026-10-03,Miami (Amoret),,1,1,T,1.6,0.93,-0.6,-0.07,-0.67,False
Leeton with Chilhowee,2026-10-03,Crossroads Prep Charter,,1,1,T,1.06,1.46,-0.06,0.46,0.4,False
Leeton with Chilhowee,2026-10-03,Rich Hill,,0,2,L,0.81,1.75,-0.81,-0.25,-1.06,False
Leeton with Chilhowee,2026-10-03,Sheldon,,1,2,L,1.16,1.64,-0.16,-0.36,-0.52,False
Leeton with Chilhowee,2026-10-08,Sherwood,,0,3,L,0.39,2.09,-0.39,-0.91,-1.29,False
Leeton with Chilhowee,2026-10-13,Miami (Amoret),,,,,1.6,0.93,,,,False
Leeton with Chilhowee,2026-10-14,Kingsville,,,,,0.32,2.44,,,,False
Leeton with Chilhowee,2026-10-20,Green Ridge,,,,,-0.19,2.78,,,,False
Leopold,2026-08-28,Bloomfield,,3,0,W,4.51,-1.4,-1.51,-1.4,-2.91,False
Leopold,2026-08-31,Zalma,,3,0,W,5.13,-2.02,-2.13,-2.02,-4.15,False
Leopold,2026-09-01,Bell City,,3,2,W,2.61,0.91,0.39,-1.09,-0.7,False
Leopold,2026-09-04,Perryville,,1,3,L,1.97,1.26,-0.97,-1.74,-2.71,False
Leopold,2026-09-08,Perryville,,2,3,L,1.97,1.26,0.03,-1.74,-1.71,False
Leopold,2026-09-11,Central (Cape Girardeau),,2,0,W,2.74,0.08,-0.74,0.08,-0.66,False
Leopold,2026-09-11,St. Vincent,,2,0,W,2.85,0.31,-0.85,0.31,-0.53,False
Leopold,2026-09-12,Bismarck,,2,0,W,2.48,0.96,-0.48,0.96,0.48,False
Leopold,2026-09-12,Hillsboro,,1,2,L,1.64,1.63,-0.64,-0.37,-1.01,False
Leopold,2026-09-12,Winona,,1,1,T,1.9,1.39,-0.9,0.39,-0.51,False
Leopold,2026-09-14,Oran,,3,0,W,4.44,-1.49,-1.44,-1.49,-2.93,False
Leopold,2026-09-17,Advance,,3,2,W,2.66,1.09,0.34,-0.91,-0.56,False
Leopold,2026-09-18,Puxico,,3,0,W,2.73,0.45,0.27,0.45,0.72,False
Leopold,2026-09-19,Bowling Green,,1,1,T,4.01,-0.67,-3.01,-1.67,-4.68,False
Leopold,2026-09-19,New Haven,,0,2,L,3.57,-0.7,-3.57,-2.7,-6.27,False
Leopold,2026-09-21,Meadow Heights,,3,0,W,2.92,0.28,0.08,0.28,0.37,False
Leopold,2026-09-22,Bell City,,3,0,W,2.61,0.91,0.39,0.91,1.3,False
Leopold,2026-09-24,Zalma,,3,0,W,5.13,-2.02,-2.13,-2.02,-4.15,False
Leopold,2026-09-26,Bismarck,,3,1,W,2.48,0.96,0.52,-0.04,0.48,False
Leopold,2026-09-26,Ellington,,3,1,W,2.56,0.27,0.44,-0.73,-0.3,False
Leopold,2026-09-28,Scott City,,3,0,W,2.74,0.5,0.26,0.5,0.75,False
Leopold,2026-09-30,St. Paul Lutheran (Farmington),,3,0,W,3.07,-0.12,-0.07,-0.12,-0.19,False
Leopold,2026-10-02,Notre Dame (Cape Girardeau),,3,2,W,1.83,1.2,1.17,-0.8,0.37,False
Leopold,2026-10-03,Arcadia Valley,,2,0,W,2.39,0.62,-0.39,0.62,0.24,False
Leopold,2026-10-03,Fredericktown,,2,0,W,2.54,1.0,-0.54,1.0,0.46,False
Leopold,2026-10-03,Perryville,,2,0,W,1.97,1.26,0.03,1.26,1.29,False
Leopold,2026-10-03,St. Vincent,,2,0,W,2.85,0.31,-0.85,0.31,-0.53,False
Leopold,2026-10-03,Potosi,,1,1,T,0.46,2.48,0.54,1.48,2.03,False
Leopold,2026-10-05,Saxony Lutheran,,3,0,W,1.43,1.73,1.57,1.73,3.3,False
Leopold,2026-10-06,Woodland,,3,1,W,2.1,1.21,0.9,0.21,1.11,False
Leopold,2026-10-12,Oak Ridge,,,,,2.28,1.06,,,,False
Leopold,2026-10-14,St. Vincent,,,,,2.85,0.31,,,,False
Leopold,2026-10-16,Winona,,,,,1.9,1.39,,,,False
Leopold,2026-10-26,TBD,,,,,,,,,,False
Lesterville,2026-08-27,Viburnum,,3,0,W,2.44,0.2,0.56,0.2,0.76,False
Lesterville,2026-08-28,West County,,3,1,W,1.9,1.18,1.1,0.18,1.28,False
Lesterville,2026-09-01,Valley,,3,1,W,1.72,1.07,1.28,0.07,1.35,False
Lesterville,2026-09-03,Arcadia Valley,,3,2,W,0.46,2.34,2.54,0.34,2.88,False
Lesterville,2026-09-08,Ellington,,1,3,L,0.64,1.99,0.36,-1.01,-0.65,False
Lesterville,2026-09-11,Bloomfield,,1,1,T,2.59,0.32,-1.59,-0.68,-2.27,False
Lesterville,2026-09-11,Viburnum,,2,0,W,2.44,0.2,-0.44,0.2,-0.24,False
Lesterville,2026-09-12,Eminence,,0,2,L,1.0,1.91,-1.0,-0.09,-1.08,False
Lesterville,2026-09-12,Grandview (Hillsboro),,2,0,W,2.58,0.14,-0.58,0.14,-0.44,False
Lesterville,2026-09-12,New Haven,,1,1,T,1.65,1.02,-0.65,0.02,-0.63,False
Lesterville,2026-09-14,North County,,0,3,L,1.13,2.48,-1.13,-0.52,-1.65,False
Lesterville,2026-09-15,Meadow Heights,,0,3,L,0.99,2.0,-0.99,-1.0,-1.99,False
Lesterville,2026-09-17,Summersville,,0,3,L,1.69,1.57,-1.69,-1.43,-3.12,False
Lesterville,2026-09-21,Bunker,,2,3,L,2.3,1.2,-0.3,-1.8,-2.11,False
Lesterville,2026-09-24,South Iron,,2,0,W,2.17,0.93,-0.17,0.93,0.76,False
Lesterville,2026-09-25,Ellington,,0,3,L,0.64,1.99,-0.64,-1.01,-1.65,False
Lesterville,2026-09-28,Winona,,0,3,L,-0.03,3.1,0.03,0.1,0.13,False
Lesterville,2026-10-01,South Iron,,3,0,W,2.17,0.93,0.83,0.93,1.76,False
Lesterville,2026-10-03,Bradleyville,,2,0,W,3.99,-0.58,-1.99,-0.58,-2.56,False
Lesterville,2026-10-03,Dora,,2,0,W,2.41,0.61,-0.41,0.61,0.2,False
Lesterville,2026-10-03,Houston,,2,0,W,1.64,1.65,0.36,1.65,2.01,False
Lesterville,2026-10-03,Ellington,,0,2,L,0.64,1.99,-0.64,-0.01,-0.65,False
Lesterville,2026-10-03,Salem,,2,1,W,1.1,2.03,0.9,1.03,1.93,False
Lesterville,2026-10-05,Houston,,3,1,W,1.64,1.65,1.36,0.65,2.01,False
Lesterville,2026-10-08,Clearwater,,3,0,W,2.37,0.27,0.63,0.27,0.91,False
Lesterville,2026-10-09,Doniphan,,,,,1.99,1.15,,,,False
Lesterville,2026-10-13,Eminence,,,,,1.0,1.91,,,,False
Lesterville,2026-10-17,Marion C. Early,,,,,4.53,-0.89,,,,False
Lesterville,2026-10-19,Bismarck,,,,,0.55,2.67,,,,False
Lexington,2026-08-25,Sweet Springs,,,,,0.43,2.74,,,,False
Lexington,2026-08-31,Carrollton,,1,3,L,1.19,2.03,-0.19,-0.97,-1.15,False
Lexington,2026-09-01,Wellington-Napoleon,,3,1,W,0.99,1.84,2.01,0.84,2.85,False
Lexington,2026-09-03,Sweet Springs,,2,3,L,0.43,2.74,1.57,-0.26,1.31,False
Lexington,2026-09-08,Lone Jack,,0,3,L,-0.7,3.53,0.7,0.53,1.24,False
Lexington,2026-09-09,Penney,,3,0,W,2.74,-0.12,0.26,-0.12,0.14,False
Lexington,2026-09-10,St. Paul Lutheran (Concordia),,0,3,L,0.24,2.8,-0.24,-0.2,-0.44,False
Lexington,2026-09-12,Holden,,0,2,L,0.81,1.91,-0.81,-0.09,-0.9,False
Lexington,2026-09-12,Wellington-Napoleon,,0,2,L,0.99,1.84,-0.99,-0.16,-1.15,False
Lexington,2026-09-12,Sherwood,,2,1,W,1.29,1.38,0.71,0.38,1.09,False
Lexington,2026-09-12,Stover,,0,2,L,-0.59,3.42,0.59,1.42,2.01,False
Lexington,2026-09-14,Concordia,,0,3,L,0.08,2.99,-0.08,-0.01,-0.09,False
Lexington,2026-09-17,Excelsior Springs,,0,3,L,0.88,2.12,-0.88,-0.88,-1.76,False
Lexington,2026-09-22,Harrisonville,,0,3,L,-0.82,3.95,0.82,0.95,1.77,False
Lexington,2026-09-23,Richmond,,3,0,W,1.66,1.13,1.34,1.13,2.47,False
Lexington,2026-09-24,Holden,,0,3,L,0.81,1.91,-0.81,-1.09,-1.9,False
Lexington,2026-09-26,Crest Ridge,,0,2,L,0.4,2.68,-0.4,0.68,0.29,False
Lexington,2026-09-26,Knob Noster,,0,2,L,0.0,2.58,-0.0,0.58,0.57,False
Lexington,2026-09-26,Lincoln,,0,2,L,1.23,1.74,-1.23,-0.26,-1.48,False
Lexington,2026-09-28,Lafayette County,,0,3,L,-0.86,3.37,0.86,0.37,1.23,False
Lexington,2026-09-29,Knob Noster,,0,3,L,0.0,2.58,-0.0,-0.42,-0.43,False
Lexington,2026-10-01,Carrollton,,0,3,L,1.19,2.03,-1.19,-0.97,-2.15,False
Lexington,2026-10-03,Adrian,,0,2,L,-1.65,4.21,1.65,2.21,3.86,False
Lexington,2026-10-03,Clinton,,0,2,L,-1.73,4.63,1.73,2.63,4.36,False
Lexington,2026-10-03,Santa Fe,,0,2,L,-0.19,3.01,0.19,1.01,1.2,False
Lexington,2026-10-03,Pleasant Hill,,0,2,L,-1.49,4.56,1.49,2.56,4.06,False
Lexington,2026-10-06,Lafayette County,,0,3,L,-0.86,3.37,0.86,0.37,1.23,False
Lexington,2026-10-08,Richmond,,,,,1.66,1.13,,,,False
Lexington,2026-10-12,Trenton,,,,,1.34,1.58,,,,False
Lexington,2026-10-13,Holden,,,,,0.81,1.91,,,,False
Lexington,2026-10-15,Knob Noster,,,,,0.0,2.58,,,,False
Lexington,2026-10-20,Cristo Rey,,,,,2.04,0.51,,,,False
Liberal,2026-08-29,"Central Heights(Richmond, KS)",,2,0,W,,,,,,False
Liberal,2026-08-29,"Fort Scott Christian Heights(Fort Scott, KS)",,2,1,W,,,,,,False
Liberal,2026-08-29,"Pleasanton(Pleasanton, KS)",,2,0,W,,,,,,False
Liberal,2026-08-29,"Uniontown(Uniontown, KS)",,2,0,W,,,,,,False
Liberal,2026-08-31,Neosho,,3,0,W,2.72,0.65,0.28,0.65,0.94,False
Liberal,2026-09-01,"Baxter Springs , Baxter Springs, KS",,1,2,L,,,,,,False
Liberal,2026-09-01,"Oswego , Oswego, KS",,2,1,W,,,,,,False
Liberal,2026-09-08,"Galena , Galena, KS",,0,2,L,,,,,,False
Liberal,2026-09-08,"Columbus , Columbus, KS",,2,0,W,,,,,,False
Liberal,2026-09-10,Lamar,,1,3,L,1.04,1.9,-0.04,-1.1,-1.13,False
Liberal,2026-09-14,Osceola,,2,3,L,1.38,2.02,0.62,-0.98,-0.36,False
Liberal,2026-09-15,El Dorado Springs,,3,0,W,3.21,0.32,-0.21,0.32,0.11,False
Liberal,2026-09-17,McAuley Catholic,,3,0,W,3.89,-0.26,-0.89,-0.26,-1.15,False
Liberal,2026-09-21,New Heights Christian,,3,0,W,2.29,0.87,0.71,0.87,1.57,False
Liberal,2026-09-22,Butler,,0,3,L,1.03,2.39,-1.03,-0.61,-1.64,False
Liberal,2026-09-24,Archie,,3,1,W,2.28,1.38,0.72,0.38,1.09,False
Liberal,2026-09-26,"Gentry(Gentry, AR)",,2,0,W,,,,,,False
Liberal,2026-09-26,"Huntsville(Huntsville, AR)",,2,1,W,,,,,,False
Liberal,2026-09-26,New Heights Christian,,2,0,W,2.29,0.87,-0.29,0.87,0.57,False
Liberal,2026-09-26,Neosho,,1,1,T,2.72,0.65,-1.72,-0.35,-2.06,False
Liberal,2026-09-26,"Riverton(Riverton, KS)",,0,2,L,,,,,,False
Liberal,2026-09-26,"Springdale East(Springdale , AR)",,1,1,T,,,,,,False
Liberal,2026-09-28,Lakeland,,3,0,W,3.58,0.42,-0.58,0.42,-0.16,False
Liberal,2026-10-01,Rich Hill,,3,0,W,3.76,-0.5,-0.76,-0.5,-1.26,False
Liberal,2026-10-05,Greenfield,,3,0,W,2.72,0.93,0.28,0.93,1.21,False
Liberal,2026-10-06,Drexel,,3,0,W,2.67,0.76,0.33,0.76,1.1,False
Liberal,2026-10-08,Appleton City with Montrose,,3,0,W,3.62,-0.29,-0.62,-0.29,-0.91,False
Liberal,2026-10-12,Thomas Jefferson Independent Day,,,,,2.23,0.65,,,,False
Liberal,2026-10-13,Midway,,,,,2.25,1.03,,,,False
Liberal,2026-10-15,Jasper,,,,,3.17,0.41,,,,False
Liberty,2026-08-27,St. Pius X (Kansas City),,2,3,L,1.62,2.06,0.38,-0.94,-0.56,False
Liberty,2026-08-29,Kickapoo,,0,2,L,1.13,1.98,-1.13,-0.02,-1.15,False
Liberty,2026-08-29,Nixa,,0,2,L,1.35,2.07,-1.35,0.07,-1.28,False
Liberty,2026-09-01,Central (St. Joseph),,3,2,W,3.07,0.25,-0.07,-1.75,-1.82,False
Liberty,2026-09-03,Park Hill,,1,3,L,1.84,2.48,-0.84,-0.52,-1.36,False
Liberty,2026-09-08,Park Hill South,,3,2,W,2.09,1.63,0.91,-0.37,0.54,False
Liberty,2026-09-10,Oak Park,,3,0,W,3.1,0.6,-0.1,0.6,0.5,False
Liberty,2026-09-12,"Blue Valley North(Overland Park, KS)",,1,2,L,,,,,,False
Liberty,2026-09-12,"Blue Valley Northwest(Overland Park, KS)",,0,2,L,,,,,,False
Liberty,2026-09-12,"Lawrence Free State(Lawrence, KS)",,0,2,L,,,,,,False
Liberty,2026-09-12,"Mill Valley(Shawnee , KS)",,0,2,L,,,,,,False
Liberty,2026-09-12,"Olathe South(Olathe, KS)",,0,2,L,,,,,,False
Liberty,2026-09-15,Lee's Summit North,,0,3,L,0.83,2.75,-0.83,-0.25,-1.08,False
Liberty,2026-09-17,Liberty North,,3,2,W,1.94,2.37,1.06,0.37,1.42,False
Liberty,2026-09-21,Blue Springs,,1,3,L,1.58,1.99,-0.58,-1.01,-1.6,False
Liberty,2026-09-22,North Kansas City,,1,3,L,2.46,1.3,-1.46,-1.7,-3.16,False
Liberty,2026-09-24,Park Hill,,2,3,L,1.84,2.48,0.16,-0.52,-0.36,False
Liberty,2026-09-29,Park Hill South,,3,1,W,2.09,1.63,0.91,0.63,1.54,False
Liberty,2026-10-01,Oak Park,,3,1,W,3.1,0.6,-0.1,-0.4,-0.5,False
Liberty,2026-10-02,St. Pius X (Festus),,2,0,W,2.43,1.02,-0.43,1.02,0.59,False
Liberty,2026-10-03,Lee's Summit West,,0,2,L,0.35,3.04,-0.35,1.04,0.68,False
Liberty,2026-10-03,Staley,,2,1,W,2.02,1.43,-0.02,0.43,0.41,False
Liberty,2026-10-03,Pembroke Hill,,2,0,W,1.78,1.41,0.22,1.41,1.63,False
Liberty,2026-10-03,Ozark,,1,2,L,0.94,2.4,0.06,0.4,0.45,False
Liberty,2026-10-05,Lee's Summit,,3,1,W,1.69,2.45,1.31,1.45,2.76,False
Liberty,2026-10-06,Lee's Summit North,,2,3,L,0.83,2.75,1.17,-0.25,0.92,False
Liberty,2026-10-08,Central (St. Joseph),,3,1,W,3.07,0.25,-0.07,-0.75,-0.82,False
Liberty,2026-10-13,Blue Springs South,,,,,1.72,2.19,,,,False
Liberty,2026-10-15,North Kansas City,,,,,2.46,1.3,,,,False
Liberty (Mountain View),2026-08-28,Benton,,1,2,L,1.0,1.87,0.0,-0.13,-0.12,False
Liberty (Mountain View),2026-08-28,Lafayette County,,2,0,W,1.68,0.94,0.32,0.94,1.25,False
Liberty (Mountain View),2026-08-29,Adrian,,1,2,L,0.89,1.77,0.11,-0.23,-0.11,False
Liberty (Mountain View),2026-08-29,Sullivan,,0,2,L,0.63,2.0,-0.63,-0.0,-0.63,False
Liberty (Mountain View),2026-09-01,Licking,,3,1,W,2.21,0.4,0.79,-0.6,0.19,False
Liberty (Mountain View),2026-09-08,Strafford,,0,3,L,0.88,1.88,-0.88,-1.12,-2.01,False
Liberty (Mountain View),2026-09-10,Eminence,,3,0,W,2.42,0.46,0.58,0.46,1.03,False
Liberty (Mountain View),2026-09-12,"Highland(Highland, AR)",,2,0,W,,,,,,False
Liberty (Mountain View),2026-09-12,Marshfield,,1,1,T,0.86,1.99,0.14,0.99,1.13,False
Liberty (Mountain View),2026-09-12,Rolla,,2,0,W,2.32,0.69,-0.32,0.69,0.37,False
Liberty (Mountain View),2026-09-14,Winona,,2,3,L,1.4,1.65,0.6,-1.35,-0.75,False
Liberty (Mountain View),2026-09-17,Thayer,,3,0,W,3.12,-0.09,-0.12,-0.09,-0.21,False
Liberty (Mountain View),2026-09-21,Doniphan,,3,0,W,3.42,-0.3,-0.42,-0.3,-0.72,False
Liberty (Mountain View),2026-09-22,Mountain Grove,,3,1,W,1.7,0.96,1.3,-0.04,1.25,False
Liberty (Mountain View),2026-09-24,Willow Springs,,3,0,W,3.75,-0.85,-0.75,-0.85,-1.6,False
Liberty (Mountain View),2026-09-26,Ash Grove,,2,0,W,2.19,0.66,-0.19,0.66,0.48,False
Liberty (Mountain View),2026-09-26,Cabool,,1,1,T,1.64,1.17,-0.64,0.17,-0.47,False
Liberty (Mountain View),2026-09-26,Springfield Catholic,,1,1,T,1.71,0.87,-0.71,-0.13,-0.84,False
Liberty (Mountain View),2026-09-29,Ava,,3,0,W,2.91,0.12,0.09,0.12,0.21,False
Liberty (Mountain View),2026-10-01,Cabool,,3,1,W,1.64,1.17,1.36,0.17,1.53,False
Liberty (Mountain View),2026-10-03,Capital City,,2,0,W,1.92,1.27,0.08,1.27,1.35,False
Liberty (Mountain View),2026-10-03,Owensville,,1,1,T,2.03,0.89,-1.03,-0.11,-1.14,False
Liberty (Mountain View),2026-10-03,Rockwood Summit,,0,2,L,0.64,2.27,-0.64,0.27,-0.37,False
Liberty (Mountain View),2026-10-05,West Plains,,0,3,L,0.4,2.48,-0.4,-0.52,-0.92,False
Liberty (Mountain View),2026-10-06,Poplar Bluff,,3,0,W,2.45,0.32,0.55,0.32,0.87,False
Liberty (Mountain View),2026-10-08,Ellington,,1,2,L,2.07,0.53,-1.07,-1.47,-2.54,False
Liberty (Mountain View),2026-10-13,Houston,,,,,3.07,0.2,,,,False
Liberty (Mountain View),2026-10-15,Salem,,,,,2.53,0.58,,,,False
Liberty (Mountain View),2026-10-22,TBD,,,,,,,,,,False
Liberty (Wentzville),2026-08-31,North Point,,0,3,L,0.73,2.31,-0.73,-0.69,-1.43,False
Liberty (Wentzville),2026-09-03,Francis Howell North,,0,3,L,1.66,1.73,-1.66,-1.27,-2.93,False
Liberty (Wentzville),2026-09-05,Holt,,2,0,W,1.48,1.76,0.52,1.76,2.28,False
Liberty (Wentzville),2026-09-05,St. Francis Borgia,,0,2,L,-0.04,2.78,0.04,0.78,0.82,False
Liberty (Wentzville),2026-09-05,"St. Louis Christian(st louis , MO)",,0,2,L,,,,,,False
Liberty (Wentzville),2026-09-05,Timberland,,2,1,W,1.79,1.41,0.21,0.41,0.62,False
Liberty (Wentzville),2026-09-05,Union,,1,1,T,2.25,1.11,-1.25,0.11,-1.14,False
Liberty (Wentzville),2026-09-08,Orchard Farm,,2,3,L,1.24,1.99,0.76,-1.01,-0.24,False
Liberty (Wentzville),2026-09-10,Francis Howell,,3,1,W,1.25,2.01,1.75,1.01,2.75,False
Liberty (Wentzville),2026-09-14,Holt,,2,3,L,1.48,1.76,0.52,-1.24,-0.72,False
Liberty (Wentzville),2026-09-15,Ft. Zumwalt West,,0,3,L,-0.35,2.84,0.35,-0.16,0.19,False
Liberty (Wentzville),2026-09-17,Francis Howell Central,,1,3,L,1.42,2.0,-0.42,-1.0,-1.42,False
Liberty (Wentzville),2026-09-19,Festus,,0,2,L,0.62,2.1,-0.62,0.1,-0.52,False
Liberty (Wentzville),2026-09-19,Seckman,,0,2,L,0.78,2.38,-0.78,0.38,-0.4,False
Liberty (Wentzville),2026-09-19,Timberland,,2,1,W,1.79,1.41,0.21,0.41,0.62,False
Liberty (Wentzville),2026-09-19,Troy Buchanan,,1,1,T,1.93,1.19,-0.93,0.19,-0.74,False
Liberty (Wentzville),2026-09-19,Windsor (Imperial),,1,1,T,1.47,1.35,-0.47,0.35,-0.12,False
Liberty (Wentzville),2026-09-19,Fox,,,,,2.9,0.59,,,,False
Liberty (Wentzville),2026-09-22,Troy Buchanan,,2,3,L,1.93,1.19,0.07,-1.81,-1.74,False
Liberty (Wentzville),2026-09-24,Timberland,,3,1,W,1.79,1.41,1.21,0.41,1.62,False
Liberty (Wentzville),2026-09-26,Westminster Christian Academy,,0,2,L,0.11,2.61,-0.11,0.61,0.5,False
Liberty (Wentzville),2026-09-29,Francis Howell North,,3,0,W,1.66,1.73,1.34,1.73,3.07,False
Liberty (Wentzville),2026-10-01,Francis Howell,,1,3,L,1.25,2.01,-0.25,-0.99,-1.25,False
Liberty (Wentzville),2026-10-02,John Burroughs,,0,2,L,0.94,2.1,-0.94,0.1,-0.84,False
Liberty (Wentzville),2026-10-02,"St. Pius(Festus , MO)",,2,0,W,,,,,,False
Liberty (Wentzville),2026-10-02,"Belleville East(Belleville, IL)",,,,,,,,,,False
Liberty (Wentzville),2026-10-03,MICDS,,0,2,L,0.52,2.53,-0.52,0.53,0.01,False
Liberty (Wentzville),2026-10-06,Ft. Zumwalt West,,0,3,L,-0.35,2.84,0.35,-0.16,0.19,False
Liberty (Wentzville),2026-10-13,Francis Howell Central,,,,,1.42,2.0,,,,False
Liberty (Wentzville),2026-10-15,Troy Buchanan,,,,,1.93,1.19,,,,False
Liberty (Wentzville),2026-10-20,Timberland,,,,,1.79,1.41,,,,False
Liberty Christian Sr.,2026-09-17,Veritas Christian Academy,,2,3,L,,,,,,False
Liberty Christian Sr.,2026-09-22,Wright City,,0,3,L,,,,,,False
Liberty Christian Sr.,2026-09-26,North Callaway,,0,3,L,,,,,,False
Liberty North,2026-08-27,Platte County,,3,0,W,1.91,1.52,1.09,1.52,2.61,False
Liberty North,2026-08-28,Ozark,,1,3,L,1.16,2.19,-0.16,-0.81,-0.97,False
Liberty North,2026-08-29,Kickapoo,,2,0,W,1.35,1.77,0.65,1.77,2.42,False
Liberty North,2026-08-29,Nixa,,1,2,L,1.56,1.86,-0.56,-0.14,-0.71,False
Liberty North,2026-09-01,Staley,,3,0,W,2.24,1.23,0.76,1.23,1.99,False
Liberty North,2026-09-03,Lee's Summit West,,0,3,L,0.57,2.83,-0.57,-0.17,-0.74,False
Liberty North,2026-09-08,Blue Springs South,,3,1,W,1.94,1.98,1.06,0.98,2.04,False
Liberty North,2026-09-10,Blue Springs,,3,2,W,1.8,1.78,1.2,-0.22,0.98,False
Liberty North,2026-09-15,Raymore-Peculiar,,1,3,L,1.96,2.36,-0.96,-0.64,-1.6,False
Liberty North,2026-09-17,Liberty,,2,3,L,2.37,1.94,-0.37,-1.06,-1.42,False
Liberty North,2026-09-19,"Blue Valley(Stillwell, KS)",,2,0,W,,,,,,False
Liberty North,2026-09-19,"Blue Valley West(Overland Park, KS)",,0,2,L,,,,,,False
Liberty North,2026-09-19,Grain Valley,,1,2,L,2.7,1.09,-1.7,-0.91,-2.61,False
Liberty North,2026-09-19,"St. Thomas Aquinas(Overland Park, KS)",,0,2,L,,,,,,False
Liberty North,2026-09-21,Belton,,2,3,L,2.48,1.5,-0.48,-1.5,-1.98,False
Liberty North,2026-09-22,Lee's Summit,,1,3,L,1.91,2.24,-0.91,-0.76,-1.66,False
Liberty North,2026-09-24,Lee's Summit West,,1,3,L,0.57,2.83,0.43,-0.17,0.26,False
Liberty North,2026-09-29,Staley,,3,1,W,2.24,1.23,0.76,0.23,0.99,False
Liberty North,2026-09-30,Blue Springs South,,2,3,L,1.94,1.98,0.06,-1.02,-0.96,False
Liberty North,2026-10-03,"Blue Valley North(Overland Park, KS)",,2,0,W,,,,,,False
Liberty North,2026-10-03,Pembroke Hill,,0,2,L,2.0,1.2,-2.0,-0.8,-2.8,False
Liberty North,2026-10-03,St. Dominic,,2,1,W,1.36,2.19,0.64,1.19,1.82,False
Liberty North,2026-10-03,St. Teresa's Academy,,2,1,W,1.25,2.27,0.75,1.27,2.02,False
Liberty North,2026-10-05,Park Hill South,,0,3,L,2.31,1.42,-2.31,-1.58,-3.89,False
Liberty North,2026-10-06,Blue Springs,,3,1,W,1.8,1.78,1.2,0.78,1.98,False
Liberty North,2026-10-08,Lee's Summit,,,,,1.91,2.24,,,,False
Liberty North,2026-10-13,Raymore-Peculiar,,,,,1.96,2.36,,,,False
Liberty North,2026-10-15,St. Michael the Archangel,,,,,1.42,2.18,,,,False
"Libertyville(Libertyville, IL)",2026-09-11,Nerinx Hall,,2,1,W,,,,,,False
Licking,2026-08-28,Belle,,2,1,W,2.59,0.26,-0.59,-0.74,-1.33,False
Licking,2026-08-29,Cuba,,1,2,L,1.3,1.26,-0.3,-0.74,-1.04,False
Licking,2026-08-29,North County,,2,1,W,1.51,1.79,0.49,0.79,1.28,False
Licking,2026-08-29,Owensville,,0,2,L,0.98,1.65,-0.98,-0.35,-1.33,False
Licking,2026-09-01,Liberty (Mountain View),,1,3,L,0.4,2.21,0.6,-0.79,-0.19,False
Licking,2026-09-08,Willow Springs,,3,0,W,2.7,-0.09,0.3,-0.09,0.21,False
Licking,2026-09-10,Houston,,3,0,W,2.02,0.96,0.98,0.96,1.94,False
Licking,2026-09-11,Oran,,2,0,W,2.9,-0.46,-0.9,-0.46,-1.36,False
Licking,2026-09-11,Senath-Hornersville,,2,0,W,2.6,0.38,-0.6,0.38,-0.22,False
Licking,2026-09-12,Puxico,,2,0,W,1.19,1.48,0.81,1.48,2.29,False
Licking,2026-09-12,Southland,,2,0,W,3.93,-1.37,-1.93,-1.37,-3.3,False
Licking,2026-09-12,Meadow Heights,,0,2,L,1.37,1.31,-1.37,-0.69,-2.07,False
Licking,2026-09-15,Cabool,,1,3,L,0.59,1.93,0.41,-1.07,-0.66,False
Licking,2026-09-19,Belle,,2,0,W,2.59,0.26,-0.59,0.26,-0.33,False
Licking,2026-09-19,Bourbon,,2,0,W,2.82,-0.19,-0.82,-0.19,-1.01,False
Licking,2026-09-19,Cuba,,1,1,T,1.3,1.26,-0.3,0.26,-0.04,False
Licking,2026-09-19,Jefferson (Festus),,1,1,T,1.54,1.18,-0.54,0.18,-0.36,False
Licking,2026-09-19,St. James,,2,0,W,3.42,-0.97,-1.42,-0.97,-2.39,False
Licking,2026-09-19,Steelville,,2,0,W,2.12,0.83,-0.12,0.83,0.72,False
Licking,2026-09-21,Capital City,,3,2,W,0.87,2.03,2.13,0.03,2.16,False
Licking,2026-09-24,Mountain Grove,,1,3,L,0.65,1.72,0.35,-1.28,-0.94,False
Licking,2026-09-29,Steelville,,3,1,W,2.12,0.83,0.88,-0.17,0.72,False
Licking,2026-10-01,Winona,,0,3,L,0.35,2.41,-0.35,-0.59,-0.94,False
Licking,2026-10-03,Dixon,,2,0,W,3.14,-0.52,-1.14,-0.52,-1.66,False
Licking,2026-10-03,Laquey,,2,0,W,4.3,-1.9,-2.3,-1.9,-4.2,False
Licking,2026-10-03,Plato,,2,0,W,2.63,0.2,-0.63,0.2,-0.43,False
Licking,2026-10-06,Summersville,,3,0,W,2.07,0.88,0.93,0.88,1.81,False
Licking,2026-10-08,Salem,,,,,1.48,1.34,,,,False
Licking,2026-10-10,Boonville,,,,,0.82,1.85,,,,False
Licking,2026-10-13,Rolla,,,,,1.27,1.45,,,,False
Licking,2026-10-15,Cuba,,,,,1.3,1.26,,,,False
Licking,2026-10-21,TBD,,,,,,,,,,False
Lift for Life Academy Charter,2026-08-27,McKinley Classical Leadership,,3,0,W,1.97,0.94,1.03,0.94,1.97,False
Lift for Life Academy Charter,2026-08-29,Gateway Science Charter,,1,2,L,1.32,1.65,-0.32,-0.35,-0.67,False
Lift for Life Academy Charter,2026-08-29,STEAM Academy,,0,2,L,1.12,1.97,-1.12,-0.03,-1.15,False
Lift for Life Academy Charter,2026-08-29,Ritenour,,0,2,L,0.77,2.23,-0.77,0.23,-0.55,False
Lift for Life Academy Charter,2026-09-08,West Plains,,,,,-2.6,5.46,,,,False
Lift for Life Academy Charter,2026-09-09,Believe Acad Charter,,,,,4.26,-1.22,,,,False
Lift for Life Academy Charter,2026-09-10,Bishop DuBourg,,3,1,W,2.01,1.64,0.99,0.64,1.63,False
Lift for Life Academy Charter,2026-09-12,Brentwood,,0,2,L,0.52,2.18,-0.52,0.18,-0.34,False
Lift for Life Academy Charter,2026-09-12,Confluence Prep Academy Charter with Grand Center Arts Charter,,2,0,W,2.9,0.51,-0.9,0.51,-0.39,False
Lift for Life Academy Charter,2026-09-15,McCluer North,,3,0,W,3.01,0.06,-0.01,0.06,0.05,False
Lift for Life Academy Charter,2026-09-17,Gateway with Soldan International Studies,,3,0,W,3.04,0.03,-0.04,0.03,-0.01,False
Lift for Life Academy Charter,2026-09-24,University City,,3,2,W,2.04,1.32,0.96,-0.68,0.28,False
Lift for Life Academy Charter,2026-09-29,McCluer,,3,0,W,3.73,-0.3,-0.73,-0.3,-1.04,False
Lift for Life Academy Charter,2026-09-30,"Madison High (IL)(Madison, IL)",,,,,,,,,,False
Lift for Life Academy Charter,2026-10-01,Jefferson (Festus),,0,3,L,-0.41,3.4,0.41,0.4,0.8,False
Lift for Life Academy Charter,2026-10-05,Principia,,1,3,L,0.64,1.84,0.36,-1.16,-0.8,False
Lift for Life Academy Charter,2026-10-06,Herculaneum,,0,2,L,0.89,1.79,-0.89,-0.21,-1.1,False
Lift for Life Academy Charter,2026-10-06,Windsor (Imperial),,0,2,L,-1.32,4.06,1.32,2.06,3.37,False
Lift for Life Academy Charter,2026-10-08,Believe Acad Charter,,,,,4.26,-1.22,,,,False
Lift for Life Academy Charter,2026-10-12,Ritenour,,,,,0.77,2.23,,,,False
Lift for Life Academy Charter,2026-10-13,Visitation Academy,,,,,-0.42,3.33,,,,False
Lift for Life Academy Charter,2026-10-14,Hazelwood West,,,,,0.72,2.05,,,,False
Lift for Life Academy Charter,2026-10-15,Believe Acad Charter,,,,,4.26,-1.22,,,,False
Lift for Life Academy Charter,2026-10-20,Herculaneum,,,,,0.89,1.79,,,,False
Lighthouse Sr.,2026-09-15,New Bloomfield,,1,3,L,,,,,,False
Lighthouse Sr.,2026-09-17,Chamois,,,,,,,,,,False
Lighthouse Sr.,2026-09-29,Columbia Independent,,0,3,L,,,,,,False
Lighthouse Sr.,2026-10-12,Russellville,,,,,,,,,,False
Lighthouse Sr.,2026-10-15,Chamois,,,,,,,,,,False
Lighthouse Sr.,2026-10-16,Prairie Home,,,,,,,,,,False
Lighthouse Sr. High,2026-08-27,Mt. Vernon,,3,2,W,,,,,,False
Lighthouse Sr. High,2026-08-31,Mountain Grove,,3,1,W,,,,,,False
Lighthouse Sr. High,2026-09-03,Springfield Catholic,,3,0,W,,,,,,False
Lighthouse Sr. High,2026-09-08,Marionville,,3,1,W,,,,,,False
Lighthouse Sr. High,2026-09-12,Aurora,,2,0,W,,,,,,False
Lighthouse Sr. High,2026-09-12,Clever,,1,2,L,,,,,,False
Lighthouse Sr. High,2026-09-12,Hillcrest,,2,0,W,,,,,,False
Lighthouse Sr. High,2026-09-12,Joplin,,1,1,T,,,,,,False
Lighthouse Sr. High,2026-09-12,Monett,,0,2,L,,,,,,False
Lighthouse Sr. High,2026-09-12,Waynesville,,2,0,W,,,,,,False
Lighthouse Sr. High,2026-09-15,Hollister,,2,3,L,,,,,,False
Lighthouse Sr. High,2026-09-17,New Covenant Academy,,0,3,L,,,,,,False
Lighthouse Sr. High,2026-09-19,Ash Grove,,2,0,W,,,,,,False
Lighthouse Sr. High,2026-09-19,Cassville,,2,1,W,,,,,,False
Lighthouse Sr. High,2026-09-19,El Dorado Springs,,3,0,W,,,,,,False
Lighthouse Sr. High,2026-09-19,Fair Grove,,2,1,W,,,,,,False
Lighthouse Sr. High,2026-09-22,Parkview,,3,0,W,,,,,,False
Lighthouse Sr. High,2026-09-26,Cabool,,0,2,L,,,,,,False
Lighthouse Sr. High,2026-09-26,Central (Springfield),,2,0,W,,,,,,False
Lighthouse Sr. High,2026-09-26,Clever,,2,0,W,,,,,,False
Lighthouse Sr. High,2026-09-26,Skyline,,1,1,T,,,,,,False
Lighthouse Sr. High,2026-10-06,Central (Springfield),,3,2,W,,,,,,False
Lincoln,2026-08-31,Leeton with Chilhowee,,3,0,W,2.46,0.33,0.54,0.33,0.86,False
Lincoln,2026-09-01,Warsaw,,1,3,L,-0.15,3.59,1.15,0.59,1.74,False
Lincoln,2026-09-02,Archie,,0,3,L,0.63,2.79,-0.63,-0.21,-0.85,False
Lincoln,2026-09-09,Lakeland,,1,3,L,1.93,1.83,-0.93,-1.17,-2.1,False
Lincoln,2026-09-14,St. Paul Lutheran (Concordia),,1,3,L,0.64,2.68,0.36,-0.32,0.05,False
Lincoln,2026-09-15,Northwest (Hughesville),,3,1,W,1.77,1.09,1.23,0.09,1.32,False
Lincoln,2026-09-17,Cole Camp,,0,3,L,-0.44,3.45,0.44,0.45,0.89,False
Lincoln,2026-09-22,Green Ridge,,1,3,L,1.1,1.94,-0.1,-1.06,-1.17,False
Lincoln,2026-09-23,Kingsville,,3,2,W,1.61,1.6,1.39,-0.4,0.99,False
Lincoln,2026-09-24,Smithton,,0,3,L,0.98,2.33,-0.98,-0.67,-1.65,False
Lincoln,2026-09-26,Crest Ridge,,1,1,T,0.79,2.56,0.21,1.56,1.77,False
Lincoln,2026-09-26,Knob Noster,,0,2,L,0.4,2.45,-0.4,0.45,0.06,False
Lincoln,2026-09-26,Lexington,,2,0,W,1.74,1.23,0.26,1.23,1.48,False
Lincoln,2026-09-28,Concordia,,2,3,L,0.48,2.87,1.52,-0.13,1.4,False
Lincoln,2026-09-29,Stover,,0,3,L,-0.19,3.3,0.19,0.3,0.49,False
Lincoln,2026-10-01,La Monte,,0,3,L,1.05,2.1,-1.05,-0.9,-1.95,False
Lincoln,2026-10-05,Otterville,,1,3,L,0.92,2.17,0.08,-0.83,-0.74,False
Lincoln,2026-10-07,Cole Camp,,0,2,L,-0.44,3.45,0.44,1.45,1.89,False
Lincoln,2026-10-07,Windsor,,2,0,W,2.17,1.53,-0.17,1.53,1.36,False
Lincoln,2026-10-07,Smithton,,0,2,L,0.98,2.33,-0.98,0.33,-0.65,False
Lincoln,2026-10-08,Otterville,,0,2,L,0.92,2.17,-0.92,0.17,-0.74,False
Lincoln,2026-10-12,Tipton,,,,,0.25,2.53,,,,False
Lincoln,2026-10-13,Windsor,,,,,2.17,1.53,,,,False
Lincoln,2026-10-15,Sacred Heart,,,,,0.79,2.38,,,,False
Lincoln,2026-10-20,Lakeland,,,,,1.93,1.83,,,,False
Lincoln College Prep,2026-09-01,"Schlagle(Kansas City, KS)",,3,0,W,,,,,,False
Lincoln College Prep,2026-09-02,University Academy Charter,,3,0,W,2.09,0.69,0.91,0.69,1.6,False
Lincoln College Prep,2026-09-08,Center,,3,2,W,1.63,1.4,1.37,-0.6,0.77,False
Lincoln College Prep,2026-09-09,Raytown South,,3,0,W,2.88,0.59,0.12,0.59,0.72,False
Lincoln College Prep,2026-09-10,"Kansas City- Bishop Ward HS(Kansas City, KS)",,3,0,W,,,,,,False
Lincoln College Prep,2026-09-14,St. Teresa's Academy,,0,3,L,-0.67,3.86,0.67,0.86,1.53,False
Lincoln College Prep,2026-09-15,Summit Christian Academy,,0,3,L,1.14,1.91,-1.14,-1.09,-2.23,False
Lincoln College Prep,2026-09-17,Summit Christian Academy,,0,3,L,1.14,1.91,-1.14,-1.09,-2.23,False
Lincoln College Prep,2026-09-19,Grandview,,2,0,W,2.11,0.95,-0.11,0.95,0.84,False
Lincoln College Prep,2026-09-19,Washington,,2,0,W,1.37,2.02,0.63,2.02,2.65,False
Lincoln College Prep,2026-09-19,Ewing Marion Kauffman,,2,0,W,3.22,-0.08,-1.22,-0.08,-1.3,False
Lincoln College Prep,2026-09-19,Guadalupe Centers Charter,,2,0,W,4.55,-1.17,-2.55,-1.17,-3.72,False
Lincoln College Prep,2026-09-19,Highland,,2,0,W,,,,,,False
Lincoln College Prep,2026-09-22,Barstow,,3,2,W,1.9,1.33,1.1,-0.67,0.43,False
Lincoln College Prep,2026-09-24,Pembroke Hill,,0,3,L,0.07,2.78,-0.07,-0.22,-0.29,False
Lincoln College Prep,2026-09-26,Adrian,,0,2,L,0.43,2.6,-0.43,0.6,0.18,False
Lincoln College Prep,2026-09-26,Central (St. Joseph),,0,2,L,1.37,1.62,-1.37,-0.38,-1.74,False
Lincoln College Prep,2026-09-26,Academie Lafayette,,2,0,W,5.07,-2.21,-3.07,-2.21,-5.28,False
Lincoln College Prep,2026-09-26,Stover,,2,1,W,1.49,1.81,0.51,0.81,1.32,False
Lincoln College Prep,2026-09-26,Crossroads Prep Charter,,2,0,W,4.04,-0.86,-2.04,-0.86,-2.9,False
Lincoln College Prep,2026-09-29,Paseo Academy,,3,0,W,4.01,-0.6,-1.01,-0.6,-1.61,False
Lincoln College Prep,2026-10-01,Warrensburg,,0,3,L,1.22,2.07,-1.22,-0.93,-2.15,False
Lincoln College Prep,2026-10-05,Van Horn,,3,0,W,3.01,0.13,-0.01,0.13,0.11,False
Lincoln College Prep,2026-10-06,Lawson,,3,1,W,1.79,1.44,1.21,0.44,1.65,False
Lincoln College Prep,2026-10-12,Winnetonka,,,,,3.0,0.07,,,,False
Lincoln College Prep,2026-10-14,"JC Harmon(Kansas City, KS)",,,,,,,,,,False
Lincoln College Prep,2026-10-20,Van Horn,,,,,3.01,0.13,,,,False
"Lincoln High(Lincoln, NE)",2026-08-29,Platte County,,0,2,L,,,,,,False
"Lincoln Northwest(Lincoln , NE)",2026-08-29,Platte County,,0,2,L,,,,,,False
"Lincoln Southeast(Lincoln, NE)",2026-08-29,Platte County,,2,0,W,,,,,,False
Lindbergh,2026-08-31,Pacific,,3,2,W,2.39,1.34,0.61,-0.66,-0.05,False
Lindbergh,2026-09-01,Webster Groves,,3,2,W,2.49,1.33,0.51,-0.67,-0.16,False
Lindbergh,2026-09-03,Oakville,,3,2,W,2.11,1.85,0.89,-0.15,0.75,False
Lindbergh,2026-09-08,Mehlville,,0,3,L,3.21,0.56,-3.21,-2.44,-5.65,False
Lindbergh,2026-09-10,Lafayette (Wildwood),,0,3,L,0.16,3.46,-0.16,0.46,0.29,False
Lindbergh,2026-09-14,Seckman,,1,3,L,2.16,1.77,-1.16,-1.23,-2.39,False
Lindbergh,2026-09-16,Parkway West,,3,1,W,2.45,1.39,0.55,0.39,0.93,False
Lindbergh,2026-09-18,Lutheran St. Charles,,3,0,W,2.81,1.63,0.19,1.63,1.83,False
Lindbergh,2026-09-18,Visitation Academy,,3,0,W,3.75,0.01,-0.75,0.01,-0.74,False
Lindbergh,2026-09-19,Ft. Zumwalt North,,2,0,W,2.51,1.56,-0.51,1.56,1.05,False
Lindbergh,2026-09-19,Lutheran St. Charles,,2,1,W,2.81,1.63,-0.81,0.63,-0.17,False
Lindbergh,2026-09-21,Kirkwood,,3,2,W,1.74,2.22,1.26,0.22,1.49,False
Lindbergh,2026-09-22,John Burroughs,,3,1,W,2.32,1.48,0.68,0.48,1.16,False
Lindbergh,2026-09-24,Festus,,3,0,W,2.0,1.48,1.0,1.48,2.48,False
Lindbergh,2026-09-29,Eureka,,0,3,L,0.96,2.8,-0.96,-0.2,-1.17,False
Lindbergh,2026-09-30,Marquette,,2,3,L,2.1,1.98,-0.1,-1.02,-1.12,False
Lindbergh,2026-10-07,Westminster Christian Academy,,0,3,L,1.49,2.0,-1.49,-1.0,-2.5,False
Lindbergh,2026-10-08,Eureka,,,,,0.96,2.8,,,,False
Lindbergh,2026-10-08,Northwest (Cedar Hill),,,,,3.6,0.03,,,,False
Lindbergh,2026-10-10,Advance,,,,,3.34,1.02,,,,False
Lindbergh,2026-10-10,Valle Catholic,,,,,2.31,1.56,,,,False
Lindbergh,2026-10-12,Ursuline Academy,,,,,2.74,1.22,,,,False
Lindbergh,2026-10-14,Nerinx Hall,,,,,2.9,1.19,,,,False
Lindbergh,2026-10-15,Cor Jesu Academy,,,,,1.58,2.57,,,,False
Lindbergh,2026-10-19,Rockwood Summit,,,,,1.82,1.93,,,,False
Lindbergh,2026-10-21,Eureka,,,,,0.96,2.8,,,,False
Linn,2026-08-29,Boonville,,1,1,T,1.67,1.3,-0.67,0.3,-0.37,False
Linn,2026-08-29,Hallsville,,0,2,L,2.02,0.94,-2.02,-1.06,-3.07,False
Linn,2026-08-29,Tipton,,2,0,W,2.2,0.42,-0.2,0.42,0.23,False
Linn,2026-08-29,Father Tolton,,2,0,W,2.07,0.9,-0.07,0.9,0.83,False
Linn,2026-08-29,Montgomery County,,2,0,W,2.94,0.24,-0.94,0.24,-0.7,False
Linn,2026-09-01,Owensville,,3,2,W,1.83,1.1,1.17,-0.9,0.27,False
Linn,2026-09-02,Eldon,,3,1,W,2.51,0.66,0.49,-0.34,0.15,False
Linn,2026-09-08,Fatima,,2,3,L,2.32,1.03,-0.32,-1.97,-2.29,False
Linn,2026-09-10,Southern Boone,,2,3,L,1.19,2.17,0.81,-0.83,-0.01,False
Linn,2026-09-15,New Haven,,3,0,W,2.88,-0.22,0.12,-0.22,-0.1,False
Linn,2026-09-21,Cuba,,3,0,W,2.15,0.7,0.85,0.7,1.55,False
Linn,2026-09-22,Belle,,3,0,W,3.44,-0.29,-0.44,-0.29,-0.73,False
Linn,2026-09-24,Centralia,,3,0,W,3.39,-0.1,-0.39,-0.1,-0.49,False
Linn,2026-09-26,Centralia,,2,0,W,3.39,-0.1,-1.39,-0.1,-1.49,False
Linn,2026-09-26,Hallsville,,2,0,W,2.02,0.94,-0.02,0.94,0.93,False
Linn,2026-09-26,Father Tolton,,2,0,W,2.07,0.9,-0.07,0.9,0.83,False
Linn,2026-09-29,Capital City,,3,1,W,1.72,1.48,1.28,0.48,1.76,False
Linn,2026-10-01,Tipton,,3,0,W,2.2,0.42,0.8,0.42,1.23,False
Linn,2026-10-02,Eminence,,2,0,W,2.22,0.67,-0.22,0.67,0.44,False
Linn,2026-10-03,Central (Springfield),,2,0,W,2.43,0.13,-0.43,0.13,-0.3,False
Linn,2026-10-03,Washington,,1,2,L,1.63,1.4,-0.63,-0.6,-1.23,False
Linn,2026-10-03,Sullivan,,0,2,L,0.43,2.21,-0.43,0.21,-0.22,False
Linn,2026-10-05,St. James,,3,0,W,4.27,-1.53,-1.27,-1.53,-2.79,False
Linn,2026-10-06,North Callaway,,3,0,W,2.45,0.61,0.55,0.61,1.16,False
Linn,2026-10-08,Russellville,,3,0,W,2.88,0.41,0.12,0.41,0.53,False
Linn,2026-10-12,Fulton,,,,,2.91,0.26,,,,False
Linn,2026-10-13,Eugene,,,,,3.56,-0.15,,,,False
Linn,2026-10-15,New Bloomfield,,,,,4.35,-1.69,,,,False
Linn,2026-10-21,TBD,,,,,,,,,,False
Lockwood,2026-09-01,New Heights Christian,,3,0,W,2.45,0.11,0.55,0.11,0.65,False
Lockwood,2026-09-03,Billings,,3,0,W,1.82,1.14,1.18,1.14,2.32,False
Lockwood,2026-09-05,Southwest (Washburn),,2,0,W,3.9,-1.45,-1.9,-1.45,-3.35,False
Lockwood,2026-09-05,Exeter,,2,0,W,4.56,-1.7,-2.56,-1.7,-4.25,False
Lockwood,2026-09-05,Golden City,,2,0,W,4.08,-1.18,-2.08,-1.18,-3.26,False
Lockwood,2026-09-05,Gloria Deo Academy,,2,0,W,3.86,-1.23,-1.86,-1.23,-3.08,False
Lockwood,2026-09-05,Galena,,2,0,W,3.84,-1.37,-1.84,-1.37,-3.21,False
Lockwood,2026-09-05,Everton,,2,0,W,3.1,-0.51,-1.1,-0.51,-1.61,False
Lockwood,2026-09-10,Jasper,,3,0,W,3.33,-0.35,-0.33,-0.35,-0.69,False
Lockwood,2026-09-14,Thomas Jefferson Independent Day,,3,0,W,2.39,-0.11,0.61,-0.11,0.5,False
Lockwood,2026-09-17,Ash Grove,,1,3,L,1.86,0.81,-0.86,-2.19,-3.05,False
Lockwood,2026-09-22,Marionville,,3,0,W,2.55,0.26,0.45,0.26,0.71,False
Lockwood,2026-09-24,Pierce City,,3,1,W,2.44,0.09,0.56,-0.91,-0.35,False
Lockwood,2026-09-26,Glendale,,0,2,L,0.8,1.78,-0.8,-0.22,-1.02,False
Lockwood,2026-09-26,Osceola,,1,1,T,1.55,1.26,-0.55,0.26,-0.29,False
Lockwood,2026-09-26,Strafford,,0,2,L,0.55,2.02,-0.55,0.02,-0.53,False
Lockwood,2026-09-26,Skyline,,2,0,W,1.96,0.85,0.04,0.85,0.89,False
Lockwood,2026-09-26,Central (Springfield),,2,0,W,2.3,0.07,-0.3,0.07,-0.23,False
Lockwood,2026-09-26,Springfield Catholic,,2,0,W,1.38,1.02,0.62,1.02,1.64,False
Lockwood,2026-09-29,Stockton,,3,1,W,2.36,0.62,0.64,-0.38,0.26,False
Lockwood,2026-10-01,Miller,,3,0,W,1.97,0.96,1.03,0.96,1.99,False
Lockwood,2026-10-06,Sarcoxie,,2,3,L,2.67,0.55,-0.67,-2.45,-3.12,False
Lockwood,2026-10-08,Diamond,,3,0,W,2.95,0.02,0.05,0.02,0.07,False
Lockwood,2026-10-10,Greenfield,,,,,2.88,0.17,,,,False
Lockwood,2026-10-10,Wheaton,,,,,3.75,-0.93,,,,False
Lockwood,2026-10-12,Golden City,,,,,4.08,-1.18,,,,False
Lockwood,2026-10-13,Skyline,,,,,1.96,0.85,,,,False
Lockwood,2026-10-15,Greenfield,,,,,2.88,0.17,,,,False
Lockwood,2026-10-16,McAuley Catholic,,,,,4.05,-1.02,,,,False
Lockwood,2026-10-19,Everton,,,,,3.1,-0.51,,,,False
Lockwood,2026-10-22,TBD,,,,,,,,,,False
Logan-Rogersville,2026-08-31,Clever,,1,3,L,1.94,1.61,-0.94,-1.39,-2.33,False
Logan-Rogersville,2026-09-01,Ozark,,1,3,L,-0.01,3.19,1.01,0.19,1.2,False
Logan-Rogersville,2026-09-03,Camdenton,,2,0,W,2.53,0.76,-0.53,0.76,0.23,False
Logan-Rogersville,2026-09-03,Rock Bridge,,0,2,L,1.03,2.36,-1.03,0.36,-0.68,False
Logan-Rogersville,2026-09-03,Helias Catholic,,0,2,L,0.05,3.1,-0.05,1.1,1.05,False
Logan-Rogersville,2026-09-08,Buffalo,,3,0,W,3.45,-0.16,-0.45,-0.16,-0.61,False
Logan-Rogersville,2026-09-15,Carl Junction,,1,3,L,1.52,1.79,-0.52,-1.21,-1.72,False
Logan-Rogersville,2026-09-18,Blair Oaks,,0,3,L,1.17,2.48,-1.17,-0.52,-1.69,False
Logan-Rogersville,2026-09-19,Potosi,,0,3,L,0.25,2.99,-0.25,-0.01,-0.26,False
Logan-Rogersville,2026-09-19,Winona,,3,1,W,1.69,1.89,1.31,0.89,2.2,False
Logan-Rogersville,2026-09-21,Willard,,2,3,L,1.83,1.87,0.17,-1.13,-0.96,False
Logan-Rogersville,2026-09-22,Fair Grove,,3,0,W,2.21,1.0,0.79,1.0,1.79,False
Logan-Rogersville,2026-09-24,West Plains,,1,3,L,0.69,2.72,0.31,-0.28,0.03,False
Logan-Rogersville,2026-09-28,Strafford,,1,3,L,1.18,2.12,-0.18,-0.88,-1.06,False
Logan-Rogersville,2026-09-29,Branson,,3,2,W,1.52,1.85,1.48,-0.15,1.33,False
Logan-Rogersville,2026-10-01,Central (Springfield),,3,0,W,2.93,0.17,0.07,0.17,0.24,False
Logan-Rogersville,2026-10-03,Aurora,,2,0,W,3.69,0.3,-1.69,0.3,-1.39,False
Logan-Rogersville,2026-10-03,Camdenton,,2,0,W,2.53,0.76,-0.53,0.76,0.23,False
Logan-Rogersville,2026-10-03,Glendale,,2,1,W,1.42,1.87,0.58,0.87,1.45,False
Logan-Rogersville,2026-10-03,Nevada,,1,1,T,1.2,2.08,-0.2,1.08,0.88,False
Logan-Rogersville,2026-10-03,Miller,,1,1,T,2.6,1.06,-1.6,0.06,-1.54,False
Logan-Rogersville,2026-10-05,Bolivar,,3,0,W,2.64,0.61,0.36,0.61,0.97,False
Logan-Rogersville,2026-10-06,Hillcrest,,3,0,W,2.43,0.72,0.57,0.72,1.29,False
Logan-Rogersville,2026-10-09,Jefferson City,,,,,0.91,2.51,,,,False
Logan-Rogersville,2026-10-09,St. Francis Borgia,,,,,0.46,2.75,,,,False
Logan-Rogersville,2026-10-10,Eureka,,,,,0.08,3.38,,,,False
Logan-Rogersville,2026-10-10,"Greenwood(Greenwood, AR)",,,,,,,,,,False
Logan-Rogersville,2026-10-10,St. Joseph's Academy,,,,,0.65,2.87,,,,False
Logan-Rogersville,2026-10-13,Camdenton,,,,,2.53,0.76,,,,False
Logan-Rogersville,2026-10-15,Marshfield,,,,,1.15,2.23,,,,False
Logan-Rogersville,2026-10-16,Springfield Catholic,,,,,2.0,1.11,,,,False
Logan-Rogersville,2026-10-20,Hillcrest,,,,,2.43,0.72,,,,False
Lone Jack,2026-08-27,Orrick,,3,0,W,4.7,-1.62,-1.7,-1.62,-3.32,False
Lone Jack,2026-09-01,Lafayette County,,1,3,L,1.33,1.32,-0.33,-1.68,-2.01,False
Lone Jack,2026-09-03,Archie,,3,2,W,2.42,0.85,0.58,-1.15,-0.57,False
Lone Jack,2026-09-05,Clinton,,0,2,L,0.45,2.58,-0.45,0.58,0.13,False
Lone Jack,2026-09-05,Joplin,,0,2,L,1.47,1.41,-1.47,-0.59,-2.06,False
Lone Jack,2026-09-05,Knob Noster,,2,1,W,2.19,0.52,-0.19,-0.48,-0.66,False
Lone Jack,2026-09-05,Lamar,,2,0,W,1.17,1.38,0.83,1.38,2.2,False
Lone Jack,2026-09-05,Neosho,,2,0,W,2.85,0.13,-0.85,0.13,-0.72,False
Lone Jack,2026-09-08,Lexington,,3,0,W,3.53,-0.7,-0.53,-0.7,-1.24,False
Lone Jack,2026-09-10,Drexel,,3,0,W,2.8,0.24,0.2,0.24,0.43,False
Lone Jack,2026-09-14,Cole Camp,,3,1,W,1.35,1.52,1.65,0.52,2.17,False
Lone Jack,2026-09-17,Concordia,,3,0,W,2.26,0.94,0.74,0.94,1.68,False
Lone Jack,2026-09-19,Concordia,,2,0,W,2.26,0.94,-0.26,0.94,0.68,False
Lone Jack,2026-09-19,East Buchanan,,1,1,T,1.23,1.69,-0.23,0.69,0.46,False
Lone Jack,2026-09-19,Harrisonville,,0,2,L,1.37,1.9,-1.37,-0.1,-1.47,False
Lone Jack,2026-09-19,Holden,,2,0,W,2.99,-0.15,-0.99,-0.15,-1.14,False
Lone Jack,2026-09-19,Tipton,,2,0,W,2.04,0.6,-0.04,0.6,0.56,False
Lone Jack,2026-09-22,Santa Fe,,3,2,W,1.99,0.95,1.01,-1.05,-0.04,False
Lone Jack,2026-09-24,Sweet Springs,,3,0,W,2.61,0.68,0.39,0.68,1.07,False
Lone Jack,2026-09-29,St. Paul Lutheran (Concordia),,3,1,W,2.42,0.75,0.58,-0.25,0.33,False
Lone Jack,2026-10-01,Sherwood,,3,0,W,3.47,-0.68,-0.47,-0.68,-1.15,False
Lone Jack,2026-10-05,Lathrop,,3,0,W,3.16,0.01,-0.16,0.01,-0.16,False
Lone Jack,2026-10-06,Wellington-Napoleon,,3,1,W,3.17,-0.21,-0.17,-1.21,-1.39,False
Lone Jack,2026-10-13,Crest Ridge,,,,,2.58,0.63,,,,False
Lone Jack,2026-10-15,Butler,,,,,1.17,1.86,,,,False
Lone Jack,2026-10-20,Sherwood,,,,,3.47,-0.68,,,,False
"Louisburg(Louisburg , KS)",2026-09-16,Harrisonville,,3,1,W,,,,,,False
"Louisburg(Louisburg, KS)",2026-10-01,Pleasant Hill,,0,3,L,,,,,,False
"Louisburg(Louisburg, KS)",2026-10-10,Blair Oaks,,,,,,,,,,False
"Louisville Male(Louisville, KY)",2026-09-11,St. Joseph's Academy,,0,2,L,,,,,,False
Lutheran (Kansas City),2026-08-28,"Maranatha Christian(Lenexa, KS)",,0,3,L,,,,,,False
Lutheran (Kansas City),2026-09-01,Northland Christian,,0,3,L,0.44,2.3,-0.44,-0.7,-1.14,False
Lutheran (Kansas City),2026-09-03,"Bishop Ward(Kansas City, KS)",,3,0,W,,,,,,False
Lutheran (Kansas City),2026-09-08,"Heritage Christian(Olathe, KS)",,0,3,L,,,,,,False
Lutheran (Kansas City),2026-09-10,"Kansas City Christian(Prairie Village, KS)",,0,3,L,,,,,,False
Lutheran (Kansas City),2026-09-15,Faith Christian Academy,,3,1,W,0.97,1.46,2.03,0.46,2.49,False
Lutheran (Kansas City),2026-09-17,"Bishop Seabury(Lawrence, KS)",,0,3,L,,,,,,False
Lutheran (Kansas City),2026-09-19,"Bishop Ward(Kansas City, KS)",,2,0,W,,,,,,False
Lutheran (Kansas City),2026-09-19,"Kansas City Christian(Prairie Village, KS)",,2,1,W,,,,,,False
Lutheran (Kansas City),2026-09-19,Faith Christian Academy,,2,0,W,0.97,1.46,1.03,1.46,2.49,False
Lutheran (Kansas City),2026-09-21,St. Paul Lutheran (Concordia),,0,3,L,1.06,2.0,-1.06,-1.0,-2.06,False
Lutheran (Kansas City),2026-09-26,Archie,,0,2,L,1.06,2.11,-1.06,0.11,-0.95,False
Lutheran (Kansas City),2026-09-26,Ballard,,2,0,W,2.12,0.38,-0.12,0.38,0.26,False
Lutheran (Kansas City),2026-09-26,"Prarie View(Lacygne, KS)",,1,1,T,,,,,,False
Lutheran (Kansas City),2026-09-29,Sherwood,,3,0,W,2.11,0.57,0.89,0.57,1.47,False
Lutheran (Kansas City),2026-10-01,Concordia,,1,3,L,0.9,2.19,0.1,-0.81,-0.71,False
Lutheran (Kansas City),2026-10-03,Archie,,0,2,L,1.06,2.11,-1.06,0.11,-0.95,False
Lutheran (Kansas City),2026-10-03,Faith Christian Academy,,1,1,T,0.97,1.46,0.03,0.46,0.49,False
Lutheran (Kansas City),2026-10-03,Midway,,0,2,L,1.02,1.75,-1.02,-0.25,-1.27,False
Lutheran (Kansas City),2026-10-06,Midway,,1,3,L,1.02,1.75,-0.02,-1.25,-1.27,False
Lutheran (Kansas City),2026-10-08,Miami (Amoret),,3,0,W,3.32,-0.59,-0.32,-0.59,-0.91,False
Lutheran (Kansas City),2026-10-13,Faith Christian Academy,,,,,0.97,1.46,,,,False
Lutheran (Kansas City),2026-10-15,Wellington-Napoleon,,,,,1.81,1.04,,,,False
Lutheran North,2026-08-27,St. Louis Ignite,,1,0,W,,,,,,False
Lutheran North,2026-08-28,St. Charles West,,0,2,L,0.1,3.32,-0.1,1.32,1.22,False
Lutheran North,2026-08-28,"Centralia(Centralia, IL)",,,,,,,,,,False
Lutheran North,2026-08-29,Clayton,,0,2,L,0.49,3.15,-0.49,1.15,0.66,False
Lutheran North,2026-08-29,Cardinal Ritter,,,,,2.88,0.38,,,,False
Lutheran North,2026-08-29,Ladue Horton Watkins,,,,,0.26,3.18,,,,False
Lutheran North,2026-08-31,Rosati-Kain,,3,0,W,3.05,0.48,-0.05,0.48,0.43,False
Lutheran North,2026-09-01,STEAM Academy,,2,2,T,1.85,1.53,0.15,-0.47,-0.32,False
Lutheran North,2026-09-03,University City,,3,0,W,2.77,0.88,0.23,0.88,1.1,False
Lutheran North,2026-09-08,John Burroughs,,0,3,L,-1.12,4.36,1.12,1.36,2.48,False
Lutheran North,2026-09-10,MICDS,,0,3,L,-1.53,4.79,1.53,1.79,3.33,False
Lutheran North,2026-09-11,Holcomb,,1,1,T,0.59,2.65,0.41,1.65,2.06,False
Lutheran North,2026-09-12,Clarkton,,0,2,L,0.85,2.37,-0.85,0.37,-0.48,False
Lutheran North,2026-09-12,Puxico,,0,2,L,-0.03,3.25,0.03,1.25,1.28,False
Lutheran North,2026-09-17,Westminster Christian Academy,,0,3,L,-1.95,4.87,1.95,1.87,3.82,False
Lutheran North,2026-09-21,Ritenour,,1,3,L,1.5,1.78,-0.5,-1.22,-1.72,False
Lutheran North,2026-09-24,Crossroads College Preparatory,,3,1,W,2.94,0.32,0.06,-0.68,-0.62,False
Lutheran North,2026-09-28,Lutheran St. Charles,,0,3,L,-0.63,4.51,0.63,1.51,2.14,False
Lutheran North,2026-10-01,Bayless,,1,3,L,1.17,2.37,-0.17,-0.63,-0.8,False
Lutheran North,2026-10-02,Hazelwood East,,,1,,1.91,1.57,,,,False
Lutheran North,2026-10-02,Vashon,,,,,3.37,0.21,,,,False
Lutheran North,2026-10-05,Whitfield,,2,3,L,0.93,2.63,1.07,-0.37,0.69,False
Lutheran North,2026-10-07,"Granite City(Granite City, IL)",,,,,,,,,,False
Lutheran North,2026-10-08,Miller Career Academy,,,,,3.46,-0.56,,,,False
Lutheran North,2026-10-09,Principia,,,,,1.37,1.4,,,,False
Lutheran North,2026-10-10,Jennings,,,,,3.7,-0.25,,,,False
Lutheran North,2026-10-13,Lutheran South,,,,,-0.41,3.22,,,,False
Lutheran North,2026-10-15,Bishop DuBourg,,,,,2.74,1.19,,,,False
Lutheran North,2026-10-16,Clayton,,,,,0.49,3.15,,,,False
Lutheran North,2026-10-17,Hazelwood West,,,,,1.46,1.61,,,,False
Lutheran South,2026-08-29,"Alton(Alton, IL)",,1,2,L,,,,,,False
Lutheran South,2026-08-29,Hermann,,1,1,T,1.54,0.85,-0.54,-0.15,-0.69,False
Lutheran South,2026-08-29,Orchard Farm,,0,2,L,0.67,2.11,-0.67,0.11,-0.56,False
Lutheran South,2026-08-29,Windsor (Imperial),,1,1,T,0.91,1.47,0.09,0.47,0.56,False
Lutheran South,2026-09-01,Nerinx Hall,,1,3,L,0.95,1.93,0.05,-1.07,-1.02,False
Lutheran South,2026-09-03,John Burroughs,,0,3,L,0.37,2.22,-0.37,-0.78,-1.15,False
Lutheran South,2026-09-05,"Alton(Alton, IL)",,1,2,L,,,,,,False
Lutheran South,2026-09-05,Hermann,,2,0,W,1.54,0.85,0.46,0.85,1.31,False
Lutheran South,2026-09-05,Orchard Farm,,0,2,L,0.67,2.11,-0.67,0.11,-0.56,False
Lutheran South,2026-09-05,Timberland,,0,2,L,1.22,1.53,-1.22,-0.47,-1.69,False
Lutheran South,2026-09-05,Union,,2,1,W,1.69,1.24,0.31,0.24,0.55,False
Lutheran South,2026-09-05,Washington,,1,1,T,1.06,1.59,-0.06,0.59,0.53,False
Lutheran South,2026-09-09,Whitfield,,3,0,W,2.42,0.48,0.58,0.48,1.06,False
Lutheran South,2026-09-15,Ladue Horton Watkins,,3,2,W,1.75,1.04,1.25,-0.96,0.29,False
Lutheran South,2026-09-16,Villa Duchesne,,3,0,W,2.1,0.6,0.9,0.6,1.49,False
Lutheran South,2026-09-18,Villa Duchesne,,3,0,W,2.1,0.6,0.9,0.6,1.49,False
Lutheran South,2026-09-22,Westminster Christian Academy,,0,3,L,-0.45,2.73,0.45,-0.27,0.18,False
Lutheran South,2026-09-24,Lutheran St. Charles,,0,3,L,0.86,2.37,-0.86,-0.63,-1.49,False
Lutheran South,2026-09-29,MICDS,,0,3,L,-0.04,2.65,0.04,-0.35,-0.31,False
Lutheran South,2026-09-30,Affton,,3,0,W,2.43,0.34,0.57,0.34,0.91,False
Lutheran South,2026-10-02,Notre Dame (St. Louis),,3,1,W,1.4,1.32,1.6,0.32,1.91,False
Lutheran South,2026-10-03,Ft. Zumwalt South,,0,2,L,1.63,0.89,-1.63,-1.11,-2.73,False
Lutheran South,2026-10-03,Mehlville,,1,1,T,1.27,1.3,-0.27,0.3,0.03,False
Lutheran South,2026-10-03,Parkway Central,,1,2,L,0.62,1.84,0.38,-0.16,0.23,False
Lutheran South,2026-10-03,Parkway West,,1,1,T,0.51,2.12,0.49,1.12,1.62,False
Lutheran South,2026-10-03,Timberland,,1,1,T,1.22,1.53,-0.22,0.53,0.31,False
Lutheran South,2026-10-06,Ursuline Academy,,0,3,L,0.79,1.95,-0.79,-1.05,-1.84,False
Lutheran South,2026-10-08,Windsor (Imperial),,,,,0.91,1.47,,,,False
Lutheran South,2026-10-09,Nixa,,,,,-0.67,3.01,,,,False
Lutheran South,2026-10-13,Lutheran North,,,,,3.22,-0.41,,,,False
Lutheran South,2026-10-15,Principia,,,,,2.86,-0.74,,,,False
Lutheran South,2026-10-22,TBD,,,,,,,,,,False
Lutheran St. Charles,2026-08-21,Holt,,,,,2.2,1.66,,,,False
Lutheran St. Charles,2026-08-27,Francis Howell Central,,2,3,L,2.14,1.9,-0.14,-1.1,-1.24,False
Lutheran St. Charles,2026-08-31,Marquette,,1,3,L,1.44,2.5,-0.44,-0.5,-0.94,False
Lutheran St. Charles,2026-09-01,John Burroughs,,2,3,L,1.66,2.0,0.34,-1.0,-0.66,False
Lutheran St. Charles,2026-09-02,Parkway North,,3,1,W,3.1,1.03,-0.1,0.03,-0.07,False
Lutheran St. Charles,2026-09-03,Westminster Christian Academy,,1,3,L,0.83,2.51,0.17,-0.49,-0.32,False
Lutheran St. Charles,2026-09-10,St. Francis Borgia,,0,3,L,0.68,2.68,-0.68,-0.32,-1.0,False
Lutheran St. Charles,2026-09-11,Rock Bridge,,1,2,L,1.26,2.29,-0.26,0.29,0.03,False
Lutheran St. Charles,2026-09-11,Republic,,2,0,W,1.44,1.97,0.56,1.97,2.53,False
Lutheran St. Charles,2026-09-12,Francis Howell,,2,1,W,1.98,1.91,0.02,0.91,0.93,False
Lutheran St. Charles,2026-09-12,Lee's Summit,,1,2,L,0.96,3.17,0.04,1.17,1.22,False
Lutheran St. Charles,2026-09-12,St. Pius X (Festus),,1,2,L,1.7,1.74,-0.7,-0.26,-0.95,False
Lutheran St. Charles,2026-09-14,Ladue Horton Watkins,,3,0,W,3.04,0.82,-0.04,0.82,0.78,False
Lutheran St. Charles,2026-09-16,Kirkwood,,1,3,L,1.08,2.74,-0.08,-0.26,-0.34,False
Lutheran St. Charles,2026-09-18,Lindbergh,,0,3,L,1.63,2.81,-1.63,-0.19,-1.83,False
Lutheran St. Charles,2026-09-18,Visitation Academy,,3,0,W,3.09,0.53,-0.09,0.53,0.44,False
Lutheran St. Charles,2026-09-19,Lindbergh,,1,2,L,1.63,2.81,-0.63,0.81,0.17,False
Lutheran St. Charles,2026-09-19,Parkway Central,,2,1,W,1.91,1.62,0.09,0.62,0.72,False
Lutheran St. Charles,2026-09-19,Parkway South,,2,1,W,1.93,1.76,0.07,0.76,0.83,False
Lutheran St. Charles,2026-09-21,Ft. Zumwalt North,,2,3,L,1.85,2.07,0.15,-0.93,-0.78,False
Lutheran St. Charles,2026-09-22,Duchesne,,3,1,W,2.13,1.21,0.87,0.21,1.08,False
Lutheran St. Charles,2026-09-24,Lutheran South,,3,0,W,2.37,0.86,0.63,0.86,1.49,False
Lutheran St. Charles,2026-09-25,Parkway West,,1,3,L,1.79,1.9,-0.79,-1.1,-1.89,False
Lutheran St. Charles,2026-09-28,Lutheran North,,3,0,W,4.51,-0.63,-1.51,-0.63,-2.14,False
Lutheran St. Charles,2026-10-01,Francis Howell North,,3,2,W,2.38,1.63,0.62,-0.37,0.25,False
Lutheran St. Charles,2026-10-05,Nerinx Hall,,3,2,W,2.24,1.71,0.76,-0.29,0.47,False
Lutheran St. Charles,2026-10-07,Holt,,3,2,W,2.2,1.66,0.8,-0.34,0.46,False
Lutheran St. Charles,2026-10-08,St. Dominic,,0,3,L,0.42,3.12,-0.42,0.12,-0.3,False
Lutheran St. Charles,2026-10-09,Ozark,,,,,0.21,3.12,,,,False
Lutheran St. Charles,2026-10-10,West Plains,,,,,0.91,2.66,,,,False
Lutheran St. Charles,2026-10-12,Rockwood Summit,,,,,1.16,2.44,,,,False
Lutheran St. Charles,2026-10-15,Whitfield,,,,,3.71,0.26,,,,False
Lutheran St. Charles,2026-10-21,TBD,,,,,,,,,,False
Lutie,2026-08-27,Mansfield,,1,3,L,1.42,2.23,-0.42,-0.77,-1.19,False
Lutie,2026-08-29,Blue Eye,,0,2,L,-1.61,4.52,1.61,2.52,4.13,False
Lutie,2026-08-29,Seymour,,0,2,L,0.69,2.92,-0.69,0.92,0.23,False
Lutie,2026-08-29,Couch,,0,2,L,-0.09,3.63,0.09,1.63,1.72,False
Lutie,2026-09-01,Houston,,0,3,L,-0.6,4.22,0.6,1.22,1.81,False
Lutie,2026-09-03,Seymour,,0,3,L,0.69,2.92,-0.69,-0.08,-0.77,False
Lutie,2026-09-12,Thayer,,0,2,L,-0.55,3.94,0.55,1.94,2.48,False
Lutie,2026-09-12,Couch,,0,2,L,-0.09,3.63,0.09,1.63,1.72,False
Lutie,2026-09-13,Alton,,2,0,W,,,,,,False
Lutie,2026-09-13,"Pocahontas(Pocahontas, AR)",,0,2,L,,,,,,False
Lutie,2026-09-13,"Viola(Viola, AR)",,0,2,L,,,,,,False
Lutie,2026-09-17,Marion C. Early,,3,1,W,2.3,1.68,0.7,0.68,1.38,False
Lutie,2026-09-24,Gainesville,,0,3,L,-0.57,4.13,0.57,1.13,1.7,False
Lutie,2026-09-25,Bradleyville,,1,3,L,1.75,1.99,-0.75,-1.01,-1.76,False
Lutie,2026-10-05,Marion C. Early,,3,2,W,2.3,1.68,0.7,-0.32,0.38,False
Lutie,2026-10-06,Koshkonong,,,,,0.75,2.31,,,,False
Lutie,2026-10-08,Gloria Deo Academy,,,,,0.52,2.65,,,,False
Lutie,2026-10-09,Bradleyville,,,,,1.75,1.99,,,,False
Lutie,2026-10-12,Niangua,,,,,1.11,2.13,,,,False
Lutie,2026-10-15,Couch,,,,,-0.09,3.63,,,,False
Lutie,2026-10-22,Couch,,,,,-0.09,3.63,,,,False
"MADISON HS(MADISON, IL)",2026-09-12,Hannibal,,0,2,L,,,,,,False
MICDS,2026-08-28,Farmington,,1,2,L,1.28,1.77,-0.28,-0.23,-0.51,False
MICDS,2026-08-28,Webster Groves,,2,0,W,2.12,0.94,-0.12,0.94,0.82,False
MICDS,2026-08-28,North Point,,2,1,W,1.74,1.31,0.26,0.31,0.57,False
MICDS,2026-08-29,"Columbia(Columbia, IL)",,2,1,W,,,,,,False
MICDS,2026-08-29,Rock Bridge,,2,1,W,1.55,1.39,0.45,0.39,0.85,False
MICDS,2026-09-01,Villa Duchesne,,3,0,W,3.68,-0.52,-0.68,-0.52,-1.2,False
MICDS,2026-09-02,Whitfield,,3,0,W,4.0,-0.64,-1.0,-0.64,-1.64,False
MICDS,2026-09-04,Clayton,,3,0,W,3.56,-0.11,-0.56,-0.11,-0.67,False
MICDS,2026-09-08,Ladue Horton Watkins,,3,0,W,3.33,-0.08,-0.33,-0.08,-0.41,False
MICDS,2026-09-10,Lutheran North,,3,0,W,4.79,-1.53,-1.79,-1.53,-3.33,False
MICDS,2026-09-14,Maplewood-Richmond Hts.,,3,0,W,4.04,-1.07,-1.04,-1.07,-2.11,False
MICDS,2026-09-16,Duchesne,,3,0,W,2.42,0.31,0.58,0.31,0.89,False
MICDS,2026-09-22,Visitation Academy,,3,0,W,3.38,-0.37,-0.38,-0.37,-0.75,False
MICDS,2026-09-24,Orchard Farm,,3,0,W,2.25,0.99,0.75,0.99,1.75,False
MICDS,2026-09-26,John Burroughs,,3,1,W,1.95,1.1,1.05,0.1,1.15,False
MICDS,2026-09-28,Webster Groves,,3,1,W,2.12,0.94,0.88,-0.06,0.82,False
MICDS,2026-09-29,Lutheran South,,3,0,W,2.65,-0.04,0.35,-0.04,0.31,False
MICDS,2026-10-02,"Belleville West(Belleville, IL)",,2,0,W,,,,,,False
MICDS,2026-10-02,"Quincy(Quincy, IL)",,0,2,L,,,,,,False
MICDS,2026-10-03,John Burroughs,,2,1,W,1.95,1.1,0.05,0.1,0.15,False
MICDS,2026-10-03,Marquette,,1,2,L,1.73,1.6,-0.73,-0.4,-1.13,False
MICDS,2026-10-03,Liberty (Wentzville),,2,0,W,2.53,0.52,-0.53,0.52,-0.01,False
MICDS,2026-10-06,Westminster Christian Academy,,0,3,L,1.12,1.61,-1.12,-1.39,-2.51,False
MICDS,2026-10-08,"STL Panthers(St. Louis, MO)",,3,2,W,,,,,,False
MICDS,2026-10-09,Metro,,,,,3.74,-1.15,,,,False
MICDS,2026-10-13,Principia,,,,,4.44,-1.86,,,,False
"Madison High (IL)(Madison, IL)",2026-09-30,Lift for Life Academy Charter,,,,,,,,,,False
"Madison(Madison , IL)",2026-09-12,Seckman,,0,2,L,,,,,,False
"Madison(Madison, IL)",2026-09-01,Miller Career Academy,,3,0,W,,,,,,False
"Madison(Madison, IL)",2026-09-12,Battle,,0,2,L,,,,,,False
"Madison(Madison, IL)",2026-09-12,Father Tolton,,0,2,L,,,,,,False
"Madison(Madison, IL)",2026-09-16,Confluence Prep Academy Charter with Grand Center Arts Charter,,3,0,W,,,,,,False
"Madison(Madison, IL)",2026-10-07,Confluence Prep Academy Charter with Grand Center Arts Charter,,,,,,,,,,False
"Madison(Madison, IL)",2026-10-15,Miller Career Academy,,,,,,,,,,False
"Maize South HS( Wichita, KS)",2026-09-19,St. Teresa's Academy,,2,0,W,,,,,,False
"Maize South HS(Wichita , KS)",2026-09-19,Lee's Summit North,,1,2,L,,,,,,False
"Maize South(Wichita, KS)",2026-09-19,Eureka,,2,1,W,,,,,,False
"Maize South(Wichita, KS)",2026-10-03,Rock Bridge,,2,0,W,,,,,,False
Malden,2026-08-27,Bernie,,3,0,W,2.12,0.67,0.88,0.67,1.55,False
Malden,2026-08-31,Senath-Hornersville,,3,0,W,2.69,0.6,0.31,0.6,0.9,False
Malden,2026-09-01,Hayti,,3,0,W,3.71,-0.48,-0.71,-0.48,-1.19,False
Malden,2026-09-03,South Pemiscot,,3,0,W,2.68,0.39,0.32,0.39,0.71,False
Malden,2026-09-08,Central (New Madrid County),,3,0,W,1.78,1.3,1.22,1.3,2.53,False
Malden,2026-09-10,Kennett,,3,1,W,2.56,0.72,0.44,-0.28,0.16,False
Malden,2026-09-11,Eminence,,1,1,T,1.47,1.44,-0.47,0.44,-0.03,False
Malden,2026-09-11,Clearwater,,1,1,T,2.84,-0.2,-1.84,-1.2,-3.04,False
Malden,2026-09-12,St. Paul Lutheran (Farmington),,1,1,T,1.62,1.12,-0.62,0.12,-0.49,False
Malden,2026-09-12,Risco,,2,0,W,2.79,0.21,-0.79,0.21,-0.58,False
Malden,2026-09-12,Parkway South,,0,2,L,0.45,2.56,-0.45,0.56,0.11,False
Malden,2026-09-14,Portageville,,3,1,W,2.0,1.42,1.0,0.42,1.42,False
Malden,2026-09-15,Clarkton,,3,0,W,2.16,0.81,0.84,0.81,1.65,False
Malden,2026-09-17,Twin Rivers,,3,0,W,3.09,0.56,-0.09,0.56,0.47,False
Malden,2026-09-21,Oran,,3,0,W,2.99,-0.24,0.01,-0.24,-0.23,False
Malden,2026-09-24,Bloomfield,,3,0,W,3.06,-0.16,-0.06,-0.16,-0.21,False
Malden,2026-09-28,Puxico,,0,3,L,1.28,1.69,-1.28,-1.31,-2.58,False
Malden,2026-09-29,East Prairie,,3,1,W,2.21,0.63,0.79,-0.37,0.42,False
Malden,2026-10-01,Gideon,,0,3,L,0.52,1.86,-0.52,-1.14,-1.66,False
Malden,2026-10-05,Campbell,,3,1,W,1.6,1.28,1.4,0.28,1.68,False
Malden,2026-10-06,Caruthersville,,3,0,W,3.55,-0.52,-0.55,-0.52,-1.07,False
Malden,2026-10-08,Sikeston,,0,3,L,1.62,1.68,-1.62,-1.32,-2.94,False
Malden,2026-10-19,North Pemiscot,,,,,1.53,1.39,,,,False
Malden,2026-10-20,Holcomb,,,,,1.9,1.09,,,,False
"Mammoth Spring(Mammoth Spring, AR)",2026-08-29,Koshkonong,,0,2,L,,,,,,False
"Mammoth Spring(Mammoth Spring, AR)",2026-09-04,Koshkonong,,0,3,L,,,,,,False
"Mammoth Spring(Mammoth Spring, AR)",2026-09-21,Koshkonong,,1,3,L,,,,,,False
"Mammoth Springs(Mammoth Springs, AR)",2026-08-29,Gainesville,,0,2,L,,,,,,False
"Mammoth Springs(Mammoth Springs, AR)",2026-08-29,Niangua,,0,2,L,,,,,,False
"Mammoth Springs(Mammoth Springs, AR)",2026-09-11,Dora,,0,3,L,,,,,,False
Mansfield,2026-08-27,Lutie,,3,1,W,2.23,1.42,0.77,0.42,1.19,False
Mansfield,2026-09-01,Gloria Deo Academy,,0,3,L,0.94,2.26,-0.94,-0.74,-1.69,False
Mansfield,2026-09-03,Laquey,,3,0,W,2.1,0.97,0.9,0.97,1.87,False
Mansfield,2026-09-08,Greenwood,,0,3,L,0.05,3.46,-0.05,0.46,0.41,False
Mansfield,2026-09-10,Koshkonong,,0,3,L,1.17,1.91,-1.17,-1.09,-2.25,False
Mansfield,2026-09-12,Chadwick,,0,2,L,0.72,2.61,-0.72,0.61,-0.11,False
Mansfield,2026-09-12,"CSW(Wichita, KS)",,0,2,L,,,,,,False
Mansfield,2026-09-12,Pleasant Hope,,0,2,L,-0.11,3.36,0.11,1.36,1.47,False
Mansfield,2026-09-12,School of the Ozarks,,0,2,L,-0.55,3.6,0.55,1.6,2.16,False
Mansfield,2026-09-14,Cabool,,0,3,L,-1.6,4.8,1.6,1.8,3.4,False
Mansfield,2026-09-15,Niangua,,1,3,L,1.53,1.74,-0.53,-1.26,-1.8,False
Mansfield,2026-09-17,Chadwick,,1,3,L,0.72,2.61,0.28,-0.39,-0.11,False
Mansfield,2026-09-21,Couch,,0,3,L,0.33,3.24,-0.33,0.24,-0.1,False
Mansfield,2026-09-24,Conway,,0,3,L,0.21,3.31,-0.21,0.31,0.1,False
Mansfield,2026-09-28,Plato,,0,3,L,0.43,3.07,-0.43,0.07,-0.36,False
Mansfield,2026-09-29,Hurley,,1,3,L,0.77,2.62,0.23,-0.38,-0.15,False
Mansfield,2026-10-01,Bradleyville,,3,1,W,2.17,1.6,0.83,0.6,1.43,False
Mansfield,2026-10-03,Conway,,0,2,L,0.21,3.31,-0.21,1.31,1.1,False
Mansfield,2026-10-03,Ellington,,0,2,L,-1.18,4.16,1.18,2.16,3.34,False
Mansfield,2026-10-03,Salem,,0,2,L,-0.72,4.21,0.72,2.21,2.93,False
Mansfield,2026-10-05,Seymour,,1,3,L,1.11,2.53,-0.11,-0.47,-0.58,False
Mansfield,2026-10-06,Ava,,0,3,L,-0.34,3.75,0.34,0.75,1.09,False
Mansfield,2026-10-08,Bakersfield,,1,3,L,0.44,3.03,0.56,0.03,0.59,False
Mansfield,2026-10-10,Blue Eye,,,,,-1.19,4.13,,,,False
Mansfield,2026-10-12,Fordland,,,,,0.28,3.61,,,,False
Mansfield,2026-10-13,Sparta,,,,,0.82,2.47,,,,False
Mansfield,2026-10-15,Dora,,,,,0.6,2.79,,,,False
Mansfield,2026-10-19,Gainesville,,,,,-0.15,3.74,,,,False
Mansfield,2026-10-22,Dora,,,,,0.6,2.79,,,,False
Maplewood-Richmond Hts.,2026-08-28,Jennings,,3,0,W,4.16,-1.0,-1.16,-1.0,-2.17,False
Maplewood-Richmond Hts.,2026-08-31,Believe Acad Charter,,,,,5.45,-2.42,,,,False
Maplewood-Richmond Hts.,2026-09-01,Bayless,,1,1,T,1.63,1.61,-0.63,0.61,-0.02,False
Maplewood-Richmond Hts.,2026-09-01,Hancock,,2,0,W,2.15,0.67,-0.15,0.67,0.51,False
Maplewood-Richmond Hts.,2026-09-01,Valley Park,,2,0,W,2.84,-0.12,-0.84,-0.12,-0.96,False
Maplewood-Richmond Hts.,2026-09-02,Crossroads College Preparatory,,2,0,W,3.4,-0.44,-1.4,-0.44,-1.84,False
Maplewood-Richmond Hts.,2026-09-03,Bayless,,2,0,W,1.63,1.61,0.37,1.61,1.98,False
Maplewood-Richmond Hts.,2026-09-03,Principia,,2,0,W,1.83,0.64,0.17,0.64,0.81,False
Maplewood-Richmond Hts.,2026-09-08,Principia,,3,0,W,1.83,0.64,1.17,0.64,1.81,False
Maplewood-Richmond Hts.,2026-09-09,Hancock,,0,3,L,2.15,0.67,-2.15,-2.33,-4.49,False
Maplewood-Richmond Hts.,2026-09-11,Valley Park,,3,0,W,2.84,-0.12,0.16,-0.12,0.04,False
Maplewood-Richmond Hts.,2026-09-14,MICDS,,0,3,L,-1.07,4.04,1.07,1.04,2.11,False
Maplewood-Richmond Hts.,2026-09-15,Crossroads College Preparatory,,3,0,W,3.4,-0.44,-0.4,-0.44,-0.84,False
Maplewood-Richmond Hts.,2026-09-18,Bayless,,2,3,L,1.63,1.61,0.37,-1.39,-1.02,False
Maplewood-Richmond Hts.,2026-09-21,STEAM Academy,,3,0,W,2.31,0.77,0.69,0.77,1.46,False
Maplewood-Richmond Hts.,2026-09-22,Brentwood,,3,1,W,1.71,0.98,1.29,-0.02,1.27,False
Maplewood-Richmond Hts.,2026-09-23,Notre Dame (St. Louis),,1,3,L,0.37,2.7,0.63,-0.3,0.32,False
Maplewood-Richmond Hts.,2026-09-26,Brentwood,,1,1,T,1.71,0.98,-0.71,-0.02,-0.73,False
Maplewood-Richmond Hts.,2026-09-26,Bourbon,,1,1,T,2.06,0.83,-1.06,-0.17,-1.24,False
Maplewood-Richmond Hts.,2026-09-26,Principia,,2,0,W,1.83,0.64,0.17,0.64,0.81,False
Maplewood-Richmond Hts.,2026-09-28,St. Louis Ignite,,1,3,L,,,,,,False
Maplewood-Richmond Hts.,2026-09-29,Valley Park,,3,0,W,2.84,-0.12,0.16,-0.12,0.04,False
Maplewood-Richmond Hts.,2026-10-01,Collegiate School of Med-Bio Science,,3,2,W,2.63,0.81,0.37,-1.19,-0.82,False
Maplewood-Richmond Hts.,2026-10-02,Crossroads College Preparatory,,3,0,W,3.4,-0.44,-0.4,-0.44,-0.84,False
Maplewood-Richmond Hts.,2026-10-05,Affton,,0,3,L,1.4,1.72,-1.4,-1.28,-2.67,False
Maplewood-Richmond Hts.,2026-10-06,Bayless,,3,1,W,1.63,1.61,1.37,0.61,1.98,False
Maplewood-Richmond Hts.,2026-10-09,Brentwood,,,,,1.71,0.98,,,,False
Maplewood-Richmond Hts.,2026-10-12,Hancock,,,,,2.15,0.67,,,,False
Maplewood-Richmond Hts.,2026-10-12,Gateway with Soldan International Studies,,,,,4.24,-1.17,,,,False
Maplewood-Richmond Hts.,2026-10-15,University City,,,,,3.24,0.12,,,,False
Maplewood-Richmond Hts.,2026-10-17,Gateway with Soldan International Studies,,,,,4.24,-1.17,,,,False
"Maranatha Christian(Lenexa, KS)",2026-08-28,Lutheran (Kansas City),,3,0,W,,,,,,False
"Maranatha Christian(Shawnee, KS)",2026-09-17,Northland Christian,,3,1,W,,,,,,False
"Maranatha Christian(Shawnee, KS)",2026-09-19,Northland Christian,,2,0,W,,,,,,False
"Maranatha(Olathe, KS)",2026-09-03,Faith Christian Academy,,3,0,W,,,,,,False
Marion C. Early,2026-08-28,Everton,,0,3,L,-0.36,3.85,0.36,0.85,1.21,False
Marion C. Early,2026-09-03,Greenwood,,0,3,L,-0.5,4.34,0.5,1.34,1.84,False
Marion C. Early,2026-09-08,Gloria Deo Academy,,1,3,L,0.39,3.13,0.61,0.13,0.74,False
Marion C. Early,2026-09-11,Purdy,,0,3,L,0.05,3.94,-0.05,0.94,0.89,False
Marion C. Early,2026-09-15,Pleasant Hope,,0,3,L,-0.66,4.23,0.66,1.23,1.89,False
Marion C. Early,2026-09-17,Lutie,,1,3,L,1.68,2.3,-0.68,-0.7,-1.38,False
Marion C. Early,2026-09-24,Exeter,,0,3,L,1.09,2.66,-1.09,-0.34,-1.43,False
Marion C. Early,2026-09-28,Ash Grove,,0,3,L,-1.61,5.17,1.61,2.17,3.78,False
Marion C. Early,2026-09-29,Everton,,0,3,L,-0.36,3.85,0.36,0.85,1.21,False
Marion C. Early,2026-10-02,Billings,,0,3,L,-1.64,5.5,1.64,2.5,4.14,False
Marion C. Early,2026-10-05,Lutie,,2,3,L,1.68,2.3,0.32,-0.7,-0.38,False
Marion C. Early,2026-10-08,Bronaugh,,3,0,W,2.35,1.04,0.65,1.04,1.69,False
Marion C. Early,2026-10-08,"Pleasanton  (Pleasanton, Kansas)",,1,3,L,,,,,,False
Marion C. Early,2026-10-13,Southwest (Washburn),,,,,0.44,2.91,,,,False
Marion C. Early,2026-10-15,Fordland,,,,,-0.27,4.48,,,,False
Marion C. Early,2026-10-17,Lesterville,,,,,-0.89,4.53,,,,False
Marion C. Early,2026-10-17,Sparta,,,,,0.27,3.35,,,,False
Marion C. Early,2026-10-17,Spokane,,,,,-1.81,5.51,,,,False
Marion C. Early,2026-10-17,Miller,,,,,-1.49,5.32,,,,False
Marion C. Early,2026-10-20,Pleasant Hope,,,,,-0.66,4.23,,,,False
Marionville,2026-08-29,Crane,,1,1,T,1.94,1.15,-0.94,0.15,-0.79,False
Marionville,2026-08-29,Winona,,0,2,L,0.06,3.07,-0.06,1.07,1.02,False
Marionville,2026-08-29,Miller,,0,2,L,0.96,2.24,-0.96,0.24,-0.73,False
Marionville,2026-08-29,Sarcoxie,,0,2,L,1.66,1.82,-1.66,-0.18,-1.84,False
Marionville,2026-08-29,Seneca,,2,0,W,2.95,0.11,-0.95,0.11,-0.84,False
Marionville,2026-09-01,Forsyth,,3,1,W,2.06,0.82,0.94,-0.18,0.76,False
Marionville,2026-09-03,Southwest (Washburn),,3,0,W,2.89,-0.17,0.11,-0.17,-0.06,False
Marionville,2026-09-08,Lighthouse Sr. High,,1,3,L,,,,,,False
Marionville,2026-09-10,Spokane,,0,3,L,0.64,2.43,-0.64,-0.57,-1.21,False
Marionville,2026-09-14,Greenfield,,3,0,W,1.87,1.44,1.13,1.44,2.58,False
Marionville,2026-09-15,Verona,,3,0,W,2.31,0.85,0.69,0.85,1.54,False
Marionville,2026-09-17,New Heights Christian,,3,1,W,1.44,1.38,1.56,0.38,1.94,False
Marionville,2026-09-21,Crane,,3,2,W,1.94,1.15,1.06,-0.85,0.21,False
Marionville,2026-09-22,Lockwood,,0,3,L,0.26,2.55,-0.26,-0.45,-0.71,False
Marionville,2026-09-24,Stockton,,3,2,W,1.35,1.89,1.65,-0.11,1.55,False
Marionville,2026-09-26,Blue Eye,,0,2,L,0.72,1.92,-0.72,-0.08,-0.79,False
Marionville,2026-09-26,Chadwick,,2,0,W,2.63,0.41,-0.63,0.41,-0.22,False
Marionville,2026-09-26,Conway,,1,1,T,2.11,1.1,-1.11,0.1,-1.01,False
Marionville,2026-09-26,Gloria Deo Academy,,2,0,W,2.85,0.05,-0.85,0.05,-0.79,False
Marionville,2026-09-26,Monett,,0,2,L,1.18,1.86,-1.18,-0.14,-1.31,False
Marionville,2026-09-29,Ash Grove,,0,3,L,0.85,2.09,-0.85,-0.91,-1.76,False
Marionville,2026-10-01,Sarcoxie,,3,2,W,1.66,1.82,1.34,-0.18,1.16,False
Marionville,2026-10-06,Pierce City,,,,,1.43,1.37,,,,False
Marionville,2026-10-08,Skyline,,0,3,L,0.95,2.13,-0.95,-0.87,-1.82,False
Marionville,2026-10-10,Pleasant Hope,,,,,1.79,1.15,,,,False
Marionville,2026-10-13,Miller,,,,,0.96,2.24,,,,False
Marionville,2026-10-15,Diamond,,,,,1.94,1.3,,,,False
Marquand-Zion,2026-09-08,Grandview (Hillsboro),,,,,,,,,,False
Marquand-Zion,2026-09-10,Zalma,,,,,,,,,,False
Marquand-Zion,2026-09-11,Richland (Essex),,,,,,,,,,False
Marquand-Zion,2026-09-23,Kelly,,,,,,,,,,False
Marquand-Zion,2026-10-12,Zalma,,,,,,,,,,False
Marquand-Zion,2026-10-16,Viburnum,,,,,,,,,,False
Marquette,2026-08-27,Francis Howell,,3,2,W,2.33,1.2,0.67,-0.8,-0.12,False
Marquette,2026-08-31,Lutheran St. Charles,,3,1,W,2.5,1.44,0.5,0.44,0.94,False
Marquette,2026-09-01,Parkway Central,,3,0,W,2.26,0.92,0.74,0.92,1.66,False
Marquette,2026-09-03,St. Pius X (Festus),,3,0,W,2.05,1.04,0.95,1.04,1.99,False
Marquette,2026-09-08,Kirkwood,,0,3,L,1.43,2.03,-1.43,-0.97,-2.4,False
Marquette,2026-09-11,Oakville,,0,2,L,1.8,1.66,-1.8,-0.34,-2.14,False
Marquette,2026-09-11,Nixa,,1,2,L,0.97,2.09,0.03,0.09,0.12,False
Marquette,2026-09-12,Blue Springs,,0,2,L,1.21,2.0,-1.21,0.0,-1.2,False
Marquette,2026-09-12,Ozark,,0,2,L,0.56,2.41,-0.56,0.41,-0.15,False
Marquette,2026-09-12,St. Michael the Archangel,,0,2,L,0.83,2.41,-0.83,0.41,-0.42,False
Marquette,2026-09-12,St. Louis Christian Sr.,,0,2,L,,,,,,False
Marquette,2026-09-15,Rockwood Summit,,1,3,L,1.51,1.74,-0.51,-1.26,-1.77,False
Marquette,2026-09-17,Eureka,,2,3,L,0.66,2.61,1.34,-0.39,0.95,False
Marquette,2026-09-18,Cor Jesu Academy,,0,3,L,1.27,2.38,-1.27,-0.62,-1.89,False
Marquette,2026-09-22,Rock Bridge,,3,2,W,1.61,1.59,1.39,-0.41,0.98,False
Marquette,2026-09-24,Francis Howell Central,,3,1,W,2.49,1.2,0.51,0.2,0.71,False
Marquette,2026-09-28,St. Joseph's Academy,,0,3,L,1.22,2.1,-1.22,-0.9,-2.12,False
Marquette,2026-09-30,Lindbergh,,3,2,W,1.98,2.1,1.02,0.1,1.12,False
Marquette,2026-10-01,Lafayette (Wildwood),,1,3,L,-0.15,3.26,1.15,0.26,1.41,False
Marquette,2026-10-02,"Althoff Catholic(Belleville, IL)",,2,1,W,,,,,,False
Marquette,2026-10-02,"Mascoutah(Mascoutah, IL)",,0,2,L,,,,,,False
Marquette,2026-10-02,"Plainfield East(Plainfield, IL)",,2,0,W,,,,,,False
Marquette,2026-10-03,MICDS,,2,1,W,1.6,1.73,0.4,0.73,1.13,False
Marquette,2026-10-03,"O'Fallon(O'Fallon, IL)",,2,1,W,,,,,,False
Marquette,2026-10-06,Webster Groves,,3,0,W,2.18,1.14,0.82,1.14,1.95,False
Marquette,2026-10-08,Parkway West,,3,0,W,2.15,1.2,0.85,1.2,2.05,False
Marquette,2026-10-12,St. Louis Christian Sr.,,,,,,,,,,False
Marquette,2026-10-13,St. Dominic,,,,,0.77,2.41,,,,False
Marquette,2026-10-15,Pattonville,,,,,3.5,0.11,,,,False
Marquette,2026-10-17,Francis Howell North,,,,,2.73,0.93,,,,False
Marquette,2026-10-17,Incarnate Word Academy,,,,,1.04,2.95,,,,False
Marquette,2026-10-21,Westminster Christian Academy,,,,,1.18,1.81,,,,False
Marshall,2026-08-31,Sacred Heart,,0,3,L,0.75,2.31,-0.75,-0.69,-1.44,False
Marshall,2026-09-01,Kirksville,,0,3,L,1.07,1.93,-1.07,-1.07,-2.14,False
Marshall,2026-09-03,Fulton,,3,2,W,0.93,2.29,2.07,0.29,2.36,False
Marshall,2026-09-07,Brookfield,,3,0,W,2.42,0.75,0.58,0.75,1.33,False
Marshall,2026-09-08,Warrensburg,,0,3,L,-0.51,3.48,0.51,0.48,0.98,False
Marshall,2026-09-10,Mexico,,2,3,L,1.94,1.95,0.06,-1.05,-0.99,False
Marshall,2026-09-12,Cameron,,1,1,T,0.78,2.26,0.22,1.26,1.49,False
Marshall,2026-09-12,Lafayette County,,0,2,L,-0.5,3.18,0.5,1.18,1.68,False
Marshall,2026-09-12,Versailles,,0,2,L,0.32,3.01,-0.32,1.01,0.69,False
Marshall,2026-09-12,Northwest (Hughesville),,2,0,W,1.73,1.01,0.27,1.01,1.28,False
Marshall,2026-09-15,Sweet Springs,,1,3,L,0.79,2.54,0.21,-0.46,-0.25,False
Marshall,2026-09-17,Odessa,,0,3,L,-0.69,4.25,0.69,1.25,1.94,False
Marshall,2026-09-21,Smith-Cotton,,0,3,L,-0.22,3.27,0.22,0.27,0.49,False
Marshall,2026-09-23,Concordia,,0,3,L,0.44,2.8,-0.44,-0.2,-0.64,False
Marshall,2026-09-26,Cole Camp,,0,2,L,-0.48,3.38,0.48,1.38,1.85,False
Marshall,2026-09-26,Tipton,,0,2,L,0.22,2.45,-0.22,0.45,0.24,False
Marshall,2026-09-26,Santa Fe,,0,2,L,0.17,2.81,-0.17,0.81,0.64,False
Marshall,2026-09-26,Smith-Cotton,,0,2,L,-0.22,3.27,0.22,1.27,1.49,False
Marshall,2026-09-28,Chillicothe,,0,3,L,0.58,2.29,-0.58,-0.71,-1.29,False
Marshall,2026-10-01,Kirksville,,0,3,L,1.07,1.93,-1.07,-1.07,-2.14,False
Marshall,2026-10-03,Sweet Springs,,1,2,L,0.79,2.54,0.21,0.54,0.75,False
Marshall,2026-10-03,Carrollton,,,,,1.54,1.83,,,,False
Marshall,2026-10-04,Carrollton,,,,,1.54,1.83,,,,False
Marshall,2026-10-05,Hallsville,,1,3,L,0.03,2.98,0.97,-0.02,0.94,False
Marshall,2026-10-08,Boonville,,0,3,L,-0.31,3.33,0.31,0.33,0.64,False
Marshall,2026-10-13,Santa Fe,,,,,0.17,2.81,,,,False
Marshall,2026-10-15,Mexico,,,,,1.94,1.95,,,,False
Marshall,2026-10-20,Raytown South,,,,,1.16,2.0,,,,False
Marshfield,2026-08-29,Capital City,,3,0,W,2.45,0.68,0.55,0.68,1.23,False
Marshfield,2026-08-29,Clever,,3,0,W,2.19,0.77,0.81,0.77,1.59,False
Marshfield,2026-08-31,Cabool,,3,0,W,2.18,0.58,0.82,0.58,1.4,False
Marshfield,2026-09-01,Willard,,3,1,W,2.07,1.03,0.93,0.03,0.96,False
Marshfield,2026-09-03,Camdenton,,2,0,W,2.78,-0.07,-0.78,-0.07,-0.85,False
Marshfield,2026-09-03,Jefferson City,,0,2,L,1.15,1.68,-1.15,-0.32,-1.48,False
Marshfield,2026-09-03,Rock Bridge,,0,2,L,1.28,1.52,-1.28,-0.48,-1.75,False
Marshfield,2026-09-07,Aurora,,3,1,W,3.94,-0.53,-0.94,-1.53,-2.47,False
Marshfield,2026-09-10,Fair Grove,,3,2,W,2.45,0.16,0.55,-1.84,-1.29,False
Marshfield,2026-09-12,"Highland(Highland, AR)",,2,0,W,,,,,,False
Marshfield,2026-09-12,Liberty (Mountain View),,1,1,T,1.99,0.86,-0.99,-0.14,-1.13,False
Marshfield,2026-09-12,Rolla,,2,0,W,2.85,0.1,-0.85,0.1,-0.76,False
Marshfield,2026-09-12,Blair Oaks,,2,0,W,1.41,1.64,0.59,1.64,2.23,False
Marshfield,2026-09-12,West Plains,,0,2,L,0.93,1.89,-0.93,-0.11,-1.04,False
Marshfield,2026-09-15,Strafford,,3,1,W,1.42,1.29,1.58,0.29,1.87,False
Marshfield,2026-09-17,Springfield Catholic,,3,0,W,2.25,0.28,0.75,0.28,1.03,False
Marshfield,2026-09-21,Mountain Grove,,3,0,W,2.24,0.37,0.76,0.37,1.13,False
Marshfield,2026-09-22,Bolivar,,3,0,W,2.89,-0.22,0.11,-0.22,-0.11,False
Marshfield,2026-09-24,Branson,,3,0,W,1.76,1.02,1.24,1.02,2.26,False
Marshfield,2026-09-26,Carthage,,0,2,L,1.25,1.51,-1.25,-0.49,-1.75,False
Marshfield,2026-09-26,"Fayetteville(Fayetteville, AR)",,0,2,L,,,,,,False
Marshfield,2026-09-26,Hillcrest,,2,0,W,2.67,-0.12,-0.67,-0.12,-0.78,False
Marshfield,2026-09-26,Bolivar,,2,0,W,2.89,-0.22,-0.89,-0.22,-1.11,False
Marshfield,2026-09-26,Willard,,2,0,W,2.07,1.03,-0.07,1.03,0.96,False
Marshfield,2026-09-26,Eldon,,2,0,W,3.24,-0.14,-1.24,-0.14,-1.39,False
Marshfield,2026-10-01,Hillcrest,,3,0,W,2.67,-0.12,0.33,-0.12,0.22,False
Marshfield,2026-10-06,West Plains,,2,3,L,0.93,1.89,1.07,-1.11,-0.04,False
Marshfield,2026-10-08,Carl Junction,,1,3,L,1.76,0.96,-0.76,-2.04,-2.8,False
Marshfield,2026-10-12,Glendale,,,,,1.66,1.04,,,,False
Marshfield,2026-10-15,Logan-Rogersville,,,,,2.23,1.15,,,,False
Marshfield,2026-10-20,Rolla,,,,,2.85,0.1,,,,False
Maryville,2026-08-22,Lathrop,,2,0,W,3.9,-0.47,-1.9,-0.47,-2.37,False
Maryville,2026-08-22,Cameron,,2,0,W,3.33,-0.07,-1.33,-0.07,-1.41,False
Maryville,2026-08-28,Oak Grove,,0,2,L,0.34,2.55,-0.34,0.55,0.21,False
Maryville,2026-08-28,Notre Dame de Sion,,1,2,L,1.76,2.09,-0.76,0.09,-0.67,False
Maryville,2026-08-29,Belton,,1,2,L,1.39,2.16,-0.39,0.16,-0.23,False
Maryville,2026-08-29,Hannibal,,0,2,L,0.62,2.24,-0.62,0.24,-0.38,False
Maryville,2026-09-01,Benton,,3,2,W,1.37,1.78,1.63,-0.22,1.41,False
Maryville,2026-09-03,East Buchanan,,3,1,W,1.96,1.21,1.04,0.21,1.25,False
Maryville,2026-09-08,Bishop LeBlond,,3,2,W,2.32,1.22,0.68,-0.78,-0.1,False
Maryville,2026-09-14,"Atchison(Atchison, KS)",,3,0,W,,,,,,False
Maryville,2026-09-22,Plattsburg,,3,0,W,3.12,-0.07,-0.12,-0.07,-0.19,False
Maryville,2026-09-24,Cameron,,3,1,W,3.33,-0.07,-0.33,-1.07,-1.41,False
Maryville,2026-09-26,Adrian,,0,2,L,1.26,1.68,-1.26,-0.32,-1.58,False
Maryville,2026-09-26,Central (St. Joseph),,2,0,W,2.2,0.7,-0.2,0.7,0.5,False
Maryville,2026-09-26,University Academy Charter,,2,0,W,2.92,-0.24,-0.92,-0.24,-1.16,False
Maryville,2026-09-26,Northeast (Kansas City),,2,0,W,5.87,-2.39,-3.87,-2.39,-6.26,False
Maryville,2026-09-26,Kearney,,2,1,W,1.93,0.93,0.07,-0.07,0.0,False
Maryville,2026-10-01,Savannah,,3,0,W,1.99,1.65,1.01,1.65,2.66,False
Maryville,2026-10-08,Benton,,1,3,L,1.37,1.78,-0.37,-1.22,-1.59,False
Maryville,2026-10-10,Lafayette County,,,,,2.06,0.84,,,,False
Maryville,2026-10-10,Lawson,,,,,2.62,0.51,,,,False
Maryville,2026-10-10,Odessa,,,,,1.87,1.92,,,,False
Maryville,2026-10-12,South Harrison,,,,,3.89,-0.53,,,,False
Maryville,2026-10-13,Excelsior Springs,,,,,3.8,-0.41,,,,False
Maryville,2026-10-15,Chillicothe,,,,,3.14,-0.04,,,,False
Maryville,2026-10-22,TBD,,,,,,,,,,False
"Mascoutah(Mascoutah, IL)",2026-09-12,Eureka,,1,2,L,,,,,,False
"Mascoutah(Mascoutah, IL)",2026-09-12,Oakville,,2,0,W,,,,,,False
"Mascoutah(Mascoutah, IL)",2026-10-02,Marquette,,2,0,W,,,,,,False
"Mascoutah(Mascoutah, IL)",2026-10-03,Cor Jesu Academy,,2,1,W,,,,,,False
"Mascoutah(mascoutah, IL)",2026-09-12,Incarnate Word Academy,,1,2,L,,,,,,False
"Mater Dei Catholic(Breese, IL)",2026-09-30,Eureka,,2,1,W,,,,,,False
"Mater Dei Catholic(Breese, IL)",2026-10-17,Cor Jesu Academy,,,,,,,,,,False
"Mater Dei(Breese, IL)",2026-08-28,St. Pius X (Festus),,2,0,W,,,,,,False
"Mater Dei(Breese, IL)",2026-08-29,St. Joseph's Academy,,2,0,W,,,,,,False
"Mater Dei(Breese, IL)",2026-08-29,Duchesne,,2,0,W,,,,,,False
"Mater Dei(Breese, IL)",2026-09-25,Incarnate Word Academy,,3,1,W,,,,,,False
"Mater Dei(Breese, IL)",2026-10-02,John Burroughs,,2,0,W,,,,,,False
"Mater Dei(Breese, IL)",2026-10-15,Lafayette (Wildwood),,,,,,,,,,False
"Mater Dei(Breeze, IL)",2026-10-02,Francis Howell,,2,0,W,,,,,,False
"Maur Hill Mount(Atchison, KS)",2026-09-21,Mid-Buchanan,,0,3,L,,,,,,False
"Maur Hill(Atchison , KS)",2026-09-10,Bishop LeBlond,,0,3,L,,,,,,False
Maysville,2026-08-27,West Nodaway with Nodaway-Holt,,0,3,L,0.0,2.94,-0.0,-0.06,-0.06,False
Maysville,2026-08-29,St. Joseph Christian,,0,2,L,-0.3,3.25,0.3,1.25,1.55,False
Maysville,2026-08-29,West Nodaway with Nodaway-Holt,,0,2,L,0.0,2.94,-0.0,0.94,0.94,False
Maysville,2026-08-29,South Holt with Craig,,0,2,L,0.64,2.44,-0.64,0.44,-0.2,False
Maysville,2026-08-29,"Rock Port JV(Rock Port, MO)",,2,1,W,,,,,,False
Maysville,2026-09-01,Orrick,,3,1,W,2.56,0.67,0.44,-0.33,0.11,False
Maysville,2026-09-03,Mid-Buchanan,,0,3,L,-1.58,4.22,1.58,1.22,2.8,False
Maysville,2026-09-08,East Buchanan,,0,3,L,-0.91,3.98,0.91,0.98,1.89,False
Maysville,2026-09-10,South Holt with Craig,,0,3,L,0.64,2.44,-0.64,-0.56,-1.2,False
Maysville,2026-09-14,Union Star with King City,,1,3,L,1.6,1.82,-0.6,-1.18,-1.78,False
Maysville,2026-09-15,North Platte,,3,1,W,1.42,1.41,1.58,0.41,1.99,False
Maysville,2026-09-17,St. Joseph Christian,,0,3,L,-0.3,3.25,0.3,0.25,0.55,False
Maysville,2026-09-21,Tarkio with Fairfax,,0,3,L,1.07,2.21,-1.07,-0.79,-1.86,False
Maysville,2026-09-22,Faith Christian Academy,,1,3,L,0.19,2.49,0.81,-0.51,0.3,False
Maysville,2026-09-24,Trenton,,1,3,L,1.38,1.82,-0.38,-1.18,-1.56,False
Maysville,2026-09-28,North Nodaway,,3,1,W,2.25,1.43,0.75,0.43,1.18,False
Maysville,2026-10-03,Brookfield,,2,0,W,2.11,1.18,-0.11,1.18,1.08,False
Maysville,2026-10-03,South Harrison,,1,2,L,1.02,2.24,-0.02,0.24,0.22,False
Maysville,2026-10-03,Union Star with King City,,1,1,T,1.6,1.82,-0.6,0.82,0.22,False
Maysville,2026-10-05,Penney,,3,0,W,2.78,0.12,0.22,0.12,0.34,False
Maysville,2026-10-07,Plattsburg,,0,3,L,0.25,2.7,-0.25,-0.3,-0.55,False
Maysville,2026-10-08,Brookfield,,,,,2.11,1.18,,,,False
Maysville,2026-10-10,Brookfield,,,,,2.11,1.18,,,,False
Maysville,2026-10-10,South Harrison,,,,,1.02,2.24,,,,False
Maysville,2026-10-12,Union Star with King City,,,,,1.6,1.82,,,,False
Maysville,2026-10-13,Crossroads Prep Charter,,,,,2.0,0.98,,,,False
Maysville,2026-10-15,South Harrison,,,,,1.02,2.24,,,,False
Maysville,2026-10-20,Trenton,,,,,1.38,1.82,,,,False
McAuley Catholic,2026-08-31,Parkview,,0,3,L,0.83,2.26,-0.83,-0.74,-1.57,False
McAuley Catholic,2026-09-01,Seneca,,1,3,L,1.67,1.61,-0.67,-1.39,-2.05,False
McAuley Catholic,2026-09-03,Jasper,,0,3,L,1.04,2.43,-1.04,-0.57,-1.62,False
McAuley Catholic,2026-09-05,Everton,,0,2,L,0.81,2.27,-0.81,0.27,-0.54,False
McAuley Catholic,2026-09-05,Exeter,,2,0,W,2.27,1.08,-0.27,1.08,0.82,False
McAuley Catholic,2026-09-05,Galena,,0,2,L,1.55,1.41,-1.55,-0.59,-2.14,False
McAuley Catholic,2026-09-05,Northeast Vernon County,,2,0,W,2.83,0.07,-0.83,0.07,-0.76,False
McAuley Catholic,2026-09-05,Verona,,1,1,T,1.03,2.35,-0.03,1.35,1.33,False
McAuley Catholic,2026-09-07,New Heights Christian,,0,3,L,0.16,2.89,-0.16,-0.11,-0.28,False
McAuley Catholic,2026-09-08,Northeast Vernon County,,3,0,W,2.83,0.07,0.17,0.07,0.24,False
McAuley Catholic,2026-09-14,Golden City,,3,1,W,1.79,1.6,1.21,0.6,1.81,False
McAuley Catholic,2026-09-15,Exeter,,3,2,W,2.27,1.08,0.73,-0.92,-0.18,False
McAuley Catholic,2026-09-15,Bronaugh,,3,0,W,3.52,-0.54,-0.52,-0.54,-1.06,False
McAuley Catholic,2026-09-17,Liberal,,0,3,L,-0.26,3.89,0.26,0.89,1.15,False
McAuley Catholic,2026-09-19,East Newton,,0,2,L,-0.68,3.72,0.68,1.72,2.4,False
McAuley Catholic,2026-09-19,New Heights Christian,,2,0,W,0.16,2.89,1.84,2.89,4.72,False
McAuley Catholic,2026-09-19,Pierce City,,0,2,L,0.15,2.87,-0.15,0.87,0.72,False
McAuley Catholic,2026-09-19,Sarcoxie,,0,2,L,0.38,3.33,-0.38,1.33,0.95,False
McAuley Catholic,2026-09-21,Sarcoxie,,0,3,L,0.38,3.33,-0.38,0.33,-0.05,False
McAuley Catholic,2026-09-22,Thomas Jefferson Independent Day,,0,3,L,0.1,2.67,-0.1,-0.33,-0.43,False
McAuley Catholic,2026-09-24,Purdy,,0,3,L,1.23,2.36,-1.23,-0.64,-1.87,False
McAuley Catholic,2026-09-29,Wheaton,,2,3,L,1.46,1.85,0.54,-1.15,-0.61,False
McAuley Catholic,2026-09-30,Rich Hill,,3,0,W,1.63,1.52,1.37,1.52,2.89,False
McAuley Catholic,2026-10-01,Verona,,2,3,L,1.03,2.35,0.97,-0.65,0.33,False
McAuley Catholic,2026-10-05,Exeter,,3,1,W,2.27,1.08,0.73,0.08,0.82,False
McAuley Catholic,2026-10-16,Lockwood,,,,,-1.02,4.05,,,,False
McAuley Catholic,2026-10-19,Southwest (Washburn),,,,,1.61,1.33,,,,False
McAuley Catholic,2026-10-20,Greenfield,,,,,0.59,2.95,,,,False
McCluer,2026-08-29,Hazelwood Central,,0,2,L,0.12,3.36,-0.12,1.36,1.25,False
McCluer,2026-08-29,Hazelwood East,,0,2,L,-0.56,4.31,0.56,2.31,2.87,False
McCluer,2026-08-29,University City,,0,2,L,0.3,3.62,-0.3,1.62,1.32,False
McCluer,2026-09-08,Jennings,,2,3,L,1.23,2.49,0.77,-0.51,0.27,False
McCluer,2026-09-14,McCluer North,,0,3,L,1.27,2.35,-1.27,-0.65,-1.92,False
McCluer,2026-09-15,Cardinal Ritter,,0,3,L,0.41,3.12,-0.41,0.12,-0.28,False
McCluer,2026-09-16,Hazelwood East,,1,3,L,-0.56,4.31,1.56,1.31,2.87,False
McCluer,2026-09-16,Normandy Collaborative,,,,,,,,,,False
McCluer,2026-09-17,University City,,0,3,L,0.3,3.62,-0.3,0.62,0.32,False
McCluer,2026-09-22,STEAM Academy,,0,3,L,-0.62,4.27,0.62,1.27,1.89,False
McCluer,2026-09-24,Hazelwood Central,,0,3,L,0.12,3.36,-0.12,0.36,0.25,False
McCluer,2026-09-28,Jennings,,1,3,L,1.23,2.49,-0.23,-0.51,-0.73,False
McCluer,2026-09-29,Lift for Life Academy Charter,,0,3,L,-0.3,3.73,0.3,0.73,1.04,False
McCluer,2026-09-30,Normandy Collaborative,,3,1,W,,,,,,False
McCluer,2026-10-01,McCluer North,,2,3,L,1.27,2.35,0.73,-0.65,0.08,False
McCluer,2026-10-05,Hazelwood East,,0,3,L,-0.56,4.31,0.56,1.31,1.87,False
McCluer,2026-10-07,University City,,0,3,L,0.3,3.62,-0.3,0.62,0.32,False
McCluer,2026-10-12,STEAM Academy,,,,,-0.62,4.27,,,,False
McCluer,2026-10-12,Normandy Collaborative,,,,,,,,,,False
McCluer,2026-10-14,Hazelwood Central,,,,,0.12,3.36,,,,False
McCluer,2026-10-17,Hazelwood West,,,,,-1.02,4.34,,,,False
McCluer North,2026-08-29,Hazelwood West,,0,2,L,-0.66,3.62,0.66,1.62,2.28,False
McCluer North,2026-08-29,Jennings,,0,2,L,1.59,1.77,-1.59,-0.23,-1.82,False
McCluer North,2026-08-29,University City,,0,2,L,0.66,2.89,-0.66,0.89,0.23,False
McCluer North,2026-09-03,Gateway with Soldan International Studies,,1,3,L,1.66,1.6,-0.66,-1.4,-2.06,False
McCluer North,2026-09-04,Believe Acad Charter,,3,0,W,2.88,0.35,0.12,0.35,0.48,False
McCluer North,2026-09-08,University City,,0,3,L,0.66,2.89,-0.66,-0.11,-0.77,False
McCluer North,2026-09-10,STEAM Academy,,0,3,L,-0.26,3.54,0.26,0.54,0.81,False
McCluer North,2026-09-12,Jennings,,2,1,W,1.59,1.77,0.41,0.77,1.18,False
McCluer North,2026-09-12,McKinley Classical Leadership,,0,2,L,0.59,2.51,-0.59,0.51,-0.08,False
McCluer North,2026-09-12,Cardinal Ritter,,2,0,W,0.76,2.4,1.24,2.4,3.63,False
McCluer North,2026-09-12,Gateway Legacy Sr. H.,,0,2,L,,,,,,False
McCluer North,2026-09-14,McCluer,,3,0,W,2.35,1.27,0.65,1.27,1.92,False
McCluer North,2026-09-15,Lift for Life Academy Charter,,0,3,L,0.06,3.01,-0.06,0.01,-0.05,False
McCluer North,2026-09-16,Jennings,,1,3,L,1.59,1.77,-0.59,-1.23,-1.82,False
McCluer North,2026-09-18,Normandy Collaborative,,,0,,,,,,,False
McCluer North,2026-09-22,Hazelwood Central,,0,3,L,0.48,2.64,-0.48,-0.36,-0.84,False
McCluer North,2026-09-24,Hazelwood East,,0,3,L,-0.2,3.58,0.2,0.58,0.79,False
McCluer North,2026-09-28,University City,,1,3,L,0.66,2.89,0.34,-0.11,0.23,False
McCluer North,2026-09-29,Gateway Legacy Sr. H.,,0,3,L,,,,,,False
McCluer North,2026-09-30,STEAM Academy,,0,3,L,-0.26,3.54,0.26,0.54,0.81,False
McCluer North,2026-10-01,McCluer,,3,2,W,2.35,1.27,0.65,-0.73,-0.08,False
McCluer North,2026-10-05,Jennings,,3,2,W,1.59,1.77,1.41,-0.23,1.18,False
McCluer North,2026-10-05,Normandy Collaborative,,,,,,,,,,False
McCluer North,2026-10-07,Normandy Collaborative,,,,,,,,,,False
McCluer North,2026-10-08,Hazelwood West,,0,3,L,-0.66,3.62,0.66,0.62,1.28,False
McCluer North,2026-10-12,Hazelwood Central,,,,,0.48,2.64,,,,False
McCluer North,2026-10-14,Hazelwood East,,,,,-0.2,3.58,,,,False
McCluer North,2026-10-15,Ritenour,,,,,-0.61,3.8,,,,False
McDonald County,2026-08-27,"Thaden(Rogers, AR)",,0,3,L,,,,,,False
McDonald County,2026-08-29,"Pea Ridge, AR(Pea Ridge, AR)",,0,2,L,,,,,,False
McDonald County,2026-08-29,"Rogers Heritage(Rogers, AR)",,0,2,L,,,,,,False
McDonald County,2026-08-29,Neosho,,0,2,L,0.57,1.91,-0.57,-0.09,-0.66,False
McDonald County,2026-08-31,New Heights Christian,,0,3,L,0.14,2.12,-0.14,-0.88,-1.02,False
McDonald County,2026-09-01,"Gentry(Gentry, AR)",,3,1,W,,,,,,False
McDonald County,2026-09-03,"Eureka Springs(Eureka Springs, AR)",,3,0,W,,,,,,False
McDonald County,2026-09-05,"Frontenac(Frontenac, KS)",,0,2,L,,,,,,False
McDonald County,2026-09-05,Harrisonville,,0,2,L,-0.92,3.68,0.92,1.68,2.6,False
McDonald County,2026-09-05,Knob Noster,,1,1,T,-0.1,2.3,1.1,1.3,2.4,False
McDonald County,2026-09-05,Nevada,,0,2,L,-1.73,4.0,1.73,2.0,3.73,False
McDonald County,2026-09-05,Neosho,,0,2,L,0.57,1.91,-0.57,-0.09,-0.66,False
McDonald County,2026-09-08,"Gravette(Gravette, AR)",,0,3,L,,,,,,False
McDonald County,2026-09-14,"Springdale(Springdale, AR)",,0,3,L,,,,,,False
McDonald County,2026-09-17,Nevada,,0,3,L,-1.73,4.0,1.73,1.0,2.73,False
McDonald County,2026-09-21,"Ozark Catholic(Springdale, AR)",,3,0,W,,,,,,False
McDonald County,2026-09-22,Lamar,,0,3,L,-1.11,3.16,1.11,0.16,1.27,False
McDonald County,2026-09-24,Monett,,1,3,L,-0.12,2.6,1.12,-0.4,0.72,False
McDonald County,2026-09-26,Cassville,,0,2,L,0.4,2.37,-0.4,0.37,-0.03,False
McDonald County,2026-09-26,"Elkins(Elkins, AR)",,1,1,T,,,,,,False
McDonald County,2026-09-26,"Gentry(Gentry, AR)",,1,2,L,,,,,,False
McDonald County,2026-09-26,"Huntsville(Huntsville, AR)",,0,2,L,,,,,,False
McDonald County,2026-09-26,"Riverton(Riverton, KS)",,0,2,L,,,,,,False
McDonald County,2026-09-29,East Newton,,0,3,L,-0.7,2.96,0.7,-0.04,0.65,False
McDonald County,2026-10-01,Aurora,,0,3,L,0.76,2.22,-0.76,-0.78,-1.54,False
McDonald County,2026-10-05,"Providence(Rogers, AR)",,0,3,L,,,,,,False
McDonald County,2026-10-06,Mt. Vernon,,0,3,L,-1.34,3.56,1.34,0.56,1.9,False
McDonald County,2026-10-08,Cassville,,,,,0.4,2.37,,,,False
McDonald County,2026-10-12,Neosho,,,,,0.57,1.91,,,,False
McDonald County,2026-10-13,Seneca,,,,,1.65,0.85,,,,False
McDonald County,2026-10-20,West Plains,,,,,-2.25,4.64,,,,False
McKinley Classical Leadership,2026-08-25,Miller Career Academy,,2,1,W,2.22,0.41,-0.22,-0.59,-0.82,False
McKinley Classical Leadership,2026-08-25,Gateway with Soldan International Studies,,2,0,W,2.54,0.56,-0.54,0.56,0.02,False
McKinley Classical Leadership,2026-08-27,Lift for Life Academy Charter,,0,3,L,0.94,1.97,-0.94,-1.03,-1.97,False
McKinley Classical Leadership,2026-08-31,Roosevelt,,1,0,W,,,,,,False
McKinley Classical Leadership,2026-09-01,Hazelwood West,,0,3,L,0.22,2.58,-0.22,-0.42,-0.64,False
McKinley Classical Leadership,2026-09-02,Miller Career Academy,,3,0,W,2.22,0.41,0.78,0.41,1.18,False
McKinley Classical Leadership,2026-09-04,Bishop DuBourg,,0,3,L,1.5,2.17,-1.5,-0.83,-2.34,False
McKinley Classical Leadership,2026-09-08,Confluence Prep Academy Charter with Grand Center Arts Charter,,3,1,W,2.4,1.04,0.6,0.04,0.64,False
McKinley Classical Leadership,2026-09-09,West Plains,,3,0,W,-3.1,5.99,6.1,5.99,12.09,False
McKinley Classical Leadership,2026-09-12,Cardinal Ritter,,2,0,W,1.64,1.36,0.36,1.36,1.71,False
McKinley Classical Leadership,2026-09-12,Jennings,,2,1,W,2.47,0.73,-0.47,-0.27,-0.74,False
McKinley Classical Leadership,2026-09-12,McCluer North,,2,0,W,2.51,0.59,-0.51,0.59,0.08,False
McKinley Classical Leadership,2026-09-16,Collegiate School of Med-Bio Science,,1,3,L,0.94,2.54,0.06,-0.46,-0.4,False
McKinley Classical Leadership,2026-09-17,Rosati-Kain,,3,1,W,1.81,1.46,1.19,0.46,1.64,False
McKinley Classical Leadership,2026-09-18,Gateway Science Charter,,0,3,L,0.82,2.18,-0.82,-0.82,-1.63,False
McKinley Classical Leadership,2026-09-21,Vashon,,3,0,W,2.14,1.18,0.86,1.18,2.04,False
McKinley Classical Leadership,2026-09-24,Gateway with Soldan International Studies,,2,0,W,2.54,0.56,-0.54,0.56,0.02,False
McKinley Classical Leadership,2026-09-24,Collegiate School of Med-Bio Science,,0,2,L,0.94,2.54,-0.94,0.54,-0.4,False
McKinley Classical Leadership,2026-09-26,Vashon,,3,0,W,2.14,1.18,0.86,1.18,2.04,False
McKinley Classical Leadership,2026-09-28,Gateway with Soldan International Studies,,3,0,W,2.54,0.56,0.46,0.56,1.02,False
McKinley Classical Leadership,2026-09-30,Metro,,0,3,L,-0.56,3.08,0.56,0.08,0.64,False
McKinley Classical Leadership,2026-10-01,Hancock,,0,3,L,0.46,2.4,-0.46,-0.6,-1.06,False
McKinley Classical Leadership,2026-10-02,Vashon,,3,2,W,2.14,1.18,0.86,-0.82,0.04,False
McKinley Classical Leadership,2026-10-05,Ritenour,,0,3,L,0.27,2.75,-0.27,-0.25,-0.52,False
McKinley Classical Leadership,2026-10-06,Hazelwood Central,,1,3,L,1.35,1.59,-0.35,-1.41,-1.76,False
McKinley Classical Leadership,2026-10-07,"Cahokia(Cahokia, IL)",,3,1,W,,,,,,False
McKinley Classical Leadership,2026-10-09,KIPP St. Louis Sr.,,,,,3.21,0.17,,,,False
McKinley Classical Leadership,2026-10-12,"Carbondale(Carbondale , IL)",,,,,,,,,,False
McKinley Classical Leadership,2026-10-13,Valley Park,,,,,1.14,1.61,,,,False
McKinley Classical Leadership,2026-10-14,Normandy Collaborative,,,,,,,,,,False
McKinley Classical Leadership,2026-10-15,St. Paul Lutheran (Farmington),,,,,-0.92,3.65,,,,False
Meadow Heights,2026-08-28,Oak Ridge,,0,3,L,0.88,2.29,-0.88,-0.71,-1.58,False
Meadow Heights,2026-08-31,Bell City,,1,3,L,1.21,2.14,-0.21,-0.86,-1.07,False
Meadow Heights,2026-09-03,Zalma,,3,0,W,3.73,-0.79,-0.73,-0.79,-1.52,False
Meadow Heights,2026-09-04,Oak Ridge,,0,3,L,0.88,2.29,-0.88,-0.71,-1.58,False
Meadow Heights,2026-09-08,Clearwater,,3,0,W,2.89,-0.21,0.11,-0.21,-0.1,False
Meadow Heights,2026-09-09,Kelly,,3,0,W,3.74,-0.17,-0.74,-0.17,-0.91,False
Meadow Heights,2026-09-11,"Cape Central JV(Cape Girardeau, MO)",,2,0,W,,,,,,False
Meadow Heights,2026-09-11,Crystal City,,1,1,T,1.81,1.29,-0.81,0.29,-0.51,False
Meadow Heights,2026-09-12,Clarkton,,2,0,W,2.21,0.8,-0.21,0.8,0.59,False
Meadow Heights,2026-09-12,Doniphan,,2,0,W,2.51,0.67,-0.51,0.67,0.16,False
Meadow Heights,2026-09-12,Licking,,2,0,W,1.31,1.37,0.69,1.37,2.07,False
Meadow Heights,2026-09-12,Parkway South,,0,2,L,0.51,2.55,-0.51,0.55,0.04,False
Meadow Heights,2026-09-15,Lesterville,,3,0,W,2.0,0.99,1.0,0.99,1.99,False
Meadow Heights,2026-09-17,Eagle Ridge Christian,,3,0,W,,,,,,False
Meadow Heights,2026-09-18,Greenville,,3,0,W,3.18,0.14,-0.18,0.14,-0.04,False
Meadow Heights,2026-09-21,Leopold,,0,3,L,0.28,2.92,-0.28,-0.08,-0.37,False
Meadow Heights,2026-09-22,South Iron,,3,0,W,2.69,0.44,0.31,0.44,0.76,False
Meadow Heights,2026-09-24,Woodland,,1,3,L,0.7,2.44,0.3,-0.56,-0.26,False
Meadow Heights,2026-09-25,Advance,,0,3,L,1.25,2.33,-1.25,-0.67,-1.93,False
Meadow Heights,2026-09-28,Fredericktown,,3,2,W,1.14,2.23,1.86,0.23,2.09,False
Meadow Heights,2026-09-29,Zalma,,3,0,W,3.73,-0.79,-0.73,-0.79,-1.52,False
Meadow Heights,2026-09-30,Oran,,3,0,W,3.04,-0.25,-0.04,-0.25,-0.29,False
Meadow Heights,2026-10-01,Crystal City,,3,1,W,1.81,1.29,1.19,0.29,1.49,False
Meadow Heights,2026-10-07,St. Vincent,,1,3,L,1.45,1.55,-0.45,-1.45,-1.9,False
Meadow Heights,2026-10-12,Perryville,,,,,0.56,2.49,,,,False
Meadow Heights,2026-10-13,Hillsboro,,,,,0.24,2.86,,,,False
Meadow Heights,2026-10-15,Scott City,,,,,1.34,1.73,,,,False
Meadow Heights,2026-10-16,St. Paul Lutheran (Farmington),,,,,1.67,1.11,,,,False
Meadow Heights,2026-10-19,Bell City,,,,,1.21,2.14,,,,False
Meadow Heights,2026-10-23,Advance,,,,,1.25,2.33,,,,False
Mehlville,2026-08-28,Clayton,,2,0,W,2.2,1.2,-0.2,1.2,1.0,False
Mehlville,2026-08-28,Nerinx Hall,,0,2,L,1.17,2.12,-1.17,0.12,-1.05,False
Mehlville,2026-08-29,Centralia,,0,2,L,3.04,0.28,-3.04,-1.72,-4.76,False
Mehlville,2026-08-29,Cardinal Ritter,,2,0,W,4.59,-1.57,-2.59,-1.57,-4.16,False
Mehlville,2026-08-29,St. Charles West,,3,0,W,1.81,1.36,1.19,1.36,2.55,False
Mehlville,2026-09-08,Lindbergh,,3,0,W,0.56,3.21,2.44,3.21,5.65,False
Mehlville,2026-09-09,STEAM Academy,,3,0,W,3.56,-0.43,-0.56,-0.43,-0.98,False
Mehlville,2026-09-10,Webster Groves,,0,3,L,0.76,2.25,-0.76,-0.75,-1.51,False
Mehlville,2026-09-14,Notre Dame (St. Louis),,1,3,L,1.62,1.5,-0.62,-1.5,-2.12,False
Mehlville,2026-09-15,Pacific,,0,3,L,0.66,2.26,-0.66,-0.74,-1.4,False
Mehlville,2026-09-17,Oakville,,0,3,L,0.38,2.78,-0.38,-0.22,-0.6,False
Mehlville,2026-09-18,Northwest (Cedar Hill),,3,2,W,1.87,0.95,1.13,-1.05,0.08,False
Mehlville,2026-09-21,Fox,,3,1,W,2.56,0.9,0.44,-0.1,0.34,False
Mehlville,2026-09-22,St. Louis Ignite,,3,0,W,,,,,,False
Mehlville,2026-09-30,Windsor (Imperial),,2,3,L,1.13,1.66,0.87,-1.34,-0.47,False
Mehlville,2026-10-01,Parkway Central,,1,3,L,0.84,2.03,0.16,-0.97,-0.8,False
Mehlville,2026-10-03,Ft. Zumwalt South,,2,0,W,1.85,1.08,0.15,1.08,1.23,False
Mehlville,2026-10-03,Lutheran South,,1,1,T,1.3,1.27,-0.3,0.27,-0.03,False
Mehlville,2026-10-03,Parkway Central,,2,0,W,0.84,2.03,1.16,2.03,3.2,False
Mehlville,2026-10-03,Notre Dame (Cape Girardeau),,0,2,L,0.78,2.05,-0.78,0.05,-0.73,False
Mehlville,2026-10-03,Parkway West,,0,2,L,0.73,2.31,-0.73,0.31,-0.42,False
Mehlville,2026-10-07,Rockwood Summit,,0,3,L,0.09,2.85,-0.09,-0.15,-0.24,False
Mehlville,2026-10-13,Kirkwood,,,,,0.01,3.15,,,,False
Mehlville,2026-10-15,Seckman,,,,,0.43,2.69,,,,False
Mehlville,2026-10-20,St. Pius X (Festus),,,,,0.63,2.15,,,,False
Metro,2026-08-31,Miller Career Academy,,3,0,W,3.84,-1.62,-0.84,-1.62,-2.46,False
Metro,2026-09-04,Rosati-Kain,,3,0,W,3.43,-0.57,-0.43,-0.57,-1.0,False
Metro,2026-09-08,Affton,,0,3,L,1.31,1.43,-1.31,-1.57,-2.89,False
Metro,2026-09-12,Whitfield,,2,0,W,1.31,1.57,0.69,1.57,2.26,False
Metro,2026-09-12,Pacific,,0,2,L,-0.67,3.16,0.67,1.16,1.83,False
Metro,2026-09-12,Winfield,,1,1,T,0.6,2.14,0.4,1.14,1.55,False
Metro,2026-09-14,Roosevelt,,3,0,W,,,,,,False
Metro,2026-09-16,Vashon,,3,0,W,3.75,-0.85,-0.75,-0.85,-1.6,False
Metro,2026-09-21,West Plains,,3,0,W,-1.49,3.96,4.49,3.96,8.45,False
Metro,2026-09-23,Gateway with Soldan International Studies,,3,0,W,4.15,-1.47,-1.15,-1.47,-2.62,False
Metro,2026-09-24,Miller Career Academy,,2,0,W,3.84,-1.62,-1.84,-1.62,-3.46,False
Metro,2026-09-24,Vashon,,2,0,W,3.75,-0.85,-1.75,-0.85,-2.6,False
Metro,2026-09-26,Collegiate School of Med-Bio Science,,3,0,W,2.55,0.51,0.45,0.51,0.96,False
Metro,2026-09-30,McKinley Classical Leadership,,3,0,W,3.08,-0.56,-0.08,-0.56,-0.64,False
Metro,2026-10-01,Notre Dame (St. Louis),,0,3,L,0.29,2.4,-0.29,-0.6,-0.89,False
Metro,2026-10-03,Ste. Genevieve,,0,2,L,-0.11,2.64,0.11,0.64,0.75,False
Metro,2026-10-03,Puxico,,0,2,L,0.35,2.2,-0.35,0.2,-0.15,False
Metro,2026-10-03,St. Louis Ignite,,0,2,L,,,,,,False
Metro,2026-10-03,Clearwater,,2,0,W,1.91,0.3,0.09,0.3,0.39,False
Metro,2026-10-03,St. Vincent,,2,1,W,0.47,2.06,1.53,1.06,2.59,False
Metro,2026-10-07,Villa Duchesne,,1,3,L,0.99,1.68,0.01,-1.32,-1.31,False
Metro,2026-10-09,MICDS,,,,,-1.15,3.74,,,,False
Metro,2026-10-12,Cardinal Ritter,,,,,3.26,-0.67,,,,False
Metro,2026-10-13,Bayless,,,,,1.55,1.32,,,,False
Metro,2026-10-16,Hancock,,,,,2.07,0.37,,,,False
Metro,2026-10-19,Collegiate School of Med-Bio Science,,,,,2.55,0.51,,,,False
"Metro Mavs(Olathe , KS)",2026-08-27,Faith Christian Academy,,3,0,W,,,,,,False
"Metro(Olathe, KS)",2026-09-08,Midway,,3,1,W,,,,,,False
Mexico,2026-09-01,Eugene,,1,3,L,2.02,2.31,-1.02,-0.69,-1.7,False
Mexico,2026-09-02,Kirksville,,3,2,W,1.51,2.36,1.49,0.36,1.85,False
Mexico,2026-09-08,Hallsville,,0,3,L,0.47,3.4,-0.47,0.4,-0.07,False
Mexico,2026-09-09,North Callaway,,0,3,L,0.91,3.07,-0.91,0.07,-0.84,False
Mexico,2026-09-10,Marshall,,3,2,W,1.95,1.94,1.05,-0.06,0.99,False
Mexico,2026-09-14,Father Tolton,,0,3,L,0.52,3.36,-0.52,0.36,-0.16,False
Mexico,2026-09-15,California,,0,3,L,0.14,3.73,-0.14,0.73,0.59,False
Mexico,2026-09-17,Hannibal,,0,3,L,-1.5,5.0,1.5,2.0,3.5,False
Mexico,2026-09-21,Fulton,,3,2,W,1.37,2.71,1.63,0.71,2.35,False
Mexico,2026-09-22,Kirksville,,1,3,L,1.51,2.36,-0.51,-0.64,-1.15,False
Mexico,2026-09-24,Bowling Green,,2,3,L,1.77,2.26,0.23,-0.74,-0.51,False
Mexico,2026-09-26,Waynesville,,0,2,L,1.17,2.24,-1.17,0.24,-0.93,False
Mexico,2026-09-26,Wright City,,0,2,L,0.49,3.23,-0.49,1.23,0.74,False
Mexico,2026-09-26,Battle,,0,2,L,-0.64,4.66,0.64,2.66,3.29,False
Mexico,2026-09-26,Ft. Zumwalt East,,0,2,L,1.37,2.27,-1.37,0.27,-1.1,False
Mexico,2026-09-26,Warrenton,,1,2,L,0.84,3.05,0.16,1.05,1.21,False
Mexico,2026-09-28,Boonville,,0,3,L,0.13,3.76,-0.13,0.76,0.63,False
Mexico,2026-09-29,Chamois,,3,0,W,3.85,0.74,-0.85,0.74,-0.11,False
Mexico,2026-10-01,Montgomery County,,2,3,L,1.4,2.7,0.6,-0.3,0.3,False
Mexico,2026-10-05,Centralia,,2,3,L,1.84,2.36,0.16,-0.64,-0.48,False
Mexico,2026-10-08,Southern Boone,,0,3,L,-0.36,4.63,0.36,1.63,1.99,False
Mexico,2026-10-12,Warrenton,,,,,0.84,3.05,,,,False
Mexico,2026-10-13,Brookfield,,,,,2.86,1.18,,,,False
Mexico,2026-10-15,Marshall,,,,,1.95,1.94,,,,False
Mexico,2026-10-20,Bowling Green,,,,,1.77,2.26,,,,False
Miami (Amoret),2026-08-28,Sheldon,,0,3,L,0.92,2.07,-0.92,-0.93,-1.85,False
Miami (Amoret),2026-09-01,Rich Hill,,0,3,L,0.58,2.18,-0.58,-0.82,-1.39,False
Miami (Amoret),2026-09-02,Appleton City with Montrose,,0,3,L,0.44,2.39,-0.44,-0.61,-1.05,False
Miami (Amoret),2026-09-03,Hume,,1,3,L,1.3,1.67,-0.3,-1.33,-1.63,False
Miami (Amoret),2026-09-11,Sheldon,,1,3,L,0.92,2.07,0.08,-0.93,-0.85,False
Miami (Amoret),2026-09-12,Drexel,,0,2,L,-0.52,3.44,0.52,1.44,1.96,False
Miami (Amoret),2026-09-12,Hume,,1,2,L,1.3,1.67,-0.3,-0.33,-0.63,False
Miami (Amoret),2026-09-12,Rich Hill,,0,2,L,0.58,2.18,-0.58,0.18,-0.39,False
Miami (Amoret),2026-09-12,Northeast Vernon County,,2,0,W,1.77,0.74,0.23,0.74,0.96,False
Miami (Amoret),2026-09-15,Lakeland,,0,3,L,0.4,3.1,-0.4,0.1,-0.29,False
Miami (Amoret),2026-09-21,Bronaugh,,3,0,W,2.46,0.12,0.54,0.12,0.65,False
Miami (Amoret),2026-09-24,Kingsville,,0,3,L,0.08,2.88,-0.08,-0.12,-0.2,False
Miami (Amoret),2026-09-25,Golden City,,0,3,L,0.74,2.26,-0.74,-0.74,-1.47,False
Miami (Amoret),2026-09-29,Northeast Vernon County,,3,0,W,1.77,0.74,1.23,0.74,1.96,False
Miami (Amoret),2026-10-01,Ballard,,0,3,L,0.16,2.34,-0.16,-0.66,-0.83,False
Miami (Amoret),2026-10-03,Ballard,,0,2,L,0.16,2.34,-0.16,0.34,0.17,False
Miami (Amoret),2026-10-03,Drexel,,0,2,L,-0.52,3.44,0.52,1.44,1.96,False
Miami (Amoret),2026-10-03,Leeton with Chilhowee,,1,1,T,0.93,1.6,0.07,0.6,0.67,False
Miami (Amoret),2026-10-03,Rich Hill,,1,1,T,0.58,2.18,0.42,1.18,1.61,False
Miami (Amoret),2026-10-03,Crossroads Prep Charter,,2,0,W,0.82,1.89,1.18,1.89,3.08,False
Miami (Amoret),2026-10-08,Lutheran (Kansas City),,0,3,L,-0.59,3.32,0.59,0.32,0.91,False
Miami (Amoret),2026-10-13,Leeton with Chilhowee,,,,,0.93,1.6,,,,False
Miami (Amoret),2026-10-15,Northeast Vernon County,,,,,1.77,0.74,,,,False
Mid-Buchanan,2026-08-25,South Harrison,,,,,3.61,-0.97,,,,False
Mid-Buchanan,2026-08-27,St. Joseph Christian,,3,0,W,2.29,0.04,0.71,0.04,0.75,False
Mid-Buchanan,2026-08-29,Lawson,,2,0,W,2.34,0.07,-0.34,0.07,-0.27,False
Mid-Buchanan,2026-08-29,Penney,,2,0,W,5.37,-3.09,-3.37,-3.09,-6.46,False
Mid-Buchanan,2026-08-29,Plattsburg,,2,0,W,2.84,-0.51,-0.84,-0.51,-1.35,False
Mid-Buchanan,2026-08-29,West Platte,,2,0,W,2.44,0.44,-0.44,0.44,-0.0,False
Mid-Buchanan,2026-09-01,Excelsior Springs,,3,0,W,3.51,-0.85,-0.51,-0.85,-1.37,False
Mid-Buchanan,2026-09-03,Maysville,,3,0,W,4.22,-1.58,-1.22,-1.58,-2.8,False
Mid-Buchanan,2026-09-10,Penney,,3,0,W,5.37,-3.09,-2.37,-3.09,-5.46,False
Mid-Buchanan,2026-09-14,Mound City,,3,0,W,2.03,0.65,0.97,0.65,1.62,False
Mid-Buchanan,2026-09-17,Lathrop,,3,0,W,3.61,-0.91,-0.61,-0.91,-1.52,False
Mid-Buchanan,2026-09-19,Cameron,,2,0,W,3.05,-0.51,-1.05,-0.51,-1.56,False
Mid-Buchanan,2026-09-19,Lathrop,,2,0,W,3.61,-0.91,-1.61,-0.91,-2.52,False
Mid-Buchanan,2026-09-19,South Harrison,,2,0,W,3.61,-0.97,-1.61,-0.97,-2.57,False
Mid-Buchanan,2026-09-19,Plattsburg,,2,0,W,2.84,-0.51,-0.84,-0.51,-1.35,False
Mid-Buchanan,2026-09-19,Mound City,,2,0,W,2.03,0.65,-0.03,0.65,0.62,False
Mid-Buchanan,2026-09-21,"Maur Hill Mount(Atchison, KS)",,3,0,W,,,,,,False
Mid-Buchanan,2026-09-24,Plattsburg,,3,0,W,2.84,-0.51,0.16,-0.51,-0.35,False
Mid-Buchanan,2026-09-26,"Bedford(Bedford, IA)",,2,0,W,,,,,,False
Mid-Buchanan,2026-09-26,"East Mills(Malvern, IA)",,2,0,W,,,,,,False
Mid-Buchanan,2026-09-26,"Sidney(Sidney, IA)",,2,0,W,,,,,,False
Mid-Buchanan,2026-09-26,"Stanton(Stanton, IA)",,2,0,W,,,,,,False
Mid-Buchanan,2026-09-26,"West Central Valley(Stuart, IA)",,2,0,W,,,,,,False
Mid-Buchanan,2026-09-28,Northland Christian,,3,0,W,2.25,0.13,0.75,0.13,0.88,False
Mid-Buchanan,2026-10-01,East Buchanan,,3,1,W,1.68,0.77,1.32,-0.23,1.1,False
Mid-Buchanan,2026-10-03,Belle,,2,0,W,3.73,-1.03,-1.73,-1.03,-2.76,False
Mid-Buchanan,2026-10-03,Washington,,2,0,W,1.93,0.66,0.07,0.66,0.73,False
Mid-Buchanan,2026-10-03,Rockwood Summit,,0,2,L,0.73,1.73,-0.73,-0.27,-1.0,False
Mid-Buchanan,2026-10-03,Rolla,,2,0,W,2.41,0.15,-0.41,0.15,-0.26,False
Mid-Buchanan,2026-10-06,South Harrison,,3,0,W,3.61,-0.97,-0.61,-0.97,-1.57,False
Mid-Buchanan,2026-10-08,West Platte,,3,0,W,2.44,0.44,0.56,0.44,1.0,False
Mid-Buchanan,2026-10-13,Lawson,,,,,2.34,0.07,,,,False
Mid-Buchanan,2026-10-15,North Platte,,,,,4.01,-1.8,,,,False
Mid-Buchanan,2026-10-22,TBD,,,,,,,,,,False
"Midland Adventist(Shawnee, KS)",2026-09-14,Guadalupe Centers Charter,,3,0,W,,,,,,False
"Midland Adventist(Shawnee, KS)",2026-10-05,Cristo Rey,,3,0,W,,,,,,False
"Midland(Olathe, KS)",2026-09-28,Frontier STEM,,3,0,W,,,,,,False
Midway,2026-09-02,Kingsville,,3,1,W,2.42,0.58,0.58,-0.42,0.15,False
Midway,2026-09-03,Butler,,1,3,L,0.19,2.77,0.81,-0.23,0.58,False
Midway,2026-09-08,"Metro(Olathe, KS)",,1,3,L,,,,,,False
Midway,2026-09-10,"Prairie View(Lacygne, KS)",,0,3,L,,,,,,False
Midway,2026-09-14,Leeton with Chilhowee,,3,0,W,3.28,-0.7,-0.28,-0.7,-0.98,False
Midway,2026-09-15,Santa Fe,,0,3,L,1.02,1.86,-1.02,-1.14,-2.16,False
Midway,2026-09-17,Lakeland,,3,0,W,2.74,0.8,0.26,0.8,1.06,False
Midway,2026-09-21,Jasper,,3,1,W,2.33,0.79,0.67,-0.21,0.45,False
Midway,2026-09-22,Sherwood,,3,0,W,2.49,0.23,0.51,0.23,0.73,False
Midway,2026-09-24,Rich Hill,,3,1,W,2.92,-0.12,0.08,-1.12,-1.04,False
Midway,2026-09-26,Archie,,2,1,W,1.45,1.76,0.55,0.76,1.31,False
Midway,2026-09-26,Ballard,,2,0,W,2.51,0.04,-0.51,0.04,-0.47,False
Midway,2026-09-26,Hume,,2,0,W,3.65,-0.63,-1.65,-0.63,-2.28,False
Midway,2026-09-26,Warsaw,,0,2,L,0.66,2.56,-0.66,0.56,-0.1,False
Midway,2026-09-29,Osceola,,0,3,L,0.54,2.4,-0.54,-0.6,-1.15,False
Midway,2026-10-01,Appleton City with Montrose,,3,0,W,2.78,0.09,0.22,0.09,0.31,False
Midway,2026-10-03,Archie,,0,2,L,1.45,1.76,-1.45,-0.24,-1.69,False
Midway,2026-10-03,Lutheran (Kansas City),,2,0,W,1.75,1.02,0.25,1.02,1.27,False
Midway,2026-10-03,Faith Christian Academy,,0,2,L,1.35,1.11,-1.35,-0.89,-2.25,False
Midway,2026-10-06,Lutheran (Kansas City),,3,1,W,1.75,1.02,1.25,0.02,1.27,False
Midway,2026-10-08,Archie,,3,1,W,1.45,1.76,1.55,0.76,2.31,False
Midway,2026-10-10,Holden,,,,,2.02,0.76,,,,False
Midway,2026-10-10,Lakeland,,,,,2.74,0.8,,,,False
Midway,2026-10-10,Northland Christian,,,,,0.82,1.95,,,,False
Midway,2026-10-13,Liberal,,,,,1.03,2.25,,,,False
Midway,2026-10-15,Drexel,,,,,1.83,1.14,,,,False
"Mill Valley(Shawnee , KS)",2026-09-12,Liberty,,2,0,W,,,,,,False
"Millard South HS(Omaha, NE)",2026-09-04,Lee's Summit North,,2,3,L,,,,,,False
"Millenium(Goodyear, AZ)",2026-10-03,Incarnate Word Academy,,0,2,L,,,,,,False
Miller,2026-08-29,Crane,,2,0,W,2.64,0.58,-0.64,0.58,-0.07,False
Miller,2026-08-29,Marionville,,2,0,W,2.24,0.96,-0.24,0.96,0.73,False
Miller,2026-08-29,Winona,,0,2,L,0.76,2.5,-0.76,0.5,-0.26,False
Miller,2026-08-29,Monett,,2,1,W,1.88,1.29,0.12,0.29,0.41,False
Miller,2026-08-29,Seneca,,2,0,W,3.65,-0.46,-1.65,-0.46,-2.11,False
Miller,2026-08-31,Central (Springfield),,3,1,W,2.0,0.78,1.0,-0.22,0.78,False
Miller,2026-09-01,Spokane,,3,0,W,1.34,1.86,1.66,1.86,3.51,False
Miller,2026-09-08,Sarcoxie,,3,1,W,2.36,1.25,0.64,0.25,0.89,False
Miller,2026-09-09,Clever,,1,3,L,1.01,2.22,-0.01,-0.78,-0.8,False
Miller,2026-09-14,Monett,,3,1,W,1.88,1.29,1.12,0.29,1.41,False
Miller,2026-09-15,Fair Grove,,1,3,L,1.28,1.61,-0.28,-1.39,-1.67,False
Miller,2026-09-21,Lamar,,1,3,L,0.89,1.85,0.11,-1.15,-1.04,False
Miller,2026-09-22,Pierce City,,3,0,W,2.13,0.8,0.87,0.8,1.66,False
Miller,2026-09-23,Skyline,,3,1,W,1.65,1.56,1.35,0.56,1.91,False
Miller,2026-09-29,New Covenant Academy,,0,3,L,-0.13,2.8,0.13,-0.2,-0.07,False
Miller,2026-10-01,Lockwood,,0,3,L,0.96,1.97,-0.96,-1.03,-1.99,False
Miller,2026-10-03,East Newton,,0,2,L,1.31,1.65,-1.31,-0.35,-1.66,False
Miller,2026-10-03,Fair Grove,,0,2,L,1.28,1.61,-1.28,-0.39,-1.67,False
Miller,2026-10-03,Logan-Rogersville,,1,1,T,1.06,2.6,-0.06,1.6,1.54,False
Miller,2026-10-03,Nevada,,0,2,L,0.27,2.69,-0.27,0.69,0.42,False
Miller,2026-10-05,East Newton,,0,3,L,1.31,1.65,-1.31,-1.35,-2.66,False
Miller,2026-10-06,Diamond,,3,0,W,2.64,0.72,0.36,0.72,1.08,False
Miller,2026-10-08,Ash Grove,,,,,1.55,1.52,,,,False
Miller,2026-10-12,Crane,,,,,2.64,0.58,,,,False
Miller,2026-10-13,Marionville,,,,,2.24,0.96,,,,False
Miller,2026-10-14,Stockton,,,,,2.05,1.32,,,,False
Miller,2026-10-17,Marion C. Early,,,,,5.32,-1.49,,,,False
Miller,2026-10-26,TBD,,,,,,,,,,False
Miller Career Academy,2026-08-25,McKinley Classical Leadership,,1,2,L,0.41,2.22,0.59,0.22,0.82,False
Miller Career Academy,2026-08-25,Gateway with Soldan International Studies,,0,3,L,1.48,1.32,-1.48,-1.68,-3.17,False
Miller Career Academy,2026-08-28,Vashon,,0,3,L,1.08,1.94,-1.08,-1.06,-2.14,False
Miller Career Academy,2026-08-31,Metro,,0,3,L,-1.62,3.84,1.62,0.84,2.46,False
Miller Career Academy,2026-09-01,"Madison(Madison, IL)",,0,3,L,,,,,,False
Miller Career Academy,2026-09-02,McKinley Classical Leadership,,0,3,L,0.41,2.22,-0.41,-0.78,-1.18,False
Miller Career Academy,2026-09-08,Cardinal Ritter,,0,3,L,0.59,2.11,-0.59,-0.89,-1.47,False
Miller Career Academy,2026-09-09,Gateway Science Charter,,0,3,L,-0.24,2.94,0.24,-0.06,0.18,False
Miller Career Academy,2026-09-11,KIPP St. Louis Sr.,,,,,2.15,0.93,,,,False
Miller Career Academy,2026-09-12,Jennings,,2,0,W,1.41,1.48,0.59,1.48,2.08,False
Miller Career Academy,2026-09-16,West Plains,,3,0,W,-4.16,6.75,7.16,6.75,13.9,False
Miller Career Academy,2026-09-23,Collegiate School of Med-Bio Science,,0,3,L,-0.12,3.3,0.12,0.3,0.42,False
Miller Career Academy,2026-09-24,Metro,,0,2,L,-1.62,3.84,1.62,1.84,3.46,False
Miller Career Academy,2026-09-25,West Plains,,2,0,W,-4.16,6.75,6.16,6.75,12.9,False
Miller Career Academy,2026-09-28,Vashon,,,1,,1.08,1.94,,,,False
Miller Career Academy,2026-09-30,Gateway with Soldan International Studies,,3,0,W,1.48,1.32,1.52,1.32,2.83,False
Miller Career Academy,2026-10-05,"Cahokia(Cahokia, IL)",,,,,,,,,,False
Miller Career Academy,2026-10-08,Lutheran North,,,,,-0.56,3.46,,,,False
Miller Career Academy,2026-10-09,Jennings,,,,,1.41,1.48,,,,False
Miller Career Academy,2026-10-13,Confluence Prep Academy Charter with Grand Center Arts Charter,,,,,1.34,1.8,,,,False
Miller Career Academy,2026-10-15,"Madison(Madison, IL)",,,,,,,,,,False
Mineral Area Sr High Homeschool Assn,2026-09-18,South Iron,,0,3,L,,,,,,False
Monett,2026-08-29,Forsyth,,1,1,T,2.39,0.46,-1.39,-0.54,-1.93,False
Monett,2026-08-29,Sarcoxie,,2,0,W,1.99,1.47,0.01,1.47,1.48,False
Monett,2026-08-29,Miller,,1,2,L,1.29,1.88,-0.29,-0.12,-0.41,False
Monett,2026-08-29,New Heights Christian,,2,0,W,1.77,1.03,0.23,1.03,1.25,False
Monett,2026-08-29,Pierce City,,1,1,T,1.76,1.01,-0.76,0.01,-0.75,False
Monett,2026-08-31,Crane,,3,0,W,2.27,0.79,0.73,0.79,1.52,False
Monett,2026-09-01,Bolivar,,1,2,L,1.34,1.44,-0.34,-0.56,-0.9,False
Monett,2026-09-01,Strafford,,1,2,L,-0.13,2.94,1.13,0.94,2.07,False
Monett,2026-09-03,Parkview,,3,0,W,2.44,0.4,0.56,0.4,0.96,False
Monett,2026-09-07,Neosho,,3,0,W,2.2,0.81,0.8,0.81,1.62,False
Monett,2026-09-10,Springfield Catholic,,2,3,L,0.7,1.94,1.3,-1.06,0.24,False
Monett,2026-09-12,Aurora,,2,0,W,2.39,1.13,-0.39,1.13,0.74,False
Monett,2026-09-12,Joplin,,2,0,W,0.82,2.1,1.18,2.1,3.28,False
Monett,2026-09-12,Branson,,0,2,L,0.21,2.67,-0.21,0.67,0.46,False
Monett,2026-09-12,Clever,,0,2,L,0.64,2.43,-0.64,0.43,-0.21,False
Monett,2026-09-12,Lighthouse Sr. High,,2,0,W,,,,,,False
Monett,2026-09-14,Miller,,1,3,L,1.29,1.88,-0.29,-1.12,-1.41,False
Monett,2026-09-15,Lamar,,0,3,L,0.52,2.06,-0.52,-0.94,-1.46,False
Monett,2026-09-17,Aurora,,3,2,W,2.39,1.13,0.61,-0.87,-0.26,False
Monett,2026-09-21,Hollister,,0,3,L,0.34,2.48,-0.34,-0.52,-0.86,False
Monett,2026-09-22,East Newton,,2,3,L,0.93,1.86,1.07,-1.14,-0.07,False
Monett,2026-09-24,McDonald County,,3,1,W,2.6,-0.12,0.4,-1.12,-0.72,False
Monett,2026-09-26,Conway,,1,1,T,2.44,0.74,-1.44,-0.26,-1.69,False
Monett,2026-09-26,Blue Eye,,0,2,L,1.04,1.57,-1.04,-0.43,-1.48,False
Monett,2026-09-26,Marionville,,2,0,W,1.86,1.18,0.14,1.18,1.31,False
Monett,2026-09-26,Spokane,,0,2,L,0.97,2.07,-0.97,0.07,-0.9,False
Monett,2026-09-26,Gloria Deo Academy,,2,0,W,3.17,-0.31,-1.17,-0.31,-1.48,False
Monett,2026-09-29,Mt. Vernon,,1,3,L,0.29,2.47,0.71,-0.53,0.17,False
Monett,2026-10-01,Cassville,,3,1,W,2.03,1.28,0.97,0.28,1.25,False
Monett,2026-10-05,Reeds Spring,,2,3,L,1.92,1.63,0.08,-1.37,-1.28,False
Monett,2026-10-06,Seneca,,3,0,W,3.28,-0.25,-0.28,-0.25,-0.52,False
Monett,2026-10-12,Diamond,,,,,2.26,0.94,,,,False
Monett,2026-10-13,Nevada,,,,,-0.1,2.9,,,,False
Monett,2026-10-20,Cassville,,,,,2.03,1.28,,,,False
Montgomery County,2026-08-29,Hallsville,,1,1,T,0.79,2.43,0.21,1.43,1.63,False
Montgomery County,2026-08-29,Kirksville,,2,0,W,1.83,1.38,0.17,1.38,1.55,False
Montgomery County,2026-08-29,Linn,,0,2,L,0.24,2.94,-0.24,0.94,0.7,False
Montgomery County,2026-08-29,Christian Fellowship Sr.,,2,0,W,2.75,0.61,-0.75,0.61,-0.14,False
Montgomery County,2026-09-01,Hermann,,1,3,L,0.89,2.14,0.11,-0.86,-0.75,False
Montgomery County,2026-09-03,North Callaway,,0,3,L,1.23,2.09,-1.23,-0.91,-2.14,False
Montgomery County,2026-09-08,Bowling Green,,3,2,W,2.09,1.28,0.91,-0.72,0.19,False
Montgomery County,2026-09-10,New Haven,,3,0,W,1.66,1.26,1.34,1.26,2.6,False
Montgomery County,2026-09-14,Wright City,,0,3,L,0.81,2.25,-0.81,-0.75,-1.56,False
Montgomery County,2026-09-17,North Callaway,,1,3,L,1.23,2.09,-0.23,-0.91,-1.14,False
Montgomery County,2026-09-19,"Collinsville(Collinsville, IL)",,1,1,T,,,,,,False
Montgomery County,2026-09-19,Veritas Christian Academy,,2,0,W,2.97,0.13,-0.97,0.13,-0.83,False
Montgomery County,2026-09-19,Orchard Farm,,0,2,L,0.02,3.41,-0.02,1.41,1.39,False
Montgomery County,2026-09-21,Fatima,,1,3,L,1.1,2.51,-0.1,-0.49,-0.59,False
Montgomery County,2026-09-22,Father Tolton,,0,3,L,0.84,2.38,-0.84,-0.62,-1.46,False
Montgomery County,2026-09-24,Wright City,,0,3,L,0.81,2.25,-0.81,-0.75,-1.56,False
Montgomery County,2026-09-25,Winfield,,1,3,L,1.06,2.35,-0.06,-0.65,-0.71,False
Montgomery County,2026-09-28,Warrenton,,0,3,L,1.17,2.08,-1.17,-0.92,-2.09,False
Montgomery County,2026-09-29,St. Clair,,0,3,L,0.01,3.62,-0.01,0.62,0.62,False
Montgomery County,2026-10-01,Mexico,,3,2,W,2.7,1.4,0.3,-0.6,-0.3,False
Montgomery County,2026-10-06,Centralia,,3,1,W,2.17,1.39,0.83,0.39,1.22,False
Montgomery County,2026-10-08,Bowling Green,,3,0,W,2.09,1.28,0.91,1.28,2.19,False
Montgomery County,2026-10-10,Boonville,,,,,0.45,2.78,,,,False
Montgomery County,2026-10-12,Hallsville,,,,,0.79,2.43,,,,False
Montgomery County,2026-10-13,Christian Fellowship Sr.,,,,,2.75,0.61,,,,False
Montgomery County,2026-10-15,Centralia,,,,,2.17,1.39,,,,False
Montgomery County,2026-10-20,North Callaway,,,,,1.23,2.09,,,,False
"Morton(Morton, IL)",2026-09-05,Lafayette (Wildwood),,2,1,W,,,,,,False
"Morton(Morton, IL)",2026-09-25,Cardinal Ritter,,2,0,W,,,,,,False
Mound City,2026-08-29,"Freemont Mills(Freemont Mills, IA)",,2,0,W,,,,,,False
Mound City,2026-08-29,Tarkio with Fairfax,,2,0,W,3.3,0.02,-1.3,0.02,-1.28,False
Mound City,2026-08-29,St. Joseph Christian,,2,0,W,1.93,1.06,0.07,1.06,1.14,False
Mound City,2026-09-01,Union Star with King City,,3,0,W,3.83,-0.36,-0.83,-0.36,-1.19,False
Mound City,2026-09-03,Rock Port,,2,3,L,1.19,1.6,0.81,-1.4,-0.59,False
Mound City,2026-09-08,South Holt with Craig,,3,0,W,2.86,0.25,0.14,0.25,0.39,False
Mound City,2026-09-10,West Nodaway with Nodaway-Holt,,3,0,W,2.23,0.75,0.77,0.75,1.53,False
Mound City,2026-09-14,Mid-Buchanan,,0,3,L,0.65,2.03,-0.65,-0.97,-1.62,False
Mound City,2026-09-15,North Nodaway,,3,0,W,4.48,-0.75,-1.48,-0.75,-2.23,False
Mound City,2026-09-19,Mid-Buchanan,,0,2,L,0.65,2.03,-0.65,0.03,-0.62,False
Mound City,2026-09-19,Wellington-Napoleon,,2,0,W,3.26,-0.11,-1.26,-0.11,-1.37,False
Mound City,2026-09-19,Trenton,,2,0,W,3.61,-0.37,-1.61,-0.37,-1.97,False
Mound City,2026-09-19,Plattsburg,,2,0,W,2.47,0.51,-0.47,0.51,0.04,False
Mound City,2026-09-19,Lathrop,,2,0,W,3.25,0.11,-1.25,0.11,-1.14,False
Mound City,2026-09-21,North Platte,,3,0,W,3.65,-0.78,-0.65,-0.78,-1.42,False
Mound City,2026-09-22,Tarkio with Fairfax,,3,0,W,3.3,0.02,-0.3,0.02,-0.28,False
Mound City,2026-09-24,Union Star with King City,,3,0,W,3.83,-0.36,-0.83,-0.36,-1.19,False
Mound City,2026-09-26,Central (St. Joseph),,1,2,L,1.56,1.28,-0.56,-0.72,-1.28,False
Mound City,2026-09-26,St. Pius X (Kansas City),,0,2,L,0.1,3.09,-0.1,1.09,0.99,False
Mound City,2026-09-26,Sherwood,,2,0,W,3.56,-0.57,-1.56,-0.57,-2.13,False
Mound City,2026-09-26,Grandview,,2,0,W,2.3,0.61,-0.3,0.61,0.3,False
Mound City,2026-09-26,Trenton,,2,0,W,3.61,-0.37,-1.61,-0.37,-1.97,False
Mound City,2026-09-29,Rock Port,,3,1,W,1.19,1.6,1.81,0.6,2.41,False
Mound City,2026-10-01,South Holt with Craig,,3,0,W,2.86,0.25,0.14,0.25,0.39,False
Mound City,2026-10-06,West Nodaway with Nodaway-Holt,,3,0,W,2.23,0.75,0.77,0.75,1.53,False
Mound City,2026-10-08,North Nodaway,,3,0,W,4.48,-0.75,-1.48,-0.75,-2.23,False
Mound City,2026-10-10,Excelsior Springs,,,,,3.15,0.17,,,,False
Mound City,2026-10-10,Savannah,,,,,1.35,2.23,,,,False
Mound City,2026-10-10,Benton,,,,,0.73,2.36,,,,False
Mound City,2026-10-12,St. Joseph Christian,,,,,1.93,1.06,,,,False
Mound City,2026-10-15,Tarkio with Fairfax,,,,,3.3,0.02,,,,False
Mound City,2026-10-22,TBD,,,,,,,,,,False
Mountain Grove,2026-08-31,Lighthouse Sr. High,,1,3,L,,,,,,False
Mountain Grove,2026-09-01,Conway,,3,0,W,2.96,-0.07,0.04,-0.07,-0.03,False
Mountain Grove,2026-09-03,Forsyth,,3,0,W,2.9,-0.36,0.1,-0.36,-0.26,False
Mountain Grove,2026-09-08,Rolla,,3,0,W,1.82,0.94,1.18,0.94,2.11,False
Mountain Grove,2026-09-10,Hollister,,0,3,L,0.86,1.67,-0.86,-1.33,-2.19,False
Mountain Grove,2026-09-12,Central (Springfield),,2,0,W,2.14,0.18,-0.14,0.18,0.04,False
Mountain Grove,2026-09-12,New Covenant Academy,,0,2,L,0.01,2.2,-0.01,0.2,0.19,False
Mountain Grove,2026-09-12,Mt. Vernon,,0,2,L,0.81,1.65,-0.81,-0.35,-1.16,False
Mountain Grove,2026-09-12,Rolla,,2,0,W,1.82,0.94,0.18,0.94,1.11,False
Mountain Grove,2026-09-12,Willard,,0,2,L,1.04,1.88,-1.04,-0.12,-1.16,False
Mountain Grove,2026-09-15,Thayer,,3,0,W,2.62,0.16,0.38,0.16,0.54,False
Mountain Grove,2026-09-17,Salem,,3,0,W,2.03,0.83,0.97,0.83,1.8,False
Mountain Grove,2026-09-19,Couch,,2,0,W,3.08,-0.14,-1.08,-0.14,-1.22,False
Mountain Grove,2026-09-19,Hollister,,0,2,L,0.86,1.67,-0.86,-0.33,-1.19,False
Mountain Grove,2026-09-19,"Hollister JV(Hollister, MO)",,2,0,W,,,,,,False
Mountain Grove,2026-09-19,Seymour,,2,0,W,3.86,-0.85,-1.86,-0.85,-2.71,False
Mountain Grove,2026-09-19,Niangua,,2,0,W,4.28,-1.64,-2.28,-1.64,-3.92,False
Mountain Grove,2026-09-21,Marshfield,,0,3,L,0.37,2.24,-0.37,-0.76,-1.13,False
Mountain Grove,2026-09-22,Liberty (Mountain View),,1,3,L,0.96,1.7,0.04,-1.3,-1.25,False
Mountain Grove,2026-09-24,Licking,,3,1,W,1.72,0.65,1.28,-0.35,0.94,False
Mountain Grove,2026-09-29,Houston,,3,1,W,2.57,0.45,0.43,-0.55,-0.12,False
Mountain Grove,2026-10-01,Ava,,3,0,W,2.41,0.37,0.59,0.37,0.96,False
Mountain Grove,2026-10-03,Gainesville,,2,0,W,2.6,0.36,-0.6,0.36,-0.24,False
Mountain Grove,2026-10-03,Willow Springs,,2,0,W,3.25,-0.6,-1.25,-0.6,-1.85,False
Mountain Grove,2026-10-03,Niangua,,2,0,W,4.28,-1.64,-2.28,-1.64,-3.92,False
Mountain Grove,2026-10-03,Ellington,,2,0,W,1.57,0.78,0.43,0.78,1.21,False
Mountain Grove,2026-10-03,Salem,,2,0,W,2.03,0.83,-0.03,0.83,0.8,False
Mountain Grove,2026-10-05,Eminence,,3,0,W,1.93,0.71,1.07,0.71,1.78,False
Mountain Grove,2026-10-08,Winona,,,,,0.9,1.9,,,,False
Mountain Grove,2026-10-13,Cabool,,,,,1.15,1.42,,,,False
Mountain Grove,2026-10-15,Willow Springs,,,,,3.25,-0.6,,,,False
Mountain Grove,2026-10-22,Fair Grove,,,,,1.42,1.01,,,,False
"Mountain Home(Mountain Home, AR)",2026-08-31,West Plains,,0,3,L,,,,,,False
Mt. Vernon,2026-08-27,Lighthouse Sr. High,,2,3,L,,,,,,False
Mt. Vernon,2026-08-29,Lebanon,,1,1,T,1.5,1.1,-0.5,0.1,-0.4,False
Mt. Vernon,2026-08-29,Helias Catholic,,0,2,L,-0.3,2.71,0.3,0.71,1.01,False
Mt. Vernon,2026-08-29,Springfield Catholic,,2,0,W,1.66,0.72,0.34,0.72,1.06,False
Mt. Vernon,2026-08-29,Reeds Spring,,1,1,T,2.88,0.42,-1.88,-0.58,-2.46,False
Mt. Vernon,2026-09-01,Springfield Catholic,,3,0,W,1.66,0.72,1.34,0.72,2.06,False
Mt. Vernon,2026-09-03,"Pittsburg(Pittsburg, KS)",,1,2,L,,,,,,False
Mt. Vernon,2026-09-03,Webb City,,0,2,L,1.63,1.48,-1.63,-0.52,-2.16,False
Mt. Vernon,2026-09-08,Carl Junction,,0,3,L,1.17,1.4,-1.17,-1.6,-2.77,False
Mt. Vernon,2026-09-10,Clever,,3,2,W,1.6,1.22,1.4,-0.78,0.62,False
Mt. Vernon,2026-09-12,Central (Springfield),,2,0,W,2.58,-0.22,-0.58,-0.22,-0.8,False
Mt. Vernon,2026-09-12,Mountain Grove,,2,0,W,1.65,0.81,0.35,0.81,1.16,False
Mt. Vernon,2026-09-12,West Plains,,0,2,L,0.34,2.33,-0.34,0.33,-0.01,False
Mt. Vernon,2026-09-12,Willard,,1,1,T,1.48,1.48,-0.48,0.48,-0.0,False
Mt. Vernon,2026-09-15,Seneca,,3,0,W,4.24,-1.46,-1.24,-1.46,-2.7,False
Mt. Vernon,2026-09-22,Nevada,,3,2,W,0.86,1.69,2.14,-0.31,1.83,False
Mt. Vernon,2026-09-24,Lamar,,3,0,W,1.48,0.85,1.52,0.85,2.37,False
Mt. Vernon,2026-09-29,Monett,,3,1,W,2.47,0.29,0.53,-0.71,-0.17,False
Mt. Vernon,2026-10-01,East Newton,,3,0,W,1.89,0.65,1.11,0.65,1.75,False
Mt. Vernon,2026-10-03,Camdenton,,2,0,W,2.19,0.37,-0.19,0.37,0.18,False
Mt. Vernon,2026-10-03,Cassville,,2,0,W,2.99,0.06,-0.99,0.06,-0.92,False
Mt. Vernon,2026-10-03,Clever,,0,2,L,1.6,1.22,-1.6,-0.78,-2.38,False
Mt. Vernon,2026-10-03,East Newton,,2,1,W,1.89,0.65,0.11,-0.35,-0.25,False
Mt. Vernon,2026-10-03,Glendale,,1,1,T,1.07,1.48,-0.07,0.48,0.41,False
Mt. Vernon,2026-10-03,Branson,,1,1,T,1.17,1.46,-0.17,0.46,0.29,False
Mt. Vernon,2026-10-05,Aurora,,3,0,W,3.35,-0.09,-0.35,-0.09,-0.44,False
Mt. Vernon,2026-10-06,McDonald County,,3,0,W,3.56,-1.34,-0.56,-1.34,-1.9,False
Mt. Vernon,2026-10-12,Carthage,,,,,0.67,1.95,,,,False
Mt. Vernon,2026-10-13,Cassville,,,,,2.99,0.06,,,,False
Mt. Vernon,2026-10-15,Branson,,,,,1.17,1.46,,,,False
Mt. Vernon,2026-10-22,TBD,,,,,,,,,,False
"Murphysboro(Murphysboro, IL)",2026-09-02,St. Vincent,,3,0,W,,,,,,False
"Neodesha(Neodesha, KS)",2026-09-19,Joplin,,0,2,L,,,,,,False
Neosho,2026-08-27,"Russellville(Russellville, AR)",,0,3,L,,,,,,False
Neosho,2026-08-29,McDonald County,,2,0,W,1.91,0.57,0.09,0.57,0.66,False
Neosho,2026-08-29,"Pea Ridge(Pea Ridge, AR)",,2,1,W,,,,,,False
Neosho,2026-08-29,"Rogers Heritage(Rogers, AR)",,1,2,L,,,,,,False
Neosho,2026-08-31,Liberal,,0,3,L,0.65,2.72,-0.65,-0.28,-0.94,False
Neosho,2026-09-01,Cassville,,0,3,L,1.33,1.97,-1.33,-1.03,-2.37,False
Neosho,2026-09-03,"Gentry(Gentry, AR)",,3,0,W,,,,,,False
Neosho,2026-09-05,Clinton,,0,2,L,-0.9,3.95,0.9,1.95,2.85,False
Neosho,2026-09-05,Joplin,,0,2,L,0.12,2.79,-0.12,0.79,0.66,False
Neosho,2026-09-05,Lamar,,0,2,L,-0.17,2.75,0.17,0.75,0.93,False
Neosho,2026-09-05,Lone Jack,,0,2,L,0.13,2.85,-0.13,0.85,0.72,False
Neosho,2026-09-05,McDonald County,,2,0,W,1.91,0.57,0.09,0.57,0.66,False
Neosho,2026-09-07,Monett,,0,3,L,0.81,2.2,-0.81,-0.8,-1.62,False
Neosho,2026-09-08,El Dorado Springs,,3,1,W,2.0,1.17,1.0,0.17,1.18,False
Neosho,2026-09-10,Kickapoo,,0,3,L,-1.82,4.28,1.82,1.28,3.1,False
Neosho,2026-09-14,Clever,,0,3,L,-0.05,3.12,0.05,0.12,0.18,False
Neosho,2026-09-15,Waynesville,,1,3,L,1.21,1.33,-0.21,-1.67,-1.88,False
Neosho,2026-09-17,Glendale,,0,3,L,-0.58,3.39,0.58,0.39,0.97,False
Neosho,2026-09-22,Ozark,,0,3,L,-2.01,4.7,2.01,1.7,3.71,False
Neosho,2026-09-24,Lebanon,,0,3,L,-0.15,3.0,0.15,0.0,0.16,False
Neosho,2026-09-26,"Elkins(Elkins, AR)",,1,2,L,,,,,,False
Neosho,2026-09-26,"Gentry(Gentry, AR)",,1,1,T,,,,,,False
Neosho,2026-09-26,Liberal,,1,1,T,0.65,2.72,0.35,1.72,2.06,False
Neosho,2026-09-26,New Heights Christian,,1,1,T,1.08,1.72,-0.08,0.72,0.64,False
Neosho,2026-09-26,"Springdale(Springdale, AR)",,0,2,L,,,,,,False
Neosho,2026-09-28,"Riverton(Riverton , KS)",,0,3,L,,,,,,False
Neosho,2026-09-29,Nixa,,0,3,L,-1.6,4.37,1.6,1.37,2.97,False
Neosho,2026-10-01,Joplin,,2,3,L,0.12,2.79,1.88,-0.21,1.66,False
Neosho,2026-10-05,"Elkins(Elkins, AR)",,2,3,L,,,,,,False
Neosho,2026-10-06,Carthage,,0,3,L,-0.99,3.85,0.99,0.85,1.84,False
Neosho,2026-10-08,Republic,,0,3,L,-0.78,3.55,0.78,0.55,1.33,False
Neosho,2026-10-12,McDonald County,,,,,1.91,0.57,,,,False
Neosho,2026-10-13,Webb City,,,,,-0.02,3.38,,,,False
Neosho,2026-10-15,Willard,,,,,-0.17,3.38,,,,False
Nerinx Hall,2026-08-28,Cardinal Ritter,,2,0,W,5.22,-1.89,-3.22,-1.89,-5.11,False
Nerinx Hall,2026-08-28,Mehlville,,2,0,W,2.12,1.17,-0.12,1.17,1.05,False
Nerinx Hall,2026-08-29,"Centralia(Centralia, IL)",,2,0,W,,,,,,False
Nerinx Hall,2026-08-29,Clayton,,2,1,W,2.83,0.88,-0.83,-0.12,-0.95,False
Nerinx Hall,2026-08-29,St. Charles West,,2,1,W,2.44,1.05,-0.44,0.05,-0.39,False
Nerinx Hall,2026-09-01,Lutheran South,,3,1,W,1.93,0.95,1.07,-0.05,1.02,False
Nerinx Hall,2026-09-03,Webster Groves,,0,3,L,1.39,1.93,-1.39,-1.07,-2.46,False
Nerinx Hall,2026-09-08,Villa Duchesne,,3,0,W,2.95,0.47,0.05,0.47,0.51,False
Nerinx Hall,2026-09-11,"Edwardsville(Edwardsville, IL)",,0,2,L,,,,,,False
Nerinx Hall,2026-09-11,"Libertyville(Libertyville, IL)",,1,2,L,,,,,,False
Nerinx Hall,2026-09-12,"Fairfield Community HS(Fairfield , IL)",,1,2,L,,,,,,False
Nerinx Hall,2026-09-12,"Windsor/Stewardson-Strasburg HS(Strasburg, IL)",,2,0,W,,,,,,False
Nerinx Hall,2026-09-14,St. Joseph's Academy,,0,3,L,0.43,2.9,-0.43,-0.1,-0.53,False
Nerinx Hall,2026-09-15,Notre Dame (St. Louis),,3,0,W,2.25,1.19,0.75,1.19,1.93,False
Nerinx Hall,2026-09-17,Incarnate Word Academy,,0,3,L,0.25,3.75,-0.25,0.75,0.5,False
Nerinx Hall,2026-09-22,Parkway Central,,3,1,W,1.47,1.72,1.53,0.72,2.25,False
Nerinx Hall,2026-09-24,Visitation Academy,,3,0,W,2.65,0.62,0.35,0.62,0.97,False
Nerinx Hall,2026-09-28,Kirkwood,,0,3,L,0.64,2.83,-0.64,-0.17,-0.81,False
Nerinx Hall,2026-09-29,St. Dominic,,1,3,L,-0.02,3.21,1.02,0.21,1.23,False
Nerinx Hall,2026-10-01,Cor Jesu Academy,,1,3,L,0.48,3.17,0.52,0.17,0.69,False
Nerinx Hall,2026-10-05,Lutheran St. Charles,,2,3,L,1.71,2.24,0.29,-0.76,-0.47,False
Nerinx Hall,2026-10-07,St. Pius X (Festus),,0,3,L,1.26,1.83,-1.26,-1.17,-2.42,False
Nerinx Hall,2026-10-09,John Burroughs,,,,,1.22,2.09,,,,False
Nerinx Hall,2026-10-10,Advance,,,,,2.24,1.63,,,,False
Nerinx Hall,2026-10-10,Winona,,,,,1.48,1.92,,,,False
Nerinx Hall,2026-10-12,Parkway West,,,,,1.36,1.99,,,,False
Nerinx Hall,2026-10-14,Lindbergh,,,,,1.19,2.9,,,,False
Nerinx Hall,2026-10-15,Ursuline Academy,,,,,1.64,1.82,,,,False
Nerinx Hall,2026-10-20,Webster Groves,,,,,1.39,1.93,,,,False
"Nettleton(Nettleton, AR)",2026-09-26,Kennett,,2,0,W,,,,,,False
Nevada,2026-09-01,Pleasant Hill,,1,3,L,1.43,1.59,-0.43,-1.41,-1.84,False
Nevada,2026-09-03,Joplin,,3,0,W,2.21,0.49,0.79,0.49,1.28,False
Nevada,2026-09-05,Clinton,,2,1,W,1.19,1.65,0.81,0.65,1.46,False
Nevada,2026-09-05,"Frontenac(Frontenac, KS)",,2,0,W,,,,,,False
Nevada,2026-09-05,Harrisonville,,1,1,T,2.11,0.97,-1.11,-0.03,-1.13,False
Nevada,2026-09-05,Joplin,,2,0,W,2.21,0.49,-0.21,0.49,0.28,False
Nevada,2026-09-05,Knob Noster,,2,0,W,2.93,-0.4,-0.93,-0.4,-1.33,False
Nevada,2026-09-05,McDonald County,,2,0,W,4.0,-1.73,-2.0,-1.73,-3.73,False
Nevada,2026-09-10,Carl Junction,,3,0,W,1.61,1.01,1.39,1.01,2.4,False
Nevada,2026-09-15,East Newton,,3,0,W,2.33,0.25,0.67,0.25,0.92,False
Nevada,2026-09-17,McDonald County,,3,0,W,4.0,-1.73,-1.0,-1.73,-2.73,False
Nevada,2026-09-22,Mt. Vernon,,2,3,L,1.69,0.86,0.31,-2.14,-1.83,False
Nevada,2026-09-24,Cassville,,3,0,W,3.42,-0.33,-0.42,-0.33,-0.75,False
Nevada,2026-09-26,Webb City,,2,0,W,2.07,1.08,-0.07,1.08,1.01,False
Nevada,2026-09-26,"Olathe South(Olathe, KS)",,0,2,L,,,,,,False
Nevada,2026-09-26,"Pittsburg(Pittsburg, KS)",,2,0,W,,,,,,False
Nevada,2026-09-26,"Shiloh Christian(Springdale, AR)",,1,1,T,,,,,,False
Nevada,2026-09-29,Seneca,,3,0,W,4.67,-1.85,-1.67,-1.85,-3.53,False
Nevada,2026-10-03,Carl Junction,,2,0,W,1.61,1.01,0.39,1.01,1.4,False
Nevada,2026-10-03,Logan-Rogersville,,1,1,T,2.08,1.2,-1.08,0.2,-0.88,False
Nevada,2026-10-03,Miller,,2,0,W,2.69,0.27,-0.69,0.27,-0.42,False
Nevada,2026-10-03,New Covenant Academy,,0,2,L,0.89,1.41,-0.89,-0.59,-1.48,False
Nevada,2026-10-03,"Rogers(Rogers, AR)",,2,0,W,,,,,,False
Nevada,2026-10-06,Aurora,,3,0,W,3.79,-0.48,-0.79,-0.48,-1.27,False
Nevada,2026-10-08,Lamar,,3,0,W,1.92,0.46,1.08,0.46,1.54,False
Nevada,2026-10-12,El Dorado Springs,,,,,4.08,-1.13,,,,False
Nevada,2026-10-13,Monett,,,,,2.9,-0.1,,,,False
Nevada,2026-10-15,Bolivar,,,,,2.74,-0.17,,,,False
Nevada,2026-10-22,TBD,,,,,,,,,,False
New Bloomfield,2026-08-27,Father Tolton,,0,3,L,-1.08,3.8,1.08,0.8,1.88,False
New Bloomfield,2026-09-01,North Callaway,,0,3,L,-0.7,3.5,0.7,0.5,1.2,False
New Bloomfield,2026-09-03,Southern Boone,,0,3,L,-1.96,5.07,1.96,2.07,4.03,False
New Bloomfield,2026-09-08,Calvary Lutheran,,0,3,L,0.28,2.79,-0.28,-0.21,-0.48,False
New Bloomfield,2026-09-10,Otterville,,0,3,L,-0.29,2.96,0.29,-0.04,0.25,False
New Bloomfield,2026-09-12,Bowling Green,,0,2,L,0.16,2.69,-0.16,0.69,0.53,False
New Bloomfield,2026-09-12,Fulton,,0,2,L,-0.24,3.15,0.24,1.15,1.39,False
New Bloomfield,2026-09-12,North Callaway,,0,2,L,-0.7,3.5,0.7,1.5,2.2,False
New Bloomfield,2026-09-12,Southern Boone,,0,2,L,-1.96,5.07,1.96,3.07,5.03,False
New Bloomfield,2026-09-15,Lighthouse Sr.,,3,1,W,,,,,,False
New Bloomfield,2026-09-17,Centralia,,0,3,L,0.24,2.8,-0.24,-0.2,-0.44,False
New Bloomfield,2026-09-19,Eugene,,0,2,L,0.41,2.75,-0.41,0.75,0.34,False
New Bloomfield,2026-09-19,Prairie Home,,2,0,W,1.71,0.95,0.29,0.95,1.24,False
New Bloomfield,2026-09-19,Calvary Lutheran,,0,2,L,0.28,2.79,-0.28,0.79,0.52,False
New Bloomfield,2026-09-21,Chamois,,2,3,L,2.25,1.18,-0.25,-1.82,-2.07,False
New Bloomfield,2026-09-23,Fulton,,0,3,L,-0.24,3.15,0.24,0.15,0.39,False
New Bloomfield,2026-09-25,Christian Fellowship Sr.,,0,3,L,0.82,2.02,-0.82,-0.98,-1.8,False
New Bloomfield,2026-09-28,Bunceton,,3,0,W,2.51,-0.15,0.49,-0.15,0.34,False
New Bloomfield,2026-10-01,Eugene,,0,3,L,0.41,2.75,-0.41,-0.25,-0.66,False
New Bloomfield,2026-10-05,Columbia Independent,,1,3,L,0.53,2.67,0.47,-0.33,0.15,False
New Bloomfield,2026-10-06,Tipton,,0,3,L,-0.95,3.32,0.95,0.32,1.27,False
New Bloomfield,2026-10-08,North Callaway,,,,,-0.7,3.5,,,,False
New Bloomfield,2026-10-12,Prairie Home,,,,,1.71,0.95,,,,False
New Bloomfield,2026-10-13,Russellville,,,,,-0.27,3.31,,,,False
New Bloomfield,2026-10-15,Linn,,,,,-1.69,4.35,,,,False
New Bloomfield,2026-10-19,Fatima,,,,,-0.83,3.92,,,,False
New Bloomfield,2026-10-20,Hermann,,,,,-1.04,3.56,,,,False
New Covenant Academy,2026-08-27,Sarcoxie,,3,0,W,3.5,-0.55,-0.5,-0.55,-1.04,False
New Covenant Academy,2026-08-31,Fordland,,3,0,W,4.03,-0.97,-1.03,-0.97,-2.0,False
New Covenant Academy,2026-09-03,Willard,,3,0,W,2.03,0.68,0.97,0.68,1.65,False
New Covenant Academy,2026-09-08,Galena,,3,0,W,4.67,-2.46,-1.67,-2.46,-4.13,False
New Covenant Academy,2026-09-10,Branson,,3,0,W,1.72,0.66,1.28,0.66,1.94,False
New Covenant Academy,2026-09-12,Blair Oaks,,0,2,L,1.37,1.29,-1.37,-0.71,-2.09,False
New Covenant Academy,2026-09-12,Mountain Grove,,2,0,W,2.2,0.01,-0.2,0.01,-0.19,False
New Covenant Academy,2026-09-12,Salem,,2,0,W,3.02,-0.37,-1.02,-0.37,-1.39,False
New Covenant Academy,2026-09-12,West Plains,,1,1,T,0.89,1.53,0.11,0.53,0.64,False
New Covenant Academy,2026-09-14,Crane,,3,0,W,3.78,-1.22,-0.78,-1.22,-2.0,False
New Covenant Academy,2026-09-15,Ava,,3,0,W,3.41,-0.82,-0.41,-0.82,-1.23,False
New Covenant Academy,2026-09-17,Lighthouse Sr. High,,3,0,W,,,,,,False
New Covenant Academy,2026-09-21,Pleasant Hope,,3,0,W,3.63,-1.22,-0.63,-1.22,-1.85,False
New Covenant Academy,2026-09-22,Spokane,,3,0,W,2.48,0.05,0.52,0.05,0.58,False
New Covenant Academy,2026-09-24,Parkview,,3,0,W,3.95,-1.62,-0.95,-1.62,-2.56,False
New Covenant Academy,2026-09-25,Greenwood,,3,0,W,3.79,-1.12,-0.79,-1.12,-1.91,False
New Covenant Academy,2026-09-28,Aurora,,3,0,W,3.9,-0.89,-0.9,-0.89,-1.79,False
New Covenant Academy,2026-09-29,Miller,,3,0,W,2.8,-0.13,0.2,-0.13,0.07,False
New Covenant Academy,2026-10-01,School of the Ozarks,,3,0,W,3.19,-0.97,-0.19,-0.97,-1.16,False
New Covenant Academy,2026-10-03,Branson,,2,1,W,1.72,0.66,0.28,-0.34,-0.06,False
New Covenant Academy,2026-10-03,Camdenton,,2,0,W,2.74,-0.43,-0.74,-0.43,-1.17,False
New Covenant Academy,2026-10-03,East Newton,,2,0,W,2.44,-0.15,-0.44,-0.15,-0.59,False
New Covenant Academy,2026-10-03,Nevada,,2,0,W,1.41,0.89,0.59,0.89,1.48,False
New Covenant Academy,2026-10-03,"Rogers(Rogers, AR)",,2,0,W,,,,,,False
New Covenant Academy,2026-10-08,Billings,,3,0,W,2.65,0.05,0.35,0.05,0.4,False
New Covenant Academy,2026-10-09,Clever,,,,,2.15,0.42,,,,False
New Covenant Academy,2026-10-12,Sparta,,,,,4.56,-2.11,,,,False
New Covenant Academy,2026-10-13,Central (Springfield),,,,,3.13,-1.02,,,,False
New Haven,2026-08-27,Crystal City,,0,3,L,0.83,1.95,-0.83,-1.05,-1.88,False
New Haven,2026-09-01,Cuba,,0,3,L,0.47,2.12,-0.47,-0.88,-1.34,False
New Haven,2026-09-02,Fatima,,2,3,L,0.64,2.45,1.36,-0.55,0.81,False
New Haven,2026-09-03,Belle,,3,1,W,1.75,1.13,1.25,0.13,1.37,False
New Haven,2026-09-08,St. Francis Borgia,,0,3,L,-1.72,4.13,1.72,1.13,2.85,False
New Haven,2026-09-10,Montgomery County,,0,3,L,1.26,1.66,-1.26,-1.34,-2.6,False
New Haven,2026-09-11,Bloomfield,,0,2,L,2.13,0.49,-2.13,-1.51,-3.64,False
New Haven,2026-09-11,Viburnum,,2,0,W,1.99,0.37,0.01,0.37,0.39,False
New Haven,2026-09-12,Central (New Madrid County),,0,2,L,0.85,1.95,-0.85,-0.05,-0.9,False
New Haven,2026-09-12,Doniphan,,2,0,W,1.53,1.33,0.47,1.33,1.79,False
New Haven,2026-09-12,Greenville,,2,1,W,2.2,0.8,-0.2,-0.2,-0.4,False
New Haven,2026-09-12,Kelly,,2,0,W,2.77,0.49,-0.77,0.49,-0.28,False
New Haven,2026-09-12,Lesterville,,1,1,T,1.02,1.65,-0.02,0.65,0.63,False
New Haven,2026-09-12,St. Paul Lutheran (Farmington),,2,1,W,0.69,1.77,1.31,0.77,2.08,False
New Haven,2026-09-15,Linn,,0,3,L,-0.22,2.88,0.22,-0.12,0.1,False
New Haven,2026-09-17,Owensville,,0,3,L,0.15,2.52,-0.15,-0.48,-0.63,False
New Haven,2026-09-19,Bowling Green,,1,1,T,1.63,1.22,-0.63,0.22,-0.41,False
New Haven,2026-09-19,Leopold,,2,0,W,-0.7,3.57,2.7,3.57,6.27,False
New Haven,2026-09-19,St. Louis Christian Sr.,,1,1,T,,,,,,False
New Haven,2026-09-22,Union,,0,3,L,0.57,2.46,-0.57,-0.54,-1.11,False
New Haven,2026-09-24,Hermann,,1,3,L,0.43,2.08,0.57,-0.92,-0.35,False
New Haven,2026-09-28,Washington,,0,2,L,-0.05,2.82,0.05,0.82,0.87,False
New Haven,2026-09-28,Pacific,,0,2,L,-0.67,3.3,0.67,1.3,1.97,False
New Haven,2026-09-28,St. James,,2,0,W,2.58,-0.11,-0.58,-0.11,-0.69,False
New Haven,2026-10-01,Hermann,,1,2,L,0.43,2.08,0.57,0.08,0.65,False
New Haven,2026-10-05,Bourbon,,3,0,W,1.98,0.67,1.02,0.67,1.69,False
New Haven,2026-10-06,Sullivan,,0,3,L,-1.25,3.62,1.25,0.62,1.88,False
New Haven,2026-10-08,St. James,,3,0,W,2.58,-0.11,0.42,-0.11,0.31,False
New Haven,2026-10-13,Pacific,,,,,-0.67,3.3,,,,False
New Haven,2026-10-15,St. Clair,,,,,-0.45,3.56,,,,False
New Heights Christian,2026-08-27,East Newton,,0,3,L,0.45,2.13,-0.45,-0.87,-1.33,False
New Heights Christian,2026-08-29,Crane,,1,2,L,1.79,1.06,-0.79,-0.94,-1.73,False
New Heights Christian,2026-08-29,Forsyth,,1,1,T,1.91,0.73,-0.91,-0.27,-1.18,False
New Heights Christian,2026-08-29,Monett,,0,2,L,1.03,1.77,-1.03,-0.23,-1.25,False
New Heights Christian,2026-08-29,Pierce City,,1,1,T,1.28,1.28,-0.28,0.28,-0.0,False
New Heights Christian,2026-08-29,Sarcoxie,,1,1,T,1.51,1.73,-0.51,0.73,0.22,False
New Heights Christian,2026-08-31,McDonald County,,3,0,W,2.12,0.14,0.88,0.14,1.02,False
New Heights Christian,2026-09-01,Lockwood,,0,3,L,0.11,2.45,-0.11,-0.55,-0.65,False
New Heights Christian,2026-09-03,Purdy,,3,0,W,2.36,0.77,0.64,0.77,1.41,False
New Heights Christian,2026-09-07,McAuley Catholic,,3,0,W,2.89,0.16,0.11,0.16,0.28,False
New Heights Christian,2026-09-08,Pierce City,,2,3,L,1.28,1.28,0.72,-1.72,-1.0,False
New Heights Christian,2026-09-10,Sarcoxie,,3,2,W,1.51,1.73,1.49,-0.27,1.22,False
New Heights Christian,2026-09-14,Diamond,,3,0,W,1.79,1.2,1.21,1.2,2.42,False
New Heights Christian,2026-09-15,Jasper,,3,0,W,2.17,0.83,0.83,0.83,1.66,False
New Heights Christian,2026-09-17,Marionville,,1,3,L,1.38,1.44,-0.38,-1.56,-1.94,False
New Heights Christian,2026-09-19,East Newton,,0,2,L,0.45,2.13,-0.45,0.13,-0.33,False
New Heights Christian,2026-09-19,Greenfield,,2,0,W,1.72,1.35,0.28,1.35,1.64,False
New Heights Christian,2026-09-19,McAuley Catholic,,0,2,L,2.89,0.16,-2.89,-1.84,-4.72,False
New Heights Christian,2026-09-19,School of the Ozarks,,1,1,T,1.2,1.31,-0.2,0.31,0.11,False
New Heights Christian,2026-09-19,Pierce City,,1,1,T,1.28,1.28,-0.28,0.28,-0.0,False
New Heights Christian,2026-09-21,Liberal,,0,3,L,0.87,2.29,-0.87,-0.71,-1.57,False
New Heights Christian,2026-09-22,Exeter,,3,0,W,3.4,-0.51,-0.4,-0.51,-0.91,False
New Heights Christian,2026-09-26,Cassville,,1,2,L,1.55,1.54,-0.55,-0.46,-1.0,False
New Heights Christian,2026-09-26,"Gentry HS(Gentry, AR)",,2,0,W,,,,,,False
New Heights Christian,2026-09-26,Liberal,,0,2,L,0.87,2.29,-0.87,0.29,-0.57,False
New Heights Christian,2026-09-26,Neosho,,1,1,T,1.72,1.08,-0.72,0.08,-0.64,False
New Heights Christian,2026-09-26,"Springdale HS(springdale, AR)",,1,1,T,,,,,,False
New Heights Christian,2026-09-28,Golden City,,3,0,W,2.92,0.01,0.08,0.01,0.09,False
New Heights Christian,2026-09-29,Southwest (Washburn),,3,0,W,2.74,-0.26,0.26,-0.26,-0.0,False
New Heights Christian,2026-10-01,Thomas Jefferson Independent Day,,3,0,W,1.23,1.08,1.77,1.08,2.85,False
New Heights Christian,2026-10-06,Verona,,3,0,W,2.16,0.76,0.84,0.76,1.6,False
New Heights Christian,2026-10-13,El Dorado Springs,,,,,2.21,0.75,,,,False
New Heights Christian,2026-10-15,Wheaton,,,,,2.59,0.26,,,,False
New Heights Christian,2026-10-22,Stockton,,,,,1.2,1.8,,,,False
"New Heights JV(Joplin, MO)",2026-09-19,Sarcoxie,,0,2,L,,,,,,False
"New Heights JV(Joplin, MO)",2026-09-19,East Newton,,0,2,L,,,,,,False
Niangua,2026-08-29,Gainesville,,0,2,L,-0.25,3.43,0.25,1.43,1.68,False
Niangua,2026-08-29,Koshkonong,,0,2,L,1.07,1.61,-1.07,-0.39,-1.46,False
Niangua,2026-08-29,"Mammoth Springs(Mammoth Springs, AR)",,2,0,W,,,,,,False
Niangua,2026-09-01,School of the Ozarks,,0,3,L,-0.66,3.3,0.66,0.3,0.95,False
Niangua,2026-09-04,Everton,,0,3,L,0.09,2.67,-0.09,-0.33,-0.42,False
Niangua,2026-09-10,Conway,,0,3,L,0.11,3.0,-0.11,0.0,-0.1,False
Niangua,2026-09-11,Chadwick,,2,1,W,0.62,2.31,1.38,1.31,2.68,False
Niangua,2026-09-15,Mansfield,,3,1,W,1.74,1.53,1.26,0.53,1.8,False
Niangua,2026-09-17,Laquey,,3,1,W,2.0,0.66,1.0,-0.34,0.66,False
Niangua,2026-09-19,Couch,,0,2,L,0.23,2.93,-0.23,0.93,0.7,False
Niangua,2026-09-19,Mountain Grove,,0,2,L,-1.64,4.28,1.64,2.28,3.92,False
Niangua,2026-09-19,Seymour,,0,2,L,1.01,2.22,-1.01,0.22,-0.78,False
Niangua,2026-09-21,Greenwood,,0,3,L,-0.05,3.15,0.05,0.15,0.2,False
Niangua,2026-09-22,Gloria Deo Academy,,0,3,L,0.84,1.95,-0.84,-1.05,-1.89,False
Niangua,2026-09-24,Bradleyville,,3,1,W,2.07,1.3,0.93,0.3,1.23,False
Niangua,2026-09-28,Seymour,,0,3,L,1.01,2.22,-1.01,-0.78,-1.78,False
Niangua,2026-10-01,Plato,,0,3,L,0.33,2.76,-0.33,-0.24,-0.57,False
Niangua,2026-10-02,Blue Eye,,0,3,L,-1.29,3.82,1.29,0.82,2.11,False
Niangua,2026-10-03,Gainesville,,0,2,L,-0.25,3.43,0.25,1.43,1.68,False
Niangua,2026-10-03,Mountain Grove,,0,2,L,-1.64,4.28,1.64,2.28,3.92,False
Niangua,2026-10-03,Willow Springs,,0,2,L,0.4,2.47,-0.4,0.47,0.07,False
Niangua,2026-10-05,Galena,,0,3,L,0.83,1.81,-0.83,-1.19,-2.02,False
Niangua,2026-10-10,Blue Eye,,,,,-1.29,3.82,,,,False
Niangua,2026-10-12,Lutie,,,,,2.13,1.11,,,,False
Niangua,2026-10-13,Pleasant Hope,,,,,-0.21,3.05,,,,False
Niangua,2026-10-15,Hurley,,,,,0.66,2.31,,,,False
Niangua,2026-10-20,Gloria Deo Academy,,,,,0.84,1.95,,,,False
Nixa,2026-08-29,Liberty,,2,0,W,2.07,1.35,-0.07,1.35,1.28,False
Nixa,2026-08-29,Liberty North,,2,1,W,1.86,1.56,0.14,0.56,0.71,False
Nixa,2026-09-03,"Farmington(Farmington, AR)",,2,3,L,,,,,,False
Nixa,2026-09-04,Helias Catholic,,1,2,L,0.91,1.51,0.09,-0.49,-0.41,False
Nixa,2026-09-04,Jefferson City,,2,0,W,1.78,0.91,0.22,0.91,1.13,False
Nixa,2026-09-10,Webb City,,3,0,W,2.85,0.27,0.15,0.27,0.42,False
Nixa,2026-09-11,Marquette,,2,1,W,2.09,0.97,-0.09,-0.03,-0.12,False
Nixa,2026-09-11,Oakville,,2,0,W,2.09,0.84,-0.09,0.84,0.75,False
Nixa,2026-09-12,Eureka,,1,2,L,0.95,1.78,0.05,-0.22,-0.16,False
Nixa,2026-09-12,St. Francis Borgia,,0,2,L,1.33,1.15,-1.33,-0.85,-2.17,False
Nixa,2026-09-12,"St. James(Lenexa, KS)",,2,1,W,,,,,,False
Nixa,2026-09-15,Willard,,3,0,W,2.7,0.27,0.3,0.27,0.58,False
Nixa,2026-09-17,Joplin,,3,0,W,2.99,-0.32,0.01,-0.32,-0.31,False
Nixa,2026-09-19,"Bryant(Bryant, AR)",,2,0,W,,,,,,False
Nixa,2026-09-19,"Conway(Conway, AR)",,2,0,W,,,,,,False
Nixa,2026-09-19,Rock Bridge,,1,2,L,1.9,0.76,-0.9,-1.24,-2.14,False
Nixa,2026-09-19,Staley,,2,0,W,1.94,0.63,0.06,0.63,0.69,False
Nixa,2026-09-22,Carthage,,3,1,W,1.88,0.74,1.12,-0.26,0.86,False
Nixa,2026-09-24,Republic,,3,0,W,2.09,0.44,0.91,0.44,1.35,False
Nixa,2026-09-26,Jackson,,1,2,L,0.3,2.06,0.7,0.06,0.76,False
Nixa,2026-09-26,Lafayette (Wildwood),,2,1,W,0.15,2.44,1.85,1.44,3.29,False
Nixa,2026-09-26,St. Dominic,,1,2,L,1.06,1.59,-0.06,-0.41,-0.47,False
Nixa,2026-09-29,Neosho,,3,0,W,4.37,-1.6,-1.37,-1.6,-2.97,False
Nixa,2026-10-01,Glendale,,3,0,W,2.29,0.28,0.71,0.28,0.99,False
Nixa,2026-10-06,Ozark,,0,3,L,0.86,1.59,-0.86,-1.41,-2.27,False
Nixa,2026-10-08,Lebanon,,3,0,W,2.71,-0.11,0.29,-0.11,0.18,False
Nixa,2026-10-09,Lutheran South,,,,,3.01,-0.67,,,,False
Nixa,2026-10-09,St. Joseph's Academy,,,,,1.51,1.28,,,,False
Nixa,2026-10-10,"Olathe NW(Olathe, KS)",,,,,,,,,,False
Nixa,2026-10-10,Park Hill South,,,,,2.0,0.82,,,,False
Nixa,2026-10-10,West Plains,,,,,1.56,1.13,,,,False
Nixa,2026-10-13,Kickapoo,,,,,1.04,1.17,,,,False
Nixa,2026-10-15,Waynesville,,,,,4.07,-1.78,,,,False
Nixa,2026-10-22,Smith-Cotton,,,,,3.12,-0.32,,,,False
"Normal University(Normal, IL)",2026-09-11,Hermann,,2,0,W,,,,,,False
Normandy Collaborative,2026-08-29,Hazelwood West,,0,1,L,,,,,,False
Normandy Collaborative,2026-08-29,Jennings,,0,1,L,,,,,,False
Normandy Collaborative,2026-09-02,STEAM Academy,,,,,,,,,,False
Normandy Collaborative,2026-09-07,Jennings,,,,,,,,,,False
Normandy Collaborative,2026-09-08,STEAM Academy,,0,3,L,,,,,,False
Normandy Collaborative,2026-09-11,Confluence Prep Academy Charter with Grand Center Arts Charter,,0,1,L,,,,,,False
Normandy Collaborative,2026-09-14,Jennings,,0,3,L,,,,,,False
Normandy Collaborative,2026-09-14,Hazelwood East,,,,,,,,,,False
Normandy Collaborative,2026-09-16,Hazelwood Central,,0,3,L,,,,,,False
Normandy Collaborative,2026-09-16,McCluer,,,,,,,,,,False
Normandy Collaborative,2026-09-18,McCluer North,,0,,,,,,,,False
Normandy Collaborative,2026-09-22,West Plains,,,,,,,,,,False
Normandy Collaborative,2026-09-25,University City,,0,3,L,,,,,,False
Normandy Collaborative,2026-09-28,STEAM Academy,,0,3,L,,,,,,False
Normandy Collaborative,2026-09-30,McCluer,,1,3,L,,,,,,False
Normandy Collaborative,2026-09-30,Jennings,,,,,,,,,,False
Normandy Collaborative,2026-10-05,Hazelwood Central,,0,3,L,,,,,,False
Normandy Collaborative,2026-10-05,McCluer North,,,,,,,,,,False
Normandy Collaborative,2026-10-07,Hazelwood East,,,,,,,,,,False
Normandy Collaborative,2026-10-07,McCluer North,,,,,,,,,,False
Normandy Collaborative,2026-10-12,Hazelwood East,,,,,,,,,,False
Normandy Collaborative,2026-10-12,McCluer,,,,,,,,,,False
Normandy Collaborative,2026-10-14,McKinley Classical Leadership,,,,,,,,,,False
Normandy Collaborative,2026-10-15,West Plains,,,,,,,,,,False
North Callaway,2026-08-31,Russellville,,3,1,W,2.03,1.4,0.97,0.4,1.37,False
North Callaway,2026-09-01,New Bloomfield,,3,0,W,3.5,-0.7,-0.5,-0.7,-1.2,False
North Callaway,2026-09-03,Montgomery County,,3,0,W,2.09,1.23,0.91,1.23,2.14,False
North Callaway,2026-09-08,Fulton,,3,1,W,2.06,1.25,0.94,0.25,1.18,False
North Callaway,2026-09-09,Mexico,,3,0,W,3.07,0.91,-0.07,0.91,0.84,False
North Callaway,2026-09-12,Centralia,,1,1,T,2.54,0.9,-1.54,-0.1,-1.64,False
North Callaway,2026-09-12,Fatima,,0,2,L,1.47,2.02,-1.47,0.02,-1.45,False
North Callaway,2026-09-12,California,,0,2,L,0.83,2.26,-0.83,0.26,-0.57,False
North Callaway,2026-09-12,New Bloomfield,,2,0,W,3.5,-0.7,-1.5,-0.7,-2.2,False
North Callaway,2026-09-14,Centralia,,3,1,W,2.54,0.9,0.46,-0.1,0.36,False
North Callaway,2026-09-16,Wright City,,0,3,L,1.19,1.76,-1.19,-1.24,-2.42,False
North Callaway,2026-09-17,Montgomery County,,3,1,W,2.09,1.23,0.91,0.23,1.14,False
North Callaway,2026-09-19,Eugene,,1,1,T,2.71,0.85,-1.71,-0.15,-1.87,False
North Callaway,2026-09-19,Calvary Lutheran,,2,0,W,2.58,0.89,-0.58,0.89,0.31,False
North Callaway,2026-09-19,Bunceton,,2,0,W,4.81,-2.06,-2.81,-2.06,-4.87,False
North Callaway,2026-09-21,Centralia,,3,2,W,2.54,0.9,0.46,-1.1,-0.64,False
North Callaway,2026-09-22,Hallsville,,0,3,L,1.17,1.94,-1.17,-1.06,-2.23,False
North Callaway,2026-09-24,Sunnydale Adventist Acad HS,,3,0,W,,,,,,False
North Callaway,2026-09-26,Liberty Christian Sr.,,3,0,W,,,,,,False
North Callaway,2026-09-26,Winfield,,3,2,W,1.43,1.86,1.57,-0.14,1.43,False
North Callaway,2026-09-26,STEAM Academy,,,,,3.06,0.19,,,,False
North Callaway,2026-09-28,Russellville,,3,1,W,2.03,1.4,0.97,0.4,1.37,False
North Callaway,2026-09-29,Osage,,1,3,L,0.19,3.23,0.81,0.23,1.03,False
North Callaway,2026-10-01,Bowling Green,,3,0,W,2.46,0.79,0.54,0.79,1.33,False
North Callaway,2026-10-05,Brookfield,,3,0,W,3.55,-0.29,-0.55,-0.29,-0.84,False
North Callaway,2026-10-06,Linn,,0,3,L,0.61,2.45,-0.61,-0.55,-1.16,False
North Callaway,2026-10-08,New Bloomfield,,,,,3.5,-0.7,,,,False
North Callaway,2026-10-10,Bourbon,,,,,2.81,0.25,,,,False
North Callaway,2026-10-13,Bowling Green,,,,,2.46,0.79,,,,False
North Callaway,2026-10-14,Wright City,,,,,1.19,1.76,,,,False
North Callaway,2026-10-15,Eugene,,,,,2.71,0.85,,,,False
North Callaway,2026-10-20,Montgomery County,,,,,2.09,1.23,,,,False
North County,2026-08-29,Cuba,,1,2,L,1.92,1.6,-0.92,-0.4,-1.32,False
North County,2026-08-29,Licking,,1,2,L,1.79,1.51,-0.79,-0.49,-1.28,False
North County,2026-08-29,Owensville,,0,2,L,1.61,2.0,-1.61,-0.0,-1.61,False
North County,2026-09-01,Valle Catholic,,0,3,L,0.71,3.0,-0.71,-0.0,-0.72,False
North County,2026-09-03,DeSoto,,3,1,W,2.43,0.95,0.57,-0.05,0.52,False
North County,2026-09-10,Kingston,,3,1,W,3.31,1.02,-0.31,0.02,-0.29,False
North County,2026-09-12,Farmington,,0,2,L,0.05,3.6,-0.05,1.6,1.55,False
North County,2026-09-12,Festus,,0,2,L,0.4,2.92,-0.4,0.92,0.53,False
North County,2026-09-12,Sullivan,,0,2,L,0.2,3.1,-0.2,1.1,0.9,False
North County,2026-09-14,Lesterville,,3,0,W,2.48,1.13,0.52,1.13,1.65,False
North County,2026-09-15,Jefferson (Festus),,3,2,W,2.16,1.52,0.84,-0.48,0.36,False
North County,2026-09-16,Herculaneum,,3,1,W,3.46,-0.08,-0.46,-1.08,-1.55,False
North County,2026-09-17,Bismarck,,1,3,L,1.56,2.33,-0.56,-0.67,-1.23,False
North County,2026-09-21,Hillsboro,,0,3,L,0.72,3.0,-0.72,-0.0,-0.72,False
North County,2026-09-22,Arcadia Valley,,3,1,W,1.46,1.99,1.54,0.99,2.53,False
North County,2026-09-24,Central (Park Hills),,3,2,W,2.14,1.99,0.86,-0.01,0.85,False
North County,2026-09-29,Ste. Genevieve,,3,2,W,1.35,2.26,1.65,0.26,1.91,False
North County,2026-09-30,Perryville,,0,3,L,1.04,2.63,-1.04,-0.37,-1.42,False
North County,2026-10-01,Fredericktown,,1,3,L,1.62,2.37,-0.62,-0.63,-1.25,False
North County,2026-10-05,St. Paul Lutheran (Farmington),,3,1,W,2.15,1.25,0.85,0.25,1.1,False
North County,2026-10-06,Farmington,,0,3,L,0.05,3.6,-0.05,0.6,0.55,False
North County,2026-10-08,Potosi,,,,,-0.47,3.85,,,,False
North Kansas City,2026-09-01,Oak Park,,3,1,W,2.25,0.91,0.75,-0.09,0.66,False
North Kansas City,2026-09-02,Lee's Summit North,,0,3,L,-0.02,3.06,0.02,0.06,0.08,False
North Kansas City,2026-09-08,Raytown,,3,0,W,3.13,-0.47,-0.13,-0.47,-0.6,False
North Kansas City,2026-09-10,Park Hill South,,3,0,W,1.24,1.93,1.76,1.93,3.7,False
North Kansas City,2026-09-14,St. Pius X (Kansas City),,0,3,L,0.77,2.36,-0.77,-0.64,-1.4,False
North Kansas City,2026-09-15,Central (St. Joseph),,3,0,W,2.22,0.56,0.78,0.56,1.34,False
North Kansas City,2026-09-17,Park Hill,,2,3,L,0.98,2.79,1.02,-0.21,0.8,False
North Kansas City,2026-09-19,Central (St. Joseph),,2,0,W,2.22,0.56,-0.22,0.56,0.34,False
North Kansas City,2026-09-19,Hickman,,1,1,T,1.74,1.2,-0.74,0.2,-0.54,False
North Kansas City,2026-09-19,Smithville,,0,2,L,0.59,2.24,-0.59,0.24,-0.35,False
North Kansas City,2026-09-19,Platte County,,1,1,T,0.84,2.03,0.16,1.03,1.19,False
North Kansas City,2026-09-19,Oak Park,,2,0,W,2.25,0.91,-0.25,0.91,0.66,False
North Kansas City,2026-09-21,Fort Osage,,3,2,W,2.09,1.23,0.91,-0.77,0.14,False
North Kansas City,2026-09-22,Liberty,,3,1,W,1.3,2.46,1.7,1.46,3.16,False
North Kansas City,2026-09-23,Lee's Summit North,,0,3,L,-0.02,3.06,0.02,0.06,0.08,False
North Kansas City,2026-09-28,Staley,,0,3,L,1.17,1.74,-1.17,-1.26,-2.43,False
North Kansas City,2026-09-29,Winnetonka,,3,0,W,3.86,-0.99,-0.86,-0.99,-1.85,False
North Kansas City,2026-10-01,Park Hill South,,1,3,L,1.24,1.93,-0.24,-1.07,-1.3,False
North Kansas City,2026-10-05,Platte County,,0,2,L,0.84,2.03,-0.84,0.03,-0.81,False
North Kansas City,2026-10-05,Staley,,1,2,L,1.17,1.74,-0.17,-0.26,-0.43,False
North Kansas City,2026-10-06,Central (St. Joseph),,0,3,L,2.22,0.56,-2.22,-2.44,-4.66,False
North Kansas City,2026-10-08,Oak Park,,,,,2.25,0.91,,,,False
North Kansas City,2026-10-13,Park Hill,,,,,0.98,2.79,,,,False
North Kansas City,2026-10-15,Liberty,,,,,1.3,2.46,,,,False
North Nodaway,2026-08-27,"Diagonal(Diagonal , IA)",,2,3,L,,,,,,False
North Nodaway,2026-09-01,Tarkio with Fairfax,,0,3,L,0.88,2.83,-0.88,-0.17,-1.05,False
North Nodaway,2026-09-03,South Holt with Craig,,1,3,L,0.44,3.06,0.56,0.06,0.62,False
North Nodaway,2026-09-10,Union Star with King City,,2,3,L,1.41,2.44,0.59,-0.56,0.04,False
North Nodaway,2026-09-15,Mound City,,0,3,L,-0.75,4.48,0.75,1.48,2.23,False
North Nodaway,2026-09-17,Rock Port,,0,3,L,-1.23,4.41,1.23,1.41,2.64,False
North Nodaway,2026-09-19,Rock Port,,0,2,L,-1.23,4.41,1.23,2.41,3.64,False
North Nodaway,2026-09-19,South Holt with Craig,,0,2,L,0.44,3.06,-0.44,1.06,0.62,False
North Nodaway,2026-09-19,Tarkio with Fairfax,,0,2,L,0.88,2.83,-0.88,0.83,-0.05,False
North Nodaway,2026-09-19,North Platte,,0,2,L,1.22,2.03,-1.22,0.03,-1.2,False
North Nodaway,2026-09-21,South Harrison,,0,3,L,0.82,2.86,-0.82,-0.14,-0.96,False
North Nodaway,2026-09-22,West Nodaway with Nodaway-Holt,,0,3,L,-0.19,3.56,0.19,0.56,0.76,False
North Nodaway,2026-09-24,Tarkio with Fairfax,,3,2,W,0.88,2.83,2.12,0.83,2.95,False
North Nodaway,2026-09-28,Maysville,,1,3,L,1.43,2.25,-0.43,-0.75,-1.18,False
North Nodaway,2026-09-29,South Holt with Craig,,0,3,L,0.44,3.06,-0.44,0.06,-0.38,False
North Nodaway,2026-10-05,South Harrison,,2,3,L,0.82,2.86,1.18,-0.14,1.04,False
North Nodaway,2026-10-06,Union Star with King City,,2,3,L,1.41,2.44,0.59,-0.56,0.04,False
North Nodaway,2026-10-08,Mound City,,0,3,L,-0.75,4.48,0.75,1.48,2.23,False
North Nodaway,2026-10-13,Rock Port,,,,,-1.23,4.41,,,,False
North Nodaway,2026-10-15,West Nodaway with Nodaway-Holt,,,,,-0.19,3.56,,,,False
North Nodaway,2026-10-20,Rock Port,,,,,-1.23,4.41,,,,False
North Pemiscot,2026-08-27,Portageville,,1,3,L,1.91,1.48,-0.91,-1.52,-2.43,False
North Pemiscot,2026-08-28,Senath-Hornersville,,3,0,W,2.61,0.66,0.39,0.66,1.05,False
North Pemiscot,2026-09-01,South Pemiscot,,3,0,W,2.6,0.45,0.4,0.45,0.86,False
North Pemiscot,2026-09-04,Bloomfield,,3,1,W,2.97,-0.1,0.03,-1.1,-1.07,False
North Pemiscot,2026-09-07,East Prairie,,3,0,W,2.12,0.69,0.88,0.69,1.56,False
North Pemiscot,2026-09-10,Clarkton,,3,0,W,2.07,0.87,0.93,0.87,1.8,False
North Pemiscot,2026-09-11,South Iron,,1,1,T,2.55,0.51,-1.55,-0.49,-2.04,False
North Pemiscot,2026-09-11,Parkway South,,0,2,L,0.37,2.62,-0.37,0.62,0.25,False
North Pemiscot,2026-09-12,Clarkton,,2,0,W,2.07,0.87,-0.07,0.87,0.8,False
North Pemiscot,2026-09-12,Kingston,,2,0,W,2.7,0.96,-0.7,0.96,0.26,False
North Pemiscot,2026-09-12,Scott City,,2,1,W,1.21,1.8,0.79,0.8,1.6,False
North Pemiscot,2026-09-12,West County,,2,0,W,2.29,0.77,-0.29,0.77,0.48,False
North Pemiscot,2026-09-12,Puxico,,1,2,L,1.19,1.75,-0.19,-0.25,-0.44,False
North Pemiscot,2026-09-12,Senath-Hornersville,,2,0,W,2.61,0.66,-0.61,0.66,0.05,False
North Pemiscot,2026-09-15,Cooter,,3,0,W,3.67,-0.22,-0.67,-0.22,-0.89,False
North Pemiscot,2026-09-17,Gideon,,0,3,L,0.44,1.92,-0.44,-1.08,-1.51,False
North Pemiscot,2026-09-18,Richland (Essex),,3,0,W,2.61,0.51,0.39,0.51,0.9,False
North Pemiscot,2026-09-21,Delta (Deering),,3,0,W,3.29,-0.07,-0.29,-0.07,-0.36,False
North Pemiscot,2026-09-22,Hayti,,3,0,W,3.62,-0.42,-0.62,-0.42,-1.04,False
North Pemiscot,2026-09-25,"Piggott High shcool(Piggott, AR)",,2,3,L,,,,,,False
North Pemiscot,2026-09-26,Advance,,0,3,L,1.12,2.4,-1.12,-0.6,-1.72,False
North Pemiscot,2026-09-26,Portageville,,3,0,W,1.91,1.48,1.09,1.48,2.57,False
North Pemiscot,2026-09-28,Central (New Madrid County),,1,3,L,1.69,1.37,-0.69,-1.63,-2.33,False
North Pemiscot,2026-10-01,Holcomb,,3,2,W,1.81,1.16,1.19,-0.84,0.34,False
North Pemiscot,2026-10-05,Southland,,3,0,W,3.94,-1.09,-0.94,-1.09,-2.02,False
North Pemiscot,2026-10-06,Risco,,3,0,W,2.71,0.27,0.29,0.27,0.57,False
North Pemiscot,2026-10-09,Campbell,,,,,1.51,1.34,,,,False
North Pemiscot,2026-10-19,Malden,,,,,1.39,1.53,,,,False
North Platte,2026-08-29,East Buchanan,,0,2,L,-1.13,3.77,1.13,1.77,2.91,False
North Platte,2026-08-29,Lathrop,,0,2,L,0.8,2.09,-0.8,0.09,-0.71,False
North Platte,2026-08-29,Lawson,,0,2,L,-0.47,3.07,0.47,1.07,1.54,False
North Platte,2026-08-29,Plattsburg,,0,2,L,0.03,2.49,-0.03,0.49,0.46,False
North Platte,2026-08-29,Penney,,2,0,W,2.56,-0.09,-0.56,-0.09,-0.65,False
North Platte,2026-08-31,South Harrison,,3,0,W,0.8,2.03,2.2,2.03,4.24,False
North Platte,2026-09-03,West Nodaway with Nodaway-Holt,,0,3,L,-0.22,2.73,0.22,-0.27,-0.05,False
North Platte,2026-09-08,University Academy Charter,,0,3,L,-0.17,2.32,0.17,-0.68,-0.51,False
North Platte,2026-09-10,Plattsburg,,0,3,L,0.03,2.49,-0.03,-0.51,-0.54,False
North Platte,2026-09-15,Maysville,,1,3,L,1.41,1.42,-0.41,-1.58,-1.99,False
North Platte,2026-09-17,West Platte,,0,3,L,-0.37,3.44,0.37,0.44,0.81,False
North Platte,2026-09-19,North Nodaway,,2,0,W,2.03,1.22,-0.03,1.22,1.2,False
North Platte,2026-09-19,West Nodaway with Nodaway-Holt,,0,2,L,-0.22,2.73,0.22,0.73,0.95,False
North Platte,2026-09-19,St. Joseph Christian,,0,2,L,-0.52,3.04,0.52,1.04,1.56,False
North Platte,2026-09-19,Union Star with King City,,1,1,T,1.38,1.61,-0.38,0.61,0.23,False
North Platte,2026-09-21,Mound City,,0,3,L,-0.78,3.65,0.78,0.65,1.42,False
North Platte,2026-09-22,Brookfield,,2,3,L,1.88,0.97,0.12,-2.03,-1.91,False
North Platte,2026-09-24,Lathrop,,0,3,L,0.8,2.09,-0.8,-0.91,-1.71,False
North Platte,2026-09-29,Orrick,,3,0,W,2.34,0.46,0.66,0.46,1.12,False
North Platte,2026-10-01,Penney,,3,0,W,2.56,-0.09,0.44,-0.09,0.35,False
North Platte,2026-10-03,South Harrison,,1,1,T,0.8,2.03,0.2,1.03,1.24,False
North Platte,2026-10-03,Union Star with King City,,1,2,L,1.38,1.61,-0.38,-0.39,-0.77,False
North Platte,2026-10-03,Orrick,,2,0,W,2.34,0.46,-0.34,0.46,0.12,False
North Platte,2026-10-05,Northland Christian,,0,3,L,-0.56,3.13,0.56,0.13,0.69,False
North Platte,2026-10-06,South Holt with Craig,,0,3,L,0.41,2.23,-0.41,-0.77,-1.18,False
North Platte,2026-10-08,Lawson,,0,3,L,-0.47,3.07,0.47,0.07,0.54,False
North Platte,2026-10-13,East Buchanan,,,,,-1.13,3.77,,,,False
North Platte,2026-10-15,Mid-Buchanan,,,,,-1.8,4.01,,,,False
North Platte,2026-10-19,Union Star with King City,,,,,1.38,1.61,,,,False
North Platte,2026-10-20,West Platte,,,,,-0.37,3.44,,,,False
"North Platte(North Platte , NE)",2026-08-29,Platte County,,2,1,W,,,,,,False
North Point,2026-08-28,"Belleville West(Belleville , IL)",,2,0,W,,,,,,False
North Point,2026-08-28,Farmington,,0,3,L,1.06,1.98,-1.06,-1.02,-2.08,False
North Point,2026-08-28,MICDS,,1,2,L,1.31,1.74,-0.31,-0.26,-0.57,False
North Point,2026-08-29,Rock Bridge,,1,2,L,1.32,1.6,-0.32,-0.4,-0.72,False
North Point,2026-08-29,Webster Groves,,2,0,W,1.89,1.15,0.11,1.15,1.26,False
North Point,2026-08-31,Liberty (Wentzville),,3,0,W,2.31,0.73,0.69,0.73,1.43,False
North Point,2026-09-02,Holt,,3,1,W,2.27,0.97,0.73,-0.03,0.7,False
North Point,2026-09-03,Ft. Zumwalt East,,3,0,W,3.7,-0.91,-0.7,-0.91,-1.6,False
North Point,2026-09-08,Francis Howell,,3,1,W,2.04,1.22,0.96,0.22,1.18,False
North Point,2026-09-10,Timberland,,3,0,W,2.57,0.62,0.43,0.62,1.05,False
North Point,2026-09-14,Troy Buchanan,,3,1,W,2.72,0.4,0.28,-0.6,-0.31,False
North Point,2026-09-15,Ft. Zumwalt North,,2,3,L,1.91,1.38,0.09,-1.62,-1.53,False
North Point,2026-09-17,Washington,,3,0,W,2.41,0.68,0.59,0.68,1.27,False
North Point,2026-09-19,"Collinsville(Colllinsville, IL)",,2,0,W,,,,,,False
North Point,2026-09-19,Duchesne,,2,0,W,2.2,0.52,-0.2,0.52,0.33,False
North Point,2026-09-19,Orchard Farm,,2,1,W,2.02,1.2,-0.02,0.2,0.18,False
North Point,2026-09-19,Union,,2,0,W,3.03,0.32,-1.03,0.32,-0.71,False
North Point,2026-09-19,Wright City,,2,0,W,2.81,0.05,-0.81,0.05,-0.77,False
North Point,2026-09-21,Eureka,,0,2,L,0.37,2.62,-0.37,0.62,0.26,False
North Point,2026-09-21,Francis Howell Central,,1,2,L,2.2,1.21,-1.2,-0.79,-1.99,False
North Point,2026-09-22,Ft. Zumwalt South,,3,0,W,2.98,-0.02,0.02,-0.02,0.01,False
North Point,2026-09-26,Blue Springs,,1,2,L,0.92,2.02,0.08,0.02,0.1,False
North Point,2026-09-26,Grain Valley,,2,0,W,1.82,1.33,0.18,1.33,1.51,False
North Point,2026-09-26,Rock Bridge,,2,1,W,1.32,1.6,0.68,0.6,1.28,False
North Point,2026-09-26,Westminster Christian Academy,,2,0,W,0.9,1.82,1.1,1.82,2.92,False
North Point,2026-09-29,Ft. Zumwalt East,,3,0,W,3.7,-0.91,-0.7,-0.91,-1.6,False
North Point,2026-09-30,Timberland,,3,1,W,2.57,0.62,0.43,-0.38,0.05,False
North Point,2026-10-06,Ft. Zumwalt North,,1,3,L,1.91,1.38,-0.91,-1.62,-2.53,False
North Point,2026-10-08,Ft. Zumwalt West,,0,3,L,0.43,2.05,-0.43,-0.95,-1.38,False
North Point,2026-10-13,Washington,,,,,2.41,0.68,,,,False
North Point,2026-10-14,Francis Howell North,,,,,2.45,0.94,,,,False
North Point,2026-10-15,Ft. Zumwalt South,,,,,2.98,-0.02,,,,False
North Point,2026-10-20,Troy Buchanan,,,,,2.72,0.4,,,,False
Northeast (Kansas City),2026-09-01,West Plains,,0,3,L,-3.35,6.52,3.35,3.52,6.87,False
Northeast (Kansas City),2026-09-02,KIPP KC Legacy,,0,3,L,0.82,2.4,-0.82,-0.6,-1.42,False
Northeast (Kansas City),2026-09-03,"F. L. Schlagle(Kansas City, KS)",,1,3,L,,,,,,False
Northeast (Kansas City),2026-09-09,Paseo Academy,,0,3,L,0.72,2.61,-0.72,-0.39,-1.11,False
Northeast (Kansas City),2026-09-10,Crossroads Prep Charter,,0,3,L,0.75,2.35,-0.75,-0.65,-1.4,False
Northeast (Kansas City),2026-09-14,Central (Kansas City),,0,3,L,1.08,2.18,-1.08,-0.82,-1.9,False
Northeast (Kansas City),2026-09-15,Guadalupe Centers Charter,,3,2,W,1.26,2.04,1.74,0.04,1.78,False
Northeast (Kansas City),2026-09-16,Academie Lafayette,,3,0,W,1.78,1.0,1.22,1.0,2.22,False
Northeast (Kansas City),2026-09-19,"F L Schlagle(Kansas City , KS)",,0,2,L,,,,,,False
Northeast (Kansas City),2026-09-19,Frontier STEM,,1,1,T,1.97,1.23,-0.97,0.23,-0.74,False
Northeast (Kansas City),2026-09-19,East (Kansas City),,2,0,W,2.61,0.54,-0.61,0.54,-0.07,False
Northeast (Kansas City),2026-09-21,"J.C. Harmon High Schoo(Kansas City, KS)",,0,3,L,,,,,,False
Northeast (Kansas City),2026-09-26,Central (St. Joseph),,0,2,L,-1.92,4.84,1.92,2.84,4.76,False
Northeast (Kansas City),2026-09-26,Chillicothe,,0,2,L,-0.98,4.09,0.98,2.09,3.08,False
Northeast (Kansas City),2026-09-26,Maryville,,0,2,L,-2.39,5.87,2.39,3.87,6.26,False
Northeast (Kansas City),2026-09-26,University Academy Charter,,0,2,L,-1.2,3.9,1.2,1.9,3.1,False
Northeast (Kansas City),2026-09-29,Southeast,,3,1,W,2.29,0.93,0.71,-0.07,0.64,False
Northeast (Kansas City),2026-09-30,East (Kansas City),,3,0,W,2.61,0.54,0.39,0.54,0.93,False
Northeast (Kansas City),2026-10-01,Central (Kansas City),,0,3,L,1.08,2.18,-1.08,-0.82,-1.9,False
Northeast (Kansas City),2026-10-05,East (Kansas City),,3,1,W,2.61,0.54,0.39,-0.46,-0.07,False
Northeast (Kansas City),2026-10-08,Ewing Marion Kauffman,,,,,-0.07,3.13,,,,False
Northeast (Kansas City),2026-10-12,Hogan Prep Academy Charter,,,,,2.59,0.44,,,,False
Northeast (Kansas City),2026-10-14,Southeast,,,,,2.29,0.93,,,,False
Northeast (Kansas City),2026-10-15,Cristo Rey,,,,,0.84,2.11,,,,False
Northeast (Kansas City),2026-10-19,Paseo Academy,,,,,0.72,2.61,,,,False
Northeast (Kansas City),2026-10-20,Benton,,,,,-2.75,5.92,,,,False
"Northeast Arma, KS",2026-10-12,Bronaugh,,,,,,,,,,False
Northeast Vernon County,2026-09-01,Lakeland,,0,2,L,-0.23,3.52,0.23,1.52,1.75,False
Northeast Vernon County,2026-09-01,Leeton with Chilhowee,,0,2,L,0.3,2.01,-0.3,0.01,-0.29,False
Northeast Vernon County,2026-09-03,Sheldon,,0,3,L,0.29,2.48,-0.29,-0.52,-0.81,False
Northeast Vernon County,2026-09-05,Everton,,0,2,L,-0.87,3.34,0.87,1.34,2.22,False
Northeast Vernon County,2026-09-05,Galena,,0,2,L,-0.13,2.49,0.13,0.49,0.62,False
Northeast Vernon County,2026-09-05,McAuley Catholic,,0,2,L,0.07,2.83,-0.07,0.83,0.76,False
Northeast Vernon County,2026-09-05,Verona,,0,2,L,-0.65,3.43,0.65,1.43,2.08,False
Northeast Vernon County,2026-09-08,McAuley Catholic,,0,3,L,0.07,2.83,-0.07,-0.17,-0.24,False
Northeast Vernon County,2026-09-10,Thomas Jefferson Independent Day,,0,3,L,-1.58,3.75,1.58,0.75,2.33,False
Northeast Vernon County,2026-09-12,Appleton City with Montrose,,0,2,L,-0.19,2.8,0.19,0.8,0.99,False
Northeast Vernon County,2026-09-12,Drexel,,1,1,T,-1.14,3.86,2.14,2.86,5.0,False
Northeast Vernon County,2026-09-12,Miami (Amoret),,0,2,L,0.74,1.77,-0.74,-0.23,-0.96,False
Northeast Vernon County,2026-09-12,Rich Hill,,0,2,L,-0.05,2.59,0.05,0.59,0.65,False
Northeast Vernon County,2026-09-14,Everton,,0,3,L,-0.87,3.34,0.87,0.34,1.22,False
Northeast Vernon County,2026-09-15,Wheaton,,0,3,L,-0.22,2.93,0.22,-0.07,0.15,False
Northeast Vernon County,2026-09-17,Jasper,,0,3,L,-0.64,3.5,0.64,0.5,1.14,False
Northeast Vernon County,2026-09-21,Golden City,,0,3,L,0.11,2.68,-0.11,-0.32,-0.43,False
Northeast Vernon County,2026-09-23,Hume,,0,3,L,0.68,2.09,-0.68,-0.91,-1.59,False
Northeast Vernon County,2026-09-24,Ballard,,0,3,L,-0.46,2.75,0.46,-0.25,0.21,False
Northeast Vernon County,2026-09-25,Hurley,,0,3,L,-0.29,2.99,0.29,-0.01,0.28,False
Northeast Vernon County,2026-09-28,Purdy,,0,3,L,-0.46,3.43,0.46,0.43,0.89,False
Northeast Vernon County,2026-09-29,Miami (Amoret),,0,3,L,0.74,1.77,-0.74,-1.23,-1.96,False
Northeast Vernon County,2026-10-01,Bronaugh,,3,0,W,1.84,0.53,1.16,0.53,1.69,False
Northeast Vernon County,2026-10-05,Sheldon,,0,3,L,0.29,2.48,-0.29,-0.52,-0.81,False
Northeast Vernon County,2026-10-06,Ballard,,,,,-0.46,2.75,,,,False
Northeast Vernon County,2026-10-08,Greenfield,,0,3,L,-1.1,4.02,1.1,1.02,2.12,False
Northeast Vernon County,2026-10-12,Rich Hill,,,,,-0.05,2.59,,,,False
Northeast Vernon County,2026-10-13,Hume,,,,,0.68,2.09,,,,False
Northeast Vernon County,2026-10-15,Miami (Amoret),,,,,0.74,1.77,,,,False
Northland Christian,2026-08-28,Rock Port,,0,2,L,0.67,1.82,-0.67,-0.18,-0.86,False
Northland Christian,2026-08-28,Saxony Lutheran,,0,2,L,0.15,2.7,-0.15,0.7,0.55,False
Northland Christian,2026-08-29,Cameron,,2,0,W,2.17,0.73,-0.17,0.73,0.55,False
Northland Christian,2026-08-29,Fatima,,2,0,W,1.73,1.53,0.27,1.53,1.79,False
Northland Christian,2026-08-31,"Bishop Ward(Kansas city, KS)",,3,0,W,,,,,,False
Northland Christian,2026-09-01,Lutheran (Kansas City),,3,0,W,2.3,0.44,0.7,0.44,1.14,False
Northland Christian,2026-09-03,West Platte,,3,2,W,1.56,1.68,1.44,-0.32,1.12,False
Northland Christian,2026-09-08,Faith Christian Academy,,1,3,L,1.9,0.52,-0.9,-2.48,-3.38,False
Northland Christian,2026-09-10,"Bishop Seabury(Lawrence, KS)",,1,3,L,,,,,,False
Northland Christian,2026-09-12,Faith Christian Academy,,2,0,W,1.9,0.52,0.1,0.52,0.62,False
Northland Christian,2026-09-12,Sherwood,,2,0,W,3.04,-0.36,-1.04,-0.36,-1.4,False
Northland Christian,2026-09-12,Stover,,1,2,L,1.16,1.69,-0.16,-0.31,-0.48,False
Northland Christian,2026-09-12,Trenton,,2,0,W,3.09,-0.15,-1.09,-0.15,-1.24,False
Northland Christian,2026-09-12,Wellington-Napoleon,,2,0,W,2.74,0.11,-0.74,0.11,-0.64,False
Northland Christian,2026-09-15,"Heritage Christian(Olathe, KS)",,1,3,L,,,,,,False
Northland Christian,2026-09-17,"Maranatha Christian(Shawnee, KS)",,1,3,L,,,,,,False
Northland Christian,2026-09-19,"Bishop Seabury(Lawrence, KS)",,0,2,L,,,,,,False
Northland Christian,2026-09-19,"Heritage Christian(Olathe , KS)",,0,2,L,,,,,,False
Northland Christian,2026-09-19,"Maranatha Christian(Shawnee, KS)",,0,2,L,,,,,,False
Northland Christian,2026-09-21,Summit Christian Academy,,0,3,L,0.81,1.78,-0.81,-1.22,-2.03,False
Northland Christian,2026-09-22,Chillicothe,,2,0,W,1.98,0.76,0.02,0.76,0.78,False
Northland Christian,2026-09-22,Lawson,,2,1,W,1.46,1.31,0.54,0.31,0.85,False
Northland Christian,2026-09-26,"Christ Prep(Lenexa, KS)",,0,2,L,,,,,,False
Northland Christian,2026-09-26,KIPP KC Legacy,,2,0,W,3.78,-0.94,-1.78,-0.94,-2.72,False
Northland Christian,2026-09-26,Oak Park,,1,2,L,1.07,1.85,-0.07,-0.15,-0.22,False
Northland Christian,2026-09-26,Raytown,,2,0,W,1.95,0.47,0.05,0.47,0.52,False
Northland Christian,2026-09-28,Mid-Buchanan,,0,3,L,0.13,2.25,-0.13,-0.75,-0.88,False
Northland Christian,2026-10-05,North Platte,,3,0,W,3.13,-0.56,-0.13,-0.56,-0.69,False
Northland Christian,2026-10-06,"Kansas City Christian(Prairie Village, KS)",,3,1,W,,,,,,False
Northland Christian,2026-10-08,Bishop LeBlond,,0,1,L,1.16,2.02,-1.16,1.02,-0.14,False
Northland Christian,2026-10-10,Holden,,,,,2.56,0.18,,,,False
Northland Christian,2026-10-10,Lakeland,,,,,3.29,0.22,,,,False
Northland Christian,2026-10-10,Midway,,,,,1.95,0.82,,,,False
Northland Christian,2026-10-12,Plattsburg,,,,,1.96,0.73,,,,False
Northland Christian,2026-10-13,Savannah,,,,,0.83,2.45,,,,False
Northland Christian,2026-10-15,St. Pius X (Kansas City),,,,,-0.41,3.31,,,,False
"Northpoint(Southhaven, MS)",2026-09-05,Jackson,,2,1,W,,,,,,False
"Northside(Ft. Smith, AR)",2026-09-26,Helias Catholic,,0,2,L,,,,,,False
Northwest (Cedar Hill),2026-08-27,Festus,,0,3,L,-0.26,2.79,0.26,-0.21,0.05,False
Northwest (Cedar Hill),2026-08-29,Hillsboro,,0,2,L,0.06,2.86,-0.06,0.86,0.8,False
Northwest (Cedar Hill),2026-08-29,Poplar Bluff,,2,0,W,1.36,1.28,0.64,1.28,1.92,False
Northwest (Cedar Hill),2026-08-29,Ste. Genevieve,,0,2,L,0.69,2.12,-0.69,0.12,-0.56,False
Northwest (Cedar Hill),2026-08-29,Veritas Christian Academy,,2,0,W,3.3,-0.59,-1.3,-0.59,-1.89,False
Northwest (Cedar Hill),2026-09-01,Oakville,,0,3,L,-0.16,3.16,0.16,0.16,0.32,False
Northwest (Cedar Hill),2026-09-03,Seckman,,0,3,L,-0.11,3.07,0.11,0.07,0.18,False
Northwest (Cedar Hill),2026-09-09,Ritenour,,3,0,W,2.68,0.21,0.32,0.21,0.53,False
Northwest (Cedar Hill),2026-09-11,Central (New Madrid County),,2,0,W,1.64,1.29,0.36,1.29,1.65,False
Northwest (Cedar Hill),2026-09-11,Zalma,,2,0,W,3.55,-0.79,-1.55,-0.79,-2.33,False
Northwest (Cedar Hill),2026-09-12,Kingston,,2,0,W,2.65,0.88,-0.65,0.88,0.23,False
Northwest (Cedar Hill),2026-09-12,Summersville,,2,0,W,2.03,1.09,-0.03,1.09,1.06,False
Northwest (Cedar Hill),2026-09-12,Gideon,,0,2,L,0.39,1.85,-0.39,-0.15,-0.54,False
Northwest (Cedar Hill),2026-09-15,Parkway North,,0,3,L,1.5,1.82,-1.5,-1.18,-2.68,False
Northwest (Cedar Hill),2026-09-17,Hazelwood West,,3,0,W,2.63,0.04,0.37,0.04,0.41,False
Northwest (Cedar Hill),2026-09-18,Mehlville,,2,3,L,0.95,1.87,1.05,-1.13,-0.08,False
Northwest (Cedar Hill),2026-09-22,Clayton,,2,3,L,1.67,1.58,0.33,-1.42,-1.09,False
Northwest (Cedar Hill),2026-09-24,Parkway South,,0,3,L,0.32,2.55,-0.32,-0.45,-0.77,False
Northwest (Cedar Hill),2026-09-25,Rockwood Summit,,0,3,L,-0.45,3.23,0.45,0.23,0.68,False
Northwest (Cedar Hill),2026-09-29,Pattonville,,2,3,L,1.54,1.6,0.46,-1.4,-0.94,False
Northwest (Cedar Hill),2026-10-01,Affton,,3,1,W,2.11,0.91,0.89,-0.09,0.8,False
Northwest (Cedar Hill),2026-10-03,Fredericktown,,2,0,W,0.96,2.23,1.04,2.23,3.27,False
Northwest (Cedar Hill),2026-10-03,Perryville,,0,2,L,0.38,2.49,-0.38,0.49,0.11,False
Northwest (Cedar Hill),2026-10-03,Clearwater,,2,0,W,2.71,-0.21,-0.71,-0.21,-0.92,False
Northwest (Cedar Hill),2026-10-03,Scott City,,0,2,L,1.16,1.73,-1.16,-0.27,-1.43,False
Northwest (Cedar Hill),2026-10-03,"St Louis Ignite(St Louis, MO)",,2,1,W,,,,,,False
Northwest (Cedar Hill),2026-10-06,Fox,,,,,2.02,1.28,,,,False
Northwest (Cedar Hill),2026-10-07,Perryville,,,,,0.38,2.49,,,,False
Northwest (Cedar Hill),2026-10-08,Lindbergh,,,,,0.03,3.6,,,,False
Northwest (Cedar Hill),2026-10-12,Hillsboro,,,,,0.06,2.86,,,,False
Northwest (Cedar Hill),2026-10-14,St. Clair,,,,,0.34,2.9,,,,False
Northwest (Cedar Hill),2026-10-20,Seckman,,,,,-0.11,3.07,,,,False
Northwest (Hughesville),2026-08-27,Osceola,,0,3,L,-0.8,3.57,0.8,0.57,1.38,False
Northwest (Hughesville),2026-09-01,Prairie Home,,3,0,W,2.38,0.31,0.62,0.31,0.93,False
Northwest (Hughesville),2026-09-03,Santa Fe,,0,3,L,-0.33,3.03,0.33,0.03,0.36,False
Northwest (Hughesville),2026-09-08,Sweet Springs,,0,3,L,0.29,2.77,-0.29,-0.23,-0.53,False
Northwest (Hughesville),2026-09-10,Concordia,,0,3,L,-0.06,3.02,0.06,0.02,0.08,False
Northwest (Hughesville),2026-09-12,Marshall,,0,2,L,1.01,1.73,-1.01,-0.27,-1.28,False
Northwest (Hughesville),2026-09-12,Sweet Springs,,0,2,L,0.29,2.77,-0.29,0.77,0.47,False
Northwest (Hughesville),2026-09-12,Richmond,,2,0,W,1.52,1.15,0.48,1.15,1.63,False
Northwest (Hughesville),2026-09-12,Warrensburg,,0,2,L,-1.0,3.7,1.0,1.7,2.7,False
Northwest (Hughesville),2026-09-15,Lincoln,,1,3,L,1.09,1.77,-0.09,-1.23,-1.32,False
Northwest (Hughesville),2026-09-17,Stover,,0,3,L,-0.73,3.44,0.73,0.44,1.17,False
Northwest (Hughesville),2026-09-22,La Monte,,0,3,L,0.52,2.25,-0.52,-0.75,-1.26,False
Northwest (Hughesville),2026-09-24,Otterville,,0,3,L,0.38,2.32,-0.38,-0.68,-1.06,False
Northwest (Hughesville),2026-09-26,La Monte,,1,1,T,0.52,2.25,0.48,1.25,1.74,False
Northwest (Hughesville),2026-09-26,St. Paul Lutheran (Concordia),,0,2,L,0.1,2.83,-0.1,0.83,0.73,False
Northwest (Hughesville),2026-09-26,Richmond,,1,1,T,1.52,1.15,-0.52,0.15,-0.37,False
Northwest (Hughesville),2026-09-29,Windsor,,2,3,L,1.63,1.68,0.37,-1.32,-0.96,False
Northwest (Hughesville),2026-10-01,Sacred Heart,,2,3,L,0.25,2.53,1.75,-0.47,1.28,False
Northwest (Hughesville),2026-10-05,Smithton,,0,3,L,0.44,2.48,-0.44,-0.52,-0.97,False
Northwest (Hughesville),2026-10-07,Green Ridge,,1,1,T,0.57,2.09,0.43,1.09,1.51,False
Northwest (Hughesville),2026-10-07,La Monte,,0,2,L,0.52,2.25,-0.52,0.25,-0.26,False
Northwest (Hughesville),2026-10-07,Sacred Heart,,0,2,L,0.25,2.53,-0.25,0.53,0.28,False
Northwest (Hughesville),2026-10-08,Stover,,0,2,L,-0.73,3.44,0.73,1.44,2.17,False
Northwest (Hughesville),2026-10-12,Crest Ridge,,,,,0.26,2.71,,,,False
Northwest (Hughesville),2026-10-13,Cole Camp,,,,,-0.97,3.6,,,,False
Northwest (Hughesville),2026-10-15,Green Ridge,,,,,0.57,2.09,,,,False
Notre Dame (Cape Girardeau),2026-08-27,Hillsboro,,2,3,L,1.16,1.77,0.84,-1.23,-0.39,False
Notre Dame (Cape Girardeau),2026-08-29,Alton,,2,0,W,,,,,,False
Notre Dame (Cape Girardeau),2026-08-29,Hermann,,2,0,W,2.32,0.33,-0.32,0.33,0.01,False
Notre Dame (Cape Girardeau),2026-08-29,Pacific,,1,1,T,1.23,1.55,-0.23,0.55,0.33,False
Notre Dame (Cape Girardeau),2026-08-29,Parkway West,,0,2,L,1.29,1.6,-1.29,-0.4,-1.69,False
Notre Dame (Cape Girardeau),2026-09-01,Farmington,,2,3,L,0.49,2.37,1.51,-0.63,0.88,False
Notre Dame (Cape Girardeau),2026-09-03,Potosi,,0,3,L,-0.03,2.62,0.03,-0.38,-0.35,False
Notre Dame (Cape Girardeau),2026-09-08,Sikeston,,3,2,W,2.59,0.58,0.41,-1.42,-1.01,False
Notre Dame (Cape Girardeau),2026-09-09,Scott City,,3,0,W,2.26,0.64,0.74,0.64,1.38,False
Notre Dame (Cape Girardeau),2026-09-11,Arcadia Valley,,2,0,W,1.9,0.77,0.1,0.77,0.87,False
Notre Dame (Cape Girardeau),2026-09-11,Portageville,,2,0,W,2.97,0.32,-0.97,0.32,-0.65,False
Notre Dame (Cape Girardeau),2026-09-12,Saxony Lutheran,,0,2,L,0.95,1.88,-0.95,-0.12,-1.07,False
Notre Dame (Cape Girardeau),2026-09-12,Perryville,,2,0,W,1.48,1.4,0.52,1.4,1.92,False
Notre Dame (Cape Girardeau),2026-09-12,Woodland,,2,0,W,1.61,1.35,0.39,1.35,1.74,False
Notre Dame (Cape Girardeau),2026-09-14,St. Vincent,,3,1,W,2.36,0.46,0.64,-0.54,0.09,False
Notre Dame (Cape Girardeau),2026-09-17,Jackson,,0,3,L,-0.85,3.29,0.85,0.29,1.13,False
Notre Dame (Cape Girardeau),2026-09-26,West Plains,,1,3,L,0.41,2.36,0.59,-0.64,-0.05,False
Notre Dame (Cape Girardeau),2026-10-01,Central (Cape Girardeau),,2,0,W,2.26,0.22,-0.26,0.22,-0.04,False
Notre Dame (Cape Girardeau),2026-10-01,Saxony Lutheran,,0,2,L,0.95,1.88,-0.95,-0.12,-1.07,False
Notre Dame (Cape Girardeau),2026-10-01,Poplar Bluff,,2,0,W,2.46,0.19,-0.46,0.19,-0.27,False
Notre Dame (Cape Girardeau),2026-10-02,Leopold,,2,3,L,1.2,1.83,0.8,-1.17,-0.37,False
Notre Dame (Cape Girardeau),2026-10-03,Ft. Zumwalt South,,1,1,T,2.41,0.37,-1.41,-0.63,-2.04,False
Notre Dame (Cape Girardeau),2026-10-03,Mehlville,,2,0,W,2.05,0.78,-0.05,0.78,0.73,False
Notre Dame (Cape Girardeau),2026-10-03,Parkway Central,,1,2,L,1.4,1.33,-0.4,-0.67,-1.08,False
Notre Dame (Cape Girardeau),2026-10-03,Parkway West,,1,1,T,1.29,1.6,-0.29,0.6,0.31,False
Notre Dame (Cape Girardeau),2026-10-03,Timberland,,2,0,W,2.01,1.01,-0.01,1.01,1.01,False
Notre Dame (Cape Girardeau),2026-10-05,Advance,,3,0,W,2.17,1.24,0.83,1.24,2.06,False
Notre Dame (Cape Girardeau),2026-10-06,St. Pius X (Festus),,1,3,L,1.19,1.44,-0.19,-1.56,-1.75,False
Notre Dame (Cape Girardeau),2026-10-07,Dexter,,3,1,W,1.89,1.14,1.11,0.14,1.25,False
Notre Dame (Cape Girardeau),2026-10-08,Saxony Lutheran,,0,3,L,0.95,1.88,-0.95,-1.12,-2.07,False
Notre Dame (Cape Girardeau),2026-10-12,Poplar Bluff,,,,,2.46,0.19,,,,False
Notre Dame (Cape Girardeau),2026-10-14,Central (Cape Girardeau),,,,,2.26,0.22,,,,False
Notre Dame (Cape Girardeau),2026-10-19,Kennett,,,,,3.53,-0.38,,,,False
Notre Dame (St. Louis),2026-08-29,John Burroughs,,0,2,L,0.61,2.54,-0.61,0.54,-0.07,False
Notre Dame (St. Louis),2026-08-29,Villa Duchesne,,2,0,W,2.34,0.92,-0.34,0.92,0.58,False
Notre Dame (St. Louis),2026-08-29,Visitation Academy,,2,1,W,2.04,1.07,-0.04,0.07,0.03,False
Notre Dame (St. Louis),2026-08-29,Oakville,,0,2,L,0.4,2.91,-0.4,0.91,0.52,False
Notre Dame (St. Louis),2026-08-29,Rockwood Summit,,0,2,L,0.11,2.99,-0.11,0.99,0.88,False
Notre Dame (St. Louis),2026-08-31,Parkway North,,3,0,W,2.05,1.58,0.95,1.58,2.52,False
Notre Dame (St. Louis),2026-09-02,Ritenour,,3,0,W,3.23,-0.03,-0.23,-0.03,-0.27,False
Notre Dame (St. Louis),2026-09-03,Visitation Academy,,3,,,2.04,1.07,,,,False
Notre Dame (St. Louis),2026-09-08,Ursuline Academy,,0,3,L,1.03,2.27,-1.03,-0.73,-1.75,False
Notre Dame (St. Louis),2026-09-10,St. Dominic,,0,3,L,-0.63,3.66,0.63,0.66,1.3,False
Notre Dame (St. Louis),2026-09-11,"Collinsville(Collinsville, IL)",,0,2,L,,,,,,False
Notre Dame (St. Louis),2026-09-11,"Southwestern(Piasa, IL)",,2,0,W,,,,,,False
Notre Dame (St. Louis),2026-09-12,"Alton(Alton , IL)",,2,0,W,,,,,,False
Notre Dame (St. Louis),2026-09-12,Hazelwood East,,,0,,3.64,-0.25,,,,False
Notre Dame (St. Louis),2026-09-12,Windsor (Imperial),,1,2,L,1.15,1.8,-0.15,-0.2,-0.35,False
Notre Dame (St. Louis),2026-09-14,Mehlville,,3,1,W,1.5,1.62,1.5,0.62,2.12,False
Notre Dame (St. Louis),2026-09-15,Nerinx Hall,,0,3,L,1.19,2.25,-1.19,-0.75,-1.93,False
Notre Dame (St. Louis),2026-09-17,Bishop DuBourg,,3,0,W,4.47,-0.62,-1.47,-0.62,-2.09,False
Notre Dame (St. Louis),2026-09-21,Bishop DuBourg,,3,0,W,4.47,-0.62,-1.47,-0.62,-2.09,False
Notre Dame (St. Louis),2026-09-22,Villa Duchesne,,2,3,L,2.34,0.92,-0.34,-2.08,-2.42,False
Notre Dame (St. Louis),2026-09-23,Maplewood-Richmond Hts.,,3,1,W,2.7,0.37,0.3,-0.63,-0.32,False
Notre Dame (St. Louis),2026-09-24,St. Joseph's Academy,,0,3,L,-0.18,3.35,0.18,0.35,0.53,False
Notre Dame (St. Louis),2026-09-28,Bayless,,3,0,W,2.9,0.56,0.1,0.56,0.66,False
Notre Dame (St. Louis),2026-09-29,Cor Jesu Academy,,0,3,L,-0.13,3.63,0.13,0.63,0.76,False
Notre Dame (St. Louis),2026-09-30,Incarnate Word Academy,,0,3,L,-0.37,4.2,0.37,1.2,1.57,False
Notre Dame (St. Louis),2026-10-01,Metro,,3,0,W,2.4,0.29,0.6,0.29,0.89,False
Notre Dame (St. Louis),2026-10-02,Lutheran South,,1,3,L,1.32,1.4,-0.32,-1.6,-1.91,False
Notre Dame (St. Louis),2026-10-05,Rosati-Kain,,3,0,W,4.78,-1.33,-1.78,-1.33,-3.11,False
Notre Dame (St. Louis),2026-10-06,Whitfield,,3,0,W,2.66,0.81,0.34,0.81,1.15,False
Notre Dame (St. Louis),2026-10-08,Fox,,,,,2.58,1.04,,,,False
Notre Dame (St. Louis),2026-10-14,Duchesne,,,,,1.08,1.76,,,,False
Notre Dame (St. Louis),2026-10-22,TBD,,,,,,,,,,False
Notre Dame de Sion,2026-08-28,Belton,,0,2,L,1.75,2.19,-1.75,0.19,-1.56,False
Notre Dame de Sion,2026-08-28,Maryville,,2,1,W,2.09,1.76,-0.09,0.76,0.67,False
Notre Dame de Sion,2026-08-29,Bishop LeBlond,,2,1,W,2.68,1.25,-0.68,0.25,-0.43,False
Notre Dame de Sion,2026-08-29,Oak Grove,,0,2,L,0.7,2.58,-0.7,0.58,-0.11,False
Notre Dame de Sion,2026-09-01,Summit Christian Academy,,3,1,W,2.33,1.01,0.67,0.01,0.68,False
Notre Dame de Sion,2026-09-03,Warrensburg,,3,0,W,2.41,1.17,0.59,1.17,1.76,False
Notre Dame de Sion,2026-09-08,"Christ Preparatory(Lenexa, KS)",,3,0,W,,,,,,False
Notre Dame de Sion,2026-09-09,"Blue Valley(Lansing, KS)",,0,2,L,,,,,,False
Notre Dame de Sion,2026-09-09,"Lansing(Lansing, KS)",,1,2,L,,,,,,False
Notre Dame de Sion,2026-09-10,Pleasant Hill,,2,3,L,1.78,2.06,0.22,-0.94,-0.72,False
Notre Dame de Sion,2026-09-15,St. Pius X (Kansas City),,1,3,L,1.1,2.54,-0.1,-0.46,-0.57,False
Notre Dame de Sion,2026-09-17,Pembroke Hill,,2,3,L,1.26,1.88,0.74,-1.12,-0.38,False
Notre Dame de Sion,2026-09-22,Clinton,,2,3,L,1.54,2.13,0.46,-0.87,-0.41,False
Notre Dame de Sion,2026-09-23,St. Michael the Archangel,,1,3,L,0.69,2.87,0.31,-0.13,0.18,False
Notre Dame de Sion,2026-09-26,St. Michael the Archangel,,0,2,L,0.69,2.87,-0.69,0.87,0.18,False
Notre Dame de Sion,2026-09-28,"Blue Valley Southwest(Overland Park, KS)",,0,2,L,,,,,,False
Notre Dame de Sion,2026-10-05,Savannah,,3,1,W,2.35,1.68,0.65,0.68,1.33,False
Notre Dame de Sion,2026-10-07,Barstow,,3,0,W,3.09,0.43,-0.09,0.43,0.34,False
Notre Dame de Sion,2026-10-09,St. Teresa's Academy,,,,,0.52,2.96,,,,False
Notre Dame de Sion,2026-10-13,Kearney,,,,,2.28,0.96,,,,False
Notre Dame de Sion,2026-10-15,Oak Park,,,,,2.58,1.08,,,,False
"Notre Dame(Los Angeles, CA)",2026-10-03,Incarnate Word Academy,,0,2,L,,,,,,False
"Notre Dame(Park Hills, KY)",2026-09-11,St. Joseph's Academy,,0,2,L,,,,,,False
"O'Fallon(O'Fallon, IL)",2026-10-03,Marquette,,1,2,L,,,,,,False
Oak Grove,2026-08-28,Maryville,,2,0,W,2.55,0.34,-0.55,0.34,-0.21,False
Oak Grove,2026-08-28,Hannibal,,2,1,W,1.44,0.85,0.56,-0.15,0.41,False
Oak Grove,2026-08-29,Bishop LeBlond,,2,1,W,3.15,-0.17,-1.15,-1.17,-2.32,False
Oak Grove,2026-08-29,Notre Dame de Sion,,2,0,W,2.58,0.7,-0.58,0.7,0.11,False
Oak Grove,2026-09-02,Excelsior Springs,,3,0,W,4.62,-1.8,-1.62,-1.8,-3.42,False
Oak Grove,2026-09-08,Holden,,3,0,W,4.55,-2.01,-1.55,-2.01,-3.56,False
Oak Grove,2026-09-09,Savannah,,3,0,W,2.82,0.26,0.18,0.26,0.44,False
Oak Grove,2026-09-12,Grain Valley,,3,2,W,2.44,0.36,0.56,-1.64,-1.08,False
Oak Grove,2026-09-12,Fort Osage,,3,0,W,2.9,-0.02,0.1,-0.02,0.08,False
Oak Grove,2026-09-14,Summit Christian Academy,,3,0,W,2.8,-0.41,0.2,-0.41,-0.21,False
Oak Grove,2026-09-19,Blue Springs South,,1,2,L,1.68,1.25,-0.68,-0.75,-1.43,False
Oak Grove,2026-09-19,"Blue Valley West(Overland Park, KS)",,2,1,W,,,,,,False
Oak Grove,2026-09-19,"Olathe Northwest(Olathe, KS)",,2,1,W,,,,,,False
Oak Grove,2026-09-19,"St. Thomas Aquinas(Overland Park, KS)",,0,2,L,,,,,,False
Oak Grove,2026-09-21,Knob Noster,,3,0,W,3.74,-1.35,-0.74,-1.35,-2.09,False
Oak Grove,2026-09-22,Warrensburg,,3,0,W,2.88,-0.25,0.12,-0.25,-0.12,False
Oak Grove,2026-09-24,Center,,3,0,W,3.29,-0.92,-0.29,-0.92,-1.2,False
Oak Grove,2026-09-29,Odessa,,3,0,W,2.69,0.53,0.31,0.53,0.84,False
Oak Grove,2026-09-30,Van Horn,,3,0,W,4.67,-2.19,-1.67,-2.19,-3.86,False
Oak Grove,2026-10-01,St. Michael the Archangel,,0,3,L,1.16,1.45,-1.16,-1.55,-2.71,False
Oak Grove,2026-10-03,Blue Springs,,2,0,W,1.54,1.05,0.46,1.05,1.51,False
Oak Grove,2026-10-03,"Blue Valley North(Overland Park, KS)",,2,0,W,,,,,,False
Oak Grove,2026-10-03,Staley,,2,0,W,1.98,0.5,0.02,0.5,0.52,False
Oak Grove,2026-10-03,Pembroke Hill,,2,0,W,1.73,0.47,0.27,0.47,0.73,False
Oak Grove,2026-10-03,St. Dominic,,2,0,W,1.1,1.46,0.9,1.46,2.36,False
Oak Grove,2026-10-05,Pleasant Hill,,3,0,W,2.25,0.64,0.75,0.64,1.4,False
Oak Grove,2026-10-06,Smith-Cotton,,3,0,W,3.16,-0.45,-0.16,-0.45,-0.61,False
Oak Grove,2026-10-13,Harrisonville,,,,,2.92,0.03,,,,False
Oak Grove,2026-10-15,Clinton,,,,,2.01,0.71,,,,False
Oak Grove,2026-10-22,TBD,,,,,,,,,,False
Oak Park,2026-08-27,Staley,,0,3,L,0.47,2.38,-0.47,-0.62,-1.09,False
Oak Park,2026-09-01,North Kansas City,,1,3,L,0.91,2.25,0.09,-0.75,-0.66,False
Oak Park,2026-09-03,Central (St. Joseph),,2,3,L,1.52,1.2,0.48,-1.8,-1.33,False
Oak Park,2026-09-08,Park Hill,,0,3,L,0.29,3.43,-0.29,0.43,0.14,False
Oak Park,2026-09-10,Liberty,,0,3,L,0.6,3.1,-0.6,0.1,-0.5,False
Oak Park,2026-09-15,Park Hill South,,0,3,L,0.54,2.57,-0.54,-0.43,-0.97,False
Oak Park,2026-09-17,Lee's Summit North,,0,3,L,-0.72,3.7,0.72,0.7,1.42,False
Oak Park,2026-09-19,North Kansas City,,0,2,L,0.91,2.25,-0.91,0.25,-0.66,False
Oak Park,2026-09-19,Pembroke Hill,,0,2,L,0.23,2.35,-0.23,0.35,0.13,False
Oak Park,2026-09-19,St. Pius X (Kansas City),,0,2,L,0.07,3.0,-0.07,1.0,0.94,False
Oak Park,2026-09-19,Truman,,2,0,W,2.13,0.54,-0.13,0.54,0.41,False
Oak Park,2026-09-21,Grain Valley,,0,2,L,0.93,2.24,-0.93,0.24,-0.69,False
Oak Park,2026-09-21,Kearney,,1,2,L,1.25,1.43,-0.25,-0.57,-0.82,False
Oak Park,2026-09-24,Central (St. Joseph),,3,1,W,1.52,1.2,1.48,0.2,1.67,False
Oak Park,2026-09-26,Central (St. Joseph),,2,0,W,1.52,1.2,0.48,1.2,1.67,False
Oak Park,2026-09-26,East (Kansas City),,2,0,W,6.05,-3.1,-4.05,-3.1,-7.15,False
Oak Park,2026-09-26,Savannah,,1,2,L,1.31,2.15,-0.31,0.15,-0.17,False
Oak Park,2026-09-26,Northland Christian,,2,1,W,1.85,1.07,0.15,0.07,0.22,False
Oak Park,2026-09-26,West Platte,,2,1,W,2.05,1.38,-0.05,0.38,0.33,False
Oak Park,2026-09-28,Winnetonka,,3,0,W,3.16,-0.35,-0.16,-0.35,-0.51,False
Oak Park,2026-09-29,Park Hill,,0,3,L,0.29,3.43,-0.29,0.43,0.14,False
Oak Park,2026-10-01,Liberty,,1,3,L,0.6,3.1,0.4,0.1,0.5,False
Oak Park,2026-10-05,Smithville,,0,2,L,-0.11,2.88,0.11,0.88,0.99,False
Oak Park,2026-10-05,Truman,,2,0,W,2.13,0.54,-0.13,0.54,0.41,False
Oak Park,2026-10-06,Park Hill South,,0,3,L,0.54,2.57,-0.54,-0.43,-0.97,False
Oak Park,2026-10-08,North Kansas City,,,,,0.91,2.25,,,,False
Oak Park,2026-10-13,Lee's Summit North,,,,,-0.72,3.7,,,,False
Oak Park,2026-10-15,Notre Dame de Sion,,,,,1.08,2.58,,,,False
Oak Ridge,2026-08-27,Grandview (Hillsboro),,3,0,W,3.88,-0.98,-0.88,-0.98,-1.86,False
Oak Ridge,2026-08-28,Meadow Heights,,3,0,W,2.29,0.88,0.71,0.88,1.58,False
Oak Ridge,2026-08-31,Woodland,,0,3,L,1.48,1.8,-1.48,-1.2,-2.67,False
Oak Ridge,2026-09-03,Greenville,,3,0,W,3.96,-0.49,-0.96,-0.49,-1.46,False
Oak Ridge,2026-09-04,Meadow Heights,,3,0,W,2.29,0.88,0.71,0.88,1.58,False
Oak Ridge,2026-09-08,Charleston,,3,0,W,4.91,-2.1,-1.91,-2.1,-4.01,False
Oak Ridge,2026-09-09,St. Paul Lutheran (Farmington),,3,0,W,2.45,0.47,0.55,0.47,1.02,False
Oak Ridge,2026-09-11,East Prairie,,2,0,W,3.04,-0.02,-1.04,-0.02,-1.06,False
Oak Ridge,2026-09-11,Southland,,2,0,W,4.85,-1.79,-2.85,-1.79,-4.65,False
Oak Ridge,2026-09-11,Oran,,2,0,W,3.82,-0.89,-1.82,-0.89,-2.71,False
Oak Ridge,2026-09-12,Gideon,,0,2,L,1.35,1.21,-1.35,-0.79,-2.14,False
Oak Ridge,2026-09-12,Hazelwood West,,2,0,W,3.59,-0.6,-1.59,-0.6,-2.19,False
Oak Ridge,2026-09-12,Sikeston,,2,0,W,2.45,1.03,-0.45,1.03,0.58,False
Oak Ridge,2026-09-14,Crystal City,,3,0,W,2.59,0.66,0.41,0.66,1.07,False
Oak Ridge,2026-09-15,Zalma,,3,0,W,4.51,-1.42,-1.51,-1.42,-2.93,False
Oak Ridge,2026-09-17,Oran,,3,0,W,3.82,-0.89,-0.82,-0.89,-1.71,False
Oak Ridge,2026-09-18,"Egyptian(Tamms, IL)",,3,0,W,,,,,,False
Oak Ridge,2026-09-21,Saxony Lutheran,,1,3,L,0.81,2.33,0.19,-0.67,-0.48,False
Oak Ridge,2026-09-24,Puxico,,3,0,W,2.11,1.05,0.89,1.05,1.94,False
Oak Ridge,2026-09-28,Woodland,,3,1,W,1.48,1.8,1.52,0.8,2.33,False
Oak Ridge,2026-09-29,Kelly,,3,0,W,4.52,-0.8,-1.52,-0.8,-2.33,False
Oak Ridge,2026-10-01,East Prairie,,3,0,W,3.04,-0.02,-0.04,-0.02,-0.06,False
Oak Ridge,2026-10-02,Advance,,3,1,W,2.03,1.69,0.97,0.69,1.65,False
Oak Ridge,2026-10-05,Scott City,,2,3,L,2.12,1.09,-0.12,-1.91,-2.03,False
Oak Ridge,2026-10-06,Eagle Ridge Christian,,3,0,W,,,,,,False
Oak Ridge,2026-10-08,Central (New Madrid County),,3,0,W,2.61,0.66,0.39,0.66,1.05,False
Oak Ridge,2026-10-12,Leopold,,,,,1.06,2.28,,,,False
Oak Ridge,2026-10-16,Greenville,,,,,3.96,-0.49,,,,False
Oak Ridge,2026-10-19,St. Vincent,,,,,2.23,0.91,,,,False
Oak Ridge,2026-10-23,Oran,,,,,3.82,-0.89,,,,False
Oakville,2026-08-27,Parkway West,,3,1,W,2.02,1.21,0.98,0.21,1.19,False
Oakville,2026-08-29,Francis Howell North,,2,1,W,2.6,0.93,-0.6,-0.07,-0.67,False
Oakville,2026-08-29,John Burroughs,,1,1,T,1.88,1.3,-0.88,0.3,-0.58,False
Oakville,2026-08-29,Notre Dame (St. Louis),,2,0,W,2.91,0.4,-0.91,0.4,-0.52,False
Oakville,2026-08-29,Holt,,2,0,W,2.43,0.96,-0.43,0.96,0.53,False
Oakville,2026-08-29,Rockwood Summit,,1,1,T,1.38,1.74,-0.38,0.74,0.37,False
Oakville,2026-08-31,Eureka,,1,3,L,0.53,2.62,0.47,-0.38,0.09,False
Oakville,2026-09-01,Northwest (Cedar Hill),,3,0,W,3.16,-0.16,-0.16,-0.16,-0.32,False
Oakville,2026-09-03,Lindbergh,,2,3,L,1.85,2.11,0.15,-0.89,-0.75,False
Oakville,2026-09-05,"Gibson County(Dyer, TN)",,2,0,W,,,,,,False
Oakville,2026-09-05,"Herrin(Herrin, IL)",,2,0,W,,,,,,False
Oakville,2026-09-05,St. Clair,,0,2,L,2.17,1.41,-2.17,-0.59,-2.75,False
Oakville,2026-09-05,"Red Bud(Red Bud, IL)",,2,1,W,,,,,,False
Oakville,2026-09-08,Fox,,3,0,W,3.85,-0.2,-0.85,-0.2,-1.05,False
Oakville,2026-09-09,Festus,,0,3,L,1.56,1.3,-1.56,-1.7,-3.26,False
Oakville,2026-09-11,Marquette,,2,0,W,1.66,1.8,0.34,1.8,2.14,False
Oakville,2026-09-11,Nixa,,0,2,L,0.84,2.09,-0.84,0.09,-0.75,False
Oakville,2026-09-12,Lee's Summit North,,0,2,L,0.32,2.77,-0.32,0.77,0.45,False
Oakville,2026-09-12,"Mascoutah(Mascoutah, IL)",,0,2,L,,,,,,False
Oakville,2026-09-12,Incarnate Word Academy,,1,2,L,0.91,2.96,0.09,0.96,1.05,False
Oakville,2026-09-12,"St. James(Lenexa, KS)",,0,2,L,,,,,,False
Oakville,2026-09-15,Francis Howell,,2,1,W,2.2,1.21,-0.2,0.21,0.01,False
Oakville,2026-09-15,Lafayette (Wildwood),,0,2,L,-0.28,3.27,0.28,1.27,1.55,False
Oakville,2026-09-17,Mehlville,,3,0,W,2.78,0.38,0.22,0.38,0.6,False
Oakville,2026-09-22,Ladue Horton Watkins,,3,0,W,3.26,0.12,-0.26,0.12,-0.14,False
Oakville,2026-09-23,Rockwood Summit,,3,2,W,1.38,1.74,1.62,-0.26,1.37,False
Oakville,2026-09-29,Jackson,,0,3,L,-0.12,2.89,0.12,-0.11,0.01,False
Oakville,2026-09-30,"Belleville East(Belleville, IL)",,1,3,L,,,,,,False
Oakville,2026-10-01,Kirkwood,,2,3,L,1.3,2.04,0.7,-0.96,-0.26,False
Oakville,2026-10-05,St. Joseph's Academy,,3,2,W,1.09,2.11,1.91,0.11,2.02,False
Oakville,2026-10-06,Cor Jesu Academy,,2,3,L,1.14,2.39,0.86,-0.61,0.24,False
Oakville,2026-10-08,Parkway Central,,3,1,W,2.13,0.93,0.87,-0.07,0.8,False
Oakville,2026-10-13,Seckman,,,,,1.72,1.58,,,,False
Oakville,2026-10-14,Webster Groves,,,,,2.05,1.14,,,,False
Oakville,2026-10-20,Poplar Bluff,,,,,3.19,-0.21,,,,False
Odessa,2026-08-27,Smith-Cotton,,3,0,W,2.52,1.08,0.48,1.08,1.55,False
Odessa,2026-08-31,Wellington-Napoleon,,3,0,W,4.09,-0.55,-1.09,-0.55,-1.65,False
Odessa,2026-09-01,Boonville,,3,1,W,2.43,1.13,0.57,0.13,0.7,False
Odessa,2026-09-03,Knob Noster,,3,0,W,3.11,0.18,-0.11,0.18,0.08,False
Odessa,2026-09-08,Lafayette County,,3,0,W,2.25,0.98,0.75,0.98,1.73,False
Odessa,2026-09-10,St. Pius X (Kansas City),,1,3,L,0.94,2.65,0.06,-0.35,-0.29,False
Odessa,2026-09-12,Grain Valley,,3,2,W,1.8,1.88,1.2,-0.12,1.08,False
Odessa,2026-09-12,Fort Osage,,3,1,W,2.26,1.51,0.74,0.51,1.25,False
Odessa,2026-09-15,Holden,,3,0,W,3.91,-0.48,-0.91,-0.48,-1.4,False
Odessa,2026-09-16,Belton,,2,3,L,1.58,2.3,0.42,-0.7,-0.28,False
Odessa,2026-09-17,Marshall,,3,0,W,4.25,-0.69,-1.25,-0.69,-1.94,False
Odessa,2026-09-22,Adrian,,0,2,L,1.45,1.82,-1.45,-0.18,-1.63,False
Odessa,2026-09-22,Pembroke Hill,,0,2,L,1.1,1.99,-1.1,-0.01,-1.1,False
Odessa,2026-09-24,Warrensburg,,3,1,W,2.24,1.28,0.76,0.28,1.04,False
Odessa,2026-09-29,Oak Grove,,0,3,L,0.53,2.69,-0.53,-0.31,-0.84,False
Odessa,2026-10-06,Center,,,,,2.65,0.61,,,,False
Odessa,2026-10-08,Clinton,,0,3,L,1.37,2.24,-1.37,-0.76,-2.13,False
Odessa,2026-10-10,Lafayette County,,,,,2.25,0.98,,,,False
Odessa,2026-10-10,Maryville,,,,,1.92,1.87,,,,False
Odessa,2026-10-12,Pleasant Hill,,,,,1.61,2.17,,,,False
Odessa,2026-10-15,Harrisonville,,,,,2.29,1.56,,,,False
Odessa,2026-10-22,Clinton,,,,,1.37,2.24,,,,False
"Olathe East(Olathe , KS)",2026-10-03,Raymore-Peculiar,,0,2,L,,,,,,False
"Olathe East(Olathe, KS)",2026-09-26,St. Michael the Archangel,,0,2,L,,,,,,False
"Olathe East(Olathe, KS)",2026-10-03,Raymore-Peculiar,,0,2,L,,,,,,False
"Olathe East(Olathe, KS)",2026-10-03,Benton,,2,0,W,,,,,,False
"Olathe NW(Olathe, KS)",2026-10-09,Jefferson City,,,,,,,,,,False
"Olathe NW(Olathe, KS)",2026-10-10,St. Francis Borgia,,,,,,,,,,False
"Olathe NW(Olathe, KS)",2026-10-10,Nixa,,,,,,,,,,False
"Olathe Northwest(Olathe, KS)",2026-09-19,Blue Springs South,,2,0,W,,,,,,False
"Olathe Northwest(Olathe, KS)",2026-09-19,Oak Grove,,1,2,L,,,,,,False
"Olathe South(Olathe, KS)",2026-09-12,Liberty,,2,0,W,,,,,,False
"Olathe South(Olathe, KS)",2026-09-26,Carl Junction,,1,1,T,,,,,,False
"Olathe South(Olathe, KS)",2026-09-26,Helias Catholic,,0,2,L,,,,,,False
"Olathe South(Olathe, KS)",2026-09-26,Nevada,,2,0,W,,,,,,False
"Olathe West(Olathe, KS)",2026-09-12,Platte County,,2,1,W,,,,,,False
"Olathe West(Olathe, KS)",2026-10-03,Rock Bridge,,2,0,W,,,,,,False
"Omaha Westside(Omaha, NE)",2026-09-04,Lee's Summit,,3,0,W,,,,,,False
"Omaha(Omaha, AR)",2026-10-03,Hollister,,0,2,L,,,,,,False
"Omaha(Omaha, AR)",2026-10-03,Forsyth,,0,2,L,,,,,,False
"Omaha(Omaha, AR)",2026-10-03,Reeds Spring,,0,2,L,,,,,,False
"Oologah(Oologah, OK)",2026-09-26,Helias Catholic,,0,2,L,,,,,,False
Oran,2026-08-27,Zalma,,3,0,W,1.96,0.74,1.04,0.74,1.78,False
Oran,2026-09-01,Risco,,1,3,L,1.07,1.73,-0.07,-1.27,-1.35,False
Oran,2026-09-03,East Prairie,,0,3,L,0.49,2.14,-0.49,-0.86,-1.35,False
Oran,2026-09-08,Advance,,0,3,L,-0.52,3.85,0.52,0.85,1.37,False
Oran,2026-09-11,Doniphan,,0,2,L,0.74,2.19,-0.74,0.19,-0.55,False
Oran,2026-09-11,Licking,,0,2,L,-0.46,2.9,0.46,0.9,1.36,False
Oran,2026-09-11,Oak Ridge,,0,2,L,-0.89,3.82,0.89,1.82,2.71,False
Oran,2026-09-11,Puxico,,0,2,L,-0.44,3.21,0.44,1.21,1.65,False
Oran,2026-09-11,Senath-Hornersville,,0,2,L,0.98,2.11,-0.98,0.11,-0.87,False
Oran,2026-09-14,Leopold,,0,3,L,-1.49,4.44,1.49,1.44,2.93,False
Oran,2026-09-16,Central (New Madrid County),,0,3,L,0.06,2.82,-0.06,-0.18,-0.24,False
Oran,2026-09-17,Oak Ridge,,0,3,L,-0.89,3.82,0.89,0.82,1.71,False
Oran,2026-09-21,Malden,,0,3,L,-0.24,2.99,0.24,-0.01,0.23,False
Oran,2026-09-22,Scott City,,0,3,L,-0.43,3.25,0.43,0.25,0.68,False
Oran,2026-09-30,Meadow Heights,,0,3,L,-0.25,3.04,0.25,0.04,0.29,False
Oran,2026-10-06,Bell City,,0,3,L,-0.56,3.66,0.56,0.66,1.22,False
Oran,2026-10-07,Sikeston,,0,3,L,-0.1,3.19,0.1,0.19,0.29,False
Oran,2026-10-14,Kelly,,,,,1.98,1.36,,,,False
Oran,2026-10-15,Charleston,,,,,2.36,0.06,,,,False
Oran,2026-10-19,Richland (Essex),,,,,0.98,1.96,,,,False
Oran,2026-10-23,Oak Ridge,,,,,-0.89,3.82,,,,False
Orchard Farm,2026-08-29,Hermann,,2,0,W,2.58,0.44,-0.58,0.44,-0.13,False
Orchard Farm,2026-08-29,Windsor (Imperial),,1,1,T,1.94,1.07,-0.94,0.07,-0.88,False
Orchard Farm,2026-08-29,Lutheran South,,2,0,W,2.11,0.67,-0.11,0.67,0.56,False
Orchard Farm,2026-08-29,Pacific,,1,2,L,1.48,1.67,-0.48,-0.33,-0.81,False
Orchard Farm,2026-08-29,Parkway West,,1,2,L,1.54,1.72,-0.54,-0.28,-0.83,False
Orchard Farm,2026-09-03,Winfield,,3,0,W,2.74,0.65,0.26,0.65,0.91,False
Orchard Farm,2026-09-05,Lutheran South,,2,0,W,2.11,0.67,-0.11,0.67,0.56,False
Orchard Farm,2026-09-08,Liberty (Wentzville),,3,2,W,1.99,1.24,1.01,-0.76,0.24,False
Orchard Farm,2026-09-10,St. Charles West,,3,0,W,2.62,0.77,0.38,0.77,1.14,False
Orchard Farm,2026-09-15,Warrenton,,3,0,W,2.85,0.38,0.15,0.38,0.52,False
Orchard Farm,2026-09-17,St. Charles,,3,1,W,3.59,0.07,-0.59,-0.93,-1.52,False
Orchard Farm,2026-09-19,"Collinsville HS(Collinsville, IL)",,2,0,W,,,,,,False
Orchard Farm,2026-09-19,Montgomery County,,2,0,W,3.41,0.02,-1.41,0.02,-1.39,False
Orchard Farm,2026-09-19,Veritas Christian Academy,,2,0,W,4.65,-1.57,-2.65,-1.57,-4.22,False
Orchard Farm,2026-09-19,North Point,,1,2,L,1.2,2.02,-0.2,0.02,-0.18,False
Orchard Farm,2026-09-19,Duchesne,,2,1,W,1.88,1.03,0.12,0.03,0.14,False
Orchard Farm,2026-09-22,Holt,,3,1,W,1.95,1.47,1.05,0.47,1.52,False
Orchard Farm,2026-09-24,MICDS,,0,3,L,0.99,2.25,-0.99,-0.75,-1.75,False
Orchard Farm,2026-09-29,Winfield,,3,1,W,2.74,0.65,0.26,-0.35,-0.09,False
Orchard Farm,2026-10-01,St. Charles West,,3,1,W,2.62,0.77,0.38,-0.23,0.14,False
Orchard Farm,2026-10-02,Duchesne,,3,1,W,1.88,1.03,1.12,0.03,1.14,False
Orchard Farm,2026-10-06,Warrenton,,3,0,W,2.85,0.38,0.15,0.38,0.52,False
Orchard Farm,2026-10-13,St. Charles,,,,,3.59,0.07,,,,False
Orchard Farm,2026-10-14,Ft. Zumwalt East,,,,,3.38,-0.4,,,,False
Orchard Farm,2026-10-15,Holt,,,,,1.95,1.47,,,,False
Orchard Farm,2026-10-21,Kirksville,,,,,3.52,-0.32,,,,False
Orrick,2026-08-27,Lone Jack,,0,3,L,-1.62,4.7,1.62,1.7,3.32,False
Orrick,2026-09-01,Maysville,,1,3,L,0.67,2.56,0.33,-0.44,-0.11,False
Orrick,2026-09-02,Penney,,3,0,W,1.82,1.05,1.18,1.05,2.23,False
Orrick,2026-09-08,Carrollton,,0,3,L,0.27,3.2,-0.27,0.2,-0.07,False
Orrick,2026-09-10,Richmond,,0,3,L,0.74,2.29,-0.74,-0.71,-1.45,False
Orrick,2026-09-14,Santa Fe,,0,3,L,-1.11,4.18,1.11,1.18,2.28,False
Orrick,2026-09-15,Plattsburg,,0,3,L,-0.71,3.63,0.71,0.63,1.34,False
Orrick,2026-09-17,Crest Ridge,,0,3,L,-0.52,3.85,0.52,0.85,1.37,False
Orrick,2026-09-19,Bronaugh,,2,0,W,2.68,0.13,-0.68,0.13,-0.55,False
Orrick,2026-09-19,Lakeland,,0,2,L,0.62,3.12,-0.62,1.12,0.5,False
Orrick,2026-09-19,Leeton with Chilhowee,,1,2,L,1.15,1.62,-0.15,-0.38,-0.53,False
Orrick,2026-09-19,Otterville,,0,2,L,-0.4,3.46,0.4,1.46,1.86,False
Orrick,2026-09-21,La Monte,,0,3,L,-0.26,3.39,0.26,0.39,0.66,False
Orrick,2026-09-22,St. Paul Lutheran (Concordia),,0,3,L,-0.68,3.97,0.68,0.97,1.65,False
Orrick,2026-09-24,Leeton with Chilhowee,,1,3,L,1.15,1.62,-0.15,-1.38,-1.53,False
Orrick,2026-09-28,Kingsville,,0,3,L,0.3,2.89,-0.3,-0.11,-0.41,False
Orrick,2026-09-29,North Platte,,0,3,L,0.46,2.34,-0.46,-0.66,-1.12,False
Orrick,2026-10-01,Wellington-Napoleon,,0,3,L,0.07,3.01,-0.07,0.01,-0.06,False
Orrick,2026-10-03,Brookfield,,1,2,L,1.14,2.11,-0.14,0.11,-0.03,False
Orrick,2026-10-03,North Platte,,0,2,L,0.46,2.34,-0.46,0.34,-0.12,False
Orrick,2026-10-03,South Harrison,,0,2,L,0.06,3.17,-0.06,1.17,1.12,False
Orrick,2026-10-05,Concordia,,0,3,L,-0.84,4.16,0.84,1.16,2.0,False
Orrick,2026-10-12,Sweet Springs,,,,,-0.49,3.91,,,,False
Orrick,2026-10-14,Brookfield,,,,,1.14,2.11,,,,False
Osage,2026-08-25,Buffalo,,,,,3.73,-0.62,,,,False
Osage,2026-08-27,Capital City,,3,1,W,2.49,1.06,0.51,0.06,0.57,False
Osage,2026-09-01,Smith-Cotton,,3,1,W,2.54,0.83,0.46,-0.17,0.29,False
Osage,2026-09-03,Blair Oaks,,1,3,L,1.45,2.02,-0.45,-0.98,-1.43,False
Osage,2026-09-08,Father Tolton,,3,0,W,2.84,0.49,0.16,0.49,0.64,False
Osage,2026-09-10,Versailles,,3,1,W,3.08,0.56,-0.08,-0.44,-0.51,False
Osage,2026-09-14,Fulton,,3,0,W,3.69,-0.16,-0.69,-0.16,-0.85,False
Osage,2026-09-15,Boonville,,3,0,W,2.45,0.88,0.55,0.88,1.43,False
Osage,2026-09-17,Eugene,,3,0,W,4.34,-0.56,-1.34,-0.56,-1.9,False
Osage,2026-09-21,Buffalo,,3,0,W,3.73,-0.62,-0.73,-0.62,-1.35,False
Osage,2026-09-22,Southern Boone,,3,2,W,1.96,1.76,1.04,-0.24,0.8,False
Osage,2026-09-26,Lafayette County,,2,0,W,2.26,0.73,-0.26,0.73,0.47,False
Osage,2026-09-26,Tipton,,2,0,W,2.97,0.01,-0.97,0.01,-0.97,False
Osage,2026-09-26,Sacred Heart,,2,0,W,3.51,-0.14,-1.51,-0.14,-1.65,False
Osage,2026-09-26,Cole Camp,,2,1,W,2.28,0.93,-0.28,-0.07,-0.35,False
Osage,2026-09-26,Smith-Cotton,,2,0,W,2.54,0.83,-0.54,0.83,0.29,False
Osage,2026-09-29,North Callaway,,3,1,W,3.23,0.19,-0.23,-0.81,-1.03,False
Osage,2026-10-01,Eldon,,3,0,W,3.29,0.24,-0.29,0.24,-0.05,False
Osage,2026-10-05,Conway,,3,0,W,4.03,-0.53,-1.03,-0.53,-1.56,False
Osage,2026-10-06,Fatima,,3,0,W,3.1,0.61,-0.1,0.61,0.52,False
Osage,2026-10-08,Hallsville,,3,0,W,2.79,0.53,0.21,0.53,0.74,False
Osage,2026-10-12,Waynesville,,,,,3.49,-0.64,,,,False
Osage,2026-10-15,California,,,,,2.46,0.85,,,,False
Osage,2026-10-24,California,,,,,2.46,0.85,,,,False
Osceola,2026-08-27,Northwest (Hughesville),,3,0,W,3.57,-0.8,-0.57,-0.8,-1.38,False
Osceola,2026-08-29,Ash Grove,,2,0,W,1.85,1.09,0.15,1.09,1.24,False
Osceola,2026-08-29,Diamond,,2,0,W,2.94,0.3,-0.94,0.3,-0.64,False
Osceola,2026-08-29,Stockton,,1,1,T,2.35,0.9,-1.35,-0.1,-1.45,False
Osceola,2026-08-29,Pleasant Hope,,2,0,W,2.79,0.15,-0.79,0.15,-0.64,False
Osceola,2026-09-03,Green Ridge,,3,0,W,2.91,0.05,0.09,0.05,0.14,False
Osceola,2026-09-07,Warsaw,,1,3,L,1.65,1.7,-0.65,-1.3,-1.95,False
Osceola,2026-09-08,Stockton,,3,0,W,2.35,0.9,0.65,0.9,1.55,False
Osceola,2026-09-10,Butler,,2,3,L,1.18,1.91,0.82,-1.09,-0.28,False
Osceola,2026-09-14,Liberal,,3,2,W,2.02,1.38,0.98,-0.62,0.36,False
Osceola,2026-09-15,Skyline,,3,1,W,1.95,1.13,1.05,0.13,1.18,False
Osceola,2026-09-21,Archie,,3,0,W,2.44,0.9,0.56,0.9,1.46,False
Osceola,2026-09-22,El Dorado Springs,,3,0,W,3.36,-0.16,-0.36,-0.16,-0.52,False
Osceola,2026-09-24,Appleton City with Montrose,,3,0,W,3.78,-0.77,-0.78,-0.77,-1.55,False
Osceola,2026-09-26,Ash Grove,,2,0,W,1.85,1.09,0.15,1.09,1.24,False
Osceola,2026-09-26,Glendale,,0,2,L,0.79,2.06,-0.79,0.06,-0.73,False
Osceola,2026-09-26,Lockwood,,1,1,T,1.26,1.55,-0.26,0.55,0.29,False
Osceola,2026-09-26,Strafford,,0,2,L,0.54,2.3,-0.54,0.3,-0.24,False
Osceola,2026-09-26,Springfield Catholic,,1,2,L,1.37,1.29,-0.37,-0.71,-1.08,False
Osceola,2026-09-29,Midway,,3,0,W,2.4,0.54,0.6,0.54,1.15,False
Osceola,2026-10-01,Drexel,,3,0,W,2.82,0.28,0.18,0.28,0.46,False
Osceola,2026-10-05,Sherwood,,3,0,W,3.49,-0.64,-0.49,-0.64,-1.12,False
Osceola,2026-10-06,Jasper,,3,0,W,3.33,-0.08,-0.33,-0.08,-0.4,False
Osceola,2026-10-08,Rich Hill,,3,0,W,3.91,-0.98,-0.91,-0.98,-1.89,False
Osceola,2026-10-12,Sacred Heart,,,,,2.59,0.49,,,,False
Osceola,2026-10-15,Lakeland,,,,,3.73,-0.06,,,,False
Osceola,2026-10-21,TBD,,,,,,,,,,False
"Oswego , Oswego, KS",2026-09-01,Liberal,,1,2,L,,,,,,False
Otterville,2026-08-27,Eugene,,3,2,W,2.17,1.26,0.83,-0.74,0.09,False
Otterville,2026-08-28,Prairie Home,,3,0,W,3.47,-0.54,-0.47,-0.54,-1.01,False
Otterville,2026-09-01,Columbia Independent,,3,1,W,2.28,1.18,0.72,0.18,0.9,False
Otterville,2026-09-03,Kingsville,,3,0,W,2.16,0.9,0.84,0.9,1.73,False
Otterville,2026-09-08,Chamois,,3,0,W,4.01,-0.32,-1.01,-0.32,-1.32,False
Otterville,2026-09-10,New Bloomfield,,3,0,W,2.96,-0.29,0.04,-0.29,-0.25,False
Otterville,2026-09-11,Calvary Lutheran,,3,0,W,2.03,1.3,0.97,1.3,2.27,False
Otterville,2026-09-15,Smithton,,1,3,L,1.53,1.62,-0.53,-1.38,-1.91,False
Otterville,2026-09-16,Bunceton,,3,0,W,4.27,-1.65,-1.27,-1.65,-2.91,False
Otterville,2026-09-17,Windsor,,3,0,W,2.72,0.83,0.28,0.83,1.1,False
Otterville,2026-09-19,Bronaugh,,2,0,W,4.55,-1.86,-2.55,-1.86,-4.41,False
Otterville,2026-09-19,Green Ridge,,2,1,W,1.66,1.23,0.34,0.23,0.58,False
Otterville,2026-09-19,Kingsville,,2,1,W,2.16,0.9,-0.16,-0.1,-0.27,False
Otterville,2026-09-19,Lakeland,,2,0,W,2.48,1.12,-0.48,1.12,0.64,False
Otterville,2026-09-19,Orrick,,2,0,W,3.46,-0.4,-1.46,-0.4,-1.86,False
Otterville,2026-09-22,Sacred Heart,,0,3,L,1.34,1.68,-1.34,-1.32,-2.66,False
Otterville,2026-09-23,Prairie Home,,3,0,W,3.47,-0.54,-0.47,-0.54,-1.01,False
Otterville,2026-09-24,Northwest (Hughesville),,3,0,W,2.32,0.38,0.68,0.38,1.06,False
Otterville,2026-09-29,Cole Camp,,0,3,L,0.12,2.75,-0.12,-0.25,-0.37,False
Otterville,2026-10-01,Green Ridge,,3,1,W,1.66,1.23,1.34,0.23,1.58,False
Otterville,2026-10-02,Leeton with Chilhowee,,3,0,W,3.02,-0.38,-0.02,-0.38,-0.39,False
Otterville,2026-10-05,Lincoln,,3,1,W,2.17,0.92,0.83,-0.08,0.74,False
Otterville,2026-10-07,Cole Camp,,0,2,L,0.12,2.75,-0.12,0.75,0.63,False
Otterville,2026-10-07,Windsor,,2,0,W,2.72,0.83,-0.72,0.83,0.1,False
Otterville,2026-10-08,Lincoln,,2,0,W,2.17,0.92,-0.17,0.92,0.74,False
Otterville,2026-10-08,Smithton,,0,2,L,1.53,1.62,-1.53,-0.38,-1.91,False
Otterville,2026-10-13,Stover,,,,,0.36,2.59,,,,False
Otterville,2026-10-15,La Monte,,,,,1.6,1.4,,,,False
Otterville,2026-10-19,Russellville,,,,,1.49,1.81,,,,False
Owensville,2026-08-29,Cuba,,2,0,W,1.79,1.08,0.21,1.08,1.29,False
Owensville,2026-08-29,North County,,2,0,W,2.0,1.61,0.0,1.61,1.61,False
Owensville,2026-08-29,Licking,,2,0,W,1.65,0.98,0.35,0.98,1.33,False
Owensville,2026-09-01,Linn,,2,3,L,1.1,1.83,0.9,-1.17,-0.27,False
Owensville,2026-09-02,Washington,,2,3,L,1.27,1.77,0.73,-1.23,-0.5,False
Owensville,2026-09-08,Belle,,3,0,W,3.08,0.08,-0.08,0.08,0.0,False
Owensville,2026-09-10,Salem,,3,0,W,1.97,1.16,1.03,1.16,2.19,False
Owensville,2026-09-11,Valley,,2,0,W,2.59,0.2,-0.59,0.2,-0.39,False
Owensville,2026-09-11,Greenville,,2,0,W,3.53,-0.24,-1.53,-0.24,-1.77,False
Owensville,2026-09-12,Bernie,,1,1,T,2.52,0.28,-1.52,-0.72,-2.25,False
Owensville,2026-09-12,St. Paul Lutheran (Farmington),,2,0,W,2.02,0.72,-0.02,0.72,0.71,False
Owensville,2026-09-12,Campbell,,2,0,W,2.0,0.88,0.0,0.88,0.88,False
Owensville,2026-09-12,Gideon,,0,2,L,0.92,1.46,-0.92,-0.54,-1.46,False
Owensville,2026-09-12,Valley,,0,3,L,2.59,0.2,-2.59,-2.8,-5.39,False
Owensville,2026-09-12,"Piggot(Piggot , AR)",,2,1,W,,,,,,False
Owensville,2026-09-16,Fatima,,2,3,L,1.96,1.4,0.04,-1.6,-1.56,False
Owensville,2026-09-17,New Haven,,3,0,W,2.52,0.15,0.48,0.15,0.63,False
Owensville,2026-09-22,St. James,,3,0,W,3.91,-1.15,-0.91,-1.15,-2.06,False
Owensville,2026-09-23,Rolla,,2,3,L,1.76,1.27,0.24,-1.73,-1.49,False
Owensville,2026-09-24,St. Clair,,0,3,L,0.87,2.52,-0.87,-0.48,-1.36,False
Owensville,2026-09-29,Hermann,,1,1,T,1.75,1.03,-0.75,0.03,-0.72,False
Owensville,2026-09-29,St. Francis Borgia,,0,2,L,-0.39,3.09,0.39,1.09,1.48,False
Owensville,2026-09-29,St. Louis Christian Sr.,,0,2,L,,,,,,False
Owensville,2026-10-03,Capital City,,1,1,T,1.36,1.85,-0.36,0.85,0.49,False
Owensville,2026-10-03,Rockwood Summit,,0,2,L,0.08,2.85,-0.08,0.85,0.76,False
Owensville,2026-10-03,Liberty (Mountain View),,1,1,T,0.89,2.03,0.11,1.03,1.14,False
Owensville,2026-10-03,Sullivan,,0,2,L,0.07,2.58,-0.07,0.58,0.51,False
Owensville,2026-10-06,Pacific,,0,3,L,0.66,2.26,-0.66,-0.74,-1.4,False
Owensville,2026-10-08,Hermann,,3,1,W,1.75,1.03,1.25,0.03,1.28,False
Owensville,2026-10-12,Blair Oaks,,,,,0.32,2.81,,,,False
Owensville,2026-10-13,Union,,,,,1.9,1.42,,,,False
Owensville,2026-10-15,Sullivan,,,,,0.07,2.58,,,,False
Owensville,2026-10-20,St. James,,,,,3.91,-1.15,,,,False
Ozark,2026-08-27,Jefferson City,,3,0,W,2.11,0.51,0.89,0.51,1.4,False
Ozark,2026-08-28,Liberty North,,3,1,W,2.19,1.16,0.81,0.16,0.97,False
Ozark,2026-09-01,Logan-Rogersville,,3,1,W,3.19,-0.01,-0.19,-1.01,-1.2,False
Ozark,2026-09-10,Willard,,3,0,W,3.03,-0.13,-0.03,-0.13,-0.16,False
Ozark,2026-09-11,Lafayette (Wildwood),,0,2,L,0.48,2.04,-0.48,0.04,-0.44,False
Ozark,2026-09-11,Lee's Summit,,1,2,L,1.93,1.24,-0.93,-0.76,-1.69,False
Ozark,2026-09-12,Ft. Zumwalt West,,2,0,W,1.34,0.81,0.66,0.81,1.47,False
Ozark,2026-09-12,Marquette,,2,0,W,2.41,0.56,-0.41,0.56,0.15,False
Ozark,2026-09-12,St. Dominic,,2,1,W,1.39,1.19,0.61,0.19,0.8,False
Ozark,2026-09-15,Webb City,,3,0,W,3.18,-0.13,-0.18,-0.13,-0.31,False
Ozark,2026-09-17,Republic,,3,0,W,2.42,0.03,0.58,0.03,0.62,False
Ozark,2026-09-19,"Bryant(Bryant, AR)",,2,1,W,,,,,,False
Ozark,2026-09-19,"Conway(Conway, AR)",,2,0,W,,,,,,False
Ozark,2026-09-19,Rock Bridge,,2,0,W,2.23,0.36,-0.23,0.36,0.13,False
Ozark,2026-09-19,Staley,,2,0,W,2.27,0.23,-0.27,0.23,-0.04,False
Ozark,2026-09-22,Neosho,,3,0,W,4.7,-2.01,-1.7,-2.01,-3.71,False
Ozark,2026-09-24,Carthage,,2,0,W,2.21,0.34,-0.21,0.34,0.13,False
Ozark,2026-09-29,Joplin,,3,0,W,3.32,-0.72,-0.32,-0.72,-1.04,False
Ozark,2026-10-01,Waynesville,,3,0,W,4.4,-2.18,-1.4,-2.18,-3.59,False
Ozark,2026-10-03,Blue Springs,,0,2,L,1.83,0.78,-1.83,-1.22,-3.05,False
Ozark,2026-10-03,Lee's Summit North,,1,2,L,1.07,1.54,-0.07,-0.46,-0.53,False
Ozark,2026-10-03,Lee's Summit West,,0,2,L,0.6,1.83,-0.6,-0.17,-0.77,False
Ozark,2026-10-03,Liberty,,2,1,W,2.4,0.94,-0.4,-0.06,-0.45,False
Ozark,2026-10-06,Nixa,,3,0,W,1.59,0.86,1.41,0.86,2.27,False
Ozark,2026-10-08,Glendale,,3,0,W,2.62,-0.12,0.38,-0.12,0.26,False
Ozark,2026-10-09,Park Hill South,,,,,2.33,0.42,,,,False
Ozark,2026-10-09,Lutheran St. Charles,,,,,3.12,0.21,,,,False
Ozark,2026-10-10,Eureka,,,,,1.28,1.38,,,,False
Ozark,2026-10-10,St. Francis Borgia,,,,,1.66,0.75,,,,False
Ozark,2026-10-10,St. Joseph's Academy,,,,,1.84,0.87,,,,False
Ozark,2026-10-13,Lebanon,,,,,3.04,-0.51,,,,False
Ozark,2026-10-15,Kickapoo,,,,,1.37,0.77,,,,False
Ozark,2026-10-21,Waynesville,,,,,4.4,-2.18,,,,False
"Ozark Catholic(Springdale, AR)",2026-09-21,McDonald County,,0,3,L,,,,,,False
"O’Fallon(O’Fallon, IL)",2026-10-03,John Burroughs,,2,1,W,,,,,,False
"PAYTON COLLEGE PREP(CHICAGO, IL)",2026-10-10,Hannibal,,,,,,,,,,False
Pacific,2026-08-29,"Alton(Alton, IL)",,2,0,W,,,,,,False
Pacific,2026-08-29,Orchard Farm,,2,1,W,1.67,1.48,0.33,0.48,0.81,False
Pacific,2026-08-29,Notre Dame (Cape Girardeau),,1,1,T,1.55,1.23,-0.55,0.23,-0.33,False
Pacific,2026-08-29,Windsor (Imperial),,2,1,W,1.9,0.84,0.1,-0.16,-0.07,False
Pacific,2026-08-29,Parkway West,,1,1,T,1.5,1.49,-0.5,0.49,-0.01,False
Pacific,2026-08-31,Lindbergh,,2,3,L,1.34,2.39,0.66,-0.61,0.05,False
Pacific,2026-09-01,Fox,,3,0,W,3.33,0.08,-0.33,0.08,-0.25,False
Pacific,2026-09-09,Washington,,3,2,W,2.06,0.96,0.94,-1.04,-0.1,False
Pacific,2026-09-12,Metro,,2,0,W,3.16,-0.67,-1.16,-0.67,-1.83,False
Pacific,2026-09-12,Whitfield,,2,0,W,3.42,-0.15,-1.42,-0.15,-1.57,False
Pacific,2026-09-12,Winfield,,1,1,T,2.7,0.42,-1.7,-0.58,-2.28,False
Pacific,2026-09-12,Troy Buchanan,,2,0,W,2.36,0.68,-0.36,0.68,0.32,False
Pacific,2026-09-12,St. Charles West,,2,1,W,2.58,0.54,-0.58,-0.46,-1.04,False
Pacific,2026-09-14,St. Francis Borgia,,1,3,L,0.39,2.27,0.61,-0.73,-0.12,False
Pacific,2026-09-15,Mehlville,,3,0,W,2.26,0.66,0.74,0.66,1.4,False
Pacific,2026-09-17,St. Clair,,3,1,W,1.65,1.7,1.35,0.7,2.04,False
Pacific,2026-09-22,Hermann,,3,0,W,2.53,0.22,0.47,0.22,0.68,False
Pacific,2026-09-24,Union,,3,0,W,2.68,0.6,0.32,0.6,0.92,False
Pacific,2026-09-28,New Haven,,2,0,W,3.3,-0.67,-1.3,-0.67,-1.97,False
Pacific,2026-09-28,Washington,,1,1,T,2.06,0.96,-1.06,-0.04,-1.1,False
Pacific,2026-09-28,St. James,,2,0,W,4.69,-1.97,-2.69,-1.97,-4.66,False
Pacific,2026-10-01,Washington,,2,1,W,2.06,0.96,-0.06,-0.04,-0.1,False
Pacific,2026-10-01,St. Louis Christian Sr.,,0,2,L,,,,,,False
Pacific,2026-10-06,Owensville,,3,0,W,2.26,0.66,0.74,0.66,1.4,False
Pacific,2026-10-08,Sullivan,,0,3,L,0.85,1.76,-0.85,-1.24,-2.09,False
Pacific,2026-10-13,New Haven,,,,,3.3,-0.67,,,,False
Pacific,2026-10-15,St. James,,,,,4.69,-1.97,,,,False
Pacific,2026-10-21,Union,,,,,2.68,0.6,,,,False
Park Hill,2026-08-27,Blue Springs,,2,0,W,1.91,1.67,0.09,1.67,1.76,False
Park Hill,2026-08-27,St. Michael the Archangel,,1,2,L,1.53,2.08,-0.53,0.08,-0.45,False
Park Hill,2026-09-01,Park Hill South,,3,0,W,2.41,1.31,0.59,1.31,1.9,False
Park Hill,2026-09-03,Liberty,,3,1,W,2.48,1.84,0.52,0.84,1.36,False
Park Hill,2026-09-05,Staley,,2,0,W,2.35,1.12,-0.35,1.12,0.77,False
Park Hill,2026-09-08,Oak Park,,3,0,W,3.43,0.29,-0.43,0.29,-0.14,False
Park Hill,2026-09-10,Lee's Summit North,,0,3,L,1.16,2.43,-1.16,-0.57,-1.72,False
Park Hill,2026-09-15,Blue Springs South,,2,3,L,2.05,1.88,-0.05,-1.12,-1.17,False
Park Hill,2026-09-17,North Kansas City,,3,2,W,2.79,0.98,0.21,-1.02,-0.8,False
Park Hill,2026-09-21,Platte County,,3,2,W,2.02,1.41,0.98,-0.59,0.39,False
Park Hill,2026-09-22,Central (St. Joseph),,3,0,W,3.4,-0.07,-0.4,-0.07,-0.46,False
Park Hill,2026-09-24,Liberty,,3,2,W,2.48,1.84,0.52,-0.16,0.36,False
Park Hill,2026-09-29,Oak Park,,3,0,W,3.43,0.29,-0.43,0.29,-0.14,False
Park Hill,2026-10-01,Lee's Summit North,,2,3,L,1.16,2.43,0.84,-0.57,0.28,False
Park Hill,2026-10-05,Lee's Summit West,,0,3,L,0.68,2.72,-0.68,-0.28,-0.96,False
Park Hill,2026-10-08,Park Hill South,,1,3,L,2.41,1.31,-1.41,-1.69,-3.1,False
Park Hill,2026-10-10,Jefferson City,,,,,2.19,1.41,,,,False
Park Hill,2026-10-13,North Kansas City,,,,,2.79,0.98,,,,False
Park Hill,2026-10-15,Central (St. Joseph),,,,,3.4,-0.07,,,,False
Park Hill South,2026-08-27,Raymore-Peculiar,,3,2,W,1.21,2.5,1.79,0.5,2.29,False
Park Hill South,2026-08-31,"St Thomas Aquinas(Overland Park, KS)",,0,2,L,,,,,,False
Park Hill South,2026-08-31,"Tecumseh-Shawnee Heights(Shawnee, KS)",,0,2,L,,,,,,False
Park Hill South,2026-09-01,Park Hill,,0,3,L,1.31,2.41,-1.31,-0.59,-1.9,False
Park Hill South,2026-09-03,Blue Springs,,1,2,L,1.06,1.92,-0.06,-0.08,-0.13,False
Park Hill South,2026-09-03,Grain Valley,,2,0,W,1.96,1.23,0.04,1.23,1.27,False
Park Hill South,2026-09-05,Staley,,0,2,L,1.5,1.37,-1.5,-0.63,-2.12,False
Park Hill South,2026-09-08,Liberty,,2,3,L,1.63,2.09,0.37,-0.91,-0.54,False
Park Hill South,2026-09-10,North Kansas City,,0,3,L,1.93,1.24,-1.93,-1.76,-3.7,False
Park Hill South,2026-09-15,Oak Park,,3,0,W,2.57,0.54,0.43,0.54,0.97,False
Park Hill South,2026-09-17,Central (St. Joseph),,3,0,W,2.55,0.19,0.45,0.19,0.64,False
Park Hill South,2026-09-19,"Blue Valley Southwest(Overland Park, KS)",,0,2,L,,,,,,False
Park Hill South,2026-09-19,Eureka,,1,2,L,0.51,2.53,0.49,0.53,1.02,False
Park Hill South,2026-09-19,Lee's Summit West,,0,2,L,-0.17,2.98,0.17,0.98,1.15,False
Park Hill South,2026-09-19,St. Teresa's Academy,,0,2,L,0.51,2.42,-0.51,0.42,-0.09,False
Park Hill South,2026-09-22,Lee's Summit North,,1,3,L,0.3,2.69,0.7,-0.31,0.38,False
Park Hill South,2026-09-28,Smithville,,0,3,L,0.92,1.87,-0.92,-1.13,-2.04,False
Park Hill South,2026-09-29,Liberty,,1,3,L,1.63,2.09,-0.63,-0.91,-1.54,False
Park Hill South,2026-10-01,North Kansas City,,3,1,W,1.93,1.24,1.07,0.24,1.3,False
Park Hill South,2026-10-05,Liberty North,,3,0,W,1.42,2.31,1.58,2.31,3.89,False
Park Hill South,2026-10-06,Oak Park,,3,0,W,2.57,0.54,0.43,0.54,0.97,False
Park Hill South,2026-10-08,Park Hill,,3,1,W,1.31,2.41,1.69,1.41,3.1,False
Park Hill South,2026-10-09,Eureka,,,,,0.51,2.53,,,,False
Park Hill South,2026-10-09,Ozark,,,,,0.42,2.33,,,,False
Park Hill South,2026-10-09,School of the Ozarks,,,,,3.41,-0.64,,,,False
Park Hill South,2026-10-10,Nixa,,,,,0.82,2.0,,,,False
Park Hill South,2026-10-13,Central (St. Joseph),,,,,2.55,0.19,,,,False
Park Hill South,2026-10-15,Lee's Summit North,,,,,0.3,2.69,,,,False
Parkview,2026-08-29,Carthage,,0,2,L,-1.4,4.09,1.4,2.09,3.5,False
Parkview,2026-08-29,Branson,,0,2,L,-0.9,3.61,0.9,1.61,2.5,False
Parkview,2026-08-29,Summit Christian Academy,,0,2,L,-0.52,3.07,0.52,1.07,1.6,False
Parkview,2026-08-29,Rolla,,0,2,L,0.2,2.69,-0.2,0.69,0.49,False
Parkview,2026-08-31,McAuley Catholic,,3,0,W,2.26,0.83,0.74,0.83,1.57,False
Parkview,2026-09-01,Hollister,,0,3,L,-0.77,3.41,0.77,0.41,1.18,False
Parkview,2026-09-03,Monett,,0,3,L,0.4,2.44,-0.4,-0.56,-0.96,False
Parkview,2026-09-08,Bolivar,,0,3,L,0.23,2.37,-0.23,-0.63,-0.86,False
Parkview,2026-09-10,Aurora,,0,3,L,1.28,2.06,-1.28,-0.94,-2.22,False
Parkview,2026-09-12,Hollister,,0,2,L,-0.77,3.41,0.77,1.41,2.18,False
Parkview,2026-09-12,Bolivar,,1,1,T,0.23,2.37,0.77,1.37,2.14,False
Parkview,2026-09-12,Spokane,,0,2,L,-0.14,3.0,0.14,1.0,1.14,False
Parkview,2026-09-12,Sparta,,2,0,W,1.94,0.84,0.06,0.84,0.9,False
Parkview,2026-09-12,RUSH Sr. Home School,,0,1,L,,,,,,False
Parkview,2026-09-14,Lebanon,,0,3,L,-0.57,3.24,0.57,0.24,0.82,False
Parkview,2026-09-15,Forsyth,,2,3,L,1.28,1.39,0.72,-1.61,-0.89,False
Parkview,2026-09-21,Billings,,0,3,L,0.03,2.99,-0.03,-0.01,-0.04,False
Parkview,2026-09-22,Lighthouse Sr. High,,0,3,L,,,,,,False
Parkview,2026-09-24,New Covenant Academy,,0,3,L,-1.62,3.95,1.62,0.95,2.56,False
Parkview,2026-09-29,Rolla,,0,3,L,0.2,2.69,-0.2,-0.31,-0.51,False
Parkview,2026-10-03,Carl Junction,,0,2,L,-0.9,3.55,0.9,1.55,2.45,False
Parkview,2026-10-03,Cassville,,0,2,L,0.92,2.21,-0.92,0.21,-0.71,False
Parkview,2026-10-03,Branson,,0,2,L,-0.9,3.61,0.9,1.61,2.5,False
Parkview,2026-10-03,Pierce City,,0,2,L,0.65,1.94,-0.65,-0.06,-0.71,False
Parkview,2026-10-05,Hillcrest,,0,3,L,0.01,2.47,-0.01,-0.53,-0.54,False
Parkview,2026-10-12,Central (Springfield),,,,,0.51,1.93,,,,False
Parkview,2026-10-13,Purdy,,,,,1.73,1.43,,,,False
Parkview,2026-10-15,Greenwood,,,,,1.17,1.83,,,,False
Parkview,2026-10-21,Carl Junction,,,,,-0.9,3.55,,,,False
Parkway Central,2026-08-27,Lafayette (Wildwood),,0,2,L,-1.02,3.73,1.02,1.73,2.75,False
Parkway Central,2026-08-27,Pattonville,,2,0,W,2.63,0.57,-0.63,0.57,-0.05,False
Parkway Central,2026-08-29,Francis Howell Central,,2,1,W,1.62,1.66,0.38,0.66,1.04,False
Parkway Central,2026-08-29,Holt,,2,0,W,1.68,1.42,0.32,1.42,1.74,False
Parkway Central,2026-08-29,Visitation Academy,,2,0,W,2.57,0.29,-0.57,0.29,-0.28,False
Parkway Central,2026-08-29,Villa Duchesne,,2,0,W,2.87,0.14,-0.87,0.14,-0.73,False
Parkway Central,2026-08-29,Westminster Christian Academy,,2,0,W,0.31,2.27,1.69,2.27,3.96,False
Parkway Central,2026-08-31,Ft. Zumwalt South,,3,0,W,2.39,0.43,0.61,0.43,1.04,False
Parkway Central,2026-09-01,Marquette,,0,3,L,0.92,2.26,-0.92,-0.74,-1.66,False
Parkway Central,2026-09-08,Clayton,,3,0,W,2.75,0.55,0.25,0.55,0.8,False
Parkway Central,2026-09-10,Kirkwood,,0,3,L,0.56,2.5,-0.56,-0.5,-1.06,False
Parkway Central,2026-09-17,Seckman,,1,3,L,0.98,2.04,0.02,-0.96,-0.94,False
Parkway Central,2026-09-18,Ft. Zumwalt North,,2,1,W,1.33,1.83,0.67,0.83,1.51,False
Parkway Central,2026-09-18,Parkway South,,2,1,W,1.41,1.52,0.59,0.52,1.11,False
Parkway Central,2026-09-19,Lutheran St. Charles,,1,2,L,1.62,1.91,-0.62,-0.09,-0.72,False
Parkway Central,2026-09-22,Nerinx Hall,,1,3,L,1.72,1.47,-0.72,-1.53,-2.25,False
Parkway Central,2026-09-23,Webster Groves,,2,3,L,1.31,1.6,0.69,-1.4,-0.71,False
Parkway Central,2026-09-28,Westminster Christian Academy,,1,3,L,0.31,2.27,0.69,-0.73,-0.04,False
Parkway Central,2026-10-01,Mehlville,,3,1,W,2.03,0.84,0.97,-0.16,0.8,False
Parkway Central,2026-10-02,Parkway West,,0,3,L,1.27,1.66,-1.27,-1.34,-2.61,False
Parkway Central,2026-10-03,Ft. Zumwalt South,,2,0,W,2.39,0.43,-0.39,0.43,0.04,False
Parkway Central,2026-10-03,Mehlville,,0,2,L,2.03,0.84,-2.03,-1.16,-3.2,False
Parkway Central,2026-10-03,Lutheran South,,2,1,W,1.84,0.62,0.16,-0.38,-0.23,False
Parkway Central,2026-10-03,Timberland,,2,0,W,1.99,1.07,0.01,1.07,1.08,False
Parkway Central,2026-10-03,Parkway West,,1,1,T,1.27,1.66,-0.27,0.66,0.39,False
Parkway Central,2026-10-03,Notre Dame (Cape Girardeau),,2,1,W,1.33,1.4,0.67,0.4,1.08,False
Parkway Central,2026-10-05,Parkway North,,3,0,W,2.58,0.79,0.42,0.79,1.21,False
Parkway Central,2026-10-06,Villa Duchesne,,3,0,W,2.87,0.14,0.13,0.14,0.27,False
Parkway Central,2026-10-08,Oakville,,1,3,L,0.93,2.13,0.07,-0.87,-0.8,False
Parkway Central,2026-10-12,Fox,,,,,3.1,0.25,,,,False
Parkway Central,2026-10-12,Parkway South,,,,,1.41,1.52,,,,False
Parkway Central,2026-10-13,Rockwood Summit,,,,,0.63,2.2,,,,False
Parkway Central,2026-10-16,Ladue Horton Watkins,,,,,2.52,0.58,,,,False
Parkway North,2026-08-31,Notre Dame (St. Louis),,0,3,L,1.58,2.05,-1.58,-0.95,-2.52,False
Parkway North,2026-09-02,Lutheran St. Charles,,1,3,L,1.03,3.1,-0.03,0.1,0.07,False
Parkway North,2026-09-03,STEAM Academy,,3,0,W,3.51,0.12,-0.51,0.12,-0.39,False
Parkway North,2026-09-09,Hazelwood East,,3,0,W,3.57,0.17,-0.57,0.17,-0.41,False
Parkway North,2026-09-10,Pattonville,,3,2,W,2.03,1.77,0.97,-0.23,0.74,False
Parkway North,2026-09-12,Affton,,3,0,W,2.6,1.08,0.4,1.08,1.48,False
Parkway North,2026-09-12,Duchesne,,0,2,L,1.02,2.17,-1.02,0.17,-0.85,False
Parkway North,2026-09-12,St. Charles,,2,1,W,2.73,1.21,-0.73,0.21,-0.52,False
Parkway North,2026-09-15,Northwest (Cedar Hill),,3,0,W,1.82,1.5,1.18,1.5,2.68,False
Parkway North,2026-09-17,Fox,,3,1,W,2.51,1.45,0.49,0.45,0.94,False
Parkway North,2026-09-24,Ritenour,,3,0,W,3.17,0.38,-0.17,0.38,0.21,False
Parkway North,2026-09-28,Ladue Horton Watkins,,3,1,W,1.93,1.78,1.07,0.78,1.85,False
Parkway North,2026-09-29,Affton,,3,1,W,2.6,1.08,0.4,0.08,0.48,False
Parkway North,2026-10-01,Hazelwood West,,3,0,W,3.12,0.2,-0.12,0.2,0.08,False
Parkway North,2026-10-05,Parkway Central,,0,3,L,0.79,2.58,-0.79,-0.42,-1.21,False
Parkway North,2026-10-06,Clayton,,1,3,L,2.16,1.75,-1.16,-1.25,-2.41,False
Parkway North,2026-10-08,St. Charles West,,2,3,L,1.76,1.91,0.24,-1.09,-0.85,False
Parkway North,2026-10-09,Whitfield,,,,,2.6,1.22,,,,False
Parkway North,2026-10-14,Parkway South,,,,,0.81,2.72,,,,False
Parkway North,2026-10-16,Hazelwood Central,,,,,4.25,-0.78,,,,False
Parkway South,2026-08-28,Whitfield,,3,0,W,3.32,0.05,-0.32,0.05,-0.28,False
Parkway South,2026-09-02,Rockwood Summit,,0,3,L,0.77,2.22,-0.77,-0.78,-1.54,False
Parkway South,2026-09-04,Ladue Horton Watkins,,3,0,W,2.65,0.6,0.35,0.6,0.95,False
Parkway South,2026-09-08,Parkway West,,3,2,W,1.41,1.69,1.59,-0.31,1.28,False
Parkway South,2026-09-10,Hazelwood West,,3,0,W,3.85,-0.97,-0.85,-0.97,-1.82,False
Parkway South,2026-09-11,Kingston,,2,0,W,3.87,-0.13,-1.87,-0.13,-1.99,False
Parkway South,2026-09-11,North Pemiscot,,2,0,W,2.62,0.37,-0.62,0.37,-0.25,False
Parkway South,2026-09-12,Malden,,2,0,W,2.56,0.45,-0.56,0.45,-0.11,False
Parkway South,2026-09-12,Gideon,,2,0,W,1.61,0.84,0.39,0.84,1.23,False
Parkway South,2026-09-12,Bell City,,2,1,W,2.24,1.13,-0.24,0.13,-0.11,False
Parkway South,2026-09-12,Meadow Heights,,2,0,W,2.55,0.51,-0.55,0.51,-0.04,False
Parkway South,2026-09-12,South Iron,,2,0,W,3.72,-0.57,-1.72,-0.57,-2.29,False
Parkway South,2026-09-12,Zalma,,2,0,W,4.76,-1.8,-2.76,-1.8,-4.56,False
Parkway South,2026-09-14,Kirkwood,,1,3,L,0.69,2.52,0.31,-0.48,-0.17,False
Parkway South,2026-09-17,Affton,,3,0,W,3.33,-0.1,-0.33,-0.1,-0.42,False
Parkway South,2026-09-18,Ft. Zumwalt North,,1,2,L,1.46,1.85,-0.46,-0.15,-0.61,False
Parkway South,2026-09-18,Parkway Central,,1,2,L,1.52,1.41,-0.52,-0.59,-1.11,False
Parkway South,2026-09-19,Lutheran St. Charles,,1,2,L,1.76,1.93,-0.76,-0.07,-0.83,False
Parkway South,2026-09-19,Visitation Academy,,2,0,W,2.7,0.31,-0.7,0.31,-0.39,False
Parkway South,2026-09-22,Pattonville,,3,0,W,2.76,0.6,0.24,0.6,0.84,False
Parkway South,2026-09-24,Northwest (Cedar Hill),,3,0,W,2.55,0.32,0.45,0.32,0.77,False
Parkway South,2026-09-29,Fox,,3,0,W,3.24,0.28,-0.24,0.28,0.04,False
Parkway South,2026-09-30,Webster Groves,,3,1,W,1.44,1.62,1.56,0.62,2.18,False
Parkway South,2026-10-02,Clayton,,3,0,W,2.88,0.57,0.12,0.57,0.69,False
Parkway South,2026-10-06,Seckman,,1,3,L,1.11,2.06,-0.11,-0.94,-1.05,False
Parkway South,2026-10-08,Ritenour,,,,,3.9,-0.8,,,,False
Parkway South,2026-10-12,Parkway Central,,,,,1.52,1.41,,,,False
Parkway South,2026-10-14,Parkway North,,,,,2.72,0.81,,,,False
Parkway South,2026-10-20,Parkway West,,,,,1.41,1.69,,,,False
Parkway West,2026-08-27,Oakville,,1,3,L,1.21,2.02,-0.21,-0.98,-1.19,False
Parkway West,2026-08-29,Alton,,2,0,W,,,,,,False
Parkway West,2026-08-29,Orchard Farm,,2,1,W,1.72,1.54,0.28,0.54,0.83,False
Parkway West,2026-08-29,Pacific,,1,1,T,1.49,1.5,-0.49,0.5,0.01,False
Parkway West,2026-08-29,Notre Dame (Cape Girardeau),,2,0,W,1.6,1.29,0.4,1.29,1.69,False
Parkway West,2026-08-29,Windsor (Imperial),,1,2,L,1.95,0.9,-0.95,-1.1,-2.05,False
Parkway West,2026-09-01,Kirkwood,,1,3,L,0.84,2.39,0.16,-0.61,-0.45,False
Parkway West,2026-09-02,Francis Howell North,,3,2,W,2.14,1.28,0.86,-0.72,0.14,False
Parkway West,2026-09-08,Parkway South,,2,3,L,1.69,1.41,0.31,-1.59,-1.28,False
Parkway West,2026-09-10,Eureka,,0,3,L,0.06,2.96,-0.06,-0.04,-0.1,False
Parkway West,2026-09-15,Webster Groves,,0,3,L,1.59,1.49,-1.59,-1.51,-3.1,False
Parkway West,2026-09-16,Lindbergh,,1,3,L,1.39,2.45,-0.39,-0.55,-0.93,False
Parkway West,2026-09-23,Lafayette (Wildwood),,1,3,L,-0.74,3.62,1.74,0.62,2.36,False
Parkway West,2026-09-25,Lutheran St. Charles,,3,1,W,1.9,1.79,1.1,0.79,1.89,False
Parkway West,2026-09-28,Ursuline Academy,,3,0,W,1.83,1.38,1.17,1.38,2.55,False
Parkway West,2026-09-29,Rockwood Summit,,2,3,L,0.91,2.09,1.09,-0.91,0.18,False
Parkway West,2026-10-02,Parkway Central,,3,0,W,1.66,1.27,1.34,1.27,2.61,False
Parkway West,2026-10-03,Mehlville,,2,0,W,2.31,0.73,-0.31,0.73,0.42,False
Parkway West,2026-10-03,Parkway Central,,1,1,T,1.66,1.27,-0.66,0.27,-0.39,False
Parkway West,2026-10-03,Lutheran South,,1,1,T,2.12,0.51,-1.12,-0.49,-1.62,False
Parkway West,2026-10-03,Notre Dame (Cape Girardeau),,1,1,T,1.6,1.29,-0.6,0.29,-0.31,False
Parkway West,2026-10-03,Timberland,,2,0,W,2.27,0.96,-0.27,0.96,0.69,False
Parkway West,2026-10-06,Ladue Horton Watkins,,3,0,W,2.8,0.47,0.2,0.47,0.67,False
Parkway West,2026-10-08,Marquette,,0,3,L,1.2,2.15,-1.2,-0.85,-2.05,False
Parkway West,2026-10-09,Francis Howell Central,,,,,1.9,1.55,,,,False
Parkway West,2026-10-12,Nerinx Hall,,,,,1.99,1.36,,,,False
Parkway West,2026-10-13,Westminster Christian Academy,,,,,0.59,2.16,,,,False
Parkway West,2026-10-16,St. Joseph's Academy,,,,,0.63,2.46,,,,False
Parkway West,2026-10-20,Parkway South,,,,,1.69,1.41,,,,False
Paseo Academy,2026-09-01,Academie Lafayette,,3,0,W,2.65,-0.03,0.35,-0.03,0.33,False
Paseo Academy,2026-09-03,"JC Harmon(Kansas City, KS)",,0,3,L,,,,,,False
Paseo Academy,2026-09-08,Cristo Rey,,3,0,W,1.7,1.09,1.3,1.09,2.38,False
Paseo Academy,2026-09-09,Northeast (Kansas City),,3,0,W,2.61,0.72,0.39,0.72,1.11,False
Paseo Academy,2026-09-12,Hogan Prep Academy Charter,,2,0,W,3.45,-0.58,-1.45,-0.58,-2.04,False
Paseo Academy,2026-09-12,Winnetonka,,1,1,T,0.58,2.26,0.42,1.26,1.68,False
Paseo Academy,2026-09-12,Van Horn,,0,2,L,0.59,2.31,-0.59,0.31,-0.28,False
Paseo Academy,2026-09-12,Cristo Rey,,0,2,L,1.7,1.09,-1.7,-0.91,-2.62,False
Paseo Academy,2026-09-14,Ewing Marion Kauffman,,0,3,L,0.8,2.11,-0.8,-0.89,-1.69,False
Paseo Academy,2026-09-15,Central (Kansas City),,3,1,W,1.94,1.16,1.06,0.16,1.21,False
Paseo Academy,2026-09-17,"Turner(Kansas City, KS)",,0,,,,,,,,False
Paseo Academy,2026-09-19,"J.C. Harmon(Kansas City, KS)",,0,2,L,,,,,,False
Paseo Academy,2026-09-19,Ruskin,,0,2,L,1.16,1.61,-1.16,-0.39,-1.55,False
Paseo Academy,2026-09-19,"Washington(Leavenworth, KS)",,0,2,L,,,,,,False
Paseo Academy,2026-09-21,East (Kansas City),,3,0,W,3.47,-0.49,-0.47,-0.49,-0.96,False
Paseo Academy,2026-09-22,Academie Lafayette,,3,0,W,2.65,-0.03,0.35,-0.03,0.33,False
Paseo Academy,2026-09-26,Central (Kansas City),,1,1,T,1.94,1.16,-0.94,0.16,-0.79,False
Paseo Academy,2026-09-26,Fort Osage,,0,2,L,-1.18,4.48,1.18,2.48,3.67,False
Paseo Academy,2026-09-26,California,,0,2,L,-1.0,4.08,1.0,2.08,3.08,False
Paseo Academy,2026-09-26,Truman,,0,2,L,-0.45,3.16,0.45,1.16,1.6,False
Paseo Academy,2026-09-28,Southeast,,3,0,W,3.15,-0.1,-0.15,-0.1,-0.25,False
Paseo Academy,2026-09-29,Lincoln College Prep,,0,3,L,-0.6,4.01,0.6,1.01,1.61,False
Paseo Academy,2026-10-01,Crossroads Prep Charter,,3,0,W,1.61,1.32,1.39,1.32,2.71,False
Paseo Academy,2026-10-05,Central (Kansas City),,3,2,W,1.94,1.16,1.06,-0.84,0.21,False
Paseo Academy,2026-10-06,KIPP KC Legacy,,1,3,L,1.69,1.37,-0.69,-1.63,-2.31,False
Paseo Academy,2026-10-12,East (Kansas City),,,,,3.47,-0.49,,,,False
Paseo Academy,2026-10-15,Southeast,,,,,3.15,-0.1,,,,False
Paseo Academy,2026-10-19,Northeast (Kansas City),,,,,2.61,0.72,,,,False
Pattonville,2026-08-27,Lafayette (Wildwood),,0,2,L,-1.83,4.97,1.83,2.97,4.8,False
Pattonville,2026-08-27,Parkway Central,,0,2,L,0.57,2.63,-0.57,0.63,0.05,False
Pattonville,2026-08-31,STEAM Academy,,3,0,W,3.3,0.17,-0.3,0.17,-0.13,False
Pattonville,2026-09-01,Visitation Academy,,3,1,W,1.76,1.53,1.24,0.53,1.77,False
Pattonville,2026-09-03,Rockwood Summit,,0,3,L,-0.18,3.44,0.18,0.44,0.62,False
Pattonville,2026-09-10,Parkway North,,2,3,L,1.77,2.03,0.23,-0.97,-0.74,False
Pattonville,2026-09-12,Francis Howell North,,0,2,L,1.05,2.63,-1.05,0.63,-0.42,False
Pattonville,2026-09-12,Webster Groves,,0,,,0.5,2.84,,,,False
Pattonville,2026-09-12,Duchesne,,0,2,L,0.8,2.22,-0.8,0.22,-0.59,False
Pattonville,2026-09-12,St. Charles,,2,1,W,2.51,1.26,-0.51,0.26,-0.25,False
Pattonville,2026-09-14,Ft. Zumwalt North,,0,3,L,0.52,3.07,-0.52,0.07,-0.44,False
Pattonville,2026-09-15,Hazelwood West,,3,0,W,2.9,0.25,0.1,0.25,0.34,False
Pattonville,2026-09-17,Clayton,,2,3,L,1.94,1.79,0.06,-1.21,-1.15,False
Pattonville,2026-09-19,Affton,,2,0,W,2.38,1.12,-0.38,1.12,0.74,False
Pattonville,2026-09-19,Ft. Zumwalt South,,0,2,L,1.58,1.67,-1.58,-0.33,-1.91,False
Pattonville,2026-09-19,Ste. Genevieve,,0,2,L,0.96,2.34,-0.96,0.34,-0.62,False
Pattonville,2026-09-19,St. Charles,,1,2,L,2.51,1.26,-1.51,-0.74,-2.25,False
Pattonville,2026-09-22,Parkway South,,0,3,L,0.6,2.76,-0.6,-0.24,-0.84,False
Pattonville,2026-09-24,Affton,,3,0,W,2.38,1.12,0.62,1.12,1.74,False
Pattonville,2026-09-28,Francis Howell Central,,0,3,L,0.81,2.9,-0.81,-0.1,-0.9,False
Pattonville,2026-09-29,Northwest (Cedar Hill),,3,2,W,1.6,1.54,1.4,-0.46,0.94,False
Pattonville,2026-10-01,Fox,,3,1,W,2.29,1.5,0.71,0.5,1.2,False
Pattonville,2026-10-05,St. Charles West,,3,2,W,1.54,1.96,1.46,-0.04,1.41,False
Pattonville,2026-10-12,Ladue Horton Watkins,,,,,1.71,1.83,,,,False
Pattonville,2026-10-13,Ritenour,,,,,2.95,0.42,,,,False
Pattonville,2026-10-15,Marquette,,,,,0.11,3.5,,,,False
Pattonville,2026-10-20,Francis Howell North,,,,,1.05,2.63,,,,False
"Payson Seymour(Payson, IL)",2026-09-08,Hannibal,,0,2,L,,,,,,False
"Pea Ridge(Pea Ridge , AR)",2026-09-26,Carl Junction,,0,2,L,,,,,,False
"Pea Ridge(Pea Ridge, AR)",2026-08-29,Neosho,,1,2,L,,,,,,False
"Pea Ridge, AR(Pea Ridge, AR)",2026-08-29,McDonald County,,2,0,W,,,,,,False
Pembroke Hill,2026-09-01,St. Pius X (Kansas City),,1,3,L,0.87,1.68,0.13,-1.32,-1.19,False
Pembroke Hill,2026-09-03,St. Teresa's Academy,,0,3,L,0.29,2.11,-0.29,-0.89,-1.18,False
Pembroke Hill,2026-09-08,Pleasant Hill,,3,1,W,1.54,1.21,1.46,0.21,1.66,False
Pembroke Hill,2026-09-12,Benton,,0,2,L,1.49,0.95,-1.49,-1.05,-2.54,False
Pembroke Hill,2026-09-12,Smithville,,0,2,L,0.7,1.56,-0.7,-0.44,-1.13,False
Pembroke Hill,2026-09-12,St. Pius X (Kansas City),,0,2,L,0.87,1.68,-0.87,-0.32,-1.19,False
Pembroke Hill,2026-09-14,Kearney,,3,0,W,2.05,0.1,0.95,0.1,1.05,False
Pembroke Hill,2026-09-15,Savannah,,3,1,W,2.12,0.82,0.88,-0.18,0.71,False
Pembroke Hill,2026-09-17,Notre Dame de Sion,,3,2,W,1.88,1.26,1.12,-0.74,0.38,False
Pembroke Hill,2026-09-19,Oak Park,,2,0,W,2.35,0.23,-0.35,0.23,-0.13,False
Pembroke Hill,2026-09-19,Fort Osage,,2,0,W,2.2,0.55,-0.2,0.55,0.35,False
Pembroke Hill,2026-09-19,Platte County,,2,0,W,0.95,1.35,1.05,1.35,2.41,False
Pembroke Hill,2026-09-19,Smithville,,0,2,L,0.7,1.56,-0.7,-0.44,-1.13,False
Pembroke Hill,2026-09-19,St. Pius X (Kansas City),,0,2,L,0.87,1.68,-0.87,-0.32,-1.19,False
Pembroke Hill,2026-09-19,Truman,,2,0,W,2.93,-0.78,-0.93,-0.78,-1.72,False
Pembroke Hill,2026-09-22,Adrian,,2,0,W,1.39,0.85,0.61,0.85,1.47,False
Pembroke Hill,2026-09-22,Odessa,,2,0,W,1.99,1.1,0.01,1.1,1.1,False
Pembroke Hill,2026-09-24,Lincoln College Prep,,3,0,W,2.78,0.07,0.22,0.07,0.29,False
Pembroke Hill,2026-09-29,Summit Christian Academy,,3,2,W,2.1,0.16,0.9,-1.84,-0.94,False
Pembroke Hill,2026-10-03,Belton,,2,0,W,1.52,1.34,0.48,1.34,1.82,False
Pembroke Hill,2026-10-03,Liberty,,0,2,L,1.41,1.78,-1.41,-0.22,-1.63,False
Pembroke Hill,2026-10-03,Oak Grove,,0,2,L,0.47,1.73,-0.47,-0.27,-0.73,False
Pembroke Hill,2026-10-03,Liberty North,,2,0,W,1.2,2.0,0.8,2.0,2.8,False
Pembroke Hill,2026-10-05,Blue Springs South,,1,2,L,0.98,1.82,0.02,-0.18,-0.16,False
Pembroke Hill,2026-10-05,Grain Valley,,1,2,L,1.74,0.92,-0.74,-1.08,-1.82,False
Pembroke Hill,2026-10-05,Lee's Summit North,,0,2,L,0.08,2.37,-0.08,0.37,0.29,False
Pembroke Hill,2026-10-06,Barstow,,3,0,W,2.86,-0.42,0.14,-0.42,-0.28,False
Pembroke Hill,2026-10-08,Van Horn,,,,,3.97,-1.62,,,,False
Pembroke Hill,2026-10-13,St. Michael the Archangel,,,,,0.46,2.02,,,,False
Pembroke Hill,2026-10-15,University Academy Charter,,,,,3.05,-1.06,,,,False
Pembroke Hill,2026-10-22,TBD,,,,,,,,,,False
Penney,2026-08-29,Lathrop,,0,2,L,-0.49,3.45,0.49,1.45,1.94,False
Penney,2026-08-29,Mid-Buchanan,,0,2,L,-3.09,5.37,3.09,3.37,6.46,False
Penney,2026-08-29,North Platte,,0,2,L,-0.09,2.56,0.09,0.56,0.65,False
Penney,2026-08-29,West Platte,,0,2,L,-1.66,4.8,1.66,2.8,4.46,False
Penney,2026-08-29,Plattsburg,,0,2,L,-1.27,3.85,1.27,1.85,3.11,False
Penney,2026-09-01,South Harrison,,0,3,L,-0.49,3.39,0.49,0.39,0.89,False
Penney,2026-09-02,Orrick,,0,3,L,1.05,1.82,-1.05,-1.18,-2.23,False
Penney,2026-09-03,Carrollton,,0,3,L,-0.28,3.42,0.28,0.42,0.7,False
Penney,2026-09-08,Wellington-Napoleon,,0,3,L,-0.48,3.23,0.48,0.23,0.71,False
Penney,2026-09-09,Lexington,,0,3,L,-0.12,2.74,0.12,-0.26,-0.14,False
Penney,2026-09-10,Mid-Buchanan,,0,3,L,-3.09,5.37,3.09,2.37,5.46,False
Penney,2026-09-14,Trenton,,0,3,L,-0.13,2.97,0.13,-0.03,0.1,False
Penney,2026-09-17,Plattsburg,,0,3,L,-1.27,3.85,1.27,0.85,2.11,False
Penney,2026-09-22,East Buchanan,,0,2,L,-2.43,5.13,2.43,3.13,5.56,False
Penney,2026-09-22,Trenton,,0,2,L,-0.13,2.97,0.13,0.97,1.1,False
Penney,2026-09-24,Lawson,,0,3,L,-1.76,4.43,1.76,1.43,3.19,False
Penney,2026-09-29,Brookfield,,0,3,L,0.59,2.33,-0.59,-0.67,-1.26,False
Penney,2026-10-01,North Platte,,0,3,L,-0.09,2.56,0.09,-0.44,-0.35,False
Penney,2026-10-05,Maysville,,0,3,L,0.12,2.78,-0.12,-0.22,-0.34,False
Penney,2026-10-08,East Buchanan,,0,3,L,-2.43,5.13,2.43,2.13,4.56,False
Penney,2026-10-12,Brookfield,,,,,0.59,2.33,,,,False
Penney,2026-10-13,Lathrop,,,,,-0.49,3.45,,,,False
Penney,2026-10-15,West Platte,,,,,-1.66,4.8,,,,False
Penney,2026-10-20,St. Joseph Christian,,,,,-1.82,4.4,,,,False
"Perry-Lecompton(Perry, KS)",2026-10-10,Blair Oaks,,,,,,,,,,False
Perryville,2026-08-27,Central (Park Hills),,3,0,W,2.63,0.9,0.37,0.9,1.27,False
Perryville,2026-08-31,Greenville,,3,0,W,4.16,-0.81,-1.16,-0.81,-1.96,False
Perryville,2026-09-01,Woodland,,3,1,W,1.67,1.49,1.33,0.49,1.82,False
Perryville,2026-09-04,Leopold,,3,1,W,1.26,1.97,1.74,0.97,2.71,False
Perryville,2026-09-08,Leopold,,3,2,W,1.26,1.97,1.74,-0.03,1.71,False
Perryville,2026-09-10,Ste. Genevieve,,3,2,W,1.84,1.18,1.16,-0.82,0.33,False
Perryville,2026-09-11,Arcadia Valley,,1,1,T,1.96,0.91,-0.96,-0.09,-1.05,False
Perryville,2026-09-11,Bismarck,,1,1,T,2.05,1.24,-1.05,0.24,-0.81,False
Perryville,2026-09-12,Central (Cape Girardeau),,2,1,W,2.32,0.36,-0.32,-0.64,-0.95,False
Perryville,2026-09-12,Central (Park Hills),,2,0,W,2.63,0.9,-0.63,0.9,0.27,False
Perryville,2026-09-12,Notre Dame (Cape Girardeau),,0,2,L,1.4,1.48,-1.4,-0.52,-1.92,False
Perryville,2026-09-12,St. Vincent,,2,1,W,2.42,0.6,-0.42,-0.4,-0.82,False
Perryville,2026-09-14,Fredericktown,,3,1,W,2.12,1.28,0.88,0.28,1.17,False
Perryville,2026-09-15,Windsor (Imperial),,3,0,W,1.75,1.09,1.25,1.09,2.35,False
Perryville,2026-09-17,Central (Cape Girardeau),,3,1,W,2.32,0.36,0.68,-0.64,0.05,False
Perryville,2026-09-21,Jefferson (Festus),,3,0,W,2.66,0.44,0.34,0.44,0.78,False
Perryville,2026-09-22,Hillsboro,,0,3,L,1.21,1.91,-1.21,-1.09,-2.3,False
Perryville,2026-09-24,Herculaneum,,3,0,W,3.96,-1.17,-0.96,-1.17,-2.13,False
Perryville,2026-09-28,DeSoto,,3,0,W,2.92,-0.14,0.08,-0.14,-0.06,False
Perryville,2026-09-30,North County,,3,0,W,2.63,1.04,0.37,1.04,1.42,False
Perryville,2026-10-03,Clearwater,,2,0,W,3.86,-1.16,-1.86,-1.16,-3.03,False
Perryville,2026-10-03,Leopold,,0,2,L,1.26,1.97,-1.26,-0.03,-1.29,False
Perryville,2026-10-03,Northwest (Cedar Hill),,2,0,W,2.49,0.38,-0.49,0.38,-0.11,False
Perryville,2026-10-03,Scott City,,1,1,T,2.32,0.78,-1.32,-0.22,-1.54,False
Perryville,2026-10-05,Valle Catholic,,0,3,L,1.21,1.91,-1.21,-1.09,-2.3,False
Perryville,2026-10-07,Northwest (Cedar Hill),,,,,2.49,0.38,,,,False
Perryville,2026-10-07,"Chester(Chester , IL)",,,,,,,,,,False
Perryville,2026-10-12,Meadow Heights,,,,,2.49,0.56,,,,False
Perryville,2026-10-13,St. Vincent,,,,,2.42,0.6,,,,False
Perryville,2026-10-15,Festus,,,,,0.89,1.84,,,,False
Pierce City,2026-08-29,Forsyth,,1,1,T,1.89,0.71,-0.89,-0.29,-1.18,False
Pierce City,2026-08-29,Monett,,1,1,T,1.01,1.76,-0.01,0.76,0.75,False
Pierce City,2026-08-29,Sarcoxie,,0,2,L,1.49,1.72,-1.49,-0.28,-1.77,False
Pierce City,2026-08-29,New Heights Christian,,1,1,T,1.28,1.28,-0.28,0.28,0.0,False
Pierce City,2026-09-01,Billings,,0,3,L,0.64,2.31,-0.64,-0.69,-1.33,False
Pierce City,2026-09-03,East Newton,,0,3,L,0.44,2.11,-0.44,-0.89,-1.32,False
Pierce City,2026-09-08,New Heights Christian,,3,2,W,1.28,1.28,1.72,-0.72,1.0,False
Pierce City,2026-09-10,Southwest (Washburn),,3,0,W,2.72,-0.28,0.28,-0.28,0.0,False
Pierce City,2026-09-14,Sarcoxie,,2,3,L,1.49,1.72,0.51,-1.28,-0.77,False
Pierce City,2026-09-15,Crane,,3,0,W,1.77,1.04,1.23,1.04,2.27,False
Pierce City,2026-09-17,Skyline,,0,3,L,0.78,2.02,-0.78,-0.98,-1.76,False
Pierce City,2026-09-19,East Newton,,0,2,L,0.44,2.11,-0.44,0.11,-0.32,False
Pierce City,2026-09-19,Greenfield,,2,0,W,1.7,1.34,0.3,1.34,1.64,False
Pierce City,2026-09-19,School of the Ozarks,,1,1,T,1.18,1.29,-0.18,0.29,0.11,False
Pierce City,2026-09-19,New Heights Christian,,1,1,T,1.28,1.28,-0.28,0.28,0.0,False
Pierce City,2026-09-19,McAuley Catholic,,2,0,W,2.87,0.15,-0.87,0.15,-0.72,False
Pierce City,2026-09-22,Miller,,0,3,L,0.8,2.13,-0.8,-0.87,-1.66,False
Pierce City,2026-09-24,Lockwood,,1,3,L,0.09,2.44,0.91,-0.56,0.35,False
Pierce City,2026-09-29,Diamond,,3,1,W,1.77,1.19,1.23,0.19,1.42,False
Pierce City,2026-10-01,Ash Grove,,1,3,L,0.68,1.98,0.32,-1.02,-0.7,False
Pierce City,2026-10-03,Cassville,,1,1,T,1.53,1.53,-0.53,0.53,-0.0,False
Pierce City,2026-10-03,Clever,,0,2,L,0.14,2.68,-0.14,0.68,0.54,False
Pierce City,2026-10-03,Lamar,,0,2,L,0.02,2.32,-0.02,0.32,0.29,False
Pierce City,2026-10-03,Parkview,,2,0,W,1.94,0.65,0.06,0.65,0.71,False
Pierce City,2026-10-06,Marionville,,,,,1.37,1.43,,,,False
Pierce City,2026-10-08,Spokane,,,,,0.47,2.32,,,,False
Pierce City,2026-10-13,Stockton,,,,,1.18,1.79,,,,False
"Piggot(Piggot , AR)",2026-09-12,Owensville,,1,2,L,,,,,,False
"Piggott High shcool(Piggott, AR)",2026-09-25,North Pemiscot,,3,2,W,,,,,,False
"Piggott(Piggott , AR)",2026-09-12,Central (New Madrid County),,2,1,W,,,,,,False
"Piggott(Piggott , AR)",2026-10-02,Gideon,,0,3,L,,,,,,False
"Piggott(Piggott, AR)",2026-08-28,Campbell,,1,3,L,,,,,,False
"Piggott(Piggott, AR)",2026-09-11,Holcomb,,2,0,W,,,,,,False
"Piggott(Piggott, AR)",2026-09-12,Twin Rivers,,2,0,W,,,,,,False
"Piggott(Piggott, AR)",2026-10-08,Clarkton,,3,0,W,,,,,,False
"Piggott(Piggott, AR)",2026-10-09,Holcomb,,,,,,,,,,False
"Pinckneyville(Pinckneyville, IL)",2026-09-02,Jackson,,0,2,L,,,,,,False
Pittsburg,2026-09-03,Webb City,,0,2,L,,,,,,False
"Pittsburg(Pittsburg, KS)",2026-09-03,Mt. Vernon,,2,1,W,,,,,,False
"Pittsburg(Pittsburg, KS)",2026-09-26,Webb City,,1,1,T,,,,,,False
"Pittsburg(Pittsburg, KS)",2026-09-26,Nevada,,0,2,L,,,,,,False
"Pittsburg(Pittsburg, KS)",2026-10-05,Joplin,,3,2,W,,,,,,False
"Plainfield East(Plainfield, IL)",2026-10-02,Marquette,,0,2,L,,,,,,False
Plato,2026-08-25,Dixon,,2,1,W,2.18,0.95,-0.18,-0.05,-0.23,False
Plato,2026-08-29,Bourbon,,1,1,T,1.85,1.27,-0.85,0.27,-0.58,False
Plato,2026-08-29,Laquey,,2,0,W,3.33,-0.43,-1.33,-0.43,-1.77,False
Plato,2026-08-29,St. James,,2,0,W,2.46,0.49,-0.46,0.49,0.04,False
Plato,2026-09-03,Conway,,1,3,L,1.44,1.91,-0.44,-1.09,-1.53,False
Plato,2026-09-04,Seymour,,3,0,W,2.34,1.13,0.66,1.13,1.78,False
Plato,2026-09-07,Laquey,,3,0,W,3.33,-0.43,-0.33,-0.43,-0.77,False
Plato,2026-09-08,Cabool,,0,3,L,-0.37,3.39,0.37,0.39,0.77,False
Plato,2026-09-15,Houston,,0,3,L,1.05,2.42,-1.05,-0.58,-1.63,False
Plato,2026-09-17,Bradleyville,,3,0,W,3.4,0.2,-0.4,0.2,-0.2,False
Plato,2026-09-21,Dixon,,3,0,W,2.18,0.95,0.82,0.95,1.77,False
Plato,2026-09-23,Steelville,,1,3,L,1.15,2.3,-0.15,-0.7,-0.85,False
Plato,2026-09-28,Mansfield,,3,0,W,3.07,0.43,-0.07,0.43,0.36,False
Plato,2026-09-29,Bourbon,,3,1,W,1.85,1.27,1.15,0.27,1.42,False
Plato,2026-10-01,Niangua,,3,0,W,2.76,0.33,0.24,0.33,0.57,False
Plato,2026-10-03,Dixon,,2,0,W,2.18,0.95,-0.18,0.95,0.77,False
Plato,2026-10-03,Laquey,,2,0,W,3.33,-0.43,-1.33,-0.43,-1.77,False
Plato,2026-10-03,Licking,,0,2,L,0.2,2.63,-0.2,0.63,0.43,False
Plato,2026-10-06,Dixon,,3,0,W,2.18,0.95,0.82,0.95,1.77,False
Plato,2026-10-08,Willow Springs,,2,3,L,1.73,1.37,0.27,-1.63,-1.36,False
Plato,2026-10-10,Fordland,,,,,1.52,2.2,,,,False
Plato,2026-10-10,Gainesville,,,,,1.08,2.33,,,,False
Plato,2026-10-10,Koshkonong,,,,,2.4,0.51,,,,False
Plato,2026-10-12,Salem,,,,,0.51,2.8,,,,False
Plato,2026-10-13,Summersville,,,,,1.11,2.35,,,,False
Plato,2026-10-15,Belle,,,,,1.63,1.73,,,,False
Plato,2026-10-16,Laquey,,,,,3.33,-0.43,,,,False
Plato,2026-10-20,Dixon,,,,,2.18,0.95,,,,False
Platte County,2026-08-27,Liberty North,,0,3,L,1.52,1.91,-1.52,-1.09,-2.61,False
Platte County,2026-08-29,"Lincoln High(Lincoln, NE)",,2,0,W,,,,,,False
Platte County,2026-08-29,"Lincoln Northwest(Lincoln , NE)",,2,0,W,,,,,,False
Platte County,2026-08-29,"Lincoln Southeast(Lincoln, NE)",,0,2,L,,,,,,False
Platte County,2026-08-29,"North Platte(North Platte , NE)",,1,2,L,,,,,,False
Platte County,2026-09-01,Truman,,3,0,W,3.26,-0.87,-0.26,-0.87,-1.12,False
Platte County,2026-09-03,Raytown,,3,0,W,3.56,-1.24,-0.56,-1.24,-1.79,False
Platte County,2026-09-08,William Chrisman,,3,0,W,2.77,-0.41,0.23,-0.41,-0.18,False
Platte County,2026-09-10,Grain Valley,,3,0,W,2.06,0.84,0.94,0.84,1.78,False
Platte County,2026-09-12,"De Soto(De Soto, KS)",,1,2,L,,,,,,False
Platte County,2026-09-12,"Olathe West(Olathe, KS)",,1,2,L,,,,,,False
Platte County,2026-09-12,"Shawnee Heights(Tecumseh, KS)",,2,1,W,,,,,,False
Platte County,2026-09-12,"Spring Hill(Spring Hill, KS)",,2,0,W,,,,,,False
Platte County,2026-09-12,"Washington(Kansas City, KS)",,2,0,W,,,,,,False
Platte County,2026-09-15,Kearney,,3,0,W,2.37,0.02,0.63,0.02,0.65,False
Platte County,2026-09-17,Belton,,3,1,W,1.84,1.25,1.16,0.25,1.41,False
Platte County,2026-09-19,Hickman,,2,0,W,2.17,0.44,-0.17,0.44,0.27,False
Platte County,2026-09-19,North Kansas City,,1,1,T,2.03,0.84,-1.03,-0.16,-1.19,False
Platte County,2026-09-19,Smithville,,1,1,T,1.02,1.48,-0.02,0.48,0.46,False
Platte County,2026-09-19,Pembroke Hill,,0,2,L,1.35,0.95,-1.35,-1.05,-2.41,False
Platte County,2026-09-21,Park Hill,,2,3,L,1.41,2.02,0.59,-0.98,-0.39,False
Platte County,2026-09-22,Fort Osage,,3,0,W,2.52,0.46,0.48,0.46,0.94,False
Platte County,2026-09-24,Truman,,3,0,W,3.26,-0.87,-0.26,-0.87,-1.12,False
Platte County,2026-09-29,Fort Osage,,3,0,W,2.52,0.46,0.48,0.46,0.94,False
Platte County,2026-10-01,William Chrisman,,3,0,W,2.77,-0.41,0.23,-0.41,-0.18,False
Platte County,2026-10-05,Staley,,2,0,W,1.6,0.97,0.4,0.97,1.38,False
Platte County,2026-10-05,North Kansas City,,2,0,W,2.03,0.84,-0.03,0.84,0.81,False
Platte County,2026-10-06,Grain Valley,,3,0,W,2.06,0.84,0.94,0.84,1.78,False
Platte County,2026-10-08,Raytown,,3,0,W,3.56,-1.24,-0.56,-1.24,-1.79,False
Platte County,2026-10-13,Benton,,,,,1.82,0.87,,,,False
Platte County,2026-10-15,Belton,,,,,1.84,1.25,,,,False
Plattsburg,2026-08-29,Lathrop,,2,0,W,2.09,0.92,-0.09,0.92,0.83,False
Plattsburg,2026-08-29,Mid-Buchanan,,0,2,L,-0.51,2.84,0.51,0.84,1.35,False
Plattsburg,2026-08-29,North Platte,,2,0,W,2.49,0.03,-0.49,0.03,-0.46,False
Plattsburg,2026-08-29,Penney,,2,0,W,3.85,-1.27,-1.85,-1.27,-3.11,False
Plattsburg,2026-08-29,West Platte,,0,2,L,0.92,2.27,-0.92,0.27,-0.65,False
Plattsburg,2026-08-31,St. Joseph Christian,,2,3,L,0.77,1.87,1.23,-1.13,0.1,False
Plattsburg,2026-09-03,Wellington-Napoleon,,1,3,L,2.1,0.7,-1.1,-2.3,-3.41,False
Plattsburg,2026-09-08,Trenton,,3,0,W,2.45,0.44,0.55,0.44,0.99,False
Plattsburg,2026-09-10,North Platte,,3,0,W,2.49,0.03,0.51,0.03,0.54,False
Plattsburg,2026-09-15,Orrick,,3,0,W,3.63,-0.71,-0.63,-0.71,-1.34,False
Plattsburg,2026-09-17,Penney,,3,0,W,3.85,-1.27,-0.85,-1.27,-2.11,False
Plattsburg,2026-09-19,Lathrop,,2,0,W,2.09,0.92,-0.09,0.92,0.83,False
Plattsburg,2026-09-19,Mid-Buchanan,,0,2,L,-0.51,2.84,0.51,0.84,1.35,False
Plattsburg,2026-09-19,Mound City,,0,2,L,0.51,2.47,-0.51,0.47,-0.04,False
Plattsburg,2026-09-19,Wellington-Napoleon,,2,0,W,2.1,0.7,-0.1,0.7,0.59,False
Plattsburg,2026-09-19,Trenton,,2,0,W,2.45,0.44,-0.45,0.44,-0.01,False
Plattsburg,2026-09-22,Maryville,,0,3,L,-0.07,3.12,0.07,0.12,0.19,False
Plattsburg,2026-09-24,Mid-Buchanan,,0,3,L,-0.51,2.84,0.51,-0.16,0.35,False
Plattsburg,2026-09-29,South Harrison,,3,1,W,2.09,0.86,0.91,-0.14,0.77,False
Plattsburg,2026-10-01,Lawson,,0,3,L,0.82,1.9,-0.82,-1.1,-1.92,False
Plattsburg,2026-10-06,Brookfield,,3,0,W,3.17,-0.2,-0.17,-0.2,-0.37,False
Plattsburg,2026-10-07,Maysville,,3,0,W,2.7,0.25,0.3,0.25,0.55,False
Plattsburg,2026-10-08,Lathrop,,3,0,W,2.09,0.92,0.91,0.92,1.83,False
Plattsburg,2026-10-12,Northland Christian,,,,,0.73,1.96,,,,False
Plattsburg,2026-10-13,West Platte,,,,,0.92,2.27,,,,False
Plattsburg,2026-10-15,East Buchanan,,,,,0.16,2.6,,,,False
Plattsburg,2026-10-19,Cameron,,,,,1.53,1.32,,,,False
Plattsburg,2026-10-20,Lathrop,,,,,2.09,0.92,,,,False
Pleasant Hill,2026-09-01,Nevada,,3,1,W,1.59,1.43,1.41,0.43,1.84,False
Pleasant Hill,2026-09-03,St. Michael the Archangel,,0,3,L,0.63,2.53,-0.63,-0.47,-1.1,False
Pleasant Hill,2026-09-08,Pembroke Hill,,1,3,L,1.21,1.54,-0.21,-1.46,-1.66,False
Pleasant Hill,2026-09-10,Notre Dame de Sion,,3,2,W,2.06,1.78,0.94,-0.22,0.72,False
Pleasant Hill,2026-09-14,Butler,,3,0,W,2.2,1.07,0.8,1.07,1.87,False
Pleasant Hill,2026-09-15,Benton,,0,3,L,1.67,1.47,-1.67,-1.53,-3.2,False
Pleasant Hill,2026-09-17,Summit Christian Academy,,3,0,W,2.28,0.67,0.72,0.67,1.39,False
Pleasant Hill,2026-09-19,Butler,,2,0,W,2.2,1.07,-0.2,1.07,0.87,False
Pleasant Hill,2026-09-19,Concordia,,2,0,W,3.3,0.15,-1.3,0.15,-1.14,False
Pleasant Hill,2026-09-19,East Buchanan,,2,0,W,2.26,0.9,-0.26,0.9,0.64,False
Pleasant Hill,2026-09-19,Tipton,,2,0,W,3.07,-0.19,-1.07,-0.19,-1.26,False
Pleasant Hill,2026-09-21,Savannah,,3,0,W,2.29,1.34,0.71,1.34,2.05,False
Pleasant Hill,2026-09-22,St. Pius X (Kansas City),,2,3,L,1.05,2.2,0.95,-0.8,0.15,False
Pleasant Hill,2026-09-24,Clinton,,1,3,L,1.48,1.79,-0.48,-1.21,-1.69,False
Pleasant Hill,2026-09-29,Harrisonville,,3,1,W,2.4,1.11,0.6,0.11,0.71,False
Pleasant Hill,2026-10-01,"Louisburg(Louisburg, KS)",,3,0,W,,,,,,False
Pleasant Hill,2026-10-03,Adrian,,1,1,T,1.56,1.37,-0.56,0.37,-0.19,False
Pleasant Hill,2026-10-03,Clinton,,1,1,T,1.48,1.79,-0.48,0.79,0.31,False
Pleasant Hill,2026-10-03,Lexington,,2,0,W,4.56,-1.49,-2.56,-1.49,-4.06,False
Pleasant Hill,2026-10-03,California,,2,0,W,2.55,0.66,-0.55,0.66,0.1,False
Pleasant Hill,2026-10-05,Oak Grove,,0,3,L,0.64,2.25,-0.64,-0.75,-1.4,False
Pleasant Hill,2026-10-06,Warrensburg,,3,0,W,2.35,0.83,0.65,0.83,1.48,False
Pleasant Hill,2026-10-08,"Christ Preparatory(Lenexa, KS)",,,,,,,,,,False
Pleasant Hill,2026-10-12,Odessa,,,,,2.17,1.61,,,,False
Pleasant Hill,2026-10-13,Center,,,,,2.76,0.16,,,,False
Pleasant Hill,2026-10-15,St. Teresa's Academy,,,,,0.47,2.62,,,,False
Pleasant Hill,2026-10-22,Grandview,,,,,3.25,-0.29,,,,False
"Pleasant Hill(Pleasant Hill, IL)",2026-09-14,Bowling Green,,0,3,L,,,,,,False
Pleasant Hope,2026-08-29,Diamond,,1,1,T,1.55,1.55,-0.55,0.55,0.0,False
Pleasant Hope,2026-08-29,Osceola,,0,2,L,0.15,2.79,-0.15,0.79,0.64,False
Pleasant Hope,2026-08-29,Stockton,,0,2,L,0.96,2.15,-0.96,0.15,-0.81,False
Pleasant Hope,2026-09-01,Everton,,3,0,W,1.71,1.03,1.29,1.03,2.32,False
Pleasant Hope,2026-09-03,Diamond,,1,3,L,1.55,1.55,-0.55,-1.45,-2.0,False
Pleasant Hope,2026-09-08,Ash Grove,,0,3,L,0.46,2.34,-0.46,-0.66,-1.12,False
Pleasant Hope,2026-09-10,Chadwick,,3,1,W,2.24,0.66,0.76,-0.34,0.42,False
Pleasant Hope,2026-09-12,Hurley,,2,0,W,2.28,0.67,-0.28,0.67,0.38,False
Pleasant Hope,2026-09-12,Mansfield,,2,0,W,3.36,-0.11,-1.36,-0.11,-1.47,False
Pleasant Hope,2026-09-12,Wheaton,,2,0,W,2.36,0.61,-0.36,0.61,0.25,False
Pleasant Hope,2026-09-12,Greenwood,,1,1,T,1.57,1.51,-0.57,0.51,-0.06,False
Pleasant Hope,2026-09-12,School of the Ozarks,,0,2,L,0.96,1.65,-0.96,-0.35,-1.31,False
Pleasant Hope,2026-09-14,Sparta,,3,0,W,2.34,0.52,0.66,0.52,1.19,False
Pleasant Hope,2026-09-15,Marion C. Early,,3,0,W,4.23,-0.66,-1.23,-0.66,-1.89,False
Pleasant Hope,2026-09-17,Conway,,3,0,W,1.72,1.36,1.28,1.36,2.64,False
Pleasant Hope,2026-09-21,New Covenant Academy,,0,3,L,-1.22,3.63,1.22,0.63,1.85,False
Pleasant Hope,2026-09-22,Seymour,,3,1,W,2.63,0.58,0.37,-0.42,-0.05,False
Pleasant Hope,2026-09-28,Greenfield,,2,3,L,1.48,1.7,0.52,-1.3,-0.78,False
Pleasant Hope,2026-09-29,Spokane,,0,3,L,0.26,2.68,-0.26,-0.32,-0.57,False
Pleasant Hope,2026-10-01,Stockton,,0,3,L,0.96,2.15,-0.96,-0.85,-1.81,False
Pleasant Hope,2026-10-06,Greenwood,,3,0,W,1.57,1.51,1.43,1.51,2.94,False
Pleasant Hope,2026-10-08,Crane,,1,3,L,1.56,1.41,-0.56,-1.59,-2.15,False
Pleasant Hope,2026-10-10,Houston,,,,,1.34,1.88,,,,False
Pleasant Hope,2026-10-10,Jasper,,,,,1.94,1.18,,,,False
Pleasant Hope,2026-10-10,Marionville,,,,,1.15,1.79,,,,False
Pleasant Hope,2026-10-12,Billings,,,,,0.43,2.67,,,,False
Pleasant Hope,2026-10-13,Niangua,,,,,3.05,-0.21,,,,False
Pleasant Hope,2026-10-15,Cassville,,,,,1.31,1.89,,,,False
Pleasant Hope,2026-10-20,Marion C. Early,,,,,4.23,-0.66,,,,False
"Pleasanton  (Pleasanton, Kansas)",2026-10-08,Marion C. Early,,3,1,W,,,,,,False
"Pleasanton(Pleasanton, KS)",2026-08-29,Liberal,,0,2,L,,,,,,False
"Pleasanton(Pleasanton, KS)",2026-09-10,Hume,,3,2,W,,,,,,False
"Pleasanton(Pleasanton, KS)",2026-09-14,Rich Hill,,1,3,L,,,,,,False
"Pleasanton(Pleasanton, KS)",2026-10-08,Bronaugh,,,,,,,,,,False
"Pocahontas(Pocahontas, AR)",2026-09-01,Senath-Hornersville,,3,0,W,,,,,,False
"Pocahontas(Pocahontas, AR)",2026-09-12,Thayer,,2,0,W,,,,,,False
"Pocahontas(Pocahontas, AR)",2026-09-13,Lutie,,2,0,W,,,,,,False
"Pocahontas(Pocahontas, AR)",2026-10-15,Winona,,,,,,,,,,False
Poplar Bluff,2026-08-29,DeSoto,,2,0,W,1.72,0.84,0.28,0.84,1.12,False
Poplar Bluff,2026-08-29,Hillsboro,,1,1,T,0.01,2.89,0.99,1.89,2.88,False
Poplar Bluff,2026-08-29,Northwest (Cedar Hill),,0,2,L,1.28,1.36,-1.28,-0.64,-1.92,False
Poplar Bluff,2026-08-29,Veritas Christian Academy,,2,0,W,3.25,-0.56,-1.25,-0.56,-1.81,False
Poplar Bluff,2026-08-29,Central (Cape Girardeau),,1,2,L,1.11,1.34,-0.11,-0.66,-0.77,False
Poplar Bluff,2026-09-01,Central (Cape Girardeau),,3,2,W,1.11,1.34,1.89,-0.66,1.23,False
Poplar Bluff,2026-09-02,Fox,,3,1,W,1.97,1.31,1.03,0.31,1.34,False
Poplar Bluff,2026-09-08,Jackson,,0,3,L,-1.99,4.41,1.99,1.41,3.4,False
Poplar Bluff,2026-09-11,Woodland,,0,2,L,0.47,2.47,-0.47,0.47,0.0,False
Poplar Bluff,2026-09-11,Ellington,,0,2,L,0.93,1.53,-0.93,-0.47,-1.4,False
Poplar Bluff,2026-09-12,Hillsboro,,0,2,L,0.01,2.89,-0.01,0.89,0.88,False
Poplar Bluff,2026-09-12,Central (Park Hills),,0,2,L,1.43,1.88,-1.43,-0.12,-1.54,False
Poplar Bluff,2026-09-12,Kennett,,2,0,W,2.38,0.74,-0.38,0.74,0.35,False
Poplar Bluff,2026-09-14,St. Pius X (Festus),,0,3,L,0.04,2.56,-0.04,-0.44,-0.48,False
Poplar Bluff,2026-09-15,West Plains,,0,3,L,-0.74,3.48,0.74,0.48,1.22,False
Poplar Bluff,2026-09-17,Sikeston,,3,1,W,1.44,1.7,1.56,0.7,2.26,False
Poplar Bluff,2026-09-19,Festus,,0,2,L,-0.31,2.82,0.31,0.82,1.13,False
Poplar Bluff,2026-09-19,Fox,,1,1,T,1.97,1.31,-0.97,0.31,-0.66,False
Poplar Bluff,2026-09-19,Timberland,,0,2,L,0.86,2.13,-0.86,0.13,-0.72,False
Poplar Bluff,2026-09-19,Windsor (Imperial),,0,2,L,0.54,2.07,-0.54,0.07,-0.47,False
Poplar Bluff,2026-09-21,Bernie,,3,2,W,1.95,0.69,1.05,-1.31,-0.25,False
Poplar Bluff,2026-09-23,Kennett,,3,1,W,2.38,0.74,0.62,-0.26,0.35,False
Poplar Bluff,2026-10-01,Kennett,,2,0,W,2.38,0.74,-0.38,0.74,0.35,False
Poplar Bluff,2026-10-01,Notre Dame (Cape Girardeau),,0,2,L,0.19,2.46,-0.19,0.46,0.27,False
Poplar Bluff,2026-10-01,Portageville,,2,1,W,1.82,1.44,0.18,0.44,0.62,False
Poplar Bluff,2026-10-05,Doniphan,,3,1,W,2.28,0.7,0.72,-0.3,0.42,False
Poplar Bluff,2026-10-06,Liberty (Mountain View),,0,3,L,0.32,2.45,-0.32,-0.55,-0.87,False
Poplar Bluff,2026-10-08,Dexter,,0,3,L,0.74,2.26,-0.74,-0.74,-1.48,False
Poplar Bluff,2026-10-12,Notre Dame (Cape Girardeau),,,,,0.19,2.46,,,,False
Poplar Bluff,2026-10-13,Saxony Lutheran,,,,,-0.2,2.99,,,,False
Poplar Bluff,2026-10-15,Windsor (Imperial),,,,,0.54,2.07,,,,False
Poplar Bluff,2026-10-20,Oakville,,,,,-0.21,3.19,,,,False
Portageville,2026-08-27,North Pemiscot,,3,1,W,1.48,1.91,1.52,0.91,2.43,False
Portageville,2026-08-28,Risco,,3,1,W,2.74,0.74,0.26,-0.26,-0.0,False
Portageville,2026-09-01,St. Vincent,,3,1,W,1.34,2.08,1.66,1.08,2.74,False
Portageville,2026-09-03,Scott City,,1,3,L,1.24,2.27,-0.24,-0.73,-0.97,False
Portageville,2026-09-04,Campbell,,1,3,L,1.55,1.81,-0.55,-1.19,-1.74,False
Portageville,2026-09-08,Hayti,,3,0,W,3.66,0.04,-0.66,0.04,-0.61,False
Portageville,2026-09-09,Bernie,,3,0,W,2.07,1.2,0.93,1.2,2.13,False
Portageville,2026-09-10,Charleston,,3,0,W,4.03,-0.92,-1.03,-0.92,-1.95,False
Portageville,2026-09-11,Bismarck,,1,1,T,0.97,2.73,0.03,1.73,1.75,False
Portageville,2026-09-11,Dexter,,0,2,L,0.86,2.76,-0.86,0.76,-0.1,False
Portageville,2026-09-11,Notre Dame (Cape Girardeau),,0,2,L,0.32,2.97,-0.32,0.97,0.65,False
Portageville,2026-09-12,Central (Cape Girardeau),,0,2,L,1.24,1.85,-1.24,-0.15,-1.39,False
Portageville,2026-09-12,St. Vincent,,1,2,L,1.34,2.08,-0.34,0.08,-0.26,False
Portageville,2026-09-14,Malden,,1,3,L,1.42,2.0,-0.42,-1.0,-1.42,False
Portageville,2026-09-15,South Pemiscot,,3,0,W,2.63,0.92,0.37,0.92,1.29,False
Portageville,2026-09-17,Kennett,,3,1,W,2.51,1.25,0.49,0.25,0.73,False
Portageville,2026-09-21,Senath-Hornersville,,3,1,W,2.64,1.12,0.36,0.12,0.48,False
Portageville,2026-09-22,Caruthersville,,3,0,W,3.5,0.0,-0.5,0.0,-0.49,False
Portageville,2026-09-23,Bell City,,0,3,L,1.11,2.67,-1.11,-0.33,-1.43,False
Portageville,2026-09-26,Advance,,0,3,L,1.15,2.86,-1.15,-0.14,-1.29,False
Portageville,2026-09-26,North Pemiscot,,0,3,L,1.48,1.91,-1.48,-1.09,-2.57,False
Portageville,2026-09-28,Sikeston,,2,3,L,1.57,2.21,0.43,-0.79,-0.36,False
Portageville,2026-09-29,Central (New Madrid County),,2,3,L,1.72,1.83,0.28,-1.17,-0.89,False
Portageville,2026-10-01,Poplar Bluff,,1,2,L,1.44,1.82,-0.44,-0.18,-0.62,False
Portageville,2026-10-01,Saxony Lutheran,,0,2,L,-0.07,3.5,0.07,1.5,1.57,False
Portageville,2026-10-01,Sikeston,,2,1,W,1.57,2.21,0.43,1.21,1.64,False
Portageville,2026-10-05,Clarkton,,3,1,W,2.11,1.34,0.89,0.34,1.23,False
Portageville,2026-10-12,Caruthersville,,,,,3.5,0.0,,,,False
Portageville,2026-10-19,Holcomb,,,,,1.85,1.62,,,,False
Portageville,2026-10-20,Saxony Lutheran,,,,,-0.07,3.5,,,,False
Potosi,2026-09-01,West County,,3,0,W,4.62,-1.76,-1.62,-1.76,-3.39,False
Potosi,2026-09-02,Hillsboro,,3,1,W,2.44,0.4,0.56,-0.6,-0.04,False
Potosi,2026-09-03,Notre Dame (Cape Girardeau),,3,0,W,2.62,-0.03,0.38,-0.03,0.35,False
Potosi,2026-09-08,Arcadia Valley,,3,0,W,3.18,-0.6,-0.18,-0.6,-0.79,False
Potosi,2026-09-09,Hillsboro,,3,1,W,2.44,0.4,0.56,-0.6,-0.04,False
Potosi,2026-09-09,Steelville,,3,0,W,4.46,-1.42,-1.46,-1.42,-2.88,False
Potosi,2026-09-10,Bismarck,,3,0,W,3.28,-0.27,-0.28,-0.27,-0.54,False
Potosi,2026-09-12,DeSoto,,2,0,W,4.15,-1.65,-2.15,-1.65,-3.8,False
Potosi,2026-09-12,Farmington,,2,0,W,1.77,1.0,0.23,1.0,1.23,False
Potosi,2026-09-12,Festus,,2,0,W,2.12,0.33,-0.12,0.33,0.21,False
Potosi,2026-09-12,Sullivan,,2,0,W,1.92,0.51,0.08,0.51,0.58,False
Potosi,2026-09-14,Union,,3,0,W,3.75,-0.65,-0.75,-0.65,-1.4,False
Potosi,2026-09-17,St. Pius X (Festus),,3,0,W,2.47,0.07,0.53,0.07,0.6,False
Potosi,2026-09-18,Winona,,3,0,W,2.69,0.16,0.31,0.16,0.47,False
Potosi,2026-09-18,Blair Oaks,,3,0,W,2.17,0.74,0.83,0.74,1.57,False
Potosi,2026-09-19,Logan-Rogersville,,3,0,W,2.99,0.25,0.01,0.25,0.26,False
Potosi,2026-09-23,Festus,,3,1,W,2.12,0.33,0.88,-0.67,0.21,False
Potosi,2026-09-24,Fredericktown,,3,0,W,3.34,-0.23,-0.34,-0.23,-0.57,False
Potosi,2026-09-28,Valle Catholic,,3,0,W,2.43,0.4,0.57,0.4,0.97,False
Potosi,2026-09-29,Farmington,,,1,,1.77,1.0,,,,False
Potosi,2026-10-01,Ste. Genevieve,,3,1,W,3.07,-0.33,-0.07,-1.33,-1.4,False
Potosi,2026-10-03,Fredericktown,,2,0,W,3.34,-0.23,-1.34,-0.23,-1.57,False
Potosi,2026-10-03,Hillsboro,,2,0,W,2.44,0.4,-0.44,0.4,-0.04,False
Potosi,2026-10-03,Leopold,,1,1,T,2.48,0.46,-1.48,-0.54,-2.03,False
Potosi,2026-10-03,St. Vincent,,2,0,W,3.65,-0.91,-1.65,-0.91,-2.56,False
Potosi,2026-10-03,Scott City,,2,0,W,3.54,-0.73,-1.54,-0.73,-2.27,False
Potosi,2026-10-05,DeSoto,,3,0,W,4.15,-1.65,-1.15,-1.65,-2.8,False
Potosi,2026-10-06,Central (Park Hills),,3,0,W,3.86,-0.61,-0.86,-0.61,-1.46,False
Potosi,2026-10-08,North County,,,,,3.85,-0.47,,,,False
Prairie Home,2026-08-28,Otterville,,0,3,L,-0.54,3.47,0.54,0.47,1.01,False
Prairie Home,2026-09-01,Northwest (Hughesville),,0,3,L,0.31,2.38,-0.31,-0.62,-0.93,False
Prairie Home,2026-09-02,Tipton,,0,3,L,-1.21,3.82,1.21,0.82,2.03,False
Prairie Home,2026-09-03,Bunceton,,3,0,W,2.26,0.35,0.74,0.35,1.09,False
Prairie Home,2026-09-09,Columbia Independent,,0,3,L,0.27,3.18,-0.27,0.18,-0.1,False
Prairie Home,2026-09-10,La Monte,,0,3,L,-0.41,3.4,0.41,0.4,0.81,False
Prairie Home,2026-09-11,Chamois,,3,1,W,1.99,1.68,1.01,0.68,1.69,False
Prairie Home,2026-09-14,Sweet Springs,,0,3,L,-0.63,3.91,0.63,0.91,1.54,False
Prairie Home,2026-09-18,Christian Fellowship Sr.,,0,3,L,0.57,2.53,-0.57,-0.47,-1.04,False
Prairie Home,2026-09-19,Bunceton,,2,0,W,2.26,0.35,-0.26,0.35,0.09,False
Prairie Home,2026-09-19,New Bloomfield,,0,2,L,0.95,1.71,-0.95,-0.29,-1.24,False
Prairie Home,2026-09-19,Calvary Lutheran,,0,2,L,0.02,3.3,-0.02,1.3,1.28,False
Prairie Home,2026-09-21,Smithton,,0,3,L,-0.48,3.62,0.48,0.62,1.1,False
Prairie Home,2026-09-23,Otterville,,0,3,L,-0.54,3.47,0.54,0.47,1.01,False
Prairie Home,2026-09-25,Leeton with Chilhowee,,0,3,L,1.0,1.62,-1.0,-1.38,-2.38,False
Prairie Home,2026-09-28,Calvary Lutheran,,0,3,L,0.02,3.3,-0.02,0.3,0.28,False
Prairie Home,2026-10-01,Bunceton,,3,0,W,2.26,0.35,0.74,0.35,1.09,False
Prairie Home,2026-10-07,Columbia Independent,,1,3,L,0.27,3.18,0.73,0.18,0.9,False
Prairie Home,2026-10-12,New Bloomfield,,,,,0.95,1.71,,,,False
Prairie Home,2026-10-13,Concordia,,,,,-0.98,4.16,,,,False
Prairie Home,2026-10-16,Lighthouse Sr.,,,,,,,,,,False
Prairie Home,2026-10-20,Columbia Independent,,,,,0.27,3.18,,,,False
"Prairie View(LaCygne, KS)",2026-09-26,Warsaw,,0,2,L,,,,,,False
"Prairie View(LaCygne, KS)",2026-10-01,Butler,,2,3,L,,,,,,False
"Prairie View(Lacygne, KS)",2026-09-10,Midway,,3,0,W,,,,,,False
"Prairie View(Lacygne, KS)",2026-09-26,Archie,,0,2,L,,,,,,False
"Prarie View(Lacygne, KS)",2026-09-26,Lutheran (Kansas City),,1,1,T,,,,,,False
Principia,2026-08-28,Westminster Christian Academy,,0,3,L,-2.28,4.51,2.28,1.51,3.79,False
Principia,2026-09-01,Brentwood,,1,1,T,0.92,1.38,0.08,0.38,0.46,False
Principia,2026-09-01,Crossroads College Preparatory,,2,0,W,2.61,-0.04,-0.61,-0.04,-0.64,False
Principia,2026-09-01,Grandview (Hillsboro),,1,1,T,1.42,0.87,-0.42,-0.13,-0.55,False
Principia,2026-09-02,Hancock,,2,0,W,1.36,1.07,0.64,1.07,1.71,False
Principia,2026-09-03,Brentwood,,2,1,W,0.92,1.38,1.08,0.38,1.46,False
Principia,2026-09-03,Maplewood-Richmond Hts.,,0,2,L,0.64,1.83,-0.64,-0.17,-0.81,False
Principia,2026-09-08,Maplewood-Richmond Hts.,,0,3,L,0.64,1.83,-0.64,-1.17,-1.81,False
Principia,2026-09-10,Gateway Science Charter,,3,0,W,1.72,0.85,1.28,0.85,2.13,False
Principia,2026-09-22,Whitfield,,0,3,L,0.6,2.27,-0.6,-0.73,-1.34,False
Principia,2026-09-24,John Burroughs,,0,3,L,-1.45,4.0,1.45,1.0,2.45,False
Principia,2026-09-26,Bourbon,,1,1,T,1.27,1.23,-0.27,0.23,-0.05,False
Principia,2026-09-26,Brentwood,,1,1,T,0.92,1.38,0.08,0.38,0.46,False
Principia,2026-09-26,Maplewood-Richmond Hts.,,0,2,L,0.64,1.83,-0.64,-0.17,-0.81,False
Principia,2026-09-29,Rosati-Kain,,3,0,W,2.72,0.12,0.28,0.12,0.4,False
Principia,2026-10-01,Cardinal Ritter,,3,0,W,2.55,0.02,0.45,0.02,0.48,False
Principia,2026-10-05,Lift for Life Academy Charter,,3,1,W,1.84,0.64,1.16,-0.36,0.8,False
Principia,2026-10-08,Collegiate School of Med-Bio Science,,0,3,L,1.84,1.21,-1.84,-1.79,-3.63,False
Principia,2026-10-09,Lutheran North,,,,,1.4,1.37,,,,False
Principia,2026-10-12,Crystal City,,,,,0.12,2.51,,,,False
Principia,2026-10-13,MICDS,,,,,-1.86,4.44,,,,False
Principia,2026-10-15,Lutheran South,,,,,-0.74,2.86,,,,False
Providence Academy Sr.,2026-10-19,Gateway Science Charter,,,,,,,,,,False
"Providence(Rogers, AR)",2026-10-05,McDonald County,,3,0,W,,,,,,False
Purdy,2026-08-28,Bronaugh,,3,0,W,4.12,-1.07,-1.12,-1.07,-2.2,False
Purdy,2026-09-01,Blue Eye,,0,3,L,0.04,2.9,-0.04,-0.1,-0.14,False
Purdy,2026-09-03,New Heights Christian,,0,3,L,0.77,2.36,-0.77,-0.64,-1.41,False
Purdy,2026-09-04,Hurley,,3,1,W,1.99,1.38,1.01,0.38,1.39,False
Purdy,2026-09-10,Verona,,1,3,L,1.63,1.82,-0.63,-1.18,-1.81,False
Purdy,2026-09-11,Marion C. Early,,3,0,W,3.94,0.05,-0.94,0.05,-0.89,False
Purdy,2026-09-15,Everton,,0,3,L,1.41,1.74,-1.41,-1.26,-2.67,False
Purdy,2026-09-17,Golden City,,3,0,W,2.4,1.07,0.6,1.07,1.68,False
Purdy,2026-09-21,Wheaton,,3,2,W,2.06,1.32,0.94,-0.68,0.26,False
Purdy,2026-09-24,McAuley Catholic,,3,0,W,2.36,1.23,0.64,1.23,1.87,False
Purdy,2026-09-25,Sheldon,,3,0,W,2.58,0.88,0.42,0.88,1.3,False
Purdy,2026-09-28,Northeast Vernon County,,3,0,W,3.43,-0.46,-0.43,-0.46,-0.89,False
Purdy,2026-09-29,Crane,,1,3,L,1.26,2.12,-0.26,-0.88,-1.14,False
Purdy,2026-10-01,Exeter,,3,2,W,2.87,0.55,0.13,-1.45,-1.32,False
Purdy,2026-10-03,Southwest (Washburn),,2,0,W,2.21,0.8,-0.21,0.8,0.59,False
Purdy,2026-10-03,Wheaton,,2,0,W,2.06,1.32,-0.06,1.32,1.26,False
Purdy,2026-10-03,Bronaugh,,2,0,W,4.12,-1.07,-2.12,-1.07,-3.2,False
Purdy,2026-10-03,Crane,,1,1,T,1.26,2.12,-0.26,1.12,0.86,False
Purdy,2026-10-03,Everton,,2,1,W,1.41,1.74,0.59,0.74,1.33,False
Purdy,2026-10-03,Thomas Jefferson Independent Day,,0,2,L,0.71,2.14,-0.71,0.14,-0.56,False
Purdy,2026-10-05,Thomas Jefferson Independent Day,,0,3,L,0.71,2.14,-0.71,-0.86,-1.56,False
Purdy,2026-10-06,Galena,,3,2,W,2.15,0.88,0.85,-1.12,-0.27,False
Purdy,2026-10-08,Southwest (Washburn),,3,0,W,2.21,0.8,0.79,0.8,1.59,False
Purdy,2026-10-13,Parkview,,,,,1.43,1.73,,,,False
Purdy,2026-10-20,Hurley,,,,,1.99,1.38,,,,False
Puxico,2026-08-31,Clarkton,,3,0,W,2.38,0.62,0.62,0.62,1.24,False
Puxico,2026-09-01,Scott City,,2,3,L,1.51,1.55,0.49,-1.45,-0.96,False
Puxico,2026-09-04,Kelly,,3,0,W,3.91,-0.35,-0.91,-0.35,-1.26,False
Puxico,2026-09-08,Woodland,,0,3,L,0.87,2.26,-0.87,-0.74,-1.61,False
Puxico,2026-09-10,Richland (Essex),,3,0,W,2.91,0.25,0.09,0.25,0.34,False
Puxico,2026-09-11,Oran,,2,0,W,3.21,-0.44,-1.21,-0.44,-1.65,False
Puxico,2026-09-11,Senath-Hornersville,,2,0,W,2.91,0.4,-0.91,0.4,-0.51,False
Puxico,2026-09-12,East Prairie,,2,0,W,2.43,0.43,-0.43,0.43,0.0,False
Puxico,2026-09-12,Holcomb,,2,0,W,2.12,0.9,-0.12,0.9,0.78,False
Puxico,2026-09-12,Licking,,0,2,L,1.48,1.19,-1.48,-0.81,-2.29,False
Puxico,2026-09-12,North Pemiscot,,2,1,W,1.75,1.19,0.25,0.19,0.44,False
Puxico,2026-09-12,Jefferson (Festus),,2,0,W,1.85,1.2,0.15,1.2,1.35,False
Puxico,2026-09-12,Lutheran North,,2,0,W,3.25,-0.03,-1.25,-0.03,-1.28,False
Puxico,2026-09-14,Bloomfield,,3,0,W,3.28,-0.35,-0.28,-0.35,-0.63,False
Puxico,2026-09-15,Bernie,,3,0,W,2.35,0.48,0.65,0.48,1.13,False
Puxico,2026-09-17,Clearwater,,3,0,W,3.06,-0.4,-0.06,-0.4,-0.45,False
Puxico,2026-09-18,Leopold,,0,3,L,0.45,2.73,-0.45,-0.27,-0.72,False
Puxico,2026-09-21,Bell City,,1,3,L,1.38,1.95,-0.38,-1.05,-1.42,False
Puxico,2026-09-24,Oak Ridge,,0,3,L,1.05,2.11,-1.05,-0.89,-1.94,False
Puxico,2026-09-25,Twin Rivers,,3,0,W,3.32,0.37,-0.32,0.37,0.05,False
Puxico,2026-09-28,Malden,,3,0,W,1.69,1.28,1.31,1.28,2.58,False
Puxico,2026-09-29,Sikeston,,3,2,W,1.84,1.48,1.16,-0.52,0.65,False
Puxico,2026-10-01,Advance,,3,1,W,1.42,2.14,1.58,1.14,2.72,False
Puxico,2026-10-02,Zalma,,3,0,W,3.9,-0.97,-0.9,-0.97,-1.87,False
Puxico,2026-10-03,Hillsboro,,1,2,L,0.41,2.68,0.59,0.68,1.27,False
Puxico,2026-10-03,Metro,,2,0,W,2.2,0.35,-0.2,0.35,0.15,False
Puxico,2026-10-03,Ste. Genevieve,,1,1,T,1.04,1.94,-0.04,0.94,0.9,False
Puxico,2026-10-03,St. Louis Ignite,,1,1,T,,,,,,False
Puxico,2026-10-05,Dexter,,0,3,L,1.14,2.04,-1.14,-0.96,-2.09,False
Puxico,2026-10-09,Greenville,,,,,3.35,-0.04,,,,False
Puxico,2026-10-19,Doniphan,,,,,2.68,0.48,,,,False
Puxico,2026-10-20,Kelly,,,,,3.91,-0.35,,,,False
"Quincy Notre Dame(Quincy, IL)",2026-08-28,St. Joseph's Academy,,0,2,L,,,,,,False
"Quincy Notre Dame(Quincy, IL)",2026-08-28,St. Pius X (Festus),,2,0,W,,,,,,False
"Quincy Notre Dame(Quincy, IL)",2026-08-28,Duchesne,,2,0,W,,,,,,False
"Quincy Notre Dame(Quincy, IL)",2026-09-22,Hannibal,,1,3,L,,,,,,False
"Quincy Senior High(Quincy, IL)",2026-09-28,Hannibal,,2,0,W,,,,,,False
"Quincy Senior(Quincy, IL)",2026-10-03,Cor Jesu Academy,,0,3,L,,,,,,False
"Quincy(Quincy, IL)",2026-10-02,MICDS,,2,0,W,,,,,,False
RUSH Sr. Home School,2026-09-12,Ava,,0,2,L,,,,,,False
RUSH Sr. Home School,2026-09-12,Bakersfield,,1,1,T,,,,,,False
RUSH Sr. Home School,2026-09-12,Buffalo,,1,1,T,,,,,,False
RUSH Sr. Home School,2026-09-12,Parkview,,1,0,W,,,,,,False
RUSH Sr. Home School,2026-09-12,Willow Springs,,2,0,W,,,,,,False
RUSH Sr. Home School,2026-09-17,Blue Eye,,0,3,L,,,,,,False
RUSH Sr. Home School,2026-09-29,Dixon,,3,0,W,,,,,,False
RUSH Sr. Home School,2026-10-05,Ash Grove,,0,3,L,,,,,,False
Raymore-Peculiar,2026-08-27,Park Hill South,,2,3,L,2.5,1.21,-0.5,-1.79,-2.29,False
Raymore-Peculiar,2026-08-28,St. Pius X (Kansas City),,1,2,L,2.03,1.64,-1.03,-0.36,-1.39,False
Raymore-Peculiar,2026-08-28,Savannah,,2,1,W,3.28,0.79,-1.28,-0.21,-1.49,False
Raymore-Peculiar,2026-08-29,Central (St. Joseph),,2,0,W,3.49,-0.16,-1.49,-0.16,-1.65,False
Raymore-Peculiar,2026-08-29,Seckman,,2,0,W,2.64,1.15,-0.64,1.15,0.5,False
Raymore-Peculiar,2026-09-01,Lee's Summit West,,0,3,L,0.77,2.63,-0.77,-0.37,-1.14,False
Raymore-Peculiar,2026-09-03,Lee's Summit,,1,3,L,2.11,2.04,-1.11,-0.96,-2.07,False
Raymore-Peculiar,2026-09-08,Staley,,2,3,L,2.44,1.02,-0.44,-1.98,-2.42,False
Raymore-Peculiar,2026-09-10,Blue Springs South,,3,1,W,2.14,1.78,0.86,0.78,1.64,False
Raymore-Peculiar,2026-09-15,Liberty North,,3,1,W,2.36,1.96,0.64,0.96,1.6,False
Raymore-Peculiar,2026-09-17,Blue Springs,,3,0,W,2.0,1.57,1.0,1.57,2.57,False
Raymore-Peculiar,2026-09-21,Smithville,,3,2,W,1.86,1.52,1.14,-0.48,0.67,False
Raymore-Peculiar,2026-09-22,Belton,,3,1,W,2.68,1.3,0.32,0.3,0.62,False
Raymore-Peculiar,2026-09-24,Lee's Summit,,2,3,L,2.11,2.04,-0.11,-0.96,-1.07,False
Raymore-Peculiar,2026-09-29,Lee's Summit West,,0,3,L,0.77,2.63,-0.77,-0.37,-1.14,False
Raymore-Peculiar,2026-10-01,Staley,,3,0,W,2.44,1.02,0.56,1.02,1.58,False
Raymore-Peculiar,2026-10-03,"Lansing(Lansing, KS)",,0,2,L,,,,,,False
Raymore-Peculiar,2026-10-03,"Olathe East(Olathe, KS)",,2,0,W,,,,,,False
Raymore-Peculiar,2026-10-03,"Olathe East(Olathe , KS)",,2,0,W,,,,,,False
Raymore-Peculiar,2026-10-03,Benton,,2,0,W,2.66,0.92,-0.66,0.92,0.26,False
Raymore-Peculiar,2026-10-03,"Spring Hill(Spring Hill, KS)",,1,2,L,,,,,,False
Raymore-Peculiar,2026-10-05,Fort Osage,,3,0,W,3.36,0.51,-0.36,0.51,0.15,False
Raymore-Peculiar,2026-10-06,Blue Springs South,,3,1,W,2.14,1.78,0.86,0.78,1.64,False
Raymore-Peculiar,2026-10-08,Lee's Summit North,,1,3,L,1.25,2.34,-0.25,-0.66,-0.91,False
Raymore-Peculiar,2026-10-13,Liberty North,,,,,2.36,1.96,,,,False
Raymore-Peculiar,2026-10-15,Blue Springs,,,,,2.0,1.57,,,,False
Raytown,2026-08-20,Raytown South,,2,0,W,1.65,1.05,0.35,1.05,1.39,False
Raytown,2026-08-20,Grandview,,,,,0.89,1.4,,,,False
Raytown,2026-08-27,Ruskin,,3,0,W,2.36,-0.13,0.64,-0.13,0.52,False
Raytown,2026-09-01,William Chrisman,,0,3,L,0.26,1.88,-0.26,-1.12,-1.38,False
Raytown,2026-09-03,Platte County,,0,3,L,-1.24,3.56,1.24,0.56,1.79,False
Raytown,2026-09-05,Center,,0,1,L,0.4,1.85,-0.4,0.85,0.45,False
Raytown,2026-09-05,University Academy Charter,,1,1,T,0.86,1.14,0.14,0.14,0.28,False
Raytown,2026-09-05,Grandview,,0,2,L,0.89,1.4,-0.89,-0.6,-1.49,False
Raytown,2026-09-05,Van Horn,,2,0,W,1.79,0.58,0.21,0.58,0.79,False
Raytown,2026-09-08,North Kansas City,,0,3,L,-0.47,3.13,0.47,0.13,0.6,False
Raytown,2026-09-10,Belton,,0,3,L,-0.67,3.54,0.67,0.54,1.21,False
Raytown,2026-09-15,Fort Osage,,0,3,L,0.02,2.75,-0.02,-0.25,-0.26,False
Raytown,2026-09-17,Truman,,0,3,L,0.75,1.42,-0.75,-1.58,-2.33,False
Raytown,2026-09-19,Lawson,,0,2,L,0.56,1.89,-0.56,-0.11,-0.67,False
Raytown,2026-09-19,Grandview,,0,2,L,0.89,1.4,-0.89,-0.6,-1.49,False
Raytown,2026-09-19,Van Horn,,2,0,W,1.79,0.58,0.21,0.58,0.79,False
Raytown,2026-09-19,Warrensburg,,0,2,L,-0.01,2.52,0.01,0.52,0.53,False
Raytown,2026-09-19,Barstow,,0,2,L,0.68,1.78,-0.68,-0.22,-0.89,False
Raytown,2026-09-22,Grain Valley,,0,3,L,-0.44,3.13,0.44,0.13,0.57,False
Raytown,2026-09-24,William Chrisman,,0,3,L,0.26,1.88,-0.26,-1.12,-1.38,False
Raytown,2026-09-26,Northland Christian,,0,2,L,0.47,1.95,-0.47,-0.05,-0.52,False
Raytown,2026-09-26,Drexel,,2,1,W,1.48,1.14,0.52,0.14,0.66,False
Raytown,2026-09-26,William Chrisman,,2,0,W,0.26,1.88,1.74,1.88,3.62,False
Raytown,2026-09-26,KIPP KC Legacy,,2,0,W,2.89,-0.36,-0.89,-0.36,-1.25,False
Raytown,2026-09-26,Capital City,,0,2,L,0.23,2.56,-0.23,0.56,0.32,False
Raytown,2026-09-29,Grain Valley,,0,3,L,-0.44,3.13,0.44,0.13,0.57,False
Raytown,2026-10-01,Raytown South,,3,1,W,1.65,1.05,1.35,0.05,1.39,False
Raytown,2026-10-06,Belton,,0,3,L,-0.67,3.54,0.67,0.54,1.21,False
Raytown,2026-10-08,Platte County,,0,3,L,-1.24,3.56,1.24,0.56,1.79,False
Raytown,2026-10-12,Center,,,,,0.4,1.85,,,,False
Raytown,2026-10-13,Fort Osage,,,,,0.02,2.75,,,,False
Raytown,2026-10-15,Truman,,,,,0.75,1.42,,,,False
Raytown,2026-10-22,Belton,,,,,-0.67,3.54,,,,False
Raytown South,2026-08-20,Raytown,,0,2,L,1.05,1.65,-1.05,-0.35,-1.39,False
Raytown South,2026-08-27,William Chrisman,,0,3,L,0.26,2.48,-0.26,-0.52,-0.78,False
Raytown South,2026-09-01,Grandview,,1,3,L,0.89,2.01,0.11,-0.99,-0.88,False
Raytown South,2026-09-03,Ruskin,,3,0,W,2.35,0.48,0.65,0.48,1.12,False
Raytown South,2026-09-05,William Chrisman,,1,1,T,0.26,2.48,0.74,1.48,2.22,False
Raytown South,2026-09-05,Ewing Marion Kauffman,,2,0,W,1.99,0.98,0.01,0.98,0.98,False
Raytown South,2026-09-05,Van Horn,,1,1,T,1.79,1.18,-0.79,0.18,-0.6,False
Raytown South,2026-09-05,Grandview,,0,2,L,0.89,2.01,-0.89,0.01,-0.88,False
Raytown South,2026-09-08,Van Horn,,3,1,W,1.79,1.18,1.21,0.18,1.4,False
Raytown South,2026-09-09,Lincoln College Prep,,0,3,L,0.59,2.88,-0.59,-0.12,-0.72,False
Raytown South,2026-09-10,Winnetonka,,3,0,W,1.77,1.13,1.23,1.13,2.36,False
Raytown South,2026-09-12,Barstow,,0,2,L,0.67,2.39,-0.67,0.39,-0.29,False
Raytown South,2026-09-12,Cristo Rey,,2,0,W,2.9,-0.04,-0.9,-0.04,-0.94,False
Raytown South,2026-09-12,University Academy Charter,,0,2,L,0.86,1.74,-0.86,-0.26,-1.12,False
Raytown South,2026-09-12,Ruskin,,2,0,W,2.35,0.48,-0.35,0.48,0.12,False
Raytown South,2026-09-15,Smithville,,0,3,L,-1.49,4.37,1.49,1.37,2.86,False
Raytown South,2026-09-18,Cristo Rey,,3,0,W,2.9,-0.04,0.1,-0.04,0.06,False
Raytown South,2026-09-22,Kearney,,0,3,L,-0.14,2.91,0.14,-0.09,0.05,False
Raytown South,2026-09-29,Smithville,,0,3,L,-1.49,4.37,1.49,1.37,2.86,False
Raytown South,2026-10-01,Raytown,,1,3,L,1.05,1.65,-0.05,-1.35,-1.39,False
Raytown South,2026-10-05,Knob Noster,,0,3,L,0.85,2.03,-0.85,-0.97,-1.83,False
Raytown South,2026-10-06,Grandview,,3,2,W,0.89,2.01,2.11,0.01,2.12,False
Raytown South,2026-10-08,Kearney,,,,,-0.14,2.91,,,,False
Raytown South,2026-10-13,Ruskin,,,,,2.35,0.48,,,,False
Raytown South,2026-10-15,Winnetonka,,,,,1.77,1.13,,,,False
Raytown South,2026-10-20,Marshall,,,,,2.0,1.16,,,,False
"Red Bud(Red Bud, IL)",2026-09-05,Jackson,,1,2,L,,,,,,False
"Red Bud(Red Bud, IL)",2026-09-05,Oakville,,1,2,L,,,,,,False
Reeds Spring,2026-08-29,Lebanon,,1,1,T,0.67,2.72,0.33,1.72,2.06,False
Reeds Spring,2026-08-29,Springfield Catholic,,0,2,L,0.83,2.35,-0.83,0.35,-0.48,False
Reeds Spring,2026-08-29,Mt. Vernon,,1,1,T,0.42,2.88,0.58,1.88,2.46,False
Reeds Spring,2026-08-29,Rolla,,1,2,L,1.44,2.17,-0.44,0.17,-0.27,False
Reeds Spring,2026-09-01,Central (Springfield),,3,1,W,1.75,1.41,1.25,0.41,1.66,False
Reeds Spring,2026-09-03,Willow Springs,,2,3,L,2.86,0.62,-0.86,-2.38,-3.24,False
Reeds Spring,2026-09-10,Blue Eye,,1,3,L,1.17,1.98,-0.17,-1.02,-1.19,False
Reeds Spring,2026-09-15,Branson,,0,3,L,0.34,3.09,-0.34,0.09,-0.26,False
Reeds Spring,2026-09-21,Spokane,,0,3,L,1.1,2.48,-1.1,-0.52,-1.62,False
Reeds Spring,2026-09-22,Cassville,,3,1,W,2.16,1.69,0.84,0.69,1.53,False
Reeds Spring,2026-09-24,Springfield Catholic,,1,3,L,0.83,2.35,0.17,-0.65,-0.48,False
Reeds Spring,2026-09-28,Hillcrest,,0,3,L,1.25,1.95,-1.25,-1.05,-2.3,False
Reeds Spring,2026-09-29,Strafford,,0,3,L,-0.0,3.35,0.0,0.35,0.36,False
Reeds Spring,2026-10-01,Forsyth,,3,0,W,2.52,0.87,0.48,0.87,1.35,False
Reeds Spring,2026-10-03,Forsyth,,2,0,W,2.52,0.87,-0.52,0.87,0.35,False
Reeds Spring,2026-10-03,"Green Forest High Scholl(Green Forest, AR)",,2,0,W,,,,,,False
Reeds Spring,2026-10-03,Hollister,,0,2,L,0.47,2.89,-0.47,0.89,0.43,False
Reeds Spring,2026-10-03,"Omaha(Omaha, AR)",,2,0,W,,,,,,False
Reeds Spring,2026-10-05,Monett,,3,2,W,1.63,1.92,1.37,-0.08,1.28,False
Reeds Spring,2026-10-06,Fair Grove,,0,3,L,1.04,2.23,-1.04,-0.77,-1.8,False
Reeds Spring,2026-10-08,Buffalo,,,,,2.27,1.07,,,,False
Reeds Spring,2026-10-12,Clever,,,,,0.77,2.84,,,,False
Reeds Spring,2026-10-13,Hollister,,,,,0.47,2.89,,,,False
Reeds Spring,2026-10-20,Forsyth,,,,,2.52,0.87,,,,False
Republic,2026-08-29,East Newton,,2,0,W,2.28,0.27,-0.28,0.27,-0.02,False
Republic,2026-08-29,Fair Grove,,2,0,W,2.26,0.23,-0.26,0.23,-0.03,False
Republic,2026-08-29,Kearney,,2,0,W,1.89,0.5,0.11,0.5,0.61,False
Republic,2026-08-29,Helias Catholic,,0,2,L,0.09,2.33,-0.09,0.33,0.24,False
Republic,2026-09-01,Branson,,3,1,W,1.56,1.08,1.44,0.08,1.52,False
Republic,2026-09-07,Central (Springfield),,3,0,W,2.97,-0.6,0.03,-0.6,-0.57,False
Republic,2026-09-10,Waynesville,,3,0,W,3.25,-0.96,-0.25,-0.96,-1.21,False
Republic,2026-09-11,Rock Bridge,,0,2,L,1.08,1.59,-1.08,-0.41,-1.49,False
Republic,2026-09-11,Lutheran St. Charles,,0,2,L,1.97,1.44,-1.97,-0.56,-2.53,False
Republic,2026-09-12,Francis Howell,,2,1,W,1.8,1.21,0.2,0.21,0.41,False
Republic,2026-09-12,Francis Howell Central,,2,0,W,1.96,1.2,0.04,1.2,1.24,False
Republic,2026-09-12,Francis Howell North,,2,1,W,2.2,0.93,-0.2,-0.07,-0.28,False
Republic,2026-09-12,Rockwood Summit,,0,2,L,0.98,1.74,-0.98,-0.26,-1.24,False
Republic,2026-09-15,Kickapoo,,1,3,L,0.22,2.0,0.78,-1.0,-0.22,False
Republic,2026-09-17,Ozark,,0,3,L,0.03,2.42,-0.03,-0.58,-0.62,False
Republic,2026-09-19,"Bryant(Bryant, AR)",,1,2,L,,,,,,False
Republic,2026-09-19,"Conway(Conway, AR)",,1,2,L,,,,,,False
Republic,2026-09-19,Rock Bridge,,2,0,W,1.08,1.59,0.92,1.59,2.51,False
Republic,2026-09-19,Staley,,1,2,L,1.11,1.45,-0.11,-0.55,-0.66,False
Republic,2026-09-22,Lebanon,,3,0,W,1.89,0.72,1.11,0.72,1.83,False
Republic,2026-09-24,Nixa,,0,3,L,0.44,2.09,-0.44,-0.91,-1.35,False
Republic,2026-09-29,Glendale,,1,3,L,1.46,1.1,-0.46,-1.9,-2.36,False
Republic,2026-10-01,Willard,,3,0,W,1.87,1.1,1.13,1.1,2.23,False
Republic,2026-10-06,Joplin,,3,0,W,2.17,0.5,0.83,0.5,1.34,False
Republic,2026-10-08,Neosho,,3,0,W,3.55,-0.78,-0.55,-0.78,-1.33,False
Republic,2026-10-13,Carthage,,,,,1.06,1.57,,,,False
Republic,2026-10-15,Webb City,,,,,2.02,1.1,,,,False
Republic,2026-10-21,Branson,,,,,1.56,1.08,,,,False
Rich Hill,2026-09-01,Miami (Amoret),,3,0,W,2.18,0.58,0.82,0.58,1.39,False
Rich Hill,2026-09-07,Jasper,,1,3,L,0.81,2.3,0.19,-0.7,-0.51,False
Rich Hill,2026-09-08,Golden City,,1,3,L,1.56,1.48,-0.56,-1.52,-2.08,False
Rich Hill,2026-09-12,Ballard,,0,2,L,0.98,1.55,-0.98,-0.45,-1.43,False
Rich Hill,2026-09-12,Drexel,,0,2,L,0.3,2.66,-0.3,0.66,0.36,False
Rich Hill,2026-09-12,Kingsville,,0,2,L,0.9,2.09,-0.9,0.09,-0.81,False
Rich Hill,2026-09-12,Miami (Amoret),,2,0,W,2.18,0.58,-0.18,0.58,0.39,False
Rich Hill,2026-09-12,Northeast Vernon County,,2,0,W,2.59,-0.05,-0.59,-0.05,-0.65,False
Rich Hill,2026-09-14,"Pleasanton(Pleasanton, KS)",,3,1,W,,,,,,False
Rich Hill,2026-09-21,Sheldon,,3,1,W,1.74,1.28,1.26,0.28,1.54,False
Rich Hill,2026-09-22,Lakeland,,2,3,L,1.22,2.32,0.78,-0.68,0.1,False
Rich Hill,2026-09-24,Midway,,1,3,L,-0.12,2.92,1.12,-0.08,1.04,False
Rich Hill,2026-09-30,McAuley Catholic,,0,3,L,1.52,1.63,-1.52,-1.37,-2.89,False
Rich Hill,2026-10-01,Liberal,,0,3,L,-0.5,3.76,0.5,0.76,1.26,False
Rich Hill,2026-10-03,Ballard,,2,0,W,0.98,1.55,1.02,1.55,2.57,False
Rich Hill,2026-10-03,Drexel,,0,2,L,0.3,2.66,-0.3,0.66,0.36,False
Rich Hill,2026-10-03,Leeton with Chilhowee,,2,0,W,1.75,0.81,0.25,0.81,1.06,False
Rich Hill,2026-10-03,Miami (Amoret),,1,1,T,2.18,0.58,-1.18,-0.42,-1.61,False
Rich Hill,2026-10-03,Crossroads Prep Charter,,2,0,W,1.64,1.11,0.36,1.11,1.47,False
Rich Hill,2026-10-05,Hume,,3,1,W,2.12,0.89,0.88,-0.11,0.76,False
Rich Hill,2026-10-06,Archie,,0,3,L,-0.08,3.27,0.08,0.27,0.35,False
Rich Hill,2026-10-08,Osceola,,0,3,L,-0.98,3.91,0.98,0.91,1.89,False
Rich Hill,2026-10-12,Northeast Vernon County,,,,,2.59,-0.05,,,,False
Rich Hill,2026-10-13,Drexel,,,,,0.3,2.66,,,,False
Rich Hill,2026-10-15,Appleton City with Montrose,,,,,1.26,1.61,,,,False
Richland (Essex),2026-08-27,Woodland,,0,3,L,-0.38,3.67,0.38,0.67,1.05,False
Richland (Essex),2026-08-28,Bernie,,0,3,L,1.1,1.89,-1.1,-1.11,-2.2,False
Richland (Essex),2026-09-01,Advance,,0,3,L,0.17,3.56,-0.17,0.56,0.38,False
Richland (Essex),2026-09-02,Kelly,,3,0,W,2.66,1.06,0.34,1.06,1.4,False
Richland (Essex),2026-09-03,Clarkton,,0,3,L,1.13,2.03,-1.13,-0.97,-2.1,False
Richland (Essex),2026-09-08,Bloomfield,,3,0,W,2.03,1.06,0.97,1.06,2.03,False
Richland (Essex),2026-09-09,Dexter,,0,3,L,-0.11,3.46,0.11,0.46,0.57,False
Richland (Essex),2026-09-10,Puxico,,0,3,L,0.25,2.91,-0.25,-0.09,-0.34,False
Richland (Essex),2026-09-11,Marquand-Zion,,,,,,,,,,False
Richland (Essex),2026-09-14,Gideon,,0,3,L,-0.51,3.08,0.51,0.08,0.59,False
Richland (Essex),2026-09-17,Charleston,,3,0,W,3.05,-0.23,-0.05,-0.23,-0.28,False
Richland (Essex),2026-09-18,North Pemiscot,,0,3,L,0.51,2.61,-0.51,-0.39,-0.9,False
Richland (Essex),2026-09-25,Campbell,,0,2,L,0.57,2.5,-0.57,0.5,-0.07,False
Richland (Essex),2026-09-25,Cooter,,1,1,T,2.72,0.93,-1.72,-0.07,-1.79,False
Richland (Essex),2026-09-25,Holcomb,,0,2,L,0.87,2.31,-0.87,0.31,-0.56,False
Richland (Essex),2026-09-28,Campbell,,0,3,L,0.57,2.5,-0.57,-0.5,-1.07,False
Richland (Essex),2026-09-29,Twin Rivers,,3,2,W,2.07,1.78,0.93,-0.22,0.71,False
Richland (Essex),2026-10-02,Risco,,3,1,W,1.76,1.43,1.24,0.43,1.67,False
Richland (Essex),2026-10-05,Bell City,,0,3,L,0.13,3.37,-0.13,0.37,0.24,False
Richland (Essex),2026-10-06,Central (New Madrid County),,2,3,L,0.75,2.52,1.25,-0.48,0.78,False
Richland (Essex),2026-10-08,Bell City,,0,3,L,0.13,3.37,-0.13,0.37,0.24,False
Richland (Essex),2026-10-09,Zalma,,,,,2.65,0.44,,,,False
Richland (Essex),2026-10-19,Oran,,,,,1.96,0.98,,,,False
Richmond,2026-08-25,Sweet Springs,,,,,0.21,3.05,,,,False
Richmond,2026-09-03,Lathrop,,1,3,L,0.76,2.37,0.24,-0.63,-0.39,False
Richmond,2026-09-10,Orrick,,3,0,W,2.29,0.74,0.71,0.74,1.45,False
Richmond,2026-09-12,Cameron,,0,2,L,0.2,2.77,-0.2,0.77,0.57,False
Richmond,2026-09-12,Northwest (Hughesville),,0,2,L,1.15,1.52,-1.15,-0.48,-1.63,False
Richmond,2026-09-12,Sweet Springs,,1,1,T,0.21,3.05,0.79,2.05,2.84,False
Richmond,2026-09-12,Warrensburg,,0,2,L,-1.08,3.98,1.08,1.98,3.07,False
Richmond,2026-09-15,KIPP KC Legacy,,3,0,W,1.81,1.1,1.19,1.1,2.3,False
Richmond,2026-09-17,Wellington-Napoleon,,1,3,L,0.77,2.15,0.23,-0.85,-0.62,False
Richmond,2026-09-23,Lexington,,0,3,L,1.13,1.66,-1.13,-1.34,-2.47,False
Richmond,2026-09-24,Lafayette County,,0,3,L,-1.08,3.69,1.08,0.69,1.76,False
Richmond,2026-09-26,La Monte,,0,2,L,0.43,2.54,-0.43,0.54,0.1,False
Richmond,2026-09-26,Northwest (Hughesville),,1,1,T,1.15,1.52,-0.15,0.52,0.37,False
Richmond,2026-09-26,St. Paul Lutheran (Concordia),,1,1,T,0.02,3.12,0.98,2.12,3.1,False
Richmond,2026-09-28,Knob Noster,,0,3,L,-0.22,2.89,0.22,-0.11,0.11,False
Richmond,2026-09-29,Carrollton,,2,3,L,0.96,2.34,1.04,-0.66,0.38,False
Richmond,2026-10-01,Holden,,0,3,L,0.59,2.22,-0.59,-0.78,-1.37,False
Richmond,2026-10-05,Cameron,,0,3,L,0.2,2.77,-0.2,-0.23,-0.43,False
Richmond,2026-10-06,Knob Noster,,0,3,L,-0.22,2.89,0.22,-0.11,0.11,False
Richmond,2026-10-08,Lexington,,,,,1.13,1.66,,,,False
Richmond,2026-10-12,Holden,,,,,0.59,2.22,,,,False
Richmond,2026-10-13,Lafayette County,,,,,-1.08,3.69,,,,False
Richmond,2026-10-15,Carrollton,,,,,0.96,2.34,,,,False
Richmond,2026-10-20,Lawson,,,,,-0.52,3.35,,,,False
Risco,2026-08-27,Bloomfield,,3,0,W,1.79,1.16,1.21,1.16,2.36,False
Risco,2026-08-28,Portageville,,1,3,L,0.74,2.74,0.26,-0.26,0.0,False
Risco,2026-09-01,Oran,,3,1,W,1.73,1.07,1.27,0.07,1.35,False
Risco,2026-09-03,Campbell,,0,3,L,0.34,2.6,-0.34,-0.4,-0.74,False
Risco,2026-09-04,Cooter,,3,1,W,2.49,1.03,0.51,0.03,0.54,False
Risco,2026-09-08,Twin Rivers,,0,3,L,1.83,1.88,-1.83,-1.12,-2.96,False
Risco,2026-09-10,Delta (Deering),,3,0,W,2.11,1.19,0.89,1.19,2.07,False
Risco,2026-09-11,Villa Duchesne,,0,2,L,0.66,2.49,-0.66,0.49,-0.16,False
Risco,2026-09-11,Sikeston,,0,2,L,0.36,3.0,-0.36,1.0,0.64,False
Risco,2026-09-12,Doniphan,,2,0,W,1.2,1.99,0.8,1.99,2.8,False
Risco,2026-09-12,Kingston,,1,2,L,1.52,2.21,-0.52,0.21,-0.31,False
Risco,2026-09-12,Malden,,0,2,L,0.21,2.79,-0.21,0.79,0.58,False
Risco,2026-09-14,Holcomb,,0,3,L,0.64,2.41,-0.64,-0.59,-1.23,False
Risco,2026-09-15,Hayti,,3,0,W,2.45,0.84,0.55,0.84,1.39,False
Risco,2026-09-17,Clarkton,,1,3,L,0.9,2.13,0.1,-0.87,-0.77,False
Risco,2026-09-18,Senath-Hornersville,,1,3,L,1.43,1.91,-0.43,-1.09,-1.52,False
Risco,2026-09-22,Southland,,3,0,W,2.76,0.17,0.24,0.17,0.41,False
Risco,2026-09-24,Bernie,,1,1,T,0.86,1.99,0.14,0.99,1.13,False
Risco,2026-09-24,Clarkton,,0,2,L,0.9,2.13,-0.9,0.13,-0.77,False
Risco,2026-09-24,Hayti,,2,0,W,2.45,0.84,-0.45,0.84,0.39,False
Risco,2026-09-28,East Prairie,,1,3,L,0.95,1.94,0.05,-1.06,-1.0,False
Risco,2026-09-29,Bernie,,1,3,L,0.86,1.99,0.14,-1.01,-0.87,False
Risco,2026-10-01,Bell City,,0,3,L,-0.11,3.47,0.11,0.47,0.57,False
Risco,2026-10-02,Richland (Essex),,1,3,L,1.43,1.76,-0.43,-1.24,-1.67,False
Risco,2026-10-05,Zalma,,3,1,W,2.41,0.54,0.59,-0.46,0.12,False
Risco,2026-10-06,North Pemiscot,,0,3,L,0.27,2.71,-0.27,-0.29,-0.57,False
Risco,2026-10-08,Gideon,,0,3,L,-0.74,3.18,0.74,0.18,0.92,False
Risco,2026-10-19,South Pemiscot,,,,,1.42,1.71,,,,False
Ritenour,2026-08-29,STEAM Academy,,0,2,L,1.9,1.3,-1.9,-0.7,-2.6,False
Ritenour,2026-08-29,Gateway Science Charter,,2,0,W,2.1,0.99,-0.1,0.99,0.88,False
Ritenour,2026-08-29,Lift for Life Academy Charter,,2,0,W,2.23,0.77,-0.23,0.77,0.55,False
Ritenour,2026-09-01,University City,,3,0,W,2.83,0.65,0.17,0.65,0.83,False
Ritenour,2026-09-02,Notre Dame (St. Louis),,0,3,L,-0.03,3.23,0.03,0.23,0.27,False
Ritenour,2026-09-03,Rosati-Kain,,3,0,W,3.1,0.26,-0.1,0.26,0.16,False
Ritenour,2026-09-09,Northwest (Cedar Hill),,0,3,L,0.21,2.68,-0.21,-0.32,-0.53,False
Ritenour,2026-09-12,Hazelwood Central,,2,0,W,2.64,0.4,-0.64,0.4,-0.24,False
Ritenour,2026-09-12,University City,,2,0,W,2.83,0.65,-0.83,0.65,-0.17,False
Ritenour,2026-09-12,Rosati-Kain,,2,0,W,3.1,0.26,-1.1,0.26,-0.84,False
Ritenour,2026-09-15,Fox,,1,3,L,0.9,2.63,0.1,-0.37,-0.27,False
Ritenour,2026-09-21,Lutheran North,,3,1,W,1.78,1.5,1.22,0.5,1.72,False
Ritenour,2026-09-22,Affton,,1,3,L,0.99,2.26,0.01,-0.74,-0.73,False
Ritenour,2026-09-24,Parkway North,,0,3,L,0.38,3.17,-0.38,0.17,-0.21,False
Ritenour,2026-09-29,Hazelwood West,,3,2,W,1.51,1.38,1.49,-0.62,0.87,False
Ritenour,2026-10-01,Clayton,,0,3,L,0.55,2.93,-0.55,-0.07,-0.62,False
Ritenour,2026-10-05,McKinley Classical Leadership,,3,0,W,2.75,0.27,0.25,0.27,0.52,False
Ritenour,2026-10-06,Cardinal Ritter,,3,2,W,2.93,0.16,0.07,-1.84,-1.77,False
Ritenour,2026-10-08,Parkway South,,,,,-0.8,3.9,,,,False
Ritenour,2026-10-12,Lift for Life Academy Charter,,,,,2.23,0.77,,,,False
Ritenour,2026-10-13,Pattonville,,,,,0.42,2.95,,,,False
Ritenour,2026-10-15,McCluer North,,,,,3.8,-0.61,,,,False
Ritenour,2026-10-17,Gateway with Soldan International Studies,,,,,3.83,-0.64,,,,False
Ritenour,2026-10-21,Ft. Zumwalt North,,,,,-0.88,4.21,,,,False
"Riverside(Wathena, KS)",2026-09-24,St. Joseph Christian,,1,3,L,,,,,,False
"Riverton(Riverton , KS)",2026-09-28,Neosho,,3,0,W,,,,,,False
"Riverton(Riverton, KS)",2026-09-26,McDonald County,,2,0,W,,,,,,False
"Riverton(Riverton, KS)",2026-09-26,Liberal,,2,0,W,,,,,,False
"Riverton(Riverton, KS)",2026-09-26,Cassville,,2,0,W,,,,,,False
Rock Bridge,2026-08-28,St. Louis Christian Sr.,,1,2,L,,,,,,False
Rock Bridge,2026-08-28,Webster Groves,,2,0,W,1.97,0.95,0.03,0.95,0.98,False
Rock Bridge,2026-08-29,"Belleville West(Belleville , IL)",,2,0,W,,,,,,False
Rock Bridge,2026-08-29,MICDS,,1,2,L,1.39,1.55,-0.39,-0.45,-0.85,False
Rock Bridge,2026-08-29,North Point,,2,1,W,1.6,1.32,0.4,0.32,0.72,False
Rock Bridge,2026-09-03,Logan-Rogersville,,2,0,W,2.36,1.03,-0.36,1.03,0.68,False
Rock Bridge,2026-09-03,Marshfield,,2,0,W,1.52,1.28,0.48,1.28,1.75,False
Rock Bridge,2026-09-03,West Plains,,1,2,L,1.06,1.77,-0.06,-0.23,-0.29,False
Rock Bridge,2026-09-11,Lutheran St. Charles,,2,1,W,2.29,1.26,-0.29,0.26,-0.03,False
Rock Bridge,2026-09-11,Republic,,2,0,W,1.59,1.08,0.41,1.08,1.49,False
Rock Bridge,2026-09-12,Blue Springs,,0,2,L,1.0,1.82,-1.0,-0.18,-1.18,False
Rock Bridge,2026-09-12,St. Michael the Archangel,,0,2,L,0.62,2.23,-0.62,0.23,-0.39,False
Rock Bridge,2026-09-15,Hermann,,3,0,W,2.97,-0.26,0.03,-0.26,-0.23,False
Rock Bridge,2026-09-17,Smith-Cotton,,3,0,W,2.62,0.33,0.38,0.33,0.7,False
Rock Bridge,2026-09-19,Kickapoo,,0,2,L,0.54,1.81,-0.54,-0.19,-0.73,False
Rock Bridge,2026-09-19,Nixa,,2,1,W,0.76,1.9,1.24,0.9,2.14,False
Rock Bridge,2026-09-19,Ozark,,0,2,L,0.36,2.23,-0.36,0.23,-0.13,False
Rock Bridge,2026-09-19,Republic,,0,2,L,1.59,1.08,-1.59,-0.92,-2.51,False
Rock Bridge,2026-09-22,Marquette,,2,3,L,1.59,1.61,0.41,-1.39,-0.98,False
Rock Bridge,2026-09-24,Capital City,,3,0,W,2.58,0.56,0.42,0.56,0.98,False
Rock Bridge,2026-09-26,Blue Springs,,1,2,L,1.0,1.82,0.0,-0.18,-0.18,False
Rock Bridge,2026-09-26,Grain Valley,,2,0,W,1.9,1.13,0.1,1.13,1.23,False
Rock Bridge,2026-09-26,North Point,,1,2,L,1.6,1.32,-0.6,-0.68,-1.28,False
Rock Bridge,2026-09-29,Helias Catholic,,0,3,L,0.42,2.15,-0.42,-0.85,-1.27,False
Rock Bridge,2026-10-03,"Blue Valley West(Stilwell, KS)",,0,2,L,,,,,,False
Rock Bridge,2026-10-03,"Maize South(Wichita, KS)",,0,2,L,,,,,,False
Rock Bridge,2026-10-03,"Olathe West(Olathe, KS)",,0,2,L,,,,,,False
Rock Bridge,2026-10-03,"Saint Thomas Aquinas(Overland Park, KS)",,0,2,L,,,,,,False
Rock Bridge,2026-10-06,Camdenton,,3,0,W,2.9,-0.19,0.1,-0.19,-0.1,False
Rock Bridge,2026-10-07,Jefferson City,,3,2,W,1.28,1.56,1.72,-0.44,1.27,False
Rock Bridge,2026-10-08,Hannibal,,1,3,L,0.91,1.62,0.09,-1.38,-1.28,False
Rock Bridge,2026-10-13,Battle,,,,,1.77,1.28,,,,False
Rock Bridge,2026-10-15,Blair Oaks,,,,,1.54,1.52,,,,False
Rock Bridge,2026-10-19,Hickman,,,,,2.01,0.73,,,,False
Rock Bridge,2026-10-20,Hickman,,,,,2.01,0.73,,,,False
Rock Port,2026-08-27,"Hamburg(Hamburg, IA)",,3,0,W,,,,,,False
Rock Port,2026-08-28,Fatima,,0,2,L,2.18,0.83,-2.18,-1.17,-3.35,False
Rock Port,2026-08-28,Northland Christian,,2,0,W,1.82,0.67,0.18,0.67,0.86,False
Rock Port,2026-08-29,Cameron,,2,0,W,2.62,0.03,-0.62,0.03,-0.59,False
Rock Port,2026-08-29,Saxony Lutheran,,0,2,L,0.6,2.01,-0.6,0.01,-0.59,False
Rock Port,2026-09-01,"Falls City Sacred Heart(Falls City, NE)",,3,1,W,,,,,,False
Rock Port,2026-09-03,Mound City,,3,2,W,1.6,1.19,1.4,-0.81,0.59,False
Rock Port,2026-09-08,Union Star with King City,,3,0,W,3.76,-0.84,-0.76,-0.84,-1.6,False
Rock Port,2026-09-10,Tarkio with Fairfax,,3,0,W,3.23,-0.46,-0.23,-0.46,-0.69,False
Rock Port,2026-09-15,West Nodaway with Nodaway-Holt,,3,1,W,2.16,0.28,0.84,-0.72,0.12,False
Rock Port,2026-09-17,North Nodaway,,3,0,W,4.41,-1.23,-1.41,-1.23,-2.64,False
Rock Port,2026-09-19,North Nodaway,,2,0,W,4.41,-1.23,-2.41,-1.23,-3.64,False
Rock Port,2026-09-19,South Holt with Craig,,2,0,W,2.79,-0.22,-0.79,-0.22,-1.02,False
Rock Port,2026-09-19,Tarkio with Fairfax,,2,0,W,3.23,-0.46,-1.23,-0.46,-1.69,False
Rock Port,2026-09-19,St. Joseph Christian,,2,1,W,1.86,0.58,0.14,-0.42,-0.27,False
Rock Port,2026-09-22,South Holt with Craig,,3,0,W,2.79,-0.22,0.21,-0.22,-0.02,False
Rock Port,2026-09-24,Wellington-Napoleon,,3,0,W,3.19,-0.59,-0.19,-0.59,-0.78,False
Rock Port,2026-09-26,Chillicothe,,2,0,W,2.43,0.06,-0.43,0.06,-0.37,False
Rock Port,2026-09-26,Stover,,2,0,W,1.61,0.99,0.39,0.99,1.38,False
Rock Port,2026-09-26,St. Pius X (Kansas City),,0,2,L,0.04,2.61,-0.04,0.61,0.58,False
Rock Port,2026-09-26,Truman,,2,0,W,2.1,0.15,-0.1,0.15,0.05,False
Rock Port,2026-09-29,Mound City,,1,3,L,1.6,1.19,-0.6,-1.81,-2.41,False
Rock Port,2026-10-01,Union Star with King City,,3,0,W,3.76,-0.84,-0.76,-0.84,-1.6,False
Rock Port,2026-10-03,Cameron,,2,0,W,2.62,0.03,-0.62,0.03,-0.59,False
Rock Port,2026-10-03,East Buchanan,,1,1,T,1.25,1.32,-0.25,0.32,0.07,False
Rock Port,2026-10-03,Bishop LeBlond,,2,0,W,1.61,1.32,0.39,1.32,1.72,False
Rock Port,2026-10-03,Summit Christian Academy,,2,0,W,1.26,1.08,0.74,1.08,1.82,False
Rock Port,2026-10-06,Tarkio with Fairfax,,3,0,W,3.23,-0.46,-0.23,-0.46,-0.69,False
Rock Port,2026-10-08,West Nodaway with Nodaway-Holt,,3,0,W,2.16,0.28,0.84,0.28,1.12,False
Rock Port,2026-10-10,West Platte,,,,,2.01,0.99,,,,False
Rock Port,2026-10-10,University Academy Charter,,,,,2.21,-0.13,,,,False
Rock Port,2026-10-13,North Nodaway,,,,,4.41,-1.23,,,,False
Rock Port,2026-10-15,South Holt with Craig,,,,,2.79,-0.22,,,,False
Rock Port,2026-10-20,North Nodaway,,,,,4.41,-1.23,,,,False
"Rock Port JV(Rock Port , MO)",2026-08-29,Tarkio with Fairfax,,1,1,T,,,,,,False
"Rock Port JV(Rock Port, MO)",2026-08-29,Maysville,,1,2,L,,,,,,False
Rockwood Summit,2026-08-29,Oakville,,1,1,T,1.74,1.38,-0.74,0.38,-0.37,False
Rockwood Summit,2026-08-29,John Burroughs,,2,0,W,1.96,1.01,0.04,1.01,1.05,False
Rockwood Summit,2026-08-29,Notre Dame (St. Louis),,2,0,W,2.99,0.11,-0.99,0.11,-0.88,False
Rockwood Summit,2026-08-29,Westminster Christian Academy,,1,2,L,1.13,1.52,-0.13,-0.48,-0.61,False
Rockwood Summit,2026-09-02,Parkway South,,3,0,W,2.22,0.77,0.78,0.77,1.54,False
Rockwood Summit,2026-09-03,Pattonville,,3,0,W,3.44,-0.18,-0.44,-0.18,-0.62,False
Rockwood Summit,2026-09-08,Eureka,,0,3,L,0.6,2.32,-0.6,-0.68,-1.28,False
Rockwood Summit,2026-09-10,Seckman,,1,3,L,1.79,1.29,-0.79,-1.71,-2.5,False
Rockwood Summit,2026-09-11,Kickapoo,,0,2,L,0.7,1.71,-0.7,-0.29,-0.98,False
Rockwood Summit,2026-09-11,St. Dominic,,0,2,L,0.71,2.13,-0.71,0.13,-0.58,False
Rockwood Summit,2026-09-12,Francis Howell Central,,2,0,W,2.44,0.91,-0.44,0.91,0.48,False
Rockwood Summit,2026-09-12,Lee's Summit,,1,2,L,1.26,2.18,-0.26,0.18,-0.07,False
Rockwood Summit,2026-09-12,Republic,,2,0,W,1.74,0.98,0.26,0.98,1.24,False
Rockwood Summit,2026-09-12,St. Pius X (Festus),,2,0,W,1.99,0.75,0.01,0.75,0.76,False
Rockwood Summit,2026-09-15,Marquette,,3,1,W,1.74,1.51,1.26,0.51,1.77,False
Rockwood Summit,2026-09-17,Webster Groves,,3,1,W,2.13,0.85,0.87,-0.15,0.72,False
Rockwood Summit,2026-09-23,Oakville,,2,3,L,1.74,1.38,0.26,-1.62,-1.37,False
Rockwood Summit,2026-09-25,Northwest (Cedar Hill),,3,0,W,3.23,-0.45,-0.23,-0.45,-0.68,False
Rockwood Summit,2026-09-28,Incarnate Word Academy,,1,3,L,0.98,2.67,0.02,-0.33,-0.31,False
Rockwood Summit,2026-09-29,Parkway West,,3,2,W,2.09,0.91,0.91,-1.09,-0.18,False
Rockwood Summit,2026-10-01,Ladue Horton Watkins,,3,0,W,3.34,-0.17,-0.34,-0.17,-0.51,False
Rockwood Summit,2026-10-03,Owensville,,2,0,W,2.85,0.08,-0.85,0.08,-0.76,False
Rockwood Summit,2026-10-03,Liberty (Mountain View),,2,0,W,2.27,0.64,-0.27,0.64,0.37,False
Rockwood Summit,2026-10-03,Capital City,,2,0,W,2.73,0.46,-0.73,0.46,-0.27,False
Rockwood Summit,2026-10-03,Mid-Buchanan,,2,0,W,1.73,0.73,0.27,0.73,1.0,False
Rockwood Summit,2026-10-03,Sullivan,,2,1,W,1.44,1.19,0.56,0.19,0.74,False
Rockwood Summit,2026-10-07,Mehlville,,3,0,W,2.85,0.09,0.15,0.09,0.24,False
Rockwood Summit,2026-10-12,Lutheran St. Charles,,,,,2.44,1.16,,,,False
Rockwood Summit,2026-10-13,Parkway Central,,,,,2.2,0.63,,,,False
Rockwood Summit,2026-10-15,Kirkwood,,,,,1.37,1.75,,,,False
Rockwood Summit,2026-10-19,Lindbergh,,,,,1.93,1.82,,,,False
Rockwood Summit,2026-10-20,Gateway with Soldan International Studies,,,,,6.85,-3.77,,,,False
"Rogers Heritage(Rogers, AR)",2026-08-29,McDonald County,,2,0,W,,,,,,False
"Rogers Heritage(Rogers, AR)",2026-08-29,Neosho,,2,1,W,,,,,,False
"Rogers Heritage(Rogers, AR)",2026-09-19,Sullivan,,0,2,L,,,,,,False
"Rogers Heritage(Rogers, AR)",2026-09-19,Southern Boone,,1,2,L,,,,,,False
"Rogers Heritage, AR",2026-09-19,West Plains,,0,2,L,,,,,,False
"Rogers(Rogers , AR)",2026-10-03,Fair Grove,,2,0,W,,,,,,False
"Rogers(Rogers, AR)",2026-09-14,Carl Junction,,1,3,L,,,,,,False
"Rogers(Rogers, AR)",2026-10-03,Lamar,,2,0,W,,,,,,False
"Rogers(Rogers, AR)",2026-10-03,New Covenant Academy,,0,2,L,,,,,,False
"Rogers(Rogers, AR)",2026-10-03,Nevada,,0,2,L,,,,,,False
"Rogers-Heritage(Rogers, AR)",2026-09-26,Belton,,0,2,L,,,,,,False
Rolla,2026-08-29,Carthage,,0,2,L,-0.05,2.96,0.05,0.96,1.01,False
Rolla,2026-08-29,Parkview,,2,0,W,2.69,0.2,-0.69,0.2,-0.49,False
Rolla,2026-08-29,Reeds Spring,,2,1,W,2.17,1.44,-0.17,0.44,0.27,False
Rolla,2026-08-29,Branson,,0,2,L,0.46,2.48,-0.46,0.48,0.01,False
Rolla,2026-08-29,Lebanon,,0,2,L,0.79,2.11,-0.79,0.11,-0.67,False
Rolla,2026-08-31,Union,,3,2,W,1.69,1.71,1.31,-0.29,1.02,False
Rolla,2026-09-02,Helias Catholic,,0,3,L,-1.01,3.73,1.01,0.73,1.74,False
Rolla,2026-09-03,St. James,,3,0,W,3.7,-0.86,-0.7,-0.86,-1.57,False
Rolla,2026-09-08,Mountain Grove,,0,3,L,0.94,1.82,-0.94,-1.18,-2.11,False
Rolla,2026-09-10,Capital City,,1,3,L,1.15,2.14,-0.15,-0.86,-1.01,False
Rolla,2026-09-12,"Highland(Hardy, AR)",,2,0,W,,,,,,False
Rolla,2026-09-12,Marshfield,,0,2,L,0.1,2.85,-0.1,0.85,0.76,False
Rolla,2026-09-12,Mountain Grove,,0,2,L,0.94,1.82,-0.94,-0.18,-1.11,False
Rolla,2026-09-12,Liberty (Mountain View),,0,2,L,0.69,2.32,-0.69,0.32,-0.37,False
Rolla,2026-09-12,Central (Springfield),,2,0,W,1.87,0.8,0.13,0.8,0.93,False
Rolla,2026-09-14,Sullivan,,0,3,L,-0.14,2.87,0.14,-0.13,0.0,False
Rolla,2026-09-17,West Plains,,0,3,L,-0.37,3.35,0.37,0.35,0.71,False
Rolla,2026-09-21,Lebanon,,0,3,L,0.79,2.11,-0.79,-0.89,-1.67,False
Rolla,2026-09-23,Owensville,,3,2,W,1.27,1.76,1.73,-0.24,1.49,False
Rolla,2026-09-29,Parkview,,3,0,W,2.69,0.2,0.31,0.2,0.51,False
Rolla,2026-10-01,Jefferson City,,0,3,L,-0.15,3.13,0.15,0.13,0.28,False
Rolla,2026-10-03,Washington,,0,2,L,1.07,2.06,-1.07,0.06,-1.01,False
Rolla,2026-10-03,Mid-Buchanan,,0,2,L,0.15,2.41,-0.15,0.41,0.26,False
Rolla,2026-10-03,Belle,,2,0,W,2.87,0.37,-0.87,0.37,-0.5,False
Rolla,2026-10-06,Hickman,,3,1,W,0.58,2.31,2.42,1.31,3.72,False
Rolla,2026-10-13,Licking,,,,,1.45,1.27,,,,False
Rolla,2026-10-15,Camdenton,,,,,1.48,1.39,,,,False
Rolla,2026-10-20,Marshfield,,,,,0.1,2.85,,,,False
Roosevelt,2026-08-31,McKinley Classical Leadership,,0,1,L,,,,,,False
Roosevelt,2026-09-02,Gateway with Soldan International Studies,,0,1,L,,,,,,False
Roosevelt,2026-09-14,Metro,,0,3,L,,,,,,False
Roosevelt,2026-09-21,Valley Park,,0,3,L,,,,,,False
Roosevelt,2026-09-23,Vashon,,0,3,L,,,,,,False
Roosevelt,2026-09-24,Collegiate School of Med-Bio Science,,0,2,L,,,,,,False
Roosevelt,2026-09-25,Gateway with Soldan International Studies,,0,2,L,,,,,,False
Roosevelt,2026-09-25,West Plains,,0,2,L,,,,,,False
Roosevelt,2026-09-28,West Plains,,1,3,L,,,,,,False
Roosevelt,2026-09-30,Collegiate School of Med-Bio Science,,0,3,L,,,,,,False
Roosevelt,2026-10-01,Confluence Prep Academy Charter with Grand Center Arts Charter,,0,3,L,,,,,,False
Roosevelt,2026-10-06,Vashon,,0,3,L,,,,,,False
Rosati-Kain,2026-08-31,Lutheran North,,0,3,L,0.48,3.05,-0.48,0.05,-0.43,False
Rosati-Kain,2026-09-03,Ritenour,,0,3,L,0.26,3.1,-0.26,0.1,-0.16,False
Rosati-Kain,2026-09-04,Metro,,0,3,L,-0.57,3.43,0.57,0.43,1.0,False
Rosati-Kain,2026-09-09,Collegiate School of Med-Bio Science,,0,3,L,0.93,2.89,-0.93,-0.11,-1.04,False
Rosati-Kain,2026-09-10,Confluence Prep Academy Charter with Grand Center Arts Charter,,3,0,W,2.39,1.39,0.61,1.39,2.0,False
Rosati-Kain,2026-09-12,Hazelwood Central,,1,2,L,1.34,1.94,-0.34,-0.06,-0.4,False
Rosati-Kain,2026-09-12,Ritenour,,0,2,L,0.26,3.1,-0.26,1.1,0.84,False
Rosati-Kain,2026-09-12,University City,,2,0,W,1.53,2.2,0.47,2.2,2.67,False
Rosati-Kain,2026-09-15,Bishop DuBourg,,1,3,L,1.49,2.51,-0.49,-0.49,-0.98,False
Rosati-Kain,2026-09-17,McKinley Classical Leadership,,1,3,L,1.46,1.81,-0.46,-1.19,-1.64,False
Rosati-Kain,2026-09-21,Jennings,,3,2,W,2.45,1.07,0.55,-0.93,-0.38,False
Rosati-Kain,2026-09-23,Cardinal Ritter,,2,3,L,1.63,1.7,0.37,-1.3,-0.93,False
Rosati-Kain,2026-09-29,Principia,,0,3,L,0.12,2.72,-0.12,-0.28,-0.4,False
Rosati-Kain,2026-10-01,Whitfield,,0,3,L,-0.31,3.95,0.31,0.95,1.26,False
Rosati-Kain,2026-10-02,Villa Duchesne,,0,3,L,-0.63,4.06,0.63,1.06,1.69,False
Rosati-Kain,2026-10-05,Notre Dame (St. Louis),,0,3,L,-1.33,4.78,1.33,1.78,3.11,False
Rosati-Kain,2026-10-07,Hazelwood West,,0,3,L,0.21,2.93,-0.21,-0.07,-0.28,False
Rosati-Kain,2026-10-09,West Plains,,,,,-3.11,6.34,,,,False
Rosati-Kain,2026-10-14,Bishop DuBourg,,,,,1.49,2.51,,,,False
Round Grove Christian Acad,2026-09-14,Ash Grove,,0,3,L,,,,,,False
Round Grove Christian Acad,2026-10-13,Verona,,,,,,,,,,False
Ruskin,2026-08-27,Raytown,,0,3,L,-0.13,2.36,0.13,-0.64,-0.52,False
Ruskin,2026-09-01,Van Horn,,0,3,L,0.61,1.89,-0.61,-1.11,-1.72,False
Ruskin,2026-09-03,Raytown South,,0,3,L,0.48,2.35,-0.48,-0.65,-1.12,False
Ruskin,2026-09-08,Kearney,,0,3,L,-1.31,3.61,1.31,0.61,1.92,False
Ruskin,2026-09-10,Truman,,0,3,L,-0.43,2.73,0.43,-0.27,0.16,False
Ruskin,2026-09-12,Center,,0,2,L,-0.77,3.16,0.77,1.16,1.93,False
Ruskin,2026-09-12,Raytown South,,0,2,L,0.48,2.35,-0.48,0.35,-0.12,False
Ruskin,2026-09-12,KIPP KC Legacy,,2,0,W,1.71,0.95,0.29,0.95,1.24,False
Ruskin,2026-09-12,West Plains,,0,2,L,-2.46,5.07,2.46,3.07,5.53,False
Ruskin,2026-09-15,Grandview,,0,3,L,-0.29,2.71,0.29,-0.29,-0.0,False
Ruskin,2026-09-17,Winnetonka,,0,3,L,0.6,1.83,-0.6,-1.17,-1.77,False
Ruskin,2026-09-19,"JC Harmon(Kansas City, KS)",,2,0,W,,,,,,False
Ruskin,2026-09-19,Paseo Academy,,2,0,W,1.61,1.16,0.39,1.16,1.55,False
Ruskin,2026-09-19,Grandview,,0,2,L,-0.29,2.71,0.29,0.71,1.0,False
Ruskin,2026-09-22,Smithville,,0,3,L,-2.67,5.07,2.67,2.07,4.74,False
Ruskin,2026-09-29,Kearney,,0,3,L,-1.31,3.61,1.31,0.61,1.92,False
Ruskin,2026-10-01,Winnetonka,,0,3,L,0.6,1.83,-0.6,-1.17,-1.77,False
Ruskin,2026-10-05,William Chrisman,,0,3,L,-0.92,3.18,0.92,0.18,1.1,False
Ruskin,2026-10-08,Grandview,,,,,-0.29,2.71,,,,False
Ruskin,2026-10-13,Raytown South,,,,,0.48,2.35,,,,False
Ruskin,2026-10-15,Smithville,,,,,-2.67,5.07,,,,False
Russellville,2026-08-31,North Callaway,,1,3,L,1.4,2.03,-0.4,-0.97,-1.37,False
Russellville,2026-09-01,Bowling Green,,3,0,W,2.26,1.22,0.74,1.22,1.96,False
Russellville,2026-09-03,La Monte,,3,1,W,1.95,1.42,1.05,0.42,1.47,False
Russellville,2026-09-08,Cole Camp,,0,3,L,0.46,2.77,-0.46,-0.23,-0.69,False
Russellville,2026-09-10,Stover,,1,3,L,0.7,2.61,0.3,-0.39,-0.09,False
Russellville,2026-09-15,Hallsville,,0,3,L,0.97,2.37,-0.97,-0.63,-1.6,False
Russellville,2026-09-17,Versailles,,0,3,L,1.25,2.4,-1.25,-0.6,-1.85,False
Russellville,2026-09-21,Columbia Independent,,3,0,W,2.63,1.2,0.37,1.2,1.57,False
Russellville,2026-09-22,Dixon,,3,1,W,2.94,0.35,0.06,-0.65,-0.59,False
Russellville,2026-09-24,Calvary Lutheran,,3,0,W,2.38,1.32,0.62,1.32,1.94,False
Russellville,2026-09-28,North Callaway,,1,3,L,1.4,2.03,-0.4,-0.97,-1.37,False
Russellville,2026-09-29,Sunnydale Adventist Acad HS,,3,0,W,,,,,,False
Russellville,2026-10-01,California,,0,3,L,0.63,2.69,-0.63,-0.31,-0.94,False
Russellville,2026-10-06,Eugene,,3,1,W,2.52,1.28,0.48,0.28,0.76,False
Russellville,2026-10-08,Linn,,0,3,L,0.41,2.88,-0.41,-0.12,-0.53,False
Russellville,2026-10-10,Conway,,,,,2.2,1.31,,,,False
Russellville,2026-10-10,Stockton,,,,,1.44,2.1,,,,False
Russellville,2026-10-12,Lighthouse Sr.,,,,,,,,,,False
Russellville,2026-10-13,New Bloomfield,,,,,3.31,-0.27,,,,False
Russellville,2026-10-14,Bunceton,,,,,4.61,-1.63,,,,False
Russellville,2026-10-15,Tipton,,,,,1.15,1.85,,,,False
Russellville,2026-10-17,Columbia Independent,,,,,2.63,1.2,,,,False
Russellville,2026-10-19,Otterville,,,,,1.81,1.49,,,,False
Russellville,2026-10-22,TBD,,,,,,,,,,False
"Russellville(Russellville, AR)",2026-08-27,Neosho,,3,0,W,,,,,,False
STEAM Academy,2026-08-27,Collegiate School of Med-Bio Science,,3,2,W,1.97,1.69,1.03,-0.31,0.72,False
STEAM Academy,2026-08-29,Gateway Science Charter,,0,2,L,1.85,1.33,-1.85,-0.67,-2.52,False
STEAM Academy,2026-08-29,Lift for Life Academy Charter,,2,0,W,1.97,1.12,0.03,1.12,1.15,False
STEAM Academy,2026-08-29,Ritenour,,2,0,W,1.3,1.9,0.7,1.9,2.6,False
STEAM Academy,2026-08-31,Pattonville,,0,3,L,0.17,3.3,-0.17,0.3,0.13,False
STEAM Academy,2026-09-01,Lutheran North,,2,2,T,1.53,1.85,0.47,-0.15,0.32,False
STEAM Academy,2026-09-02,Normandy Collaborative,,,,,,,,,,False
STEAM Academy,2026-09-03,Parkway North,,0,3,L,0.12,3.51,-0.12,0.51,0.39,False
STEAM Academy,2026-09-08,Normandy Collaborative,,3,0,W,,,,,,False
STEAM Academy,2026-09-09,Mehlville,,0,3,L,-0.43,3.56,0.43,0.56,0.98,False
STEAM Academy,2026-09-10,McCluer North,,3,0,W,3.54,-0.26,-0.54,-0.26,-0.81,False
STEAM Academy,2026-09-14,Hazelwood East,,1,3,L,1.71,1.69,-0.71,-1.31,-2.02,False
STEAM Academy,2026-09-16,University City,,1,3,L,2.57,1.0,-1.57,-2.0,-3.58,False
STEAM Academy,2026-09-18,Hazelwood Central,,3,0,W,2.39,0.74,0.61,0.74,1.35,False
STEAM Academy,2026-09-19,Clayton,,0,2,L,0.29,3.27,-0.29,1.27,0.98,False
STEAM Academy,2026-09-19,Hannibal,,0,2,L,-2.22,4.99,2.22,2.99,5.21,False
STEAM Academy,2026-09-19,St. Charles,,0,2,L,0.87,2.74,-0.87,0.74,-0.13,False
STEAM Academy,2026-09-21,Maplewood-Richmond Hts.,,0,3,L,0.77,2.31,-0.77,-0.69,-1.46,False
STEAM Academy,2026-09-22,McCluer,,3,0,W,4.27,-0.62,-1.27,-0.62,-1.89,False
STEAM Academy,2026-09-24,Jennings,,3,0,W,3.5,-0.13,-0.5,-0.13,-0.62,False
STEAM Academy,2026-09-26,Winfield,,0,3,L,0.02,3.32,-0.02,0.32,0.3,False
STEAM Academy,2026-09-26,North Callaway,,,,,0.19,3.06,,,,False
STEAM Academy,2026-09-28,Normandy Collaborative,,3,0,W,,,,,,False
STEAM Academy,2026-09-30,McCluer North,,3,0,W,3.54,-0.26,-0.54,-0.26,-0.81,False
STEAM Academy,2026-10-01,Hazelwood East,,3,2,W,1.71,1.69,1.29,-0.31,0.98,False
STEAM Academy,2026-10-05,University City,,3,1,W,2.57,1.0,0.43,-0.0,0.42,False
STEAM Academy,2026-10-07,Hazelwood Central,,3,0,W,2.39,0.74,0.61,0.74,1.35,False
STEAM Academy,2026-10-08,Valley Park,,,,,2.17,0.76,,,,False
STEAM Academy,2026-10-12,McCluer,,,,,4.27,-0.62,,,,False
STEAM Academy,2026-10-14,Jennings,,,,,3.5,-0.13,,,,False
STEAM Academy,2026-10-15,Gateway with Soldan International Studies,,,,,3.57,-0.29,,,,False
STEAM Academy,2026-10-17,Gateway with Soldan International Studies,,,,,3.57,-0.29,,,,False
"STL Panthers(ST. Charles, MO)",2026-09-12,Blue Springs,,2,0,W,,,,,,False
"STL Panthers(St. Louis, MO)",2026-09-05,Timberland,,2,0,W,,,,,,False
"STL Panthers(St. Louis, MO)",2026-09-09,St. Joseph's Academy,,3,0,W,,,,,,False
"STL Panthers(St. Louis, MO)",2026-09-11,Cor Jesu Academy,,1,2,L,,,,,,False
"STL Panthers(St. Louis, MO)",2026-09-12,St. Michael the Archangel,,1,2,L,,,,,,False
"STL Panthers(St. Louis, MO)",2026-09-26,Ft. Zumwalt West,,2,1,W,,,,,,False
"STL Panthers(St. Louis, MO)",2026-10-05,Ft. Zumwalt West,,0,2,L,,,,,,False
"STL Panthers(St. Louis, MO)",2026-10-08,MICDS,,2,3,L,,,,,,False
"Sabetha(Sabetha, KS)",2026-10-03,St. Joseph Christian,,0,2,L,,,,,,False
Sacred Heart,2026-08-31,Marshall,,3,0,W,2.31,0.75,0.69,0.75,1.44,False
Sacred Heart,2026-09-03,Crest Ridge,,2,3,L,1.55,1.72,0.45,-1.28,-0.83,False
Sacred Heart,2026-09-07,Concordia,,0,3,L,1.24,2.04,-1.24,-0.96,-2.2,False
Sacred Heart,2026-09-09,Sweet Springs,,3,0,W,1.58,1.78,1.42,1.78,3.2,False
Sacred Heart,2026-09-10,Tipton,,0,3,L,1.01,1.69,-1.01,-1.31,-2.32,False
Sacred Heart,2026-09-15,Stover,,0,3,L,0.57,2.46,-0.57,-0.54,-1.11,False
Sacred Heart,2026-09-17,La Monte,,3,1,W,1.81,1.27,1.19,0.27,1.46,False
Sacred Heart,2026-09-21,Bunceton,,3,0,W,4.47,-1.78,-1.47,-1.78,-3.25,False
Sacred Heart,2026-09-22,Otterville,,3,0,W,1.68,1.34,1.32,1.34,2.66,False
Sacred Heart,2026-09-24,Windsor,,3,0,W,2.93,0.69,0.07,0.69,0.77,False
Sacred Heart,2026-09-26,Lafayette County,,0,2,L,0.3,2.42,-0.3,0.42,0.12,False
Sacred Heart,2026-09-26,Osage,,0,2,L,-0.14,3.51,0.14,1.51,1.65,False
Sacred Heart,2026-09-26,Santa Fe,,2,0,W,0.97,2.05,1.03,2.05,3.08,False
Sacred Heart,2026-09-26,Tipton,,0,2,L,1.01,1.69,-1.01,-0.31,-1.32,False
Sacred Heart,2026-09-29,Smithton,,3,1,W,1.74,1.49,1.26,0.49,1.76,False
Sacred Heart,2026-09-30,Santa Fe,,1,3,L,0.97,2.05,0.03,-0.95,-0.92,False
Sacred Heart,2026-10-01,Northwest (Hughesville),,3,2,W,2.53,0.25,0.47,-1.75,-1.28,False
Sacred Heart,2026-10-05,Cole Camp,,0,3,L,0.32,2.62,-0.32,-0.38,-0.7,False
Sacred Heart,2026-10-07,La Monte,,0,2,L,1.81,1.27,-1.81,-0.73,-2.54,False
Sacred Heart,2026-10-07,Northwest (Hughesville),,2,0,W,2.53,0.25,-0.53,0.25,-0.28,False
Sacred Heart,2026-10-08,Green Ridge,,0,2,L,1.87,1.1,-1.87,-0.9,-2.76,False
Sacred Heart,2026-10-08,Stover,,0,2,L,0.57,2.46,-0.57,0.46,-0.11,False
Sacred Heart,2026-10-12,Osceola,,,,,0.49,2.59,,,,False
Sacred Heart,2026-10-13,Green Ridge,,,,,1.87,1.1,,,,False
Sacred Heart,2026-10-15,Lincoln,,,,,2.38,0.79,,,,False
"Sacred Heart(Falls City, NE)",2026-10-06,Savannah,,1,3,L,,,,,,False
"Sacred Heart(SPRINGFIELD, IL)",2026-10-10,Hannibal,,,,,,,,,,False
"Sacred Heart-Griffon(Springfield, IL)",2026-09-12,Hermann,,2,1,W,,,,,,False
"Saint Thomas Aquinas(Overland Park, KS)",2026-09-12,Cor Jesu Academy,,2,1,W,,,,,,False
"Saint Thomas Aquinas(Overland Park, KS)",2026-09-19,Grain Valley,,2,0,W,,,,,,False
"Saint Thomas Aquinas(Overland Park, KS)",2026-10-03,Rock Bridge,,2,0,W,,,,,,False
Salem,2026-09-01,St. James,,3,0,W,3.59,-0.66,-0.59,-0.66,-1.25,False
Salem,2026-09-03,Sullivan,,0,3,L,-0.25,3.07,0.25,0.07,0.32,False
Salem,2026-09-08,Eminence,,3,2,W,1.55,1.53,1.45,-0.47,0.98,False
Salem,2026-09-10,Owensville,,0,3,L,1.16,1.97,-1.16,-1.03,-2.19,False
Salem,2026-09-12,"Highland(Highland, AR)",,2,0,W,,,,,,False
Salem,2026-09-12,West Plains,,0,2,L,-0.48,3.55,0.48,1.55,2.03,False
Salem,2026-09-12,Blair Oaks,,0,2,L,0.0,3.31,-0.0,1.31,1.3,False
Salem,2026-09-12,New Covenant Academy,,0,2,L,-0.37,3.02,0.37,1.02,1.39,False
Salem,2026-09-14,Cuba,,3,2,W,1.47,1.57,1.53,-0.43,1.09,False
Salem,2026-09-15,Dixon,,3,0,W,3.31,-0.21,-0.31,-0.21,-0.52,False
Salem,2026-09-17,Mountain Grove,,0,3,L,0.83,2.03,-0.83,-0.97,-1.8,False
Salem,2026-09-19,Cabool,,0,2,L,0.77,2.24,-0.77,0.24,-0.53,False
Salem,2026-09-19,Hollister,,0,2,L,0.48,2.49,-0.48,0.49,0.01,False
Salem,2026-09-19,Fordland,,2,0,W,2.65,1.05,-0.65,1.05,0.39,False
Salem,2026-09-21,Summersville,,3,0,W,2.25,1.19,0.75,1.19,1.95,False
Salem,2026-09-22,Ava,,3,2,W,2.03,1.19,0.97,-0.81,0.16,False
Salem,2026-09-24,Houston,,3,1,W,2.19,1.27,0.81,0.27,1.08,False
Salem,2026-09-28,St. Clair,,1,3,L,0.56,3.01,0.44,0.01,0.45,False
Salem,2026-09-29,Cabool,,0,3,L,0.77,2.24,-0.77,-0.76,-1.53,False
Salem,2026-10-01,Willow Springs,,3,0,W,2.87,0.22,0.13,0.22,0.35,False
Salem,2026-10-03,Conway,,1,1,T,2.58,0.75,-1.58,-0.25,-1.83,False
Salem,2026-10-03,Mansfield,,2,0,W,4.21,-0.72,-2.21,-0.72,-2.93,False
Salem,2026-10-03,Ellington,,1,1,T,1.19,1.61,-0.19,0.61,0.41,False
Salem,2026-10-03,Houston,,2,0,W,2.19,1.27,-0.19,1.27,1.08,False
Salem,2026-10-03,Mountain Grove,,0,2,L,0.83,2.03,-0.83,0.03,-0.8,False
Salem,2026-10-03,Lesterville,,1,2,L,2.03,1.1,-1.03,-0.9,-1.93,False
Salem,2026-10-05,Bunker,,3,0,W,2.86,0.81,0.14,0.81,0.96,False
Salem,2026-10-08,Licking,,,,,1.34,1.48,,,,False
Salem,2026-10-12,Plato,,,,,2.8,0.51,,,,False
Salem,2026-10-13,Thayer,,,,,2.24,0.99,,,,False
Salem,2026-10-15,Liberty (Mountain View),,,,,0.58,2.53,,,,False
Salem,2026-10-20,Cuba,,,,,1.47,1.57,,,,False
Santa Fe,2026-08-31,Green Ridge,,3,0,W,2.37,0.52,0.63,0.52,1.15,False
Santa Fe,2026-09-01,Carrollton,,3,0,W,2.84,0.49,0.16,0.49,0.65,False
Santa Fe,2026-09-03,Northwest (Hughesville),,3,0,W,3.03,-0.33,-0.03,-0.33,-0.36,False
Santa Fe,2026-09-08,Lawson,,0,2,L,1.37,1.5,-1.37,-0.5,-1.86,False
Santa Fe,2026-09-08,Stover,,0,2,L,1.07,1.88,-1.07,-0.12,-1.19,False
Santa Fe,2026-09-10,Lafayette County,,2,3,L,0.8,1.84,1.2,-1.16,0.03,False
Santa Fe,2026-09-14,Orrick,,3,0,W,4.18,-1.11,-1.18,-1.11,-2.28,False
Santa Fe,2026-09-15,Midway,,3,0,W,1.86,1.02,1.14,1.02,2.16,False
Santa Fe,2026-09-21,Sweet Springs,,3,0,W,2.09,1.2,0.91,1.2,2.11,False
Santa Fe,2026-09-22,Lone Jack,,2,3,L,0.95,1.99,1.05,-1.01,0.04,False
Santa Fe,2026-09-26,Cole Camp,,0,2,L,0.83,2.04,-0.83,0.04,-0.79,False
Santa Fe,2026-09-26,Marshall,,2,0,W,2.81,0.17,-0.81,0.17,-0.64,False
Santa Fe,2026-09-26,Sacred Heart,,0,2,L,2.05,0.97,-2.05,-1.03,-3.08,False
Santa Fe,2026-09-26,Smith-Cotton,,0,2,L,1.08,1.93,-1.08,-0.07,-1.15,False
Santa Fe,2026-09-29,Wellington-Napoleon,,3,0,W,2.65,0.3,0.35,0.3,0.65,False
Santa Fe,2026-09-30,Sacred Heart,,3,1,W,2.05,0.97,0.95,-0.03,0.92,False
Santa Fe,2026-10-03,Cole Camp,,0,2,L,0.83,2.04,-0.83,0.04,-0.79,False
Santa Fe,2026-10-03,Lexington,,2,0,W,3.01,-0.19,-1.01,-0.19,-1.2,False
Santa Fe,2026-10-03,California,,1,1,T,1.0,1.96,0.0,0.96,0.96,False
Santa Fe,2026-10-03,Warrensburg,,1,1,T,0.8,2.13,0.2,1.13,1.34,False
Santa Fe,2026-10-05,Crest Ridge,,3,1,W,2.06,1.14,0.94,0.14,1.09,False
Santa Fe,2026-10-06,St. Paul Lutheran (Concordia),,3,2,W,1.9,1.27,1.1,-0.73,0.36,False
Santa Fe,2026-10-13,Marshall,,,,,2.81,0.17,,,,False
Santa Fe,2026-10-15,Concordia,,,,,1.74,1.46,,,,False
Sarcoxie,2026-08-27,New Covenant Academy,,0,3,L,-0.55,3.5,0.55,0.5,1.04,False
Sarcoxie,2026-08-29,Crane,,2,0,W,2.23,1.27,-0.23,1.27,1.04,False
Sarcoxie,2026-08-29,Forsyth,,1,1,T,2.35,0.94,-1.35,-0.06,-1.41,False
Sarcoxie,2026-08-29,Marionville,,2,0,W,1.82,1.66,0.18,1.66,1.84,False
Sarcoxie,2026-08-29,Monett,,0,2,L,1.47,1.99,-1.47,-0.01,-1.48,False
Sarcoxie,2026-08-29,Pierce City,,2,0,W,1.72,1.49,0.28,1.49,1.77,False
Sarcoxie,2026-08-29,New Heights Christian,,1,1,T,1.73,1.51,-0.73,0.51,-0.22,False
Sarcoxie,2026-09-01,East Newton,,1,3,L,0.89,2.34,0.11,-0.66,-0.55,False
Sarcoxie,2026-09-03,Cassville,,3,1,W,1.99,1.76,1.01,0.76,1.77,False
Sarcoxie,2026-09-08,Miller,,1,3,L,1.25,2.36,-0.25,-0.64,-0.89,False
Sarcoxie,2026-09-10,New Heights Christian,,2,3,L,1.73,1.51,0.27,-1.49,-1.22,False
Sarcoxie,2026-09-14,Pierce City,,3,2,W,1.72,1.49,1.28,-0.51,0.77,False
Sarcoxie,2026-09-15,Greenfield,,3,1,W,2.16,1.57,0.84,0.57,1.41,False
Sarcoxie,2026-09-19,East Newton,,0,2,L,0.89,2.34,-0.89,0.34,-0.55,False
Sarcoxie,2026-09-19,Greenfield,,1,2,L,2.16,1.57,-1.16,-0.43,-1.59,False
Sarcoxie,2026-09-19,"New Heights JV(Joplin, MO)",,2,0,W,,,,,,False
Sarcoxie,2026-09-19,McAuley Catholic,,2,0,W,3.33,0.38,-1.33,0.38,-0.95,False
Sarcoxie,2026-09-21,McAuley Catholic,,3,0,W,3.33,0.38,-0.33,0.38,0.05,False
Sarcoxie,2026-09-22,Southwest (Washburn),,3,0,W,3.18,-0.05,-0.18,-0.05,-0.23,False
Sarcoxie,2026-09-24,Diamond,,3,2,W,2.22,1.42,0.78,-0.58,0.19,False
Sarcoxie,2026-09-29,Skyline,,0,3,L,1.24,2.25,-1.24,-0.75,-1.98,False
Sarcoxie,2026-10-01,Marionville,,2,3,L,1.82,1.66,0.18,-1.34,-1.16,False
Sarcoxie,2026-10-06,Lockwood,,3,2,W,0.55,2.67,2.45,0.67,3.12,False
Sarcoxie,2026-10-08,Stockton,,2,3,L,1.64,2.02,0.36,-0.98,-0.62,False
Sarcoxie,2026-10-10,Butler,,,,,0.47,3.03,,,,False
Sarcoxie,2026-10-10,Clinton,,,,,-0.25,3.74,,,,False
Sarcoxie,2026-10-10,Diamond,,,,,2.22,1.42,,,,False
Sarcoxie,2026-10-13,Ash Grove,,,,,1.13,2.21,,,,False
Sarcoxie,2026-10-15,Seneca,,,,,3.24,0.24,,,,False
Sarcoxie,2026-10-19,Lamar,,,,,0.48,2.54,,,,False
Sarcoxie,2026-10-22,Diamond,,,,,2.22,1.42,,,,False
Savannah,2026-08-25,Benton,,,,,1.29,2.04,,,,False
Savannah,2026-08-28,Raymore-Peculiar,,1,2,L,0.79,3.28,0.21,1.28,1.49,False
Savannah,2026-08-28,Seckman,,2,1,W,1.27,2.27,0.73,1.27,2.0,False
Savannah,2026-08-29,Central (St. Joseph),,2,0,W,2.12,0.96,-0.12,0.96,0.84,False
Savannah,2026-08-29,St. Pius X (Kansas City),,0,2,L,0.67,2.77,-0.67,0.77,0.1,False
Savannah,2026-09-01,East Buchanan,,3,2,W,1.88,1.47,1.12,-0.53,0.6,False
Savannah,2026-09-03,St. Joseph Christian,,3,0,W,2.49,0.74,0.51,0.74,1.25,False
Savannah,2026-09-09,Oak Grove,,0,3,L,0.26,2.82,-0.26,-0.18,-0.44,False
Savannah,2026-09-15,Pembroke Hill,,1,3,L,0.82,2.12,0.18,-0.88,-0.71,False
Savannah,2026-09-17,Cameron,,3,0,W,3.25,0.19,-0.25,0.19,-0.06,False
Savannah,2026-09-21,Pleasant Hill,,0,3,L,1.34,2.29,-1.34,-0.71,-2.05,False
Savannah,2026-09-22,Bishop LeBlond,,3,2,W,2.24,1.48,0.76,-0.52,0.24,False
Savannah,2026-09-24,Benton,,3,1,W,1.29,2.04,1.71,1.04,2.75,False
Savannah,2026-09-26,Oak Park,,2,1,W,2.15,1.31,-0.15,0.31,0.17,False
Savannah,2026-09-26,East (Kansas City),,2,0,W,6.65,-3.34,-4.65,-3.34,-7.98,False
Savannah,2026-09-26,Benton,,1,2,L,1.29,2.04,-0.29,0.04,-0.25,False
Savannah,2026-10-01,Maryville,,0,3,L,1.65,1.99,-1.65,-1.01,-2.66,False
Savannah,2026-10-05,Notre Dame de Sion,,1,3,L,1.68,2.35,-0.68,-0.65,-1.33,False
Savannah,2026-10-06,"Sacred Heart(Falls City, NE)",,3,1,W,,,,,,False
Savannah,2026-10-08,Chillicothe,,,,,3.06,0.22,,,,False
Savannah,2026-10-10,Mound City,,,,,2.23,1.35,,,,False
Savannah,2026-10-10,Benton,,,,,1.29,2.04,,,,False
Savannah,2026-10-10,Excelsior Springs,,,,,3.71,-0.15,,,,False
Savannah,2026-10-10,Bishop LeBlond,,,,,2.24,1.48,,,,False
Savannah,2026-10-13,Northland Christian,,,,,2.45,0.83,,,,False
Savannah,2026-10-15,Excelsior Springs,,,,,3.71,-0.15,,,,False
Savannah,2026-10-22,TBD,,,,,,,,,,False
Saxony Lutheran,2026-08-28,Cameron,,2,0,W,3.51,-0.49,-1.51,-0.49,-2.0,False
Saxony Lutheran,2026-08-28,Northland Christian,,2,0,W,2.7,0.15,-0.7,0.15,-0.55,False
Saxony Lutheran,2026-08-29,Fatima,,2,0,W,3.07,0.31,-1.07,0.31,-0.76,False
Saxony Lutheran,2026-08-29,Rock Port,,2,0,W,2.01,0.6,-0.01,0.6,0.59,False
Saxony Lutheran,2026-08-31,Dexter,,3,1,W,2.42,0.74,0.58,-0.26,0.32,False
Saxony Lutheran,2026-09-01,St. Pius X (Festus),,3,1,W,1.73,1.05,1.27,0.05,1.32,False
Saxony Lutheran,2026-09-08,St. Vincent,,3,0,W,2.9,0.06,0.1,0.06,0.17,False
Saxony Lutheran,2026-09-09,Sikeston,,3,0,W,3.12,0.19,-0.12,0.19,0.06,False
Saxony Lutheran,2026-09-11,"Greene County Tech(Paragould , AR)",,2,0,W,,,,,,False
Saxony Lutheran,2026-09-11,Kennett,,2,0,W,4.07,-0.77,-2.07,-0.77,-2.84,False
Saxony Lutheran,2026-09-12,Central (Park Hills),,1,1,T,3.11,0.37,-2.11,-0.63,-2.74,False
Saxony Lutheran,2026-09-12,Hillsboro,,1,2,L,1.69,1.38,-0.69,-0.62,-1.31,False
Saxony Lutheran,2026-09-12,Notre Dame (Cape Girardeau),,2,0,W,1.88,0.95,0.12,0.95,1.07,False
Saxony Lutheran,2026-09-12,Winona,,2,0,W,1.94,1.13,0.06,1.13,1.19,False
Saxony Lutheran,2026-09-15,Woodland,,3,0,W,2.15,0.96,0.85,0.96,1.81,False
Saxony Lutheran,2026-09-17,Valle Catholic,,2,3,L,1.68,1.38,0.32,-1.62,-1.31,False
Saxony Lutheran,2026-09-21,Oak Ridge,,3,1,W,2.33,0.81,0.67,-0.19,0.48,False
Saxony Lutheran,2026-09-22,Advance,,3,1,W,2.7,0.84,0.3,-0.16,0.14,False
Saxony Lutheran,2026-09-24,Central (Cape Girardeau),,3,0,W,2.79,-0.17,0.21,-0.17,0.04,False
Saxony Lutheran,2026-09-28,Jackson,,0,3,L,-0.31,2.89,0.31,-0.11,0.21,False
Saxony Lutheran,2026-10-01,Jackson,,0,2,L,-0.31,2.89,0.31,0.89,1.21,False
Saxony Lutheran,2026-10-01,Notre Dame (Cape Girardeau),,2,0,W,1.88,0.95,0.12,0.95,1.07,False
Saxony Lutheran,2026-10-01,Portageville,,2,0,W,3.5,-0.07,-1.5,-0.07,-1.57,False
Saxony Lutheran,2026-10-05,Leopold,,0,3,L,1.73,1.43,-1.73,-1.57,-3.3,False
Saxony Lutheran,2026-10-07,Scott City,,3,0,W,2.79,0.25,0.21,0.25,0.45,False
Saxony Lutheran,2026-10-08,Notre Dame (Cape Girardeau),,3,0,W,1.88,0.95,1.12,0.95,2.07,False
Saxony Lutheran,2026-10-10,Kirkwood,,,,,1.11,2.05,,,,False
Saxony Lutheran,2026-10-10,Winona,,,,,1.94,1.13,,,,False
Saxony Lutheran,2026-10-12,Kennett,,,,,4.07,-0.77,,,,False
Saxony Lutheran,2026-10-13,Poplar Bluff,,,,,2.99,-0.2,,,,False
Saxony Lutheran,2026-10-20,Portageville,,,,,3.5,-0.07,,,,False
"Schlage(Kansas City, KS)",2026-09-19,KIPP KC Legacy,,2,0,W,,,,,,False
"Schlagle HS(Kansas City, KS)",2026-09-19,Guadalupe Centers Charter,,2,0,W,,,,,,False
"Schlagle(Kansas City, KS)",2026-09-01,Lincoln College Prep,,0,3,L,,,,,,False
"Schlagle(Kansas City, KS)",2026-10-01,Southeast,,3,0,W,,,,,,False
School of the Ozarks,2026-08-28,Spokane,,1,3,L,0.5,2.24,0.5,-0.76,-0.26,False
School of the Ozarks,2026-09-01,Niangua,,3,0,W,3.3,-0.66,-0.3,-0.66,-0.95,False
School of the Ozarks,2026-09-03,Bradleyville,,3,0,W,3.93,-0.79,-0.93,-0.79,-1.73,False
School of the Ozarks,2026-09-08,Blue Eye,,0,3,L,0.58,1.74,-0.58,-1.26,-1.84,False
School of the Ozarks,2026-09-11,Everton,,3,2,W,1.95,0.58,1.05,-1.42,-0.37,False
School of the Ozarks,2026-09-12,Chadwick,,2,0,W,2.49,0.22,-0.49,0.22,-0.27,False
School of the Ozarks,2026-09-12,"Classical School of Wichita(Wichita, KS)",,1,2,L,,,,,,False
School of the Ozarks,2026-09-12,Mansfield,,2,0,W,3.6,-0.55,-1.6,-0.55,-2.16,False
School of the Ozarks,2026-09-12,Pleasant Hope,,2,0,W,1.65,0.96,0.35,0.96,1.31,False
School of the Ozarks,2026-09-12,Wheaton,,2,0,W,2.6,0.16,-0.6,0.16,-0.44,False
School of the Ozarks,2026-09-15,Chadwick,,3,0,W,2.49,0.22,0.51,0.22,0.73,False
School of the Ozarks,2026-09-17,Fordland,,3,0,W,2.05,1.21,0.95,1.21,2.16,False
School of the Ozarks,2026-09-19,East Newton,,0,2,L,0.47,2.03,-0.47,0.03,-0.43,False
School of the Ozarks,2026-09-19,Greenfield,,0,2,L,1.73,1.26,-1.73,-0.74,-2.47,False
School of the Ozarks,2026-09-19,New Heights Christian,,1,1,T,1.31,1.2,-0.31,0.2,-0.11,False
School of the Ozarks,2026-09-19,Pierce City,,1,1,T,1.29,1.18,-0.29,0.18,-0.11,False
School of the Ozarks,2026-09-22,Hurley,,3,1,W,2.53,0.22,0.47,-0.78,-0.31,False
School of the Ozarks,2026-09-24,Gloria Deo Academy,,3,0,W,2.71,-0.14,0.29,-0.14,0.16,False
School of the Ozarks,2026-09-25,Crane,,3,0,W,1.8,0.96,1.2,0.96,2.16,False
School of the Ozarks,2026-09-29,Galena,,3,0,W,2.69,-0.28,0.31,-0.28,0.03,False
School of the Ozarks,2026-10-01,New Covenant Academy,,0,3,L,-0.97,3.19,0.97,0.19,1.16,False
School of the Ozarks,2026-10-06,Sparta,,3,0,W,2.58,0.08,0.42,0.08,0.5,False
School of the Ozarks,2026-10-08,Seymour,,3,0,W,2.87,0.14,0.13,0.14,0.26,False
School of the Ozarks,2026-10-09,Park Hill South,,,,,-0.64,3.41,,,,False
School of the Ozarks,2026-10-10,Conway,,,,,1.97,0.92,,,,False
School of the Ozarks,2026-10-10,Stockton,,,,,1.21,1.71,,,,False
School of the Ozarks,2026-10-12,Greenwood,,,,,1.82,1.07,,,,False
School of the Ozarks,2026-10-13,Billings,,,,,0.67,2.23,,,,False
School of the Ozarks,2026-10-16,Exeter,,,,,3.41,-0.61,,,,False
School of the Ozarks,2026-10-22,TBD,,,,,,,,,,False
Scott City,2026-08-27,Caruthersville,,3,0,W,3.81,-0.71,-0.81,-0.71,-1.52,False
Scott City,2026-09-01,Puxico,,3,2,W,1.55,1.51,1.45,-0.49,0.96,False
Scott City,2026-09-02,Kennett,,3,0,W,2.83,0.54,0.17,0.54,0.71,False
Scott City,2026-09-03,Portageville,,3,1,W,2.27,1.24,0.73,0.24,0.97,False
Scott City,2026-09-08,Fredericktown,,0,3,L,1.36,2.06,-1.36,-0.94,-2.3,False
Scott City,2026-09-09,Notre Dame (Cape Girardeau),,0,3,L,0.64,2.26,-0.64,-0.74,-1.38,False
Scott City,2026-09-11,Campbell,,1,1,T,1.87,1.1,-0.87,0.1,-0.77,False
Scott City,2026-09-11,West County,,1,1,T,2.64,0.52,-1.64,-0.48,-2.12,False
Scott City,2026-09-12,Bloomfield,,2,0,W,3.32,-0.34,-1.32,-0.34,-1.66,False
Scott City,2026-09-12,Grandview,,2,0,W,1.88,0.91,0.12,0.91,1.03,False
Scott City,2026-09-12,Grandview (Hillsboro),,2,0,W,3.32,-0.51,-1.32,-0.51,-1.83,False
Scott City,2026-09-12,North Pemiscot,,1,2,L,1.8,1.21,-0.8,-0.79,-1.6,False
Scott City,2026-09-12,South Iron,,2,0,W,2.9,0.27,-0.9,0.27,-0.63,False
Scott City,2026-09-12,Villa Duchesne,,2,1,W,2.18,0.99,-0.18,-0.01,-0.19,False
Scott City,2026-09-15,Kelly,,3,0,W,3.96,-0.34,-0.96,-0.34,-1.3,False
Scott City,2026-09-16,Bernie,,3,0,W,2.39,0.49,0.61,0.49,1.1,False
Scott City,2026-09-17,Woodland,,0,3,L,0.91,2.27,-0.91,-0.73,-1.65,False
Scott City,2026-09-21,Central (Cape Girardeau),,1,3,L,1.56,1.14,-0.56,-1.86,-2.42,False
Scott City,2026-09-22,Oran,,3,0,W,3.25,-0.43,-0.25,-0.43,-0.68,False
Scott City,2026-09-24,Sikeston,,3,2,W,1.89,1.5,1.11,-0.5,0.61,False
Scott City,2026-09-28,Leopold,,0,3,L,0.5,2.74,-0.5,-0.26,-0.75,False
Scott City,2026-09-29,Charleston,,3,0,W,4.35,-1.63,-1.35,-1.63,-2.98,False
Scott City,2026-10-01,Central (New Madrid County),,2,0,W,2.04,1.12,-0.04,1.12,1.08,False
Scott City,2026-10-01,Dexter,,2,0,W,1.18,2.05,0.82,2.05,2.87,False
Scott City,2026-10-01,Jackson,,0,2,L,-1.55,4.2,1.55,2.2,3.75,False
Scott City,2026-10-03,Clearwater,,2,0,W,3.1,-0.39,-1.1,-0.39,-1.49,False
Scott City,2026-10-03,Northwest (Cedar Hill),,2,0,W,1.73,1.16,0.27,1.16,1.43,False
Scott City,2026-10-03,Perryville,,1,1,T,0.78,2.32,0.22,1.32,1.54,False
Scott City,2026-10-03,Potosi,,0,2,L,-0.73,3.54,0.73,1.54,2.27,False
Scott City,2026-10-05,Oak Ridge,,3,2,W,1.09,2.12,1.91,0.12,2.03,False
Scott City,2026-10-06,Clearwater,,3,0,W,3.1,-0.39,-0.1,-0.39,-0.49,False
Scott City,2026-10-07,Saxony Lutheran,,0,3,L,0.25,2.79,-0.25,-0.21,-0.45,False
Scott City,2026-10-13,Central (New Madrid County),,,,,2.04,1.12,,,,False
Scott City,2026-10-14,East Prairie,,,,,2.47,0.44,,,,False
Scott City,2026-10-15,Meadow Heights,,,,,1.73,1.34,,,,False
Scott City,2026-10-19,Advance,,,,,1.47,2.15,,,,False
Scott City,2026-10-20,Charleston,,,,,4.35,-1.63,,,,False
Seckman,2026-08-28,Central (St. Joseph),,2,0,W,2.48,0.32,-0.48,0.32,-0.15,False
Seckman,2026-08-28,Savannah,,1,2,L,2.27,1.27,-1.27,-0.73,-2.0,False
Seckman,2026-08-29,Raymore-Peculiar,,0,2,L,1.15,2.64,-1.15,0.64,-0.5,False
Seckman,2026-08-29,St. Pius X (Kansas City),,0,2,L,1.02,2.13,-1.02,0.13,-0.89,False
Seckman,2026-08-31,Hillsboro,,0,3,L,1.8,1.42,-1.8,-1.58,-3.38,False
Seckman,2026-09-01,Jefferson (Festus),,3,0,W,3.24,-0.05,-0.24,-0.05,-0.3,False
Seckman,2026-09-03,Northwest (Cedar Hill),,3,0,W,3.07,-0.11,-0.07,-0.11,-0.18,False
Seckman,2026-09-09,Windsor (Imperial),,3,0,W,2.33,0.6,0.67,0.6,1.27,False
Seckman,2026-09-10,Rockwood Summit,,3,1,W,1.29,1.79,1.71,0.79,2.5,False
Seckman,2026-09-12,Hickman,,1,1,T,2.0,0.97,-1.0,-0.03,-1.03,False
Seckman,2026-09-12,"Jonesboro(Jonesboro, AR)",,1,1,T,,,,,,False
Seckman,2026-09-12,"Madison(Madison , IL)",,2,0,W,,,,,,False
Seckman,2026-09-12,Battle,,1,2,L,1.76,1.52,-0.76,-0.48,-1.24,False
Seckman,2026-09-12,St. Clair,,2,0,W,2.08,1.46,-0.08,1.46,1.38,False
Seckman,2026-09-14,Lindbergh,,3,1,W,1.77,2.16,1.23,1.16,2.39,False
Seckman,2026-09-15,Farmington,,2,3,L,1.13,2.02,0.87,-0.98,-0.11,False
Seckman,2026-09-17,Parkway Central,,3,1,W,2.04,0.98,0.96,-0.02,0.94,False
Seckman,2026-09-19,Fox,,1,2,L,3.76,-0.15,-2.76,-2.15,-4.92,False
Seckman,2026-09-19,Windsor (Imperial),,1,1,T,2.33,0.6,-1.33,-0.4,-1.73,False
Seckman,2026-09-19,Liberty (Wentzville),,2,0,W,2.38,0.78,-0.38,0.78,0.4,False
Seckman,2026-09-19,Troy Buchanan,,2,0,W,2.79,0.44,-0.79,0.44,-0.34,False
Seckman,2026-09-21,Webster Groves,,3,2,W,1.96,1.19,1.04,-0.81,0.23,False
Seckman,2026-09-24,Eureka,,0,3,L,0.44,2.66,-0.44,-0.34,-0.78,False
Seckman,2026-09-28,Fox,,3,0,W,3.76,-0.15,-0.76,-0.15,-0.92,False
Seckman,2026-09-30,Kirkwood,,3,2,W,1.21,2.09,1.79,0.09,1.88,False
Seckman,2026-10-06,Parkway South,,3,1,W,2.06,1.11,0.94,0.11,1.05,False
Seckman,2026-10-08,Ladue Horton Watkins,,,,,3.18,0.17,,,,False
Seckman,2026-10-12,Festus,,,,,1.48,1.35,,,,False
Seckman,2026-10-13,Oakville,,,,,1.58,1.72,,,,False
Seckman,2026-10-15,Mehlville,,,,,2.69,0.43,,,,False
Seckman,2026-10-20,Northwest (Cedar Hill),,,,,3.07,-0.11,,,,False
Senath-Hornersville,2026-08-28,North Pemiscot,,0,3,L,0.66,2.61,-0.66,-0.39,-1.05,False
Senath-Hornersville,2026-08-31,Malden,,0,3,L,0.6,2.69,-0.6,-0.31,-0.9,False
Senath-Hornersville,2026-09-01,"Pocahontas(Pocahontas, AR)",,0,3,L,,,,,,False
Senath-Hornersville,2026-09-03,Southland,,3,0,W,3.15,0.07,-0.15,0.07,-0.07,False
Senath-Hornersville,2026-09-04,Clarkton,,3,2,W,1.28,2.03,1.72,0.03,1.75,False
Senath-Hornersville,2026-09-08,Holcomb,,0,3,L,1.02,2.31,-1.02,-0.69,-1.71,False
Senath-Hornersville,2026-09-10,South Pemiscot,,3,2,W,1.81,1.61,1.19,-0.39,0.81,False
Senath-Hornersville,2026-09-11,Puxico,,0,2,L,0.4,2.91,-0.4,0.91,0.51,False
Senath-Hornersville,2026-09-11,Licking,,0,2,L,0.38,2.6,-0.38,0.6,0.22,False
Senath-Hornersville,2026-09-11,Oran,,2,0,W,2.11,0.98,-0.11,0.98,0.87,False
Senath-Hornersville,2026-09-12,Holcomb,,0,2,L,1.02,2.31,-1.02,0.31,-0.71,False
Senath-Hornersville,2026-09-12,North Pemiscot,,0,2,L,0.66,2.61,-0.66,0.61,-0.05,False
Senath-Hornersville,2026-09-14,Cooter,,3,0,W,2.87,0.94,0.13,0.94,1.06,False
Senath-Hornersville,2026-09-15,East Prairie,,1,3,L,1.33,1.85,-0.33,-1.15,-1.48,False
Senath-Hornersville,2026-09-18,Risco,,3,1,W,1.91,1.43,1.09,0.43,1.52,False
Senath-Hornersville,2026-09-21,Portageville,,1,3,L,1.12,2.64,-0.12,-0.36,-0.48,False
Senath-Hornersville,2026-09-22,Kennett,,0,3,L,1.69,1.94,-1.69,-1.06,-2.75,False
Senath-Hornersville,2026-09-24,Twin Rivers,,3,1,W,2.22,1.78,0.78,0.78,1.56,False
Senath-Hornersville,2026-10-01,Campbell,,0,3,L,0.72,2.5,-0.72,-0.5,-1.22,False
Senath-Hornersville,2026-10-05,Caruthersville,,3,0,W,2.67,0.7,0.33,0.7,1.03,False
Senath-Hornersville,2026-10-06,Hayti,,3,0,W,2.83,0.74,0.17,0.74,0.91,False
Senath-Hornersville,2026-10-19,Delta (Deering),,,,,2.5,1.09,,,,False
Senath-Hornersville,2026-10-20,South Pemiscot,,,,,1.81,1.61,,,,False
Seneca,2026-08-27,Exeter,,3,1,W,2.12,0.99,0.88,-0.01,0.87,False
Seneca,2026-08-29,Winona,,0,2,L,-1.36,4.49,1.36,2.49,3.85,False
Seneca,2026-08-29,Miller,,0,2,L,-0.46,3.65,0.46,1.65,2.11,False
Seneca,2026-08-29,Marionville,,0,2,L,0.11,2.95,-0.11,0.95,0.84,False
Seneca,2026-08-29,Crane,,0,2,L,0.52,2.56,-0.52,0.56,0.04,False
Seneca,2026-09-01,McAuley Catholic,,3,1,W,1.61,1.67,1.39,0.67,2.05,False
Seneca,2026-09-07,Crane,,0,3,L,0.52,2.56,-0.52,-0.44,-0.96,False
Seneca,2026-09-08,Jasper,,0,3,L,0.9,2.34,-0.9,-0.66,-1.56,False
Seneca,2026-09-10,Diamond,,0,3,L,0.51,2.71,-0.51,-0.29,-0.81,False
Seneca,2026-09-15,Mt. Vernon,,0,3,L,-1.46,4.24,1.46,1.24,2.7,False
Seneca,2026-09-17,Cassville,,0,3,L,0.27,3.05,-0.27,0.05,-0.23,False
Seneca,2026-09-22,Aurora,,0,3,L,0.64,2.9,-0.64,-0.1,-0.74,False
Seneca,2026-09-29,Nevada,,0,3,L,-1.85,4.67,1.85,1.67,3.53,False
Seneca,2026-10-01,Lamar,,0,3,L,-1.23,3.83,1.23,0.83,2.07,False
Seneca,2026-10-05,Wheaton,,0,3,L,1.32,1.76,-1.32,-1.24,-2.56,False
Seneca,2026-10-06,Monett,,0,3,L,-0.25,3.28,0.25,0.28,0.52,False
Seneca,2026-10-08,East Newton,,0,3,L,-0.82,3.63,0.82,0.63,1.45,False
Seneca,2026-10-13,McDonald County,,,,,0.85,1.65,,,,False
Seneca,2026-10-15,Sarcoxie,,,,,0.24,3.24,,,,False
Seneca,2026-10-20,East Newton,,,,,-0.82,3.63,,,,False
Seymour,2026-08-29,Blue Eye,,0,2,L,-0.5,3.4,0.5,1.4,1.9,False
Seymour,2026-08-29,Couch,,0,2,L,1.03,2.51,-1.03,0.51,-0.52,False
Seymour,2026-08-29,Lutie,,2,0,W,2.92,0.69,-0.92,0.69,-0.23,False
Seymour,2026-09-01,Fordland,,1,3,L,0.98,2.88,0.02,-0.12,-0.1,False
Seymour,2026-09-03,Lutie,,3,0,W,2.92,0.69,0.08,0.69,0.77,False
Seymour,2026-09-04,Plato,,0,3,L,1.13,2.34,-1.13,-0.66,-1.78,False
Seymour,2026-09-08,Gainesville,,0,3,L,0.54,3.01,-0.54,0.01,-0.53,False
Seymour,2026-09-10,Gloria Deo Academy,,2,3,L,1.63,1.53,0.37,-1.47,-1.1,False
Seymour,2026-09-15,Billings,,0,3,L,-0.4,3.9,0.4,0.9,1.3,False
Seymour,2026-09-17,Greenwood,,0,3,L,0.74,2.73,-0.74,-0.27,-1.01,False
Seymour,2026-09-19,Couch,,1,1,T,1.03,2.51,-0.03,1.51,1.48,False
Seymour,2026-09-19,Mountain Grove,,0,2,L,-0.85,3.86,0.85,1.86,2.71,False
Seymour,2026-09-19,Niangua,,2,0,W,2.22,1.01,-0.22,1.01,0.78,False
Seymour,2026-09-21,Sparta,,1,3,L,1.51,1.74,-0.51,-1.26,-1.77,False
Seymour,2026-09-22,Pleasant Hope,,1,3,L,0.58,2.63,0.42,-0.37,0.05,False
Seymour,2026-09-24,Laquey,,3,0,W,2.79,0.24,0.21,0.24,0.45,False
Seymour,2026-09-28,Niangua,,3,0,W,2.22,1.01,0.78,1.01,1.78,False
Seymour,2026-10-01,Koshkonong,,3,1,W,1.86,1.19,1.14,0.19,1.33,False
Seymour,2026-10-02,Gainesville,,1,3,L,0.54,3.01,0.46,0.01,0.47,False
Seymour,2026-10-05,Mansfield,,3,1,W,2.53,1.11,0.47,0.11,0.58,False
Seymour,2026-10-08,School of the Ozarks,,0,3,L,0.14,2.87,-0.14,-0.13,-0.26,False
Seymour,2026-10-10,Blue Eye,,,,,-0.5,3.4,,,,False
Seymour,2026-10-12,Koshkonong,,,,,1.86,1.19,,,,False
Seymour,2026-10-13,Bakersfield,,,,,1.13,2.3,,,,False
Seymour,2026-10-15,Conway,,,,,0.9,2.58,,,,False
Seymour,2026-10-20,Fordland,,,,,0.98,2.88,,,,False
"Shawnee Heights(Tecumseh, KS)",2026-09-12,Platte County,,1,2,L,,,,,,False
"Shawnee Heights(Topeka, KS)",2026-09-26,St. Michael the Archangel,,0,2,L,,,,,,False
"Shawnee Mission South(Overland Park , KS)",2026-10-10,Blair Oaks,,,,,,,,,,False
Sheldon,2026-08-28,Miami (Amoret),,3,0,W,2.07,0.92,0.93,0.92,1.85,False
Sheldon,2026-09-01,Wheaton,,0,3,L,1.11,2.07,-1.11,-0.93,-2.04,False
Sheldon,2026-09-03,Northeast Vernon County,,3,0,W,2.48,0.29,0.52,0.29,0.81,False
Sheldon,2026-09-08,Lakeland,,1,3,L,1.1,2.66,-0.1,-0.34,-0.44,False
Sheldon,2026-09-11,Miami (Amoret),,3,1,W,2.07,0.92,0.93,-0.08,0.85,False
Sheldon,2026-09-17,Greenfield,,0,3,L,0.24,3.17,-0.24,0.17,-0.07,False
Sheldon,2026-09-18,Bronaugh,,3,0,W,3.17,-0.32,-0.17,-0.32,-0.49,False
Sheldon,2026-09-19,Everton,,0,2,L,0.46,2.49,-0.46,0.49,0.03,False
Sheldon,2026-09-19,Exeter,,2,0,W,1.92,1.3,0.08,1.3,1.39,False
Sheldon,2026-09-19,Galena,,1,1,T,1.2,1.63,-0.2,0.63,0.43,False
Sheldon,2026-09-21,Rich Hill,,1,3,L,1.28,1.74,-0.28,-1.26,-1.54,False
Sheldon,2026-09-22,Ballard,,1,3,L,0.87,1.89,0.13,-1.11,-0.97,False
Sheldon,2026-09-25,Purdy,,0,3,L,0.88,2.58,-0.88,-0.42,-1.3,False
Sheldon,2026-09-28,Hume,,3,1,W,2.01,1.23,0.99,0.23,1.22,False
Sheldon,2026-10-01,Everton,,1,3,L,0.46,2.49,0.54,-0.51,0.03,False
Sheldon,2026-10-03,Ballard,,0,2,L,0.87,1.89,-0.87,-0.11,-0.97,False
Sheldon,2026-10-03,Butler,,1,1,T,-1.45,4.63,2.45,3.63,6.07,False
Sheldon,2026-10-03,Drexel,,0,2,L,0.19,3.0,-0.19,1.0,0.81,False
Sheldon,2026-10-03,Leeton with Chilhowee,,2,1,W,1.64,1.16,0.36,0.16,0.52,False
Sheldon,2026-10-05,Northeast Vernon County,,3,0,W,2.48,0.29,0.52,0.29,0.81,False
Sheldon,2026-10-06,Golden City,,0,3,L,1.44,1.82,-1.44,-1.18,-2.62,False
Sheldon,2026-10-08,Hume,,3,0,W,2.01,1.23,0.99,1.23,2.22,False
Sheldon,2026-10-09,Bronaugh,,,,,3.17,-0.32,,,,False
Sheldon,2026-10-12,Exeter,,,,,1.92,1.3,,,,False
Sheldon,2026-10-13,Ballard,,,,,0.87,1.89,,,,False
Sheldon,2026-10-15,Verona,,,,,0.68,2.57,,,,False
Sherwood,2026-09-01,Archie,,0,3,L,0.26,2.85,-0.26,-0.15,-0.42,False
Sherwood,2026-09-03,Drexel,,0,3,L,0.65,2.23,-0.65,-0.77,-1.42,False
Sherwood,2026-09-08,Windsor,,3,2,W,1.8,1.59,1.2,-0.41,0.79,False
Sherwood,2026-09-10,Adrian,,0,3,L,-1.63,4.15,1.63,1.15,2.77,False
Sherwood,2026-09-12,Lexington,,1,2,L,1.38,1.29,-0.38,-0.71,-1.09,False
Sherwood,2026-09-12,Faith Christian Academy,,0,2,L,0.17,2.2,-0.17,0.2,0.02,False
Sherwood,2026-09-12,Northland Christian,,0,2,L,-0.36,3.04,0.36,1.04,1.4,False
Sherwood,2026-09-12,Trenton,,1,1,T,1.36,1.52,-0.36,0.52,0.16,False
Sherwood,2026-09-14,Versailles,,0,3,L,-0.01,3.15,0.01,0.15,0.16,False
Sherwood,2026-09-15,Crest Ridge,,1,3,L,0.42,2.62,0.58,-0.38,0.2,False
Sherwood,2026-09-17,Appleton City with Montrose,,0,2,L,1.6,1.18,-1.6,-0.82,-2.42,False
Sherwood,2026-09-17,Hume,,1,2,L,2.47,0.46,-1.47,-1.54,-3.01,False
Sherwood,2026-09-22,Midway,,0,3,L,0.23,2.49,-0.23,-0.51,-0.73,False
Sherwood,2026-09-24,El Dorado Springs,,3,0,W,1.19,1.79,1.81,1.79,3.6,False
Sherwood,2026-09-26,Chillicothe,,1,2,L,0.25,2.43,0.75,0.43,1.18,False
Sherwood,2026-09-26,Hogan Prep Academy Charter,,2,0,W,3.82,-1.23,-1.82,-1.23,-3.05,False
Sherwood,2026-09-26,Mound City,,0,2,L,-0.57,3.56,0.57,1.56,2.13,False
Sherwood,2026-09-26,St. Pius X (Kansas City),,0,2,L,-2.14,4.98,2.14,2.98,5.12,False
Sherwood,2026-09-26,Trenton,,1,1,T,1.36,1.52,-0.36,0.52,0.16,False
Sherwood,2026-09-29,Lutheran (Kansas City),,0,3,L,0.57,2.11,-0.57,-0.89,-1.47,False
Sherwood,2026-10-01,Lone Jack,,0,3,L,-0.68,3.47,0.68,0.47,1.15,False
Sherwood,2026-10-05,Osceola,,0,3,L,-0.64,3.49,0.64,0.49,1.12,False
Sherwood,2026-10-08,Leeton with Chilhowee,,3,0,W,2.09,0.39,0.91,0.39,1.29,False
Sherwood,2026-10-10,Appleton City with Montrose,,,,,1.6,1.18,,,,False
Sherwood,2026-10-10,Archie,,,,,0.26,2.85,,,,False
Sherwood,2026-10-10,Thomas Jefferson Independent Day,,,,,0.21,2.12,,,,False
Sherwood,2026-10-12,Butler,,,,,-0.99,3.85,,,,False
Sherwood,2026-10-13,Warsaw,,,,,-0.52,3.65,,,,False
Sherwood,2026-10-20,Lone Jack,,,,,-0.68,3.47,,,,False
"Shiloh Christian(Shiloh Christian, AR)",2026-09-05,Webb City,,3,0,W,,,,,,False
"Shiloh Christian(Springdale, AR)",2026-09-26,Webb City,,0,2,L,,,,,,False
"Shiloh Christian(Springdale, AR)",2026-09-26,Nevada,,1,1,T,,,,,,False
"Sidney(Sidney, IA)",2026-09-26,Mid-Buchanan,,0,2,L,,,,,,False
Sikeston,2026-09-05,"Benton(Benton, IL)",,0,2,L,,,,,,False
Sikeston,2026-09-05,"Carbondale(Carbondale , IL)",,1,2,L,,,,,,False
Sikeston,2026-09-05,"Harrisburg(Harrisburg, IL)",,2,0,W,,,,,,False
Sikeston,2026-09-05,"Johnston City(Johnston City, IL)",,2,0,W,,,,,,False
Sikeston,2026-09-08,Notre Dame (Cape Girardeau),,2,3,L,0.58,2.59,1.42,-0.41,1.01,False
Sikeston,2026-09-09,Saxony Lutheran,,0,3,L,0.19,3.12,-0.19,0.12,-0.06,False
Sikeston,2026-09-11,Doniphan,,2,0,W,2.67,0.82,-0.67,0.82,0.16,False
Sikeston,2026-09-11,Risco,,2,0,W,3.0,0.36,-1.0,0.36,-0.64,False
Sikeston,2026-09-12,Villa Duchesne,,1,1,T,2.12,1.32,-1.12,0.32,-0.8,False
Sikeston,2026-09-12,Oak Ridge,,0,2,L,1.03,2.45,-1.03,0.45,-0.58,False
Sikeston,2026-09-12,Central (Cape Girardeau),,2,0,W,1.5,1.47,0.5,1.47,1.97,False
Sikeston,2026-09-14,Campbell,,3,0,W,1.8,1.43,1.2,1.43,2.62,False
Sikeston,2026-09-17,Poplar Bluff,,1,3,L,1.7,1.44,-0.7,-1.56,-2.26,False
Sikeston,2026-09-21,Bloomfield,,3,0,W,3.26,-0.01,-0.26,-0.01,-0.27,False
Sikeston,2026-09-22,Jackson,,1,3,L,-1.61,4.53,2.61,1.53,4.14,False
Sikeston,2026-09-23,Dexter,,0,3,L,1.12,2.38,-1.12,-0.62,-1.74,False
Sikeston,2026-09-24,Scott City,,2,3,L,1.5,1.89,0.5,-1.11,-0.61,False
Sikeston,2026-09-28,Portageville,,3,2,W,2.21,1.57,0.79,-0.43,0.36,False
Sikeston,2026-09-29,Puxico,,2,3,L,1.48,1.84,0.52,-1.16,-0.65,False
Sikeston,2026-10-01,Portageville,,1,2,L,2.21,1.57,-1.21,-0.43,-1.64,False
Sikeston,2026-10-01,Kennett,,1,2,L,2.77,0.87,-1.77,-1.13,-2.9,False
Sikeston,2026-10-01,Charleston,,2,0,W,4.29,-1.3,-2.29,-1.3,-3.59,False
Sikeston,2026-10-07,Oran,,3,0,W,3.19,-0.1,-0.19,-0.1,-0.29,False
Sikeston,2026-10-08,Malden,,3,0,W,1.68,1.62,1.32,1.62,2.94,False
Sikeston,2026-10-12,Central (Cape Girardeau),,,,,1.5,1.47,,,,False
Sikeston,2026-10-13,Kennett,,,,,2.77,0.87,,,,False
Sikeston,2026-10-15,Central (New Madrid County),,,,,1.98,1.45,,,,False
Sikeston,2026-10-19,East Prairie,,,,,2.41,0.77,,,,False
Sikeston,2026-10-21,Windsor (Imperial),,,,,0.93,2.2,,,,False
"Siloam Springs(Siloam Springs, AR)",2026-08-29,Kirkwood,,0,2,L,,,,,,False
"Siloam Springs(Siloam Springs, AR)",2026-09-08,Carthage,,3,1,W,,,,,,False
"Skutt Catholic H.S(Omaha, NE)",2026-09-05,St. Teresa's Academy,,1,2,L,,,,,,False
Skyline,2026-08-31,Butler,,0,3,L,0.78,2.32,-0.78,-0.68,-1.46,False
Skyline,2026-09-01,Fair Grove,,2,3,L,1.17,1.59,0.83,-1.41,-0.58,False
Skyline,2026-09-02,Warsaw,,0,3,L,1.25,2.11,-1.25,-0.89,-2.13,False
Skyline,2026-09-03,Appleton City with Montrose,,3,0,W,3.37,-0.36,-0.37,-0.36,-0.73,False
Skyline,2026-09-08,Tipton,,3,0,W,1.65,1.05,1.35,1.05,2.4,False
Skyline,2026-09-10,Buffalo,,3,0,W,2.41,0.43,0.59,0.43,1.02,False
Skyline,2026-09-12,Ava,,2,0,W,2.16,0.96,-0.16,0.96,0.8,False
Skyline,2026-09-12,Forsyth,,2,0,W,2.65,0.23,-0.65,0.23,-0.42,False
Skyline,2026-09-12,Willow Springs,,2,0,W,3.0,-0.02,-1.0,-0.02,-1.01,False
Skyline,2026-09-12,Sparta,,2,0,W,3.32,-0.32,-1.32,-0.32,-1.64,False
Skyline,2026-09-12,Spokane,,0,2,L,1.24,1.84,-1.24,-0.16,-1.4,False
Skyline,2026-09-15,Osceola,,1,3,L,1.13,1.95,-0.13,-1.05,-1.18,False
Skyline,2026-09-17,Pierce City,,3,0,W,2.02,0.78,0.98,0.78,1.76,False
Skyline,2026-09-21,Strafford,,0,3,L,0.14,2.72,-0.14,-0.28,-0.42,False
Skyline,2026-09-22,Stockton,,3,0,W,1.94,1.31,1.06,1.31,2.37,False
Skyline,2026-09-23,Miller,,1,3,L,1.56,1.65,-0.56,-1.35,-1.91,False
Skyline,2026-09-26,Central (Springfield),,,0,,1.89,0.77,,,,False
Skyline,2026-09-26,Clever,,0,2,L,0.9,2.2,-0.9,0.2,-0.7,False
Skyline,2026-09-26,Lockwood,,0,2,L,0.85,1.96,-0.85,-0.04,-0.89,False
Skyline,2026-09-26,Lighthouse Sr. High,,1,1,T,,,,,,False
Skyline,2026-09-29,Sarcoxie,,3,0,W,2.25,1.24,0.75,1.24,1.98,False
Skyline,2026-10-01,Diamond,,3,1,W,2.53,0.71,0.47,-0.29,0.18,False
Skyline,2026-10-05,Clinton,,0,3,L,0.06,3.03,-0.06,0.03,-0.03,False
Skyline,2026-10-06,El Dorado Springs,,3,0,W,2.95,0.25,0.05,0.25,0.3,False
Skyline,2026-10-08,Marionville,,3,0,W,2.13,0.95,0.87,0.95,1.82,False
Skyline,2026-10-12,Stover,,,,,1.21,1.82,,,,False
Skyline,2026-10-13,Lockwood,,,,,0.85,1.96,,,,False
Skyline,2026-10-15,Ash Grove,,,,,1.44,1.5,,,,False
Skyline,2026-10-17,Fulton,,,,,2.37,0.89,,,,False
Skyline,2026-10-17,Green Ridge,,,,,2.5,0.46,,,,False
Skyline,2026-10-17,Versailles,,,,,1.75,1.61,,,,False
Skyline,2026-10-21,Tipton,,,,,1.65,1.05,,,,False
Smith-Cotton,2026-08-27,Odessa,,0,3,L,1.08,2.52,-1.08,-0.48,-1.55,False
Smith-Cotton,2026-09-01,Osage,,1,3,L,0.83,2.54,0.17,-0.46,-0.29,False
Smith-Cotton,2026-09-03,Hillcrest,,2,0,W,1.72,0.98,0.28,0.98,1.27,False
Smith-Cotton,2026-09-03,Bolivar,,2,1,W,1.93,0.88,0.07,-0.12,-0.06,False
Smith-Cotton,2026-09-03,Fair Grove,,0,2,L,1.5,1.26,-1.5,-0.74,-2.24,False
Smith-Cotton,2026-09-08,California,,2,3,L,1.46,1.57,0.54,-1.43,-0.89,False
Smith-Cotton,2026-09-10,Clinton,,0,3,L,0.39,2.7,-0.39,-0.3,-0.69,False
Smith-Cotton,2026-09-12,Carl Junction,,1,1,T,0.81,2.06,0.19,1.06,1.25,False
Smith-Cotton,2026-09-12,Lebanon,,0,2,L,1.13,1.75,-1.13,-0.25,-1.38,False
Smith-Cotton,2026-09-12,Eldon,,1,1,T,2.29,0.96,-1.29,-0.04,-1.33,False
Smith-Cotton,2026-09-12,Strafford,,0,2,L,0.47,2.39,-0.47,0.39,-0.08,False
Smith-Cotton,2026-09-14,Jefferson City,,0,3,L,0.2,2.78,-0.2,-0.22,-0.43,False
Smith-Cotton,2026-09-15,Warrensburg,,2,3,L,1.26,1.75,0.74,-1.25,-0.51,False
Smith-Cotton,2026-09-17,Rock Bridge,,0,3,L,0.33,2.62,-0.33,-0.38,-0.7,False
Smith-Cotton,2026-09-21,Marshall,,3,0,W,3.27,-0.22,-0.27,-0.22,-0.49,False
Smith-Cotton,2026-09-22,Helias Catholic,,0,3,L,-0.66,3.37,0.66,0.37,1.03,False
Smith-Cotton,2026-09-23,Hallsville,,3,0,W,1.8,1.25,1.2,1.25,2.45,False
Smith-Cotton,2026-09-26,Lafayette County,,2,0,W,1.27,1.45,0.73,1.45,2.18,False
Smith-Cotton,2026-09-26,Osage,,0,2,L,0.83,2.54,-0.83,0.54,-0.29,False
Smith-Cotton,2026-09-26,Cole Camp,,1,1,T,1.29,1.65,-0.29,0.65,0.36,False
Smith-Cotton,2026-09-26,Marshall,,2,0,W,3.27,-0.22,-1.27,-0.22,-1.49,False
Smith-Cotton,2026-09-26,Santa Fe,,2,0,W,1.93,1.08,0.07,1.08,1.15,False
Smith-Cotton,2026-09-28,Versailles,,3,2,W,2.08,1.28,0.92,-0.72,0.2,False
Smith-Cotton,2026-09-29,Hickman,,1,3,L,0.93,1.95,0.07,-1.05,-0.98,False
Smith-Cotton,2026-10-01,Camdenton,,3,1,W,1.82,1.03,1.18,0.03,1.2,False
Smith-Cotton,2026-10-05,Battle,,0,3,L,0.69,2.5,-0.69,-0.5,-1.19,False
Smith-Cotton,2026-10-06,Oak Grove,,0,3,L,-0.45,3.16,0.45,0.16,0.61,False
Smith-Cotton,2026-10-08,Capital City,,,,,1.5,1.78,,,,False
Smith-Cotton,2026-10-12,Eldon,,,,,2.29,0.96,,,,False
Smith-Cotton,2026-10-13,Knob Noster,,,,,2.13,0.65,,,,False
Smith-Cotton,2026-10-15,Boonville,,,,,1.45,1.6,,,,False
Smith-Cotton,2026-10-22,Nixa,,,,,-0.32,3.12,,,,False
Smithton,2026-08-27,Tipton,,1,3,L,0.96,1.89,0.04,-1.11,-1.08,False
Smithton,2026-08-31,Crest Ridge,,0,3,L,1.5,1.92,-1.5,-1.08,-2.58,False
Smithton,2026-09-02,Sweet Springs,,2,3,L,1.53,1.97,0.47,-1.03,-0.56,False
Smithton,2026-09-03,Concordia,,1,3,L,1.18,2.23,-0.18,-0.77,-0.96,False
Smithton,2026-09-09,Leeton with Chilhowee,,3,0,W,3.17,-0.32,-0.17,-0.32,-0.49,False
Smithton,2026-09-10,Calvary Lutheran,,2,3,L,2.19,1.36,-0.19,-1.64,-1.83,False
Smithton,2026-09-14,Warsaw,,1,3,L,0.56,2.94,0.44,-0.06,0.39,False
Smithton,2026-09-15,Otterville,,3,1,W,1.62,1.53,1.38,0.53,1.91,False
Smithton,2026-09-17,Green Ridge,,,0,,1.81,1.29,,,,False
Smithton,2026-09-21,Prairie Home,,3,0,W,3.62,-0.48,-0.62,-0.48,-1.1,False
Smithton,2026-09-22,Windsor,,3,1,W,2.88,0.89,0.12,-0.11,0.01,False
Smithton,2026-09-24,Lincoln,,3,0,W,2.33,0.98,0.67,0.98,1.65,False
Smithton,2026-09-26,Centralia,,2,0,W,2.15,1.37,-0.15,1.37,1.21,False
Smithton,2026-09-26,Hallsville,,0,2,L,0.78,2.41,-0.78,0.41,-0.37,False
Smithton,2026-09-26,Columbia Independent,,2,0,W,2.44,1.24,-0.44,1.24,0.8,False
Smithton,2026-09-28,Eugene,,3,1,W,2.33,1.32,0.67,0.32,0.99,False
Smithton,2026-09-29,Sacred Heart,,1,3,L,1.49,1.74,-0.49,-1.26,-1.76,False
Smithton,2026-10-01,Stover,,1,3,L,0.51,2.65,0.49,-0.35,0.14,False
Smithton,2026-10-05,Northwest (Hughesville),,3,0,W,2.48,0.44,0.52,0.44,0.97,False
Smithton,2026-10-07,Lincoln,,2,0,W,2.33,0.98,-0.33,0.98,0.65,False
Smithton,2026-10-07,Windsor,,2,0,W,2.88,0.89,-0.88,0.89,0.01,False
Smithton,2026-10-08,Cole Camp,,0,2,L,0.27,2.81,-0.27,0.81,0.54,False
Smithton,2026-10-08,Otterville,,2,0,W,1.62,1.53,0.38,1.53,1.91,False
Smithton,2026-10-13,La Monte,,,,,1.76,1.46,,,,False
Smithton,2026-10-15,Cole Camp,,,,,0.27,2.81,,,,False
Smithton,2026-10-17,Adrian,,,,,-0.55,3.44,,,,False
Smithton,2026-10-17,Concordia,,,,,1.18,2.23,,,,False
Smithville,2026-08-27,Central (St. Joseph),,3,0,W,2.86,-0.46,0.14,-0.46,-0.32,False
Smithville,2026-09-03,Grandview,,3,0,W,3.6,-1.14,-0.6,-1.14,-1.74,False
Smithville,2026-09-08,Winnetonka,,3,0,W,4.49,-2.01,-1.49,-2.01,-3.5,False
Smithville,2026-09-10,Central (St. Joseph),,2,0,W,2.86,-0.46,-0.86,-0.46,-1.32,False
Smithville,2026-09-10,Staley,,1,2,L,1.81,0.72,-0.81,-1.28,-2.08,False
Smithville,2026-09-12,Benton,,2,0,W,2.03,0.62,-0.03,0.62,0.59,False
Smithville,2026-09-12,Pembroke Hill,,2,0,W,1.56,0.7,0.44,0.7,1.13,False
Smithville,2026-09-12,St. Pius X (Kansas City),,1,2,L,1.4,1.35,-0.4,-0.65,-1.06,False
Smithville,2026-09-15,Raytown South,,3,0,W,4.37,-1.49,-1.37,-1.49,-2.86,False
Smithville,2026-09-17,Kearney,,3,0,W,2.58,-0.23,0.42,-0.23,0.19,False
Smithville,2026-09-19,Hickman,,2,0,W,2.38,0.19,-0.38,0.19,-0.19,False
Smithville,2026-09-19,Kearney,,2,0,W,2.58,-0.23,-0.58,-0.23,-0.81,False
Smithville,2026-09-19,North Kansas City,,2,0,W,2.24,0.59,-0.24,0.59,0.35,False
Smithville,2026-09-19,Platte County,,1,1,T,1.48,1.02,-0.48,0.02,-0.46,False
Smithville,2026-09-19,St. Pius X (Kansas City),,2,0,W,1.4,1.35,0.6,1.35,1.94,False
Smithville,2026-09-19,Pembroke Hill,,2,0,W,1.56,0.7,0.44,0.7,1.13,False
Smithville,2026-09-21,Raymore-Peculiar,,2,3,L,1.52,1.86,0.48,-1.14,-0.67,False
Smithville,2026-09-22,Ruskin,,3,0,W,5.07,-2.67,-2.07,-2.67,-4.74,False
Smithville,2026-09-28,Park Hill South,,3,0,W,1.87,0.92,1.13,0.92,2.04,False
Smithville,2026-09-29,Raytown South,,3,0,W,4.37,-1.49,-1.37,-1.49,-2.86,False
Smithville,2026-10-01,Grandview,,3,0,W,3.6,-1.14,-0.6,-1.14,-1.74,False
Smithville,2026-10-05,Oak Park,,2,0,W,2.88,-0.11,-0.88,-0.11,-0.99,False
Smithville,2026-10-05,Truman,,2,0,W,3.47,-1.12,-1.47,-1.12,-2.58,False
Smithville,2026-10-06,Kearney,,3,0,W,2.58,-0.23,0.42,-0.23,0.19,False
Smithville,2026-10-08,Winnetonka,,3,0,W,4.49,-2.01,-1.49,-2.01,-3.5,False
Smithville,2026-10-14,St. Michael the Archangel,,,,,0.99,1.68,,,,False
Smithville,2026-10-15,Ruskin,,,,,5.07,-2.67,,,,False
Smithville,2026-10-20,East (Kansas City),,,,,7.38,-4.76,,,,False
South Harrison,2026-08-25,Archie,,,,,0.9,2.53,,,,False
South Harrison,2026-08-25,Mid-Buchanan,,,,,-0.97,3.61,,,,False
South Harrison,2026-08-31,North Platte,,0,3,L,2.03,0.8,-2.03,-2.2,-4.24,False
South Harrison,2026-09-01,Penney,,3,0,W,3.39,-0.49,-0.39,-0.49,-0.89,False
South Harrison,2026-09-08,St. Joseph Christian,,0,3,L,0.31,2.64,-0.31,-0.36,-0.67,False
South Harrison,2026-09-09,East Buchanan,,0,3,L,-0.3,3.37,0.3,0.37,0.67,False
South Harrison,2026-09-14,Lathrop,,3,1,W,1.64,1.69,1.36,0.69,2.05,False
South Harrison,2026-09-15,Trenton,,3,1,W,2.0,1.21,1.0,0.21,1.22,False
South Harrison,2026-09-19,Cameron,,0,2,L,1.08,2.09,-1.08,0.09,-0.99,False
South Harrison,2026-09-19,Lathrop,,1,1,T,1.64,1.69,-0.64,0.69,0.05,False
South Harrison,2026-09-19,Mid-Buchanan,,0,2,L,-0.97,3.61,0.97,1.61,2.57,False
South Harrison,2026-09-19,Trenton,,2,0,W,2.0,1.21,0.0,1.21,1.22,False
South Harrison,2026-09-21,North Nodaway,,3,0,W,2.86,0.82,0.14,0.82,0.96,False
South Harrison,2026-09-22,Union Star with King City,,3,1,W,2.22,1.21,0.78,0.21,1.0,False
South Harrison,2026-09-24,Brookfield,,3,0,W,2.72,0.57,0.28,0.57,0.85,False
South Harrison,2026-09-28,West Nodaway with Nodaway-Holt,,0,3,L,0.62,2.33,-0.62,-0.67,-1.29,False
South Harrison,2026-09-29,Plattsburg,,1,3,L,0.86,2.09,0.14,-0.91,-0.77,False
South Harrison,2026-10-01,Trenton,,3,2,W,2.0,1.21,1.0,-0.79,0.22,False
South Harrison,2026-10-03,Maysville,,2,1,W,2.24,1.02,-0.24,0.02,-0.22,False
South Harrison,2026-10-03,North Platte,,1,1,T,2.03,0.8,-1.03,-0.2,-1.24,False
South Harrison,2026-10-03,Orrick,,2,0,W,3.17,0.06,-1.17,0.06,-1.12,False
South Harrison,2026-10-05,North Nodaway,,3,2,W,2.86,0.82,0.14,-1.18,-1.04,False
South Harrison,2026-10-06,Mid-Buchanan,,0,3,L,-0.97,3.61,0.97,0.61,1.57,False
South Harrison,2026-10-10,Brookfield,,,,,2.72,0.57,,,,False
South Harrison,2026-10-10,Maysville,,,,,2.24,1.02,,,,False
South Harrison,2026-10-10,Trenton,,,,,2.0,1.21,,,,False
South Harrison,2026-10-12,Maryville,,,,,-0.53,3.89,,,,False
South Harrison,2026-10-15,Maysville,,,,,2.24,1.02,,,,False
South Harrison,2026-10-20,Brookfield,,,,,2.72,0.57,,,,False
South Holt with Craig,2026-08-27,East Buchanan,,0,3,L,-0.1,2.99,0.1,-0.01,0.09,False
South Holt with Craig,2026-08-29,Maysville,,2,0,W,2.44,0.64,-0.44,0.64,0.2,False
South Holt with Craig,2026-08-29,West Nodaway with Nodaway-Holt,,0,2,L,0.81,1.95,-0.81,-0.05,-0.87,False
South Holt with Craig,2026-08-29,St. Joseph Christian,,0,2,L,0.51,2.26,-0.51,0.26,-0.25,False
South Holt with Craig,2026-08-29,Tarkio with Fairfax,,2,1,W,1.88,1.22,0.12,0.22,0.33,False
South Holt with Craig,2026-09-01,West Nodaway with Nodaway-Holt,,2,3,L,0.81,1.95,1.19,-1.05,0.13,False
South Holt with Craig,2026-09-03,North Nodaway,,3,1,W,3.06,0.44,-0.06,-0.56,-0.62,False
South Holt with Craig,2026-09-08,Mound City,,0,3,L,0.25,2.86,-0.25,-0.14,-0.39,False
South Holt with Craig,2026-09-10,Maysville,,3,0,W,2.44,0.64,0.56,0.64,1.2,False
South Holt with Craig,2026-09-15,Union Star with King City,,3,1,W,2.41,0.83,0.59,-0.17,0.42,False
South Holt with Craig,2026-09-17,Tarkio with Fairfax,,3,1,W,1.88,1.22,1.12,0.22,1.33,False
South Holt with Craig,2026-09-19,North Nodaway,,2,0,W,3.06,0.44,-1.06,0.44,-0.62,False
South Holt with Craig,2026-09-19,Rock Port,,0,2,L,-0.22,2.79,0.22,0.79,1.02,False
South Holt with Craig,2026-09-19,Tarkio with Fairfax,,1,1,T,1.88,1.22,-0.88,0.22,-0.67,False
South Holt with Craig,2026-09-19,Union Star with King City,,2,1,W,2.41,0.83,-0.41,-0.17,-0.58,False
South Holt with Craig,2026-09-22,Rock Port,,0,3,L,-0.22,2.79,0.22,-0.21,0.02,False
South Holt with Craig,2026-09-24,West Nodaway with Nodaway-Holt,,0,3,L,0.81,1.95,-0.81,-1.05,-1.87,False
South Holt with Craig,2026-09-29,North Nodaway,,3,0,W,3.06,0.44,-0.06,0.44,0.38,False
South Holt with Craig,2026-10-01,Mound City,,0,3,L,0.25,2.86,-0.25,-0.14,-0.39,False
South Holt with Craig,2026-10-05,St. Joseph Christian,,0,3,L,0.51,2.26,-0.51,-0.74,-1.25,False
South Holt with Craig,2026-10-06,North Platte,,3,0,W,2.23,0.41,0.77,0.41,1.18,False
South Holt with Craig,2026-10-08,Union Star with King City,,3,0,W,2.41,0.83,0.59,0.83,1.42,False
South Holt with Craig,2026-10-13,Tarkio with Fairfax,,,,,1.88,1.22,,,,False
South Holt with Craig,2026-10-15,Rock Port,,,,,-0.22,2.79,,,,False
South Holt with Craig,2026-10-20,Tarkio with Fairfax,,,,,1.88,1.22,,,,False
South Iron,2026-08-27,Bismarck,,1,3,L,0.0,3.36,1.0,0.36,1.36,False
South Iron,2026-09-01,St. Paul Lutheran (Farmington),,0,3,L,0.6,2.28,-0.6,-0.72,-1.31,False
South Iron,2026-09-03,Fredericktown,,0,3,L,0.07,3.4,-0.07,0.4,0.33,False
South Iron,2026-09-08,West County,,2,3,L,1.35,1.87,0.65,-1.13,-0.48,False
South Iron,2026-09-11,Kingston,,1,1,T,1.76,2.06,-0.76,1.06,0.3,False
South Iron,2026-09-11,North Pemiscot,,1,1,T,0.51,2.55,0.49,1.55,2.04,False
South Iron,2026-09-12,Parkway South,,0,2,L,-0.57,3.72,0.57,1.72,2.29,False
South Iron,2026-09-12,Scott City,,0,2,L,0.27,2.9,-0.27,0.9,0.63,False
South Iron,2026-09-12,Villa Duchesne,,0,2,L,0.9,2.34,-0.9,0.34,-0.56,False
South Iron,2026-09-15,Kingston,,2,3,L,1.76,2.06,0.24,-0.94,-0.7,False
South Iron,2026-09-17,Greenville,,3,1,W,2.11,1.32,0.89,0.32,1.21,False
South Iron,2026-09-18,Mineral Area Sr High Homeschool Assn,,3,0,W,,,,,,False
South Iron,2026-09-22,Meadow Heights,,0,3,L,0.44,2.69,-0.44,-0.31,-0.76,False
South Iron,2026-09-23,Clearwater,,2,0,W,1.82,0.96,0.18,0.96,1.14,False
South Iron,2026-09-24,Lesterville,,0,2,L,0.93,2.17,-0.93,0.17,-0.76,False
South Iron,2026-09-25,Bunker,,3,2,W,1.76,1.88,1.24,-0.12,1.13,False
South Iron,2026-09-29,Eminence,,1,3,L,0.45,2.6,0.55,-0.4,0.15,False
South Iron,2026-10-01,Lesterville,,0,3,L,0.93,2.17,-0.93,-0.83,-1.76,False
South Iron,2026-10-03,Arcadia Valley,,1,1,T,-0.09,3.03,1.09,2.03,3.12,False
South Iron,2026-10-03,Central (Cape Girardeau),,0,2,L,0.27,2.49,-0.27,0.49,0.22,False
South Iron,2026-10-03,Hillsboro,,0,2,L,-0.83,4.03,0.83,2.03,2.87,False
South Iron,2026-10-03,St. Vincent,,0,2,L,0.38,2.72,-0.38,0.72,0.34,False
South Iron,2026-10-05,Arcadia Valley,,0,3,L,-0.09,3.03,0.09,0.03,0.12,False
South Iron,2026-10-06,Ellington,,0,3,L,0.09,2.67,-0.09,-0.33,-0.42,False
South Iron,2026-10-08,Bunker,,1,3,L,1.76,1.88,-0.76,-1.12,-1.87,False
South Iron,2026-10-13,Bunker,,,,,1.76,1.88,,,,False
South Iron,2026-10-15,Viburnum,,,,,1.89,0.89,,,,False
South Iron,2026-10-16,Valley,,,,,1.17,1.76,,,,False
South Iron,2026-10-19,Clearwater,,,,,1.82,0.96,,,,False
South Pemiscot,2026-08-31,Twin Rivers,,3,1,W,2.02,1.77,0.98,0.77,1.75,False
South Pemiscot,2026-09-01,North Pemiscot,,0,3,L,0.45,2.6,-0.45,-0.4,-0.86,False
South Pemiscot,2026-09-03,Malden,,0,3,L,0.39,2.68,-0.39,-0.32,-0.71,False
South Pemiscot,2026-09-08,Southland,,3,0,W,2.94,0.06,0.06,0.06,0.12,False
South Pemiscot,2026-09-10,Senath-Hornersville,,2,3,L,1.61,1.81,0.39,-1.19,-0.81,False
South Pemiscot,2026-09-14,Kelly,,3,0,W,2.61,1.05,0.39,1.05,1.44,False
South Pemiscot,2026-09-15,Portageville,,0,3,L,0.92,2.63,-0.92,-0.37,-1.29,False
South Pemiscot,2026-09-17,Caruthersville,,3,0,W,2.47,0.69,0.53,0.69,1.22,False
South Pemiscot,2026-09-18,Holcomb,,0,3,L,0.82,2.3,-0.82,-0.7,-1.52,False
South Pemiscot,2026-09-21,Central (New Madrid County),,0,3,L,0.7,2.51,-0.7,-0.49,-1.18,False
South Pemiscot,2026-09-22,Campbell,,0,3,L,0.52,2.49,-0.52,-0.51,-1.03,False
South Pemiscot,2026-09-24,Charleston,,2,0,W,3.0,-0.24,-1.0,-0.24,-1.24,False
South Pemiscot,2026-09-24,East Prairie,,0,2,L,1.13,1.84,-1.13,-0.16,-1.29,False
South Pemiscot,2026-09-26,Gideon,,0,2,L,-0.56,3.07,0.56,1.07,1.63,False
South Pemiscot,2026-09-28,Hayti,,3,0,W,2.63,0.73,0.37,0.73,1.1,False
South Pemiscot,2026-09-29,Cooter,,3,0,W,2.67,0.92,0.33,0.92,1.25,False
South Pemiscot,2026-10-02,Southland,,3,1,W,2.94,0.06,0.06,-0.94,-0.88,False
South Pemiscot,2026-10-05,Holcomb,,1,3,L,0.82,2.3,0.18,-0.7,-0.52,False
South Pemiscot,2026-10-06,Delta (Deering),,3,0,W,2.29,1.08,0.71,1.08,1.78,False
South Pemiscot,2026-10-19,Risco,,,,,1.71,1.42,,,,False
South Pemiscot,2026-10-20,Senath-Hornersville,,,,,1.61,1.81,,,,False
Southeast,2026-09-02,Ewing Marion Kauffman,,0,3,L,-0.89,3.67,0.89,0.67,1.56,False
Southeast,2026-09-08,KIPP KC Legacy,,0,3,L,0.0,2.94,-0.0,-0.06,-0.06,False
Southeast,2026-09-14,Crossroads Prep Charter,,0,3,L,-0.07,2.89,0.07,-0.11,-0.04,False
Southeast,2026-09-17,Central (Kansas City),,1,3,L,0.26,2.72,0.74,-0.28,0.46,False
Southeast,2026-09-19,"Highland Park(Topeka, KS)",,0,2,L,,,,,,False
Southeast,2026-09-19,Hogan Prep Academy Charter,,2,0,W,1.77,0.98,0.23,0.98,1.21,False
Southeast,2026-09-19,Academie Lafayette,,0,2,L,0.96,1.54,-0.96,-0.46,-1.42,False
Southeast,2026-09-19,East (Kansas City),,1,2,L,1.78,1.08,-0.78,-0.92,-1.71,False
Southeast,2026-09-22,East (Kansas City),,3,0,W,1.78,1.08,1.22,1.08,2.29,False
Southeast,2026-09-28,Paseo Academy,,0,3,L,-0.1,3.15,0.1,0.15,0.25,False
Southeast,2026-09-29,Northeast (Kansas City),,1,3,L,0.93,2.29,0.07,-0.71,-0.64,False
Southeast,2026-10-01,"Schlagle(Kansas City, KS)",,0,3,L,,,,,,False
Southeast,2026-10-06,Central (Kansas City),,0,3,L,0.26,2.72,-0.26,-0.28,-0.54,False
Southeast,2026-10-07,KIPP KC Legacy,,0,3,L,0.0,2.94,-0.0,-0.06,-0.06,False
Southeast,2026-10-12,Guadalupe Centers Charter,,,,,0.44,2.58,,,,False
Southeast,2026-10-14,Northeast (Kansas City),,,,,0.93,2.29,,,,False
Southeast,2026-10-15,Paseo Academy,,,,,-0.1,3.15,,,,False
Southern Boone,2026-08-31,Kirksville,,3,0,W,3.77,-0.37,-0.77,-0.37,-1.14,False
Southern Boone,2026-09-03,New Bloomfield,,3,0,W,5.07,-1.96,-2.07,-1.96,-4.03,False
Southern Boone,2026-09-09,Camdenton,,3,2,W,2.76,0.45,0.24,-1.55,-1.3,False
Southern Boone,2026-09-10,Linn,,3,2,W,2.17,1.19,0.83,-0.81,0.01,False
Southern Boone,2026-09-12,Bowling Green,,2,0,W,4.03,-0.48,-2.03,-0.48,-2.5,False
Southern Boone,2026-09-12,California,,2,0,W,2.39,1.0,-0.39,1.0,0.6,False
Southern Boone,2026-09-12,New Bloomfield,,2,0,W,5.07,-1.96,-3.07,-1.96,-5.03,False
Southern Boone,2026-09-12,Fulton,,2,0,W,3.63,-0.02,-1.63,-0.02,-1.65,False
Southern Boone,2026-09-14,Fatima,,3,1,W,3.04,0.76,-0.04,-0.24,-0.28,False
Southern Boone,2026-09-17,Hickman,,3,0,W,1.86,1.37,1.14,1.37,2.51,False
Southern Boone,2026-09-19,"Rogers Heritage(Rogers, AR)",,2,1,W,,,,,,False
Southern Boone,2026-09-19,West Plains,,0,2,L,0.91,2.41,-0.91,0.41,-0.5,False
Southern Boone,2026-09-19,Sullivan,,2,1,W,1.14,1.93,0.86,0.93,1.79,False
Southern Boone,2026-09-22,Osage,,2,3,L,1.76,1.96,0.24,-1.04,-0.8,False
Southern Boone,2026-09-24,Fulton,,3,0,W,3.63,-0.02,-0.63,-0.02,-0.65,False
Southern Boone,2026-09-28,Blair Oaks,,0,3,L,1.39,2.17,-1.39,-0.83,-2.22,False
Southern Boone,2026-09-29,California,,3,0,W,2.39,1.0,0.61,1.0,1.6,False
Southern Boone,2026-10-01,Centralia,,3,0,W,4.1,-0.37,-1.1,-0.37,-1.47,False
Southern Boone,2026-10-05,Eldon,,3,1,W,3.22,0.38,-0.22,-0.62,-0.84,False
Southern Boone,2026-10-08,Mexico,,3,0,W,4.63,-0.36,-1.63,-0.36,-1.99,False
Southern Boone,2026-10-12,Versailles,,,,,3.02,0.71,,,,False
Southern Boone,2026-10-13,Boonville,,,,,2.39,1.02,,,,False
Southern Boone,2026-10-15,Hallsville,,,,,2.73,0.67,,,,False
Southern Boone,2026-10-19,Father Tolton,,,,,2.78,0.63,,,,False
Southern Boone,2026-10-22,TBD,,,,,,,,,,False
Southland,2026-08-22,Clarkton,,0,3,L,-0.46,3.36,0.46,0.36,0.82,False
Southland,2026-08-22,Twin Rivers,,0,3,L,0.48,3.11,-0.48,0.11,-0.36,False
Southland,2026-08-27,"Corning(Corning, AR)",,0,3,L,,,,,,False
Southland,2026-08-28,Holcomb,,0,3,L,-0.72,3.64,0.72,0.64,1.37,False
Southland,2026-09-03,Senath-Hornersville,,0,3,L,0.07,3.15,-0.07,0.15,0.07,False
Southland,2026-09-08,South Pemiscot,,0,3,L,0.06,2.94,-0.06,-0.06,-0.12,False
Southland,2026-09-10,Hayti,,0,3,L,1.09,2.07,-1.09,-0.93,-2.02,False
Southland,2026-09-11,Hazelwood West,,0,2,L,0.14,2.6,-0.14,0.6,0.45,False
Southland,2026-09-11,Oak Ridge,,0,2,L,-1.79,4.85,1.79,2.85,4.65,False
Southland,2026-09-12,East Prairie,,0,2,L,-0.41,3.18,0.41,1.18,1.59,False
Southland,2026-09-12,Licking,,0,2,L,-1.37,3.93,1.37,1.93,3.3,False
Southland,2026-09-15,Caruthersville,,,3,,0.93,2.03,,,,False
Southland,2026-09-17,Delta (Deering),,2,3,L,0.75,2.42,1.25,-0.58,0.66,False
Southland,2026-09-21,East Prairie,,0,3,L,-0.41,3.18,0.41,0.18,0.59,False
Southland,2026-09-22,Risco,,0,3,L,0.17,2.76,-0.17,-0.24,-0.41,False
Southland,2026-09-25,Bloomfield,,0,2,L,0.44,2.39,-0.44,0.39,-0.04,False
Southland,2026-09-25,Delta (Deering),,0,2,L,0.75,2.42,-0.75,0.42,-0.34,False
Southland,2026-09-25,Gideon,,0,2,L,-2.1,4.41,2.1,2.41,4.51,False
Southland,2026-09-28,Gideon,,0,3,L,-2.1,4.41,2.1,1.41,3.51,False
Southland,2026-10-01,Clarkton,,0,3,L,-0.46,3.36,0.46,0.36,0.82,False
Southland,2026-10-02,South Pemiscot,,1,3,L,0.06,2.94,0.94,-0.06,0.88,False
Southland,2026-10-05,North Pemiscot,,0,3,L,-1.09,3.94,1.09,0.94,2.02,False
Southland,2026-10-06,Cooter,,1,3,L,1.13,2.26,-0.13,-0.74,-0.87,False
Southland,2026-10-08,Twin Rivers,,,,,0.48,3.11,,,,False
Southland,2026-10-20,Delta (Deering),,,,,0.75,2.42,,,,False
Southwest (Washburn),2026-09-01,Bronaugh,,3,0,W,3.1,-0.69,-0.1,-0.69,-0.78,False
Southwest (Washburn),2026-09-03,Marionville,,0,3,L,-0.17,2.89,0.17,-0.11,0.06,False
Southwest (Washburn),2026-09-05,Exeter,,0,2,L,1.84,0.94,-1.84,-1.06,-2.9,False
Southwest (Washburn),2026-09-05,Golden City,,2,0,W,1.37,1.46,0.63,1.46,2.09,False
Southwest (Washburn),2026-09-05,Lockwood,,0,2,L,-1.45,3.9,1.45,1.9,3.35,False
Southwest (Washburn),2026-09-05,Gloria Deo Academy,,1,1,T,1.14,1.41,-0.14,0.41,0.27,False
Southwest (Washburn),2026-09-05,Verona,,1,2,L,0.6,2.21,0.4,0.21,0.6,False
Southwest (Washburn),2026-09-08,Verona,,0,3,L,0.6,2.21,-0.6,-0.79,-1.4,False
Southwest (Washburn),2026-09-10,Pierce City,,0,3,L,-0.28,2.72,0.28,-0.28,-0.0,False
Southwest (Washburn),2026-09-17,Everton,,1,3,L,0.39,2.12,0.61,-0.88,-0.26,False
Southwest (Washburn),2026-09-18,Golden City,,2,3,L,1.37,1.46,0.63,-1.54,-0.91,False
Southwest (Washburn),2026-09-21,Blue Eye,,0,3,L,-0.99,3.28,0.99,0.28,1.27,False
Southwest (Washburn),2026-09-22,Sarcoxie,,0,3,L,-0.05,3.18,0.05,0.18,0.23,False
Southwest (Washburn),2026-09-24,Thomas Jefferson Independent Day,,0,3,L,-0.32,2.53,0.32,-0.47,-0.15,False
Southwest (Washburn),2026-09-26,Billings,,0,2,L,-0.89,3.77,0.89,1.77,2.67,False
Southwest (Washburn),2026-09-26,Chadwick,,0,2,L,0.92,1.76,-0.92,-0.24,-1.16,False
Southwest (Washburn),2026-09-26,Conway,,0,2,L,0.41,2.46,-0.41,0.46,0.05,False
Southwest (Washburn),2026-09-26,Galena,,2,0,W,1.13,1.27,0.87,1.27,2.14,False
Southwest (Washburn),2026-09-26,Spokane,,0,2,L,-1.06,3.78,1.06,1.78,2.85,False
Southwest (Washburn),2026-09-28,"Gentry(Gentry, AR)",,0,3,L,,,,,,False
Southwest (Washburn),2026-09-29,New Heights Christian,,0,3,L,-0.26,2.74,0.26,-0.26,0.0,False
Southwest (Washburn),2026-10-01,Wheaton,,1,3,L,1.04,1.71,-0.04,-1.29,-1.33,False
Southwest (Washburn),2026-10-03,Bronaugh,,2,0,W,3.1,-0.69,-1.1,-0.69,-1.78,False
Southwest (Washburn),2026-10-03,Crane,,0,2,L,0.24,2.51,-0.24,0.51,0.27,False
Southwest (Washburn),2026-10-03,Golden City,,2,0,W,1.37,1.46,0.63,1.46,2.09,False
Southwest (Washburn),2026-10-03,Purdy,,0,2,L,0.8,2.21,-0.8,0.21,-0.59,False
Southwest (Washburn),2026-10-03,Wheaton,,0,2,L,1.04,1.71,-1.04,-0.29,-1.33,False
Southwest (Washburn),2026-10-05,Crane,,0,3,L,0.24,2.51,-0.24,-0.49,-0.73,False
Southwest (Washburn),2026-10-06,Exeter,,3,1,W,1.84,0.94,1.16,-0.06,1.1,False
Southwest (Washburn),2026-10-08,Purdy,,0,3,L,0.8,2.21,-0.8,-0.79,-1.59,False
Southwest (Washburn),2026-10-09,"Founders(Rogers, AR)",,,,,,,,,,False
Southwest (Washburn),2026-10-12,Hurley,,,,,0.96,1.77,,,,False
Southwest (Washburn),2026-10-13,Marion C. Early,,,,,2.91,0.44,,,,False
Southwest (Washburn),2026-10-19,McAuley Catholic,,,,,1.33,1.61,,,,False
"Southwest Valley(Corning , IA)",2026-09-26,Tarkio with Fairfax,,2,0,W,,,,,,False
"Southwestern(Piasa, IL)",2026-09-11,Notre Dame (St. Louis),,0,2,L,,,,,,False
"Southwestern(Piasa, IL)",2026-09-12,Windsor (Imperial),,1,2,L,,,,,,False
Sparta,2026-08-29,Ash Grove,,0,2,L,-0.42,3.27,0.42,1.27,1.7,False
Sparta,2026-08-29,Buffalo,,0,2,L,0.54,2.2,-0.54,0.2,-0.34,False
Sparta,2026-08-29,El Dorado Springs,,0,2,L,1.09,2.02,-1.09,0.02,-1.07,False
Sparta,2026-09-01,Ash Grove,,0,3,L,-0.42,3.27,0.42,0.27,0.7,False
Sparta,2026-09-03,Ava,,0,3,L,0.3,2.73,-0.3,-0.27,-0.56,False
Sparta,2026-09-08,Spokane,,0,3,L,-0.63,3.61,0.63,0.61,1.24,False
Sparta,2026-09-10,Gainesville,,1,3,L,0.48,2.72,0.52,-0.28,0.23,False
Sparta,2026-09-12,Forsyth,,1,1,T,0.79,2.0,0.21,1.0,1.21,False
Sparta,2026-09-12,Parkview,,0,2,L,0.84,1.94,-0.84,-0.06,-0.9,False
Sparta,2026-09-12,Skyline,,0,2,L,-0.32,3.32,0.32,1.32,1.64,False
Sparta,2026-09-12,Willow Springs,,1,1,T,1.13,1.76,-0.13,0.76,0.62,False
Sparta,2026-09-14,Pleasant Hope,,0,3,L,0.52,2.34,-0.52,-0.66,-1.19,False
Sparta,2026-09-15,Galena,,3,1,W,1.56,1.09,1.44,0.09,1.53,False
Sparta,2026-09-18,Fordland,,0,3,L,0.92,2.59,-0.92,-0.41,-1.33,False
Sparta,2026-09-21,Seymour,,3,1,W,1.74,1.51,1.26,0.51,1.77,False
Sparta,2026-09-22,Conway,,0,3,L,0.84,2.29,-0.84,-0.71,-1.55,False
Sparta,2026-09-24,Billings,,0,3,L,-0.46,3.6,0.46,0.6,1.06,False
Sparta,2026-09-29,Blue Eye,,0,3,L,-0.55,3.11,0.55,0.11,0.66,False
Sparta,2026-10-01,Chadwick,,1,3,L,1.36,1.59,-0.36,-1.41,-1.77,False
Sparta,2026-10-06,School of the Ozarks,,0,3,L,0.08,2.58,-0.08,-0.42,-0.5,False
Sparta,2026-10-09,Hurley,,,,,1.4,1.6,,,,False
Sparta,2026-10-12,New Covenant Academy,,,,,-2.11,4.56,,,,False
Sparta,2026-10-13,Mansfield,,,,,2.47,0.82,,,,False
Sparta,2026-10-15,Crane,,,,,0.67,2.34,,,,False
Sparta,2026-10-17,Marion C. Early,,,,,3.35,0.27,,,,False
Sparta,2026-10-20,Conway,,,,,0.84,2.29,,,,False
Spokane,2026-08-28,School of the Ozarks,,3,1,W,2.24,0.5,0.76,-0.5,0.26,False
Spokane,2026-09-01,Miller,,0,3,L,1.86,1.34,-1.86,-1.66,-3.51,False
Spokane,2026-09-07,Hollister,,2,3,L,0.9,1.94,1.1,-1.06,0.04,False
Spokane,2026-09-08,Sparta,,3,0,W,3.61,-0.63,-0.61,-0.63,-1.24,False
Spokane,2026-09-10,Marionville,,3,0,W,2.43,0.64,0.57,0.64,1.21,False
Spokane,2026-09-12,Bolivar,,2,0,W,1.9,0.9,0.1,0.9,1.0,False
Spokane,2026-09-12,Hollister,,0,2,L,0.9,1.94,-0.9,-0.06,-0.96,False
Spokane,2026-09-12,Parkview,,2,0,W,3.0,-0.14,-1.0,-0.14,-1.14,False
Spokane,2026-09-12,Skyline,,2,0,W,1.84,1.24,0.16,1.24,1.4,False
Spokane,2026-09-14,Galena,,3,0,W,3.72,-0.99,-0.72,-0.99,-1.71,False
Spokane,2026-09-17,Clever,,2,3,L,1.2,1.89,0.8,-1.11,-0.31,False
Spokane,2026-09-21,Reeds Spring,,3,0,W,2.48,1.1,0.52,1.1,1.62,False
Spokane,2026-09-22,New Covenant Academy,,0,3,L,0.05,2.48,-0.05,-0.52,-0.58,False
Spokane,2026-09-24,Greenwood,,3,0,W,2.84,0.36,0.16,0.36,0.51,False
Spokane,2026-09-26,Billings,,1,1,T,1.7,1.52,-0.7,0.52,-0.18,False
Spokane,2026-09-26,Chadwick,,2,0,W,3.52,-0.49,-1.52,-0.49,-2.01,False
Spokane,2026-09-26,Galena,,2,0,W,3.72,-0.99,-1.72,-0.99,-2.71,False
Spokane,2026-09-26,Monett,,2,0,W,2.07,0.97,-0.07,0.97,0.9,False
Spokane,2026-09-26,Southwest (Washburn),,2,0,W,3.78,-1.06,-1.78,-1.06,-2.85,False
Spokane,2026-09-29,Pleasant Hope,,3,0,W,2.68,0.26,0.32,0.26,0.57,False
Spokane,2026-10-01,Crane,,3,0,W,2.83,0.25,0.17,0.25,0.42,False
Spokane,2026-10-05,Forsyth,,3,0,W,2.95,-0.08,0.05,-0.08,-0.03,False
Spokane,2026-10-06,Blue Eye,,3,1,W,1.61,1.03,1.39,0.03,1.42,False
Spokane,2026-10-08,Pierce City,,,,,2.32,0.47,,,,False
Spokane,2026-10-13,Fordland,,,,,3.08,0.51,,,,False
Spokane,2026-10-15,Billings,,,,,1.7,1.52,,,,False
Spokane,2026-10-17,Marion C. Early,,,,,5.51,-1.81,,,,False
"Spring Hill(Spring Hill, KS)",2026-09-12,Platte County,,0,2,L,,,,,,False
"Spring Hill(Spring Hill, KS)",2026-10-03,Raymore-Peculiar,,2,1,W,,,,,,False
"Spring Hill(Spring Hill, KS)",2026-10-03,Benton,,2,1,W,,,,,,False
"Springdale East(Springdale , AR)",2026-09-26,Liberal,,1,1,T,,,,,,False
"Springdale HS(springdale, AR)",2026-09-26,New Heights Christian,,1,1,T,,,,,,False
"Springdale(Springdale, AR)",2026-09-14,McDonald County,,3,0,W,,,,,,False
"Springdale(Springdale, AR)",2026-09-26,Neosho,,2,0,W,,,,,,False
Springfield Catholic,2026-08-29,Carthage,,0,2,L,0.14,2.36,-0.14,0.36,0.22,False
Springfield Catholic,2026-08-29,Lebanon,,1,1,T,0.97,1.51,0.03,0.51,0.54,False
Springfield Catholic,2026-08-29,Mt. Vernon,,0,2,L,0.72,1.66,-0.72,-0.34,-1.06,False
Springfield Catholic,2026-08-29,Reeds Spring,,2,0,W,2.35,0.83,-0.35,0.83,0.48,False
Springfield Catholic,2026-09-01,Mt. Vernon,,0,3,L,0.72,1.66,-0.72,-1.34,-2.06,False
Springfield Catholic,2026-09-03,Lighthouse Sr. High,,0,3,L,,,,,,False
Springfield Catholic,2026-09-08,Branson,,0,3,L,0.64,1.87,-0.64,-1.13,-1.78,False
Springfield Catholic,2026-09-10,Monett,,3,2,W,1.94,0.7,1.06,-1.3,-0.24,False
Springfield Catholic,2026-09-12,Camdenton,,2,0,W,1.66,0.78,0.34,0.78,1.12,False
Springfield Catholic,2026-09-12,Carl Junction,,0,2,L,0.64,1.81,-0.64,-0.19,-0.83,False
Springfield Catholic,2026-09-12,Carthage,,1,1,T,0.14,2.36,0.86,1.36,2.22,False
Springfield Catholic,2026-09-12,Dixon,,2,0,W,3.61,-1.02,-1.61,-1.02,-2.63,False
Springfield Catholic,2026-09-12,Strafford,,0,2,L,0.3,2.14,-0.3,0.14,-0.16,False
Springfield Catholic,2026-09-15,Diamond,,3,0,W,2.7,0.13,0.3,0.13,0.44,False
Springfield Catholic,2026-09-17,Marshfield,,0,3,L,0.28,2.25,-0.28,-0.75,-1.03,False
Springfield Catholic,2026-09-19,Aurora,,2,0,W,2.82,0.32,-0.82,0.32,-0.5,False
Springfield Catholic,2026-09-19,Hillcrest,,2,0,W,1.55,0.73,0.45,0.73,1.18,False
Springfield Catholic,2026-09-21,Central (Springfield),,3,0,W,2.05,0.19,0.95,0.19,1.14,False
Springfield Catholic,2026-09-24,Reeds Spring,,3,1,W,2.35,0.83,0.65,-0.17,0.48,False
Springfield Catholic,2026-09-26,Ash Grove,,2,0,W,1.6,0.92,0.4,0.92,1.32,False
Springfield Catholic,2026-09-26,Cabool,,0,2,L,1.06,1.43,-1.06,-0.57,-1.63,False
Springfield Catholic,2026-09-26,Liberty (Mountain View),,1,1,T,0.87,1.71,0.13,0.71,0.84,False
Springfield Catholic,2026-09-26,Lockwood,,0,2,L,1.02,1.38,-1.02,-0.62,-1.64,False
Springfield Catholic,2026-09-26,Osceola,,2,1,W,1.29,1.37,0.71,0.37,1.08,False
Springfield Catholic,2026-09-28,Forsyth,,3,0,W,2.82,-0.35,0.18,-0.35,-0.16,False
Springfield Catholic,2026-10-01,Fair Grove,,3,0,W,1.34,1.01,1.66,1.01,2.68,False
Springfield Catholic,2026-10-06,Buffalo,,3,0,W,2.57,-0.15,0.43,-0.15,0.28,False
Springfield Catholic,2026-10-08,Hollister,,0,3,L,0.77,1.68,-0.77,-1.32,-2.09,False
Springfield Catholic,2026-10-13,Clever,,,,,1.07,1.62,,,,False
Springfield Catholic,2026-10-15,Strafford,,,,,0.3,2.14,,,,False
Springfield Catholic,2026-10-16,Logan-Rogersville,,,,,1.11,2.0,,,,False
Springfield Catholic,2026-10-22,TBD,,,,,,,,,,False
"St Henry District(Erlanger, KY)",2026-09-12,St. Joseph's Academy,,2,1,W,,,,,,False
"St Louis Ignite(St Louis, MO)",2026-10-03,Northwest (Cedar Hill),,1,2,L,,,,,,False
"St Louis Panthers(ST. Louis, MO)",2026-09-11,Lee's Summit North,,0,2,L,,,,,,False
"St Thomas Aquinas(Overland Park, KS)",2026-08-31,Park Hill South,,2,0,W,,,,,,False
St. Charles,2026-08-27,Duchesne,,1,3,L,0.25,2.91,0.75,-0.09,0.67,False
St. Charles,2026-09-01,Ft. Zumwalt East,,3,2,W,1.75,1.48,1.25,-0.52,0.74,False
St. Charles,2026-09-03,Holt,,0,3,L,0.32,3.36,-0.32,0.36,0.04,False
St. Charles,2026-09-08,Whitfield,,2,3,L,1.82,1.96,0.18,-1.04,-0.86,False
St. Charles,2026-09-10,Winfield,,1,3,L,1.11,2.54,-0.11,-0.46,-0.57,False
St. Charles,2026-09-12,Affton,,1,2,L,1.82,1.82,-0.82,-0.18,-1.0,False
St. Charles,2026-09-12,Parkway North,,1,2,L,1.21,2.73,-0.21,0.73,0.52,False
St. Charles,2026-09-12,Pattonville,,1,2,L,1.26,2.51,-0.26,0.51,0.25,False
St. Charles,2026-09-15,St. Charles West,,1,3,L,0.99,2.65,0.01,-0.35,-0.33,False
St. Charles,2026-09-17,Orchard Farm,,1,3,L,0.07,3.59,0.93,0.59,1.52,False
St. Charles,2026-09-19,Affton,,2,1,W,1.82,1.82,0.18,0.82,1.0,False
St. Charles,2026-09-19,Clayton,,0,2,L,1.38,2.49,-1.38,0.49,-0.89,False
St. Charles,2026-09-19,Hannibal,,0,2,L,-1.13,4.21,1.13,2.21,3.34,False
St. Charles,2026-09-19,Pattonville,,2,1,W,1.26,2.51,0.74,1.51,2.25,False
St. Charles,2026-09-19,STEAM Academy,,2,0,W,2.74,0.87,-0.74,0.87,0.13,False
St. Charles,2026-09-22,Warrenton,,2,3,L,1.21,2.26,0.79,-0.74,0.05,False
St. Charles,2026-09-24,Veritas Christian Academy,,3,2,W,3.02,0.32,-0.02,-1.68,-1.7,False
St. Charles,2026-09-29,Holt,,0,3,L,0.32,3.36,-0.32,0.36,0.04,False
St. Charles,2026-10-01,Winfield,,1,3,L,1.11,2.54,-0.11,-0.46,-0.57,False
St. Charles,2026-10-06,St. Charles West,,0,3,L,0.99,2.65,-0.99,-0.35,-1.33,False
St. Charles,2026-10-08,Clayton,,,,,1.38,2.49,,,,False
St. Charles,2026-10-13,Orchard Farm,,,,,0.07,3.59,,,,False
St. Charles,2026-10-15,Warrenton,,,,,1.21,2.26,,,,False
St. Charles,2026-10-20,Ft. Zumwalt East,,,,,1.75,1.48,,,,False
St. Charles West,2026-08-21,Holt,,,,,1.01,2.39,,,,False
St. Charles West,2026-08-28,Ladue Horton Watkins,,2,0,W,1.85,1.55,0.15,1.55,1.7,False
St. Charles West,2026-08-28,Lutheran North,,2,0,W,3.32,0.1,-1.32,0.1,-1.22,False
St. Charles West,2026-08-29,Centralia,,0,2,L,2.91,0.6,-2.91,-1.4,-4.31,False
St. Charles West,2026-08-29,Mehlville,,0,3,L,1.36,1.81,-1.36,-1.19,-2.55,False
St. Charles West,2026-08-29,Nerinx Hall,,1,2,L,1.05,2.44,-0.05,0.44,0.39,False
St. Charles West,2026-08-31,Hazelwood West,,3,0,W,3.04,-0.02,-0.04,-0.02,-0.07,False
St. Charles West,2026-09-01,Ft. Zumwalt North,,0,3,L,0.66,2.8,-0.66,-0.2,-0.85,False
St. Charles West,2026-09-03,Warrenton,,1,3,L,1.91,1.29,-0.91,-1.71,-2.62,False
St. Charles West,2026-09-08,Veritas Christian Academy,,3,0,W,3.71,-0.65,-0.71,-0.65,-1.36,False
St. Charles West,2026-09-10,Orchard Farm,,0,3,L,0.77,2.62,-0.77,-0.38,-1.14,False
St. Charles West,2026-09-12,Troy Buchanan,,1,1,T,1.46,1.82,-0.46,0.82,0.36,False
St. Charles West,2026-09-12,Ft. Zumwalt East,,1,1,T,2.44,0.52,-1.44,-0.48,-1.93,False
St. Charles West,2026-09-12,Collegiate School of Med-Bio Science,,2,0,W,3.76,-0.06,-1.76,-0.06,-1.82,False
St. Charles West,2026-09-12,Winfield,,2,1,W,1.8,1.57,0.2,0.57,0.76,False
St. Charles West,2026-09-12,Pacific,,1,2,L,0.54,2.58,0.46,0.58,1.04,False
St. Charles West,2026-09-15,St. Charles,,3,1,W,2.65,0.99,0.35,-0.01,0.33,False
St. Charles West,2026-09-17,Holt,,1,3,L,1.01,2.39,-0.01,-0.61,-0.62,False
St. Charles West,2026-09-21,Wright City,,1,3,L,1.56,1.47,-0.56,-1.53,-2.09,False
St. Charles West,2026-09-22,Winfield,,3,0,W,1.8,1.57,1.2,1.57,2.76,False
St. Charles West,2026-09-24,Ft. Zumwalt South,,3,0,W,1.72,1.4,1.28,1.4,2.68,False
St. Charles West,2026-09-28,Ft. Zumwalt East,,3,0,W,2.44,0.52,0.56,0.52,1.07,False
St. Charles West,2026-09-29,Warrenton,,3,1,W,1.91,1.29,1.09,0.29,1.38,False
St. Charles West,2026-10-01,Orchard Farm,,1,3,L,0.77,2.62,0.23,-0.38,-0.14,False
St. Charles West,2026-10-05,Pattonville,,2,3,L,1.96,1.54,0.04,-1.46,-1.41,False
St. Charles West,2026-10-06,St. Charles,,3,0,W,2.65,0.99,0.35,0.99,1.33,False
St. Charles West,2026-10-08,Parkway North,,3,2,W,1.91,1.76,1.09,-0.24,0.85,False
St. Charles West,2026-10-12,Duchesne,,,,,0.94,1.94,,,,False
St. Charles West,2026-10-13,Holt,,,,,1.01,2.39,,,,False
St. Charles West,2026-10-16,Winfield,,,,,1.8,1.57,,,,False
St. Charles West,2026-10-20,Winfield,,,,,1.8,1.57,,,,False
St. Clair,2026-09-01,Windsor (Imperial),,1,3,L,2.16,1.05,-1.16,-1.95,-3.11,False
St. Clair,2026-09-02,St. Francis Borgia,,0,3,L,0.65,2.48,-0.65,-0.52,-1.17,False
St. Clair,2026-09-03,Cuba,,3,2,W,2.83,0.47,0.17,-1.53,-1.36,False
St. Clair,2026-09-05,"Dyer County(Newbern, TN)",,0,2,L,,,,,,False
St. Clair,2026-09-05,"Gibson County(Dyer, TN)",,2,0,W,,,,,,False
St. Clair,2026-09-05,"Herrin(Herrin, IL)",,1,2,L,,,,,,False
St. Clair,2026-09-05,Oakville,,2,0,W,1.41,2.17,0.59,2.17,2.75,False
St. Clair,2026-09-12,Hannibal,,0,2,L,0.73,2.31,-0.73,0.31,-0.41,False
St. Clair,2026-09-12,Hickman,,1,1,T,1.83,1.42,-0.83,0.42,-0.41,False
St. Clair,2026-09-12,"Jonesboro(Jonesboro, AR)",,1,1,T,,,,,,False
St. Clair,2026-09-12,Seckman,,0,2,L,1.46,2.08,-1.46,0.08,-1.38,False
St. Clair,2026-09-14,Washington,,1,3,L,2.32,1.17,-1.32,-1.83,-3.15,False
St. Clair,2026-09-17,Pacific,,1,3,L,1.7,1.65,-0.7,-1.35,-2.04,False
St. Clair,2026-09-21,Grandview (Hillsboro),,3,0,W,4.49,-1.33,-1.49,-1.33,-2.82,False
St. Clair,2026-09-22,Sullivan,,3,2,W,1.11,1.98,1.89,-0.02,1.86,False
St. Clair,2026-09-24,Owensville,,3,0,W,2.52,0.87,0.48,0.87,1.36,False
St. Clair,2026-09-28,Salem,,3,1,W,3.01,0.56,-0.01,-0.44,-0.45,False
St. Clair,2026-09-29,Montgomery County,,3,0,W,3.62,0.01,-0.62,0.01,-0.62,False
St. Clair,2026-09-30,Festus,,3,0,W,1.31,1.8,1.69,1.8,3.49,False
St. Clair,2026-10-05,Hillsboro,,3,2,W,1.63,1.87,1.37,-0.13,1.24,False
St. Clair,2026-10-06,Hermann,,3,0,W,2.79,0.43,0.21,0.43,0.64,False
St. Clair,2026-10-08,Union,,3,0,W,2.94,0.82,0.06,0.82,0.88,False
St. Clair,2026-10-13,St. James,,,,,4.95,-1.76,,,,False
St. Clair,2026-10-14,Northwest (Cedar Hill),,,,,2.9,0.34,,,,False
St. Clair,2026-10-15,New Haven,,,,,3.56,-0.45,,,,False
St. Clair,2026-10-19,DeSoto,,,,,3.34,-0.18,,,,False
St. Clair,2026-10-22,TBD,,,,,,,,,,False
St. Dominic,2026-08-27,Eureka,,1,2,L,1.28,1.58,-0.28,-0.42,-0.69,False
St. Dominic,2026-08-27,Ft. Zumwalt West,,2,0,W,1.34,1.01,0.66,1.01,1.67,False
St. Dominic,2026-08-31,St. Francis Borgia,,3,0,W,1.65,0.95,1.35,0.95,2.3,False
St. Dominic,2026-09-01,Francis Howell Central,,3,0,W,3.11,0.17,-0.11,0.17,0.06,False
St. Dominic,2026-09-03,Villa Duchesne,,3,0,W,4.36,-1.35,-1.36,-1.35,-2.72,False
St. Dominic,2026-09-08,St. Joseph's Academy,,3,0,W,1.84,1.08,1.16,1.08,2.23,False
St. Dominic,2026-09-10,Notre Dame (St. Louis),,3,0,W,3.66,-0.63,-0.66,-0.63,-1.3,False
St. Dominic,2026-09-11,Kickapoo,,2,0,W,1.37,0.97,0.63,0.97,1.6,False
St. Dominic,2026-09-11,Rockwood Summit,,2,0,W,2.13,0.71,-0.13,0.71,0.58,False
St. Dominic,2026-09-12,Jefferson City,,2,0,W,2.11,0.71,-0.11,0.71,0.6,False
St. Dominic,2026-09-12,Ozark,,1,2,L,1.19,1.39,-0.19,-0.61,-0.8,False
St. Dominic,2026-09-14,Timberland,,3,0,W,3.48,-0.42,-0.48,-0.42,-0.9,False
St. Dominic,2026-09-15,Incarnate Word Academy,,1,3,L,1.66,1.93,-0.66,-1.07,-1.73,False
St. Dominic,2026-09-17,Visitation Academy,,3,0,W,4.06,-1.2,-1.06,-1.2,-2.26,False
St. Dominic,2026-09-22,Ursuline Academy,,3,0,W,3.05,0.0,-0.05,0.0,-0.05,False
St. Dominic,2026-09-24,Cor Jesu Academy,,3,1,W,1.9,1.35,1.1,0.35,1.46,False
St. Dominic,2026-09-26,Lafayette (Wildwood),,1,2,L,0.48,2.24,0.52,0.24,0.76,False
St. Dominic,2026-09-26,Nixa,,2,1,W,1.59,1.06,0.41,0.06,0.47,False
St. Dominic,2026-09-26,Jackson,,0,2,L,0.63,1.86,-0.63,-0.14,-0.77,False
St. Dominic,2026-09-29,Nerinx Hall,,3,1,W,3.21,-0.02,-0.21,-1.02,-1.23,False
St. Dominic,2026-09-30,Lafayette (Wildwood),,1,3,L,0.48,2.24,0.52,-0.76,-0.24,False
St. Dominic,2026-10-03,Blue Springs,,1,2,L,1.83,0.98,-0.83,-1.02,-1.85,False
St. Dominic,2026-10-03,Oak Grove,,0,2,L,1.46,1.1,-1.46,-0.9,-2.36,False
St. Dominic,2026-10-03,Liberty North,,1,2,L,2.19,1.36,-1.19,-0.64,-1.82,False
St. Dominic,2026-10-03,Staley,,2,0,W,2.27,0.43,-0.27,0.43,0.16,False
St. Dominic,2026-10-08,Lutheran St. Charles,,3,0,W,3.12,0.42,-0.12,0.42,0.3,False
St. Dominic,2026-10-13,Marquette,,,,,2.41,0.77,,,,False
St. Dominic,2026-10-15,Westminster Christian Academy,,,,,1.81,0.78,,,,False
St. Dominic,2026-10-21,TBD,,,,,,,,,,False
St. Francis Borgia,2026-08-27,Washington,,3,0,W,2.89,-0.09,0.11,-0.09,0.02,False
St. Francis Borgia,2026-08-31,St. Dominic,,0,3,L,0.95,1.65,-0.95,-1.35,-2.3,False
St. Francis Borgia,2026-09-02,St. Clair,,3,0,W,2.48,0.65,0.52,0.65,1.17,False
St. Francis Borgia,2026-09-03,Eureka,,0,3,L,0.84,1.85,-0.84,-1.15,-1.99,False
St. Francis Borgia,2026-09-05,Holt,,2,0,W,2.74,0.2,-0.74,0.2,-0.55,False
St. Francis Borgia,2026-09-05,Liberty (Wentzville),,2,0,W,2.78,-0.04,-0.78,-0.04,-0.82,False
St. Francis Borgia,2026-09-05,St. Louis Christian Sr.,,2,0,W,,,,,,False
St. Francis Borgia,2026-09-05,Timberland,,2,0,W,3.05,-0.15,-1.05,-0.15,-1.2,False
St. Francis Borgia,2026-09-05,Union,,1,1,T,3.51,-0.45,-2.51,-1.45,-3.96,False
St. Francis Borgia,2026-09-08,New Haven,,3,0,W,4.13,-1.72,-1.13,-1.72,-2.85,False
St. Francis Borgia,2026-09-10,Lutheran St. Charles,,3,0,W,2.68,0.68,0.32,0.68,1.0,False
St. Francis Borgia,2026-09-11,Incarnate Word Academy,,1,2,L,1.22,2.19,-0.22,0.19,-0.03,False
St. Francis Borgia,2026-09-11,Jefferson City,,2,1,W,1.67,0.98,0.33,-0.02,0.31,False
St. Francis Borgia,2026-09-12,Lee's Summit North,,0,2,L,0.64,2.01,-0.64,0.01,-0.63,False
St. Francis Borgia,2026-09-12,Nixa,,2,0,W,1.15,1.33,0.85,1.33,2.17,False
St. Francis Borgia,2026-09-12,"St. James(Lenexa, KS)",,1,2,L,,,,,,False
St. Francis Borgia,2026-09-14,Pacific,,3,1,W,2.27,0.39,0.73,-0.61,0.12,False
St. Francis Borgia,2026-09-15,Sullivan,,3,0,W,1.68,0.71,1.32,0.71,2.03,False
St. Francis Borgia,2026-09-17,St. Louis Christian Sr.,,,,,,,,,,False
St. Francis Borgia,2026-09-21,Father Tolton,,3,0,W,3.32,-0.59,-0.32,-0.59,-0.91,False
St. Francis Borgia,2026-09-23,St. Louis Christian Sr.,,3,2,W,,,,,,False
St. Francis Borgia,2026-09-29,Hermann,,2,0,W,3.36,-0.83,-1.36,-0.83,-2.2,False
St. Francis Borgia,2026-09-29,Owensville,,2,0,W,3.09,-0.39,-1.09,-0.39,-1.48,False
St. Francis Borgia,2026-09-29,St. Louis Christian Sr.,,0,2,L,,,,,,False
St. Francis Borgia,2026-10-01,St. Louis Christian Sr.,,0,2,L,,,,,,False
St. Francis Borgia,2026-10-01,Washington,,2,0,W,2.89,-0.09,-0.89,-0.09,-0.98,False
St. Francis Borgia,2026-10-05,Duchesne,,3,0,W,2.67,-0.25,0.33,-0.25,0.08,False
St. Francis Borgia,2026-10-07,Festus,,3,0,W,1.88,0.53,1.12,0.53,1.65,False
St. Francis Borgia,2026-10-09,Logan-Rogersville,,,,,2.75,0.46,,,,False
St. Francis Borgia,2026-10-09,West Plains,,,,,1.45,1.19,,,,False
St. Francis Borgia,2026-10-10,"Greenwood(Greenwood, AR)",,,,,,,,,,False
St. Francis Borgia,2026-10-10,"Olathe NW(Olathe, KS)",,,,,,,,,,False
St. Francis Borgia,2026-10-10,Ozark,,,,,0.75,1.66,,,,False
St. Francis Borgia,2026-10-12,Union,,,,,3.51,-0.45,,,,False
St. Francis Borgia,2026-10-14,St. Pius X (Festus),,,,,2.23,0.28,,,,False
St. Francis Borgia,2026-10-16,Fatima,,,,,3.57,-0.47,,,,False
St. Francis Borgia,2026-10-19,Hermann,,,,,3.36,-0.83,,,,False
St. Francis Borgia,2026-10-22,TBD,,,,,,,,,,False
St. James,2026-08-29,Bourbon,,0,2,L,0.68,2.06,-0.68,0.06,-0.62,False
St. James,2026-08-29,Plato,,0,2,L,0.49,2.46,-0.49,0.46,-0.04,False
St. James,2026-08-29,Laquey,,2,0,W,2.16,0.35,-0.16,0.35,0.19,False
St. James,2026-09-01,Salem,,0,3,L,-0.66,3.59,0.66,0.59,1.25,False
St. James,2026-09-03,Rolla,,0,3,L,-0.86,3.7,0.86,0.7,1.57,False
St. James,2026-09-08,Viburnum,,0,3,L,0.69,1.76,-0.69,-1.24,-1.92,False
St. James,2026-09-14,Dixon,,0,3,L,1.0,1.74,-1.0,-1.26,-2.27,False
St. James,2026-09-16,Steelville,,0,3,L,-0.02,3.09,0.02,0.09,0.11,False
St. James,2026-09-17,Hermann,,0,3,L,-0.87,3.47,0.87,0.47,1.34,False
St. James,2026-09-19,Bourbon,,1,1,T,0.68,2.06,0.32,1.06,1.38,False
St. James,2026-09-19,Cuba,,0,2,L,-0.84,3.51,0.84,1.51,2.35,False
St. James,2026-09-19,Licking,,0,2,L,-0.97,3.42,0.97,1.42,2.39,False
St. James,2026-09-19,Jefferson (Festus),,0,2,L,-0.6,3.43,0.6,1.43,2.03,False
St. James,2026-09-21,Bourbon,,1,3,L,0.68,2.06,0.32,-0.94,-0.62,False
St. James,2026-09-22,Owensville,,0,3,L,-1.15,3.91,1.15,0.91,2.06,False
St. James,2026-09-24,Sullivan,,0,3,L,-2.56,5.01,2.56,2.01,4.57,False
St. James,2026-09-28,Washington,,0,2,L,-1.35,4.21,1.35,2.21,3.56,False
St. James,2026-09-28,New Haven,,0,2,L,-0.11,2.58,0.11,0.58,0.69,False
St. James,2026-09-28,Pacific,,0,2,L,-1.97,4.69,1.97,2.69,4.66,False
St. James,2026-09-29,Cuba,,0,3,L,-0.84,3.51,0.84,0.51,1.35,False
St. James,2026-10-02,Chamois,,3,1,W,2.41,1.09,0.59,0.09,0.68,False
St. James,2026-10-05,Linn,,0,3,L,-1.53,4.27,1.53,1.27,2.79,False
St. James,2026-10-06,Union,,0,3,L,-0.73,3.85,0.73,0.85,1.58,False
St. James,2026-10-08,New Haven,,0,3,L,-0.11,2.58,0.11,-0.42,-0.31,False
St. James,2026-10-12,Belle,,,,,0.45,2.52,,,,False
St. James,2026-10-13,St. Clair,,,,,-1.76,4.95,,,,False
St. James,2026-10-14,Gateway Legacy Sr. H.,,,,,,,,,,False
St. James,2026-10-15,Pacific,,,,,-1.97,4.69,,,,False
St. James,2026-10-20,Owensville,,,,,-1.15,3.91,,,,False
"St. James(Lenexa, KS)",2026-09-12,St. Francis Borgia,,2,1,W,,,,,,False
"St. James(Lenexa, KS)",2026-09-12,Nixa,,1,2,L,,,,,,False
"St. James(Lenexa, KS)",2026-09-12,Oakville,,2,0,W,,,,,,False
"St. James(Lenexa, KS)",2026-10-13,St. Teresa's Academy,,,,,,,,,,False
St. Joseph Christian,2026-08-27,Mid-Buchanan,,0,3,L,0.04,2.29,-0.04,-0.71,-0.75,False
St. Joseph Christian,2026-08-29,Maysville,,2,0,W,3.25,-0.3,-1.25,-0.3,-1.55,False
St. Joseph Christian,2026-08-29,Mound City,,0,2,L,1.06,1.93,-1.06,-0.07,-1.14,False
St. Joseph Christian,2026-08-29,South Holt with Craig,,2,0,W,2.26,0.51,-0.26,0.51,0.25,False
St. Joseph Christian,2026-08-29,West Nodaway with Nodaway-Holt,,2,0,W,1.62,1.01,0.38,1.01,1.39,False
St. Joseph Christian,2026-08-31,Plattsburg,,3,2,W,1.87,0.77,1.13,-1.23,-0.1,False
St. Joseph Christian,2026-09-03,Savannah,,0,3,L,0.74,2.49,-0.74,-0.51,-1.25,False
St. Joseph Christian,2026-09-08,South Harrison,,3,0,W,2.64,0.31,0.36,0.31,0.67,False
St. Joseph Christian,2026-09-12,Bishop LeBlond,,0,2,L,1.07,2.06,-1.07,0.06,-1.01,False
St. Joseph Christian,2026-09-12,Lathrop,,1,1,T,2.65,0.37,-1.65,-0.63,-2.28,False
St. Joseph Christian,2026-09-12,St. Paul Lutheran (Concordia),,2,1,W,1.91,1.11,0.09,0.11,0.21,False
St. Joseph Christian,2026-09-15,Tarkio with Fairfax,,3,0,W,2.69,0.28,0.31,0.28,0.59,False
St. Joseph Christian,2026-09-17,Maysville,,3,0,W,3.25,-0.3,-0.25,-0.3,-0.55,False
St. Joseph Christian,2026-09-19,North Platte,,2,0,W,3.04,-0.52,-1.04,-0.52,-1.56,False
St. Joseph Christian,2026-09-19,Rock Port,,1,2,L,0.58,1.86,0.42,-0.14,0.27,False
St. Joseph Christian,2026-09-19,Union Star with King City,,2,0,W,3.22,-0.11,-1.22,-0.11,-1.33,False
St. Joseph Christian,2026-09-19,West Nodaway with Nodaway-Holt,,1,1,T,1.62,1.01,-0.62,0.01,-0.61,False
St. Joseph Christian,2026-09-22,Cameron,,3,1,W,2.08,0.77,0.92,-0.23,0.68,False
St. Joseph Christian,2026-09-24,"Riverside(Wathena, KS)",,3,1,W,,,,,,False
St. Joseph Christian,2026-09-28,Lathrop,,3,0,W,2.65,0.37,0.35,0.37,0.72,False
St. Joseph Christian,2026-09-29,West Platte,,3,1,W,1.47,1.72,1.53,0.72,2.25,False
St. Joseph Christian,2026-10-03,"Atchison Co Comm(Effingham, KS)",,2,0,W,,,,,,False
St. Joseph Christian,2026-10-03,"Doniphan West(Highland, KS)",,2,1,W,,,,,,False
St. Joseph Christian,2026-10-03,"Jefferson Co North(Winchester, KS)",,2,1,W,,,,,,False
St. Joseph Christian,2026-10-03,"Sabetha(Sabetha, KS)",,2,0,W,,,,,,False
St. Joseph Christian,2026-10-05,South Holt with Craig,,3,0,W,2.26,0.51,0.74,0.51,1.25,False
St. Joseph Christian,2026-10-06,East Buchanan,,0,3,L,0.71,2.05,-0.71,-0.95,-1.66,False
St. Joseph Christian,2026-10-12,Mound City,,,,,1.06,1.93,,,,False
St. Joseph Christian,2026-10-13,Chillicothe,,,,,1.89,0.79,,,,False
St. Joseph Christian,2026-10-15,Trenton,,,,,3.0,-0.11,,,,False
St. Joseph Christian,2026-10-20,Penney,,,,,4.4,-1.82,,,,False
St. Joseph's Academy,2026-08-28,"Althoff(Althoff, IL)",,2,0,W,,,,,,False
St. Joseph's Academy,2026-08-28,Duchesne,,2,0,W,2.8,-0.06,-0.8,-0.06,-0.86,False
St. Joseph's Academy,2026-08-28,"Quincy Notre Dame(Quincy, IL)",,2,0,W,,,,,,False
St. Joseph's Academy,2026-08-28,St. Pius X (Festus),,2,0,W,2.36,0.47,-0.36,0.47,0.11,False
St. Joseph's Academy,2026-08-29,"Mater Dei(Breese, IL)",,0,2,L,,,,,,False
St. Joseph's Academy,2026-08-31,Lafayette (Wildwood),,0,3,L,0.16,2.69,-0.16,-0.31,-0.47,False
St. Joseph's Academy,2026-09-03,Ursuline Academy,,3,1,W,2.74,0.45,0.26,-0.55,-0.28,False
St. Joseph's Academy,2026-09-08,St. Dominic,,0,3,L,1.08,1.84,-1.08,-1.16,-2.23,False
St. Joseph's Academy,2026-09-09,"STL Panthers(St. Louis, MO)",,0,3,L,,,,,,False
St. Joseph's Academy,2026-09-11,"Louisville Male(Louisville, KY)",,2,0,W,,,,,,False
St. Joseph's Academy,2026-09-11,"Notre Dame(Park Hills, KY)",,2,0,W,,,,,,False
St. Joseph's Academy,2026-09-12,"Assumption(Louisville, KY)",,0,2,L,,,,,,False
St. Joseph's Academy,2026-09-12,"St Henry District(Erlanger, KY)",,1,2,L,,,,,,False
St. Joseph's Academy,2026-09-12,"St. Thomas Aquinas(Fort Lauderdale, FL)",,0,2,L,,,,,,False
St. Joseph's Academy,2026-09-14,Nerinx Hall,,3,0,W,2.9,0.43,0.1,0.43,0.53,False
St. Joseph's Academy,2026-09-19,"Belleville East(Belleville, IL)",,0,2,L,,,,,,False
St. Joseph's Academy,2026-09-19,Jackson,,1,2,L,0.32,2.31,0.68,0.31,0.99,False
St. Joseph's Academy,2026-09-21,Villa Duchesne,,3,0,W,4.05,-0.9,-1.05,-0.9,-1.95,False
St. Joseph's Academy,2026-09-22,Cor Jesu Academy,,3,0,W,1.58,1.81,1.42,1.81,3.22,False
St. Joseph's Academy,2026-09-24,Notre Dame (St. Louis),,3,0,W,3.35,-0.18,-0.35,-0.18,-0.53,False
St. Joseph's Academy,2026-09-28,Marquette,,3,0,W,2.1,1.22,0.9,1.22,2.12,False
St. Joseph's Academy,2026-09-29,Incarnate Word Academy,,0,3,L,1.35,2.38,-1.35,-0.62,-1.96,False
St. Joseph's Academy,2026-10-01,Visitation Academy,,3,0,W,3.75,-0.75,-0.75,-0.75,-1.5,False
St. Joseph's Academy,2026-10-05,Oakville,,2,3,L,2.11,1.09,-0.11,-1.91,-2.02,False
St. Joseph's Academy,2026-10-09,Nixa,,,,,1.28,1.51,,,,False
St. Joseph's Academy,2026-10-10,Jefferson City,,,,,1.8,1.17,,,,False
St. Joseph's Academy,2026-10-10,Logan-Rogersville,,,,,2.87,0.65,,,,False
St. Joseph's Academy,2026-10-10,Ozark,,,,,0.87,1.84,,,,False
St. Joseph's Academy,2026-10-12,St. Pius X (Festus),,,,,2.36,0.47,,,,False
St. Joseph's Academy,2026-10-16,Parkway West,,,,,2.46,0.63,,,,False
St. Louis Christian Sr.,2026-08-24,Veritas Christian Academy,,,,,,,,,,False
St. Louis Christian Sr.,2026-08-28,Rock Bridge,,2,1,W,,,,,,False
St. Louis Christian Sr.,2026-09-01,Veritas Christian Academy,,2,3,L,,,,,,False
St. Louis Christian Sr.,2026-09-05,St. Francis Borgia,,0,2,L,,,,,,False
St. Louis Christian Sr.,2026-09-05,Washington,,2,0,W,,,,,,False
St. Louis Christian Sr.,2026-09-10,Wright City,,1,3,L,,,,,,False
St. Louis Christian Sr.,2026-09-12,Marquette,,2,0,W,,,,,,False
St. Louis Christian Sr.,2026-09-17,John Burroughs,,2,3,L,,,,,,False
St. Louis Christian Sr.,2026-09-17,St. Francis Borgia,,,,,,,,,,False
St. Louis Christian Sr.,2026-09-19,New Haven,,1,1,T,,,,,,False
St. Louis Christian Sr.,2026-09-21,Holt,,3,0,W,,,,,,False
St. Louis Christian Sr.,2026-09-23,St. Francis Borgia,,2,3,L,,,,,,False
St. Louis Christian Sr.,2026-09-24,St. Pius X (Festus),,3,0,W,,,,,,False
St. Louis Christian Sr.,2026-09-29,Hermann,,2,0,W,,,,,,False
St. Louis Christian Sr.,2026-09-29,Owensville,,2,0,W,,,,,,False
St. Louis Christian Sr.,2026-09-29,St. Francis Borgia,,2,0,W,,,,,,False
St. Louis Christian Sr.,2026-10-01,Pacific,,2,0,W,,,,,,False
St. Louis Christian Sr.,2026-10-01,St. Francis Borgia,,2,0,W,,,,,,False
St. Louis Christian Sr.,2026-10-05,Lafayette (Wildwood),,0,2,L,,,,,,False
St. Louis Christian Sr.,2026-10-09,Winfield,,,,,,,,,,False
St. Louis Christian Sr.,2026-10-12,Marquette,,,,,,,,,,False
"St. Louis Christian(st louis , MO)",2026-09-05,Liberty (Wentzville),,2,0,W,,,,,,False
St. Louis Ignite,2026-08-24,Veritas Christian Academy,,,,,,,,,,False
St. Louis Ignite,2026-08-27,Lutheran North,,0,1,L,,,,,,False
St. Louis Ignite,2026-09-08,Wright City,,0,3,L,,,,,,False
St. Louis Ignite,2026-09-12,Brentwood,,0,2,L,,,,,,False
St. Louis Ignite,2026-09-12,Confluence Prep Academy Charter with Grand Center Arts Charter,,2,0,W,,,,,,False
St. Louis Ignite,2026-09-15,Veritas Christian Academy,,3,0,W,,,,,,False
St. Louis Ignite,2026-09-17,Hillsboro,,0,3,L,,,,,,False
St. Louis Ignite,2026-09-18,Winfield,,0,3,L,,,,,,False
St. Louis Ignite,2026-09-22,Mehlville,,0,3,L,,,,,,False
St. Louis Ignite,2026-09-28,Maplewood-Richmond Hts.,,3,1,W,,,,,,False
St. Louis Ignite,2026-10-01,Brentwood,,2,3,L,,,,,,False
St. Louis Ignite,2026-10-03,Metro,,2,0,W,,,,,,False
St. Louis Ignite,2026-10-03,Puxico,,1,1,T,,,,,,False
St. Louis Ignite,2026-10-03,Ste. Genevieve,,0,2,L,,,,,,False
St. Louis Ignite,2026-10-06,Veritas Christian Academy,,3,1,W,,,,,,False
St. Louis Ignite,2026-10-12,Vashon,,,,,,,,,,False
"St. Louis Panthers Volleyball(St. Louis, MO)",2026-08-28,Blair Oaks,,2,0,W,,,,,,False
"St. Louis Panthers(St. Louis , MO)",2026-09-26,Waynesville,,2,0,W,,,,,,False
"St. Louis Panthers(St. Louis, MO)",2026-08-28,Farmington,,1,2,L,,,,,,False
"St. Louis Panthers(St. Louis, MO)",2026-09-26,Wright City,,2,0,W,,,,,,False
St. Louis Patriots Sr.,2026-09-18,Francis Howell Central,,3,0,W,,,,,,False
St. Louis Patriots Sr.,2026-09-19,Bowling Green,,0,2,L,,,,,,False
"St. Mary's - Colgan(Pittsburgh, KS)",2026-09-10,East Newton,,2,0,W,,,,,,False
St. Michael the Archangel,2026-08-27,Blue Springs,,0,2,L,1.82,1.04,-1.82,-0.96,-2.78,False
St. Michael the Archangel,2026-08-27,Park Hill,,2,1,W,2.08,1.53,-0.08,0.53,0.45,False
St. Michael the Archangel,2026-09-01,Barstow,,3,0,W,3.85,-0.99,-0.85,-0.99,-1.84,False
St. Michael the Archangel,2026-09-02,Warrensburg,,3,0,W,3.16,-0.26,-0.16,-0.26,-0.42,False
St. Michael the Archangel,2026-09-03,Pleasant Hill,,3,0,W,2.53,0.63,0.47,0.63,1.1,False
St. Michael the Archangel,2026-09-08,Lee's Summit West,,1,3,L,0.59,2.09,0.41,-0.91,-0.5,False
St. Michael the Archangel,2026-09-10,"St. Thomas Aquinas(Overland Park, KS)",,0,3,L,,,,,,False
St. Michael the Archangel,2026-09-12,Ft. Zumwalt West,,0,2,L,1.34,1.07,-1.34,-0.93,-2.27,False
St. Michael the Archangel,2026-09-12,Marquette,,2,0,W,2.41,0.83,-0.41,0.83,0.42,False
St. Michael the Archangel,2026-09-12,Rock Bridge,,2,0,W,2.23,0.62,-0.23,0.62,0.39,False
St. Michael the Archangel,2026-09-12,"STL Panthers(St. Louis, MO)",,2,1,W,,,,,,False
St. Michael the Archangel,2026-09-16,St. Teresa's Academy,,1,3,L,1.27,1.53,-0.27,-1.47,-1.74,False
St. Michael the Archangel,2026-09-17,Van Horn,,3,0,W,4.96,-2.2,-1.96,-2.2,-4.15,False
St. Michael the Archangel,2026-09-21,Lee's Summit,,3,1,W,1.93,1.5,1.07,0.5,1.58,False
St. Michael the Archangel,2026-09-23,Notre Dame de Sion,,3,1,W,2.87,0.69,0.13,-0.31,-0.18,False
St. Michael the Archangel,2026-09-26,"Blue Valley Northwest(Overland Park, KS)",,2,0,W,,,,,,False
St. Michael the Archangel,2026-09-26,"Blue Valley West(Overland Park, KS)",,2,1,W,,,,,,False
St. Michael the Archangel,2026-09-26,Notre Dame de Sion,,2,0,W,2.87,0.69,-0.87,0.69,-0.18,False
St. Michael the Archangel,2026-09-26,"Olathe East(Olathe, KS)",,2,0,W,,,,,,False
St. Michael the Archangel,2026-09-26,"Shawnee Heights(Topeka, KS)",,2,0,W,,,,,,False
St. Michael the Archangel,2026-09-28,University Academy Charter,,3,0,W,4.03,-1.64,-1.03,-1.64,-2.67,False
St. Michael the Archangel,2026-09-30,St. Pius X (Kansas City),,3,0,W,1.86,1.11,1.14,1.11,2.25,False
St. Michael the Archangel,2026-10-01,Oak Grove,,3,0,W,1.45,1.16,1.55,1.16,2.71,False
St. Michael the Archangel,2026-10-06,Summit Christian Academy,,3,1,W,3.08,-0.42,-0.08,-1.42,-1.5,False
St. Michael the Archangel,2026-10-07,"Bishop Miege(Roeland Park, KS)",,1,3,L,,,,,,False
St. Michael the Archangel,2026-10-08,Grain Valley,,3,0,W,2.72,0.35,0.28,0.35,0.62,False
St. Michael the Archangel,2026-10-13,Pembroke Hill,,,,,2.02,0.46,,,,False
St. Michael the Archangel,2026-10-14,Smithville,,,,,1.68,0.99,,,,False
St. Michael the Archangel,2026-10-15,Liberty North,,,,,2.18,1.42,,,,False
St. Michael the Archangel,2026-10-20,William Chrisman,,,,,3.43,-0.9,,,,False
St. Paul Lutheran (Concordia),2026-08-31,Cole Camp,,1,3,L,0.62,2.47,0.38,-0.53,-0.15,False
St. Paul Lutheran (Concordia),2026-09-03,Lafayette County,,0,3,L,0.6,2.27,-0.6,-0.73,-1.33,False
St. Paul Lutheran (Concordia),2026-09-08,Summit Christian Academy,,0,3,L,0.52,2.41,-0.52,-0.59,-1.11,False
St. Paul Lutheran (Concordia),2026-09-10,Lexington,,3,0,W,2.8,0.24,0.2,0.24,0.44,False
St. Paul Lutheran (Concordia),2026-09-12,Carrollton,,2,0,W,2.64,0.92,-0.64,0.92,0.28,False
St. Paul Lutheran (Concordia),2026-09-12,Chillicothe,,2,0,W,1.68,1.38,0.32,1.38,1.7,False
St. Paul Lutheran (Concordia),2026-09-12,Excelsior Springs,,2,0,W,2.34,1.01,-0.34,1.01,0.68,False
St. Paul Lutheran (Concordia),2026-09-12,St. Joseph Christian,,1,2,L,1.11,1.91,-0.11,-0.09,-0.21,False
St. Paul Lutheran (Concordia),2026-09-14,Lincoln,,3,1,W,2.68,0.64,0.32,-0.36,-0.05,False
St. Paul Lutheran (Concordia),2026-09-21,Lutheran (Kansas City),,3,0,W,2.0,1.06,1.0,1.06,2.06,False
St. Paul Lutheran (Concordia),2026-09-22,Orrick,,3,0,W,3.97,-0.68,-0.97,-0.68,-1.65,False
St. Paul Lutheran (Concordia),2026-09-24,Boonville,,0,3,L,0.79,2.42,-0.79,-0.58,-1.37,False
St. Paul Lutheran (Concordia),2026-09-26,Crest Ridge,,1,2,L,1.85,1.58,-0.85,-0.42,-1.28,False
St. Paul Lutheran (Concordia),2026-09-26,Knob Noster,,2,1,W,1.46,1.47,0.54,0.47,1.01,False
St. Paul Lutheran (Concordia),2026-09-26,La Monte,,1,1,T,2.11,1.12,-1.11,0.12,-0.99,False
St. Paul Lutheran (Concordia),2026-09-26,Northwest (Hughesville),,2,0,W,2.83,0.1,-0.83,0.1,-0.73,False
St. Paul Lutheran (Concordia),2026-09-26,Richmond,,1,1,T,3.12,0.02,-2.12,-0.98,-3.1,False
St. Paul Lutheran (Concordia),2026-09-28,Sweet Springs,,3,1,W,1.89,1.63,1.11,0.63,1.75,False
St. Paul Lutheran (Concordia),2026-09-29,Lone Jack,,1,3,L,0.75,2.42,0.25,-0.58,-0.33,False
St. Paul Lutheran (Concordia),2026-10-01,Warsaw,,2,3,L,0.91,2.6,1.09,-0.4,0.7,False
St. Paul Lutheran (Concordia),2026-10-06,Santa Fe,,2,3,L,1.27,1.9,0.73,-1.1,-0.36,False
St. Paul Lutheran (Concordia),2026-10-08,Concordia,,1,3,L,1.54,1.89,-0.54,-1.11,-1.65,False
St. Paul Lutheran (Concordia),2026-10-13,Wellington-Napoleon,,,,,2.45,0.73,,,,False
St. Paul Lutheran (Concordia),2026-10-15,Crest Ridge,,,,,1.85,1.58,,,,False
St. Paul Lutheran (Farmington),2026-08-28,Eagle Ridge Christian,,3,0,W,,,,,,False
St. Paul Lutheran (Farmington),2026-09-01,South Iron,,3,0,W,2.28,0.6,0.72,0.6,1.31,False
St. Paul Lutheran (Farmington),2026-09-02,Ste. Genevieve,,0,3,L,0.46,2.28,-0.46,-0.72,-1.19,False
St. Paul Lutheran (Farmington),2026-09-03,Valley,,3,0,W,1.84,0.74,1.16,0.74,1.9,False
St. Paul Lutheran (Farmington),2026-09-08,Greenville,,3,2,W,2.78,0.3,0.22,-1.7,-1.48,False
St. Paul Lutheran (Farmington),2026-09-09,Oak Ridge,,0,3,L,0.47,2.45,-0.47,-0.55,-1.02,False
St. Paul Lutheran (Farmington),2026-09-11,Clearwater,,0,2,L,2.48,-0.06,-2.48,-2.06,-4.54,False
St. Paul Lutheran (Farmington),2026-09-11,Eminence,,0,2,L,1.11,1.58,-1.11,-0.42,-1.53,False
St. Paul Lutheran (Farmington),2026-09-12,Grandview (Hillsboro),,1,0,W,2.7,-0.19,-1.7,-0.19,-1.88,False
St. Paul Lutheran (Farmington),2026-09-12,Kingston,,2,1,W,2.43,1.04,-0.43,0.04,-0.39,False
St. Paul Lutheran (Farmington),2026-09-12,Malden,,1,1,T,1.12,1.62,-0.12,0.62,0.49,False
St. Paul Lutheran (Farmington),2026-09-12,New Haven,,1,2,L,1.77,0.69,-0.77,-1.31,-2.08,False
St. Paul Lutheran (Farmington),2026-09-12,Owensville,,0,2,L,0.72,2.02,-0.72,0.02,-0.71,False
St. Paul Lutheran (Farmington),2026-09-12,Valley,,2,0,W,1.84,0.74,0.16,0.74,0.9,False
St. Paul Lutheran (Farmington),2026-09-14,West County,,3,0,W,2.02,0.85,0.98,0.85,1.83,False
St. Paul Lutheran (Farmington),2026-09-15,Clearwater,,3,0,W,2.48,-0.06,0.52,-0.06,0.46,False
St. Paul Lutheran (Farmington),2026-09-16,Valle Catholic,,0,3,L,-0.17,3.01,0.17,0.01,0.19,False
St. Paul Lutheran (Farmington),2026-09-18,Bismarck,,0,3,L,0.67,2.34,-0.67,-0.66,-1.33,False
St. Paul Lutheran (Farmington),2026-09-19,Clearwater,,2,0,W,2.48,-0.06,-0.48,-0.06,-0.54,False
St. Paul Lutheran (Farmington),2026-09-19,Ellington,,1,1,T,0.76,1.65,0.24,0.65,0.9,False
St. Paul Lutheran (Farmington),2026-09-19,Fredericktown,,0,2,L,0.74,2.38,-0.74,0.38,-0.35,False
St. Paul Lutheran (Farmington),2026-09-21,Kingston,,3,2,W,2.43,1.04,0.57,-0.96,-0.39,False
St. Paul Lutheran (Farmington),2026-09-23,Herculaneum,,3,1,W,2.58,-0.07,0.42,-1.07,-0.64,False
St. Paul Lutheran (Farmington),2026-09-30,Leopold,,0,3,L,-0.12,3.07,0.12,0.07,0.19,False
St. Paul Lutheran (Farmington),2026-10-05,North County,,1,3,L,1.25,2.15,-0.25,-0.85,-1.1,False
St. Paul Lutheran (Farmington),2026-10-06,Crystal City,,3,0,W,1.4,1.45,1.6,1.45,3.05,False
St. Paul Lutheran (Farmington),2026-10-09,Eagle Ridge Christian,,,,,,,,,,False
St. Paul Lutheran (Farmington),2026-10-13,Grandview (Hillsboro),,,,,2.7,-0.19,,,,False
St. Paul Lutheran (Farmington),2026-10-15,McKinley Classical Leadership,,,,,3.65,-0.92,,,,False
St. Paul Lutheran (Farmington),2026-10-16,Meadow Heights,,,,,1.11,1.67,,,,False
St. Paul Lutheran (Farmington),2026-10-20,Zalma,,,,,3.32,-0.63,,,,False
St. Pius X (Festus),2026-08-28,"Mater Dei(Breese, IL)",,0,2,L,,,,,,False
St. Pius X (Festus),2026-08-28,"Quincy Notre Dame(Quincy, IL)",,0,2,L,,,,,,False
St. Pius X (Festus),2026-08-28,St. Joseph's Academy,,0,2,L,0.47,2.36,-0.47,0.36,-0.11,False
St. Pius X (Festus),2026-08-29,"Althoff Catholic(Belleville, IL)",,2,0,W,,,,,,False
St. Pius X (Festus),2026-08-29,Duchesne,,2,1,W,1.73,0.76,0.27,-0.24,0.03,False
St. Pius X (Festus),2026-09-01,Saxony Lutheran,,1,3,L,1.05,1.73,-0.05,-1.27,-1.32,False
St. Pius X (Festus),2026-09-03,Marquette,,0,3,L,1.04,2.05,-1.04,-0.95,-1.99,False
St. Pius X (Festus),2026-09-09,Jackson,,0,3,L,-0.74,3.14,0.74,0.14,0.88,False
St. Pius X (Festus),2026-09-12,Francis Howell,,2,1,W,1.57,1.46,0.43,0.46,0.89,False
St. Pius X (Festus),2026-09-12,Lutheran St. Charles,,2,1,W,1.74,1.7,0.26,0.7,0.95,False
St. Pius X (Festus),2026-09-12,Rockwood Summit,,0,2,L,0.75,1.99,-0.75,-0.01,-0.76,False
St. Pius X (Festus),2026-09-14,Poplar Bluff,,3,0,W,2.56,0.04,0.44,0.04,0.48,False
St. Pius X (Festus),2026-09-16,Farmington,,0,3,L,0.59,2.22,-0.59,-0.78,-1.37,False
St. Pius X (Festus),2026-09-17,Potosi,,0,3,L,0.07,2.47,-0.07,-0.53,-0.6,False
St. Pius X (Festus),2026-09-23,Gateway Legacy Sr. H.,,3,0,W,,,,,,False
St. Pius X (Festus),2026-09-24,St. Louis Christian Sr.,,0,3,L,,,,,,False
St. Pius X (Festus),2026-09-30,St. Vincent,,3,0,W,2.47,0.31,0.53,0.31,0.84,False
St. Pius X (Festus),2026-10-02,"Belleville East(Belleville , IL)",,1,2,L,,,,,,False
St. Pius X (Festus),2026-10-02,"Belleville West(Bellville West, IL)",,2,1,W,,,,,,False
St. Pius X (Festus),2026-10-02,Liberty,,0,2,L,1.02,2.43,-1.02,0.43,-0.59,False
St. Pius X (Festus),2026-10-03,Francis Howell,,0,2,L,1.57,1.46,-1.57,-0.54,-2.11,False
St. Pius X (Festus),2026-10-03,"Waterloo(BellevilleI, IL)",,0,2,L,,,,,,False
St. Pius X (Festus),2026-10-06,Notre Dame (Cape Girardeau),,3,1,W,1.44,1.19,1.56,0.19,1.75,False
St. Pius X (Festus),2026-10-07,Nerinx Hall,,3,0,W,1.83,1.26,1.17,1.26,2.42,False
St. Pius X (Festus),2026-10-08,Ursuline Academy,,,,,1.67,1.28,,,,False
St. Pius X (Festus),2026-10-12,St. Joseph's Academy,,,,,0.47,2.36,,,,False
St. Pius X (Festus),2026-10-14,St. Francis Borgia,,,,,0.28,2.23,,,,False
St. Pius X (Festus),2026-10-20,Mehlville,,,,,2.15,0.63,,,,False
St. Pius X (Kansas City),2026-08-27,Liberty,,3,2,W,2.06,1.62,0.94,-0.38,0.56,False
St. Pius X (Kansas City),2026-08-28,Central (St. Joseph),,2,0,W,2.98,-0.28,-0.98,-0.28,-1.26,False
St. Pius X (Kansas City),2026-08-28,Raymore-Peculiar,,2,1,W,1.64,2.03,0.36,1.03,1.39,False
St. Pius X (Kansas City),2026-08-29,Savannah,,2,0,W,2.77,0.67,-0.77,0.67,-0.1,False
St. Pius X (Kansas City),2026-08-29,Seckman,,2,0,W,2.13,1.02,-0.13,1.02,0.89,False
St. Pius X (Kansas City),2026-09-01,Pembroke Hill,,3,1,W,1.68,0.87,1.32,-0.13,1.19,False
St. Pius X (Kansas City),2026-09-03,"Lansing(Lansing, KS)",,3,2,W,,,,,,False
St. Pius X (Kansas City),2026-09-08,"St. Thomas Aquinas(Overland Park, KS)",,0,3,L,,,,,,False
St. Pius X (Kansas City),2026-09-10,Odessa,,3,1,W,2.65,0.94,0.35,-0.06,0.29,False
St. Pius X (Kansas City),2026-09-12,Benton,,2,0,W,2.15,0.79,-0.15,0.79,0.65,False
St. Pius X (Kansas City),2026-09-12,Smithville,,2,1,W,1.35,1.4,0.65,0.4,1.06,False
St. Pius X (Kansas City),2026-09-12,Pembroke Hill,,2,0,W,1.68,0.87,0.32,0.87,1.19,False
St. Pius X (Kansas City),2026-09-14,North Kansas City,,3,0,W,2.36,0.77,0.64,0.77,1.4,False
St. Pius X (Kansas City),2026-09-15,Notre Dame de Sion,,3,1,W,2.54,1.1,0.46,0.1,0.57,False
St. Pius X (Kansas City),2026-09-19,Oak Park,,2,0,W,3.0,0.07,-1.0,0.07,-0.94,False
St. Pius X (Kansas City),2026-09-19,Smithville,,0,2,L,1.35,1.4,-1.35,-0.6,-1.94,False
St. Pius X (Kansas City),2026-09-19,Pembroke Hill,,2,0,W,1.68,0.87,0.32,0.87,1.19,False
St. Pius X (Kansas City),2026-09-19,Truman,,2,0,W,3.59,-0.94,-1.59,-0.94,-2.53,False
St. Pius X (Kansas City),2026-09-22,Pleasant Hill,,3,2,W,2.2,1.05,0.8,-0.95,-0.15,False
St. Pius X (Kansas City),2026-09-24,Bishop LeBlond,,3,0,W,3.1,0.23,-0.1,0.23,0.14,False
St. Pius X (Kansas City),2026-09-26,Adrian,,1,2,L,2.04,0.7,-1.04,-1.3,-2.34,False
St. Pius X (Kansas City),2026-09-26,Benton,,2,1,W,2.15,0.79,-0.15,-0.21,-0.35,False
St. Pius X (Kansas City),2026-09-26,Mound City,,2,0,W,3.09,0.1,-1.09,0.1,-0.99,False
St. Pius X (Kansas City),2026-09-26,Rock Port,,2,0,W,2.61,0.04,-0.61,0.04,-0.58,False
St. Pius X (Kansas City),2026-09-26,Sherwood,,2,0,W,4.98,-2.14,-2.98,-2.14,-5.12,False
St. Pius X (Kansas City),2026-09-26,Trenton,,2,0,W,5.03,-1.93,-3.03,-1.93,-4.96,False
St. Pius X (Kansas City),2026-09-28,"Hayden Catholic(Topeka, KS)",,3,2,W,,,,,,False
St. Pius X (Kansas City),2026-09-30,St. Michael the Archangel,,0,3,L,1.11,1.86,-1.11,-1.14,-2.25,False
St. Pius X (Kansas City),2026-10-05,Excelsior Springs,,3,0,W,4.57,-1.4,-1.57,-1.4,-2.97,False
St. Pius X (Kansas City),2026-10-06,St. Teresa's Academy,,1,3,L,0.94,1.95,0.06,-1.05,-0.99,False
St. Pius X (Kansas City),2026-10-12,Kearney,,,,,2.7,-0.06,,,,False
St. Pius X (Kansas City),2026-10-15,Northland Christian,,,,,3.31,-0.41,,,,False
St. Pius X (Kansas City),2026-10-22,TBD,,,,,,,,,,False
"St. Pius(Festus , MO)",2026-10-02,Liberty (Wentzville),,0,2,L,,,,,,False
St. Teresa's Academy,2026-08-25,Staley,,,,,2.35,0.32,,,,False
St. Teresa's Academy,2026-08-29,"Bishop Miege HS(Fairway, KS)",,1,2,L,,,,,,False
St. Teresa's Academy,2026-09-03,Pembroke Hill,,3,0,W,2.11,0.29,0.89,0.29,1.18,False
St. Teresa's Academy,2026-09-05,"Skutt Catholic H.S(Omaha, NE)",,2,1,W,,,,,,False
St. Teresa's Academy,2026-09-05,"St. Thomas Aquinas HS(Overland Park, KS)",,0,2,L,,,,,,False
St. Teresa's Academy,2026-09-10,"Blue Valley West H.S.(Overland Park, KS)",,0,3,L,,,,,,False
St. Teresa's Academy,2026-09-14,Lincoln College Prep,,3,0,W,3.86,-0.67,-0.86,-0.67,-1.53,False
St. Teresa's Academy,2026-09-16,St. Michael the Archangel,,3,1,W,1.53,1.27,1.47,0.27,1.74,False
St. Teresa's Academy,2026-09-19,Blue Springs South,,2,0,W,2.05,1.07,-0.05,1.07,1.02,False
St. Teresa's Academy,2026-09-19,"Blue Valley North(Overland Park, KS)",,1,2,L,,,,,,False
St. Teresa's Academy,2026-09-19,Lee's Summit North,,0,2,L,1.16,1.63,-1.16,-0.37,-1.53,False
St. Teresa's Academy,2026-09-19,"Maize South HS( Wichita, KS)",,0,2,L,,,,,,False
St. Teresa's Academy,2026-09-19,Park Hill South,,2,0,W,2.42,0.51,-0.42,0.51,0.09,False
St. Teresa's Academy,2026-09-24,"Bishop Miege HS(Roeland Park , KS)",,1,3,L,,,,,,False
St. Teresa's Academy,2026-10-01,Lee's Summit West,,0,3,L,0.68,1.92,-0.68,-1.08,-1.76,False
St. Teresa's Academy,2026-10-03,Belton,,2,1,W,2.59,0.59,-0.59,-0.41,-1.0,False
St. Teresa's Academy,2026-10-03,Kickapoo,,2,0,W,1.46,0.86,0.54,0.86,1.4,False
St. Teresa's Academy,2026-10-03,Lee's Summit North,,1,2,L,1.16,1.63,-0.16,-0.37,-0.53,False
St. Teresa's Academy,2026-10-03,Liberty North,,1,2,L,2.27,1.25,-1.27,-0.75,-2.02,False
St. Teresa's Academy,2026-10-06,St. Pius X (Kansas City),,3,1,W,1.95,0.94,1.05,-0.06,0.99,False
St. Teresa's Academy,2026-10-09,Notre Dame de Sion,,,,,2.96,0.52,,,,False
St. Teresa's Academy,2026-10-13,"St. James(Lenexa, KS)",,,,,,,,,,False
St. Teresa's Academy,2026-10-15,Pleasant Hill,,,,,2.62,0.47,,,,False
St. Teresa's Academy,2026-10-22,TBD,,,,,,,,,,False
"St. Thomas Aquinas HS(Overland Park, KS)",2026-09-05,St. Teresa's Academy,,2,0,W,,,,,,False
"St. Thomas Aquinas(Fort Lauderdale, FL)",2026-09-12,St. Joseph's Academy,,2,0,W,,,,,,False
"St. Thomas Aquinas(Overland Park, KS)",2026-09-08,St. Pius X (Kansas City),,3,0,W,,,,,,False
"St. Thomas Aquinas(Overland Park, KS)",2026-09-10,St. Michael the Archangel,,3,0,W,,,,,,False
"St. Thomas Aquinas(Overland Park, KS)",2026-09-12,Jackson,,2,1,W,,,,,,False
"St. Thomas Aquinas(Overland Park, KS)",2026-09-12,Lafayette (Wildwood),,2,1,W,,,,,,False
"St. Thomas Aquinas(Overland Park, KS)",2026-09-12,Westminster Christian Academy,,2,0,W,,,,,,False
"St. Thomas Aquinas(Overland Park, KS)",2026-09-19,Liberty North,,2,0,W,,,,,,False
"St. Thomas Aquinas(Overland Park, KS)",2026-09-19,Lee's Summit North,,1,2,L,,,,,,False
"St. Thomas Aquinas(Overland Park, KS)",2026-09-19,Oak Grove,,2,0,W,,,,,,False
"St. Thomas More(Champaign , IL)",2026-09-26,Cardinal Ritter,,2,0,W,,,,,,False
St. Vincent,2026-08-29,Francis Howell Central,,0,2,L,0.75,2.63,-0.75,0.63,-0.12,False
St. Vincent,2026-08-29,Francis Howell North,,0,2,L,0.99,2.35,-0.99,0.35,-0.64,False
St. Vincent,2026-08-29,Westminster Christian Academy,,0,2,L,-0.56,3.23,0.56,1.23,1.79,False
St. Vincent,2026-08-29,Visitation Academy,,,,,1.7,1.25,,,,False
St. Vincent,2026-09-01,Portageville,,1,3,L,2.08,1.34,-1.08,-1.66,-2.74,False
St. Vincent,2026-09-02,"Murphysboro(Murphysboro, IL)",,0,3,L,,,,,,False
St. Vincent,2026-09-03,Hillsboro,,0,3,L,0.27,2.79,-0.27,-0.21,-0.48,False
St. Vincent,2026-09-08,Saxony Lutheran,,0,3,L,0.06,2.9,-0.06,-0.1,-0.17,False
St. Vincent,2026-09-11,Leopold,,0,2,L,0.31,2.85,-0.31,0.85,0.53,False
St. Vincent,2026-09-11,Winona,,0,2,L,0.53,2.55,-0.53,0.55,0.02,False
St. Vincent,2026-09-12,Central (Cape Girardeau),,1,1,T,1.37,1.25,-0.37,0.25,-0.13,False
St. Vincent,2026-09-12,Perryville,,1,2,L,0.6,2.42,0.4,0.42,0.82,False
St. Vincent,2026-09-12,Portageville,,2,1,W,2.08,1.34,-0.08,0.34,0.26,False
St. Vincent,2026-09-14,Notre Dame (Cape Girardeau),,1,3,L,0.46,2.36,0.54,-0.64,-0.09,False
St. Vincent,2026-09-15,Crystal City,,3,0,W,1.84,1.23,1.16,1.23,2.39,False
St. Vincent,2026-09-17,Jefferson (Festus),,3,2,W,1.72,1.32,1.28,-0.68,0.6,False
St. Vincent,2026-09-21,Valle Catholic,,0,3,L,0.27,2.79,-0.27,-0.21,-0.47,False
St. Vincent,2026-09-24,Grandview (Hillsboro),,3,0,W,3.13,-0.41,-0.13,-0.41,-0.54,False
St. Vincent,2026-09-29,Herculaneum,,3,1,W,3.01,-0.29,-0.01,-1.29,-1.3,False
St. Vincent,2026-09-30,St. Pius X (Festus),,0,3,L,0.31,2.47,-0.31,-0.53,-0.84,False
St. Vincent,2026-10-03,Fredericktown,,0,2,L,1.17,2.16,-1.17,0.16,-1.01,False
St. Vincent,2026-10-03,Leopold,,0,2,L,0.31,2.85,-0.31,0.85,0.53,False
St. Vincent,2026-10-03,Metro,,1,2,L,2.06,0.47,-1.06,-1.53,-2.59,False
St. Vincent,2026-10-03,Potosi,,0,2,L,-0.91,3.65,0.91,1.65,2.56,False
St. Vincent,2026-10-03,South Iron,,2,0,W,2.72,0.38,-0.72,0.38,-0.34,False
St. Vincent,2026-10-05,Woodland,,1,3,L,0.73,2.37,0.27,-0.63,-0.36,False
St. Vincent,2026-10-07,Meadow Heights,,3,1,W,1.55,1.45,1.45,0.45,1.9,False
St. Vincent,2026-10-13,Perryville,,,,,0.6,2.42,,,,False
St. Vincent,2026-10-14,Leopold,,,,,0.31,2.85,,,,False
St. Vincent,2026-10-19,Oak Ridge,,,,,0.91,2.23,,,,False
Staley,2026-08-25,Blue Springs South,,,,,1.01,2.06,,,,False
Staley,2026-08-25,Blue Springs,,,,,0.87,1.86,,,,False
Staley,2026-08-25,St. Teresa's Academy,,,,,0.32,2.35,,,,False
Staley,2026-08-27,Oak Park,,3,0,W,2.38,0.47,0.62,0.47,1.09,False
Staley,2026-09-01,Liberty North,,0,3,L,1.23,2.24,-1.23,-0.76,-1.99,False
Staley,2026-09-03,Blue Springs South,,1,3,L,1.01,2.06,-0.01,-0.94,-0.95,False
Staley,2026-09-05,Park Hill,,0,2,L,1.12,2.35,-1.12,0.35,-0.77,False
Staley,2026-09-05,Park Hill South,,2,0,W,1.37,1.5,0.63,1.5,2.12,False
Staley,2026-09-08,Raymore-Peculiar,,3,2,W,1.02,2.44,1.98,0.44,2.42,False
Staley,2026-09-10,Smithville,,2,1,W,0.72,1.81,1.28,0.81,2.08,False
Staley,2026-09-10,Central (St. Joseph),,2,0,W,2.35,0.12,-0.35,0.12,-0.24,False
Staley,2026-09-15,Lee's Summit,,0,3,L,0.97,2.32,-0.97,-0.68,-1.65,False
Staley,2026-09-17,Lee's Summit West,,0,3,L,-0.36,2.91,0.36,-0.09,0.27,False
Staley,2026-09-19,"Bryant(Bryant, AR)",,0,2,L,,,,,,False
Staley,2026-09-19,Kickapoo,,0,2,L,0.41,1.85,-0.41,-0.15,-0.56,False
Staley,2026-09-19,Nixa,,0,2,L,0.63,1.94,-0.63,-0.06,-0.69,False
Staley,2026-09-19,Ozark,,0,2,L,0.23,2.27,-0.23,0.27,0.04,False
Staley,2026-09-19,Republic,,2,1,W,1.45,1.11,0.55,0.11,0.66,False
Staley,2026-09-22,Blue Springs,,3,1,W,0.87,1.86,2.13,0.86,2.99,False
Staley,2026-09-24,Blue Springs South,,2,3,L,1.01,2.06,0.99,-0.94,0.05,False
Staley,2026-09-28,North Kansas City,,3,0,W,1.74,1.17,1.26,1.17,2.43,False
Staley,2026-09-29,Liberty North,,1,3,L,1.23,2.24,-0.23,-0.76,-0.99,False
Staley,2026-10-01,Raymore-Peculiar,,0,3,L,1.02,2.44,-1.02,-0.56,-1.58,False
Staley,2026-10-03,Belton,,0,2,L,1.55,1.58,-1.55,-0.42,-1.97,False
Staley,2026-10-03,Kickapoo,,0,2,L,0.41,1.85,-0.41,-0.15,-0.56,False
Staley,2026-10-03,Liberty,,1,2,L,1.43,2.02,-0.43,0.02,-0.41,False
Staley,2026-10-03,Oak Grove,,0,2,L,0.5,1.98,-0.5,-0.02,-0.52,False
Staley,2026-10-03,St. Dominic,,0,2,L,0.43,2.27,-0.43,0.27,-0.16,False
Staley,2026-10-05,Platte County,,0,2,L,0.97,1.6,-0.97,-0.4,-1.38,False
Staley,2026-10-05,North Kansas City,,2,1,W,1.74,1.17,0.26,0.17,0.43,False
Staley,2026-10-08,Blue Springs,,1,3,L,0.87,1.86,0.13,-1.14,-1.01,False
Staley,2026-10-13,Lee's Summit,,,,,0.97,2.32,,,,False
Staley,2026-10-15,Lee's Summit West,,,,,-0.36,2.91,,,,False
"Stanton(Stanton, IA)",2026-09-26,Mid-Buchanan,,0,2,L,,,,,,False
Ste. Genevieve,2026-08-29,Central (Cape Girardeau),,2,0,W,1.95,0.67,0.05,0.67,0.72,False
Ste. Genevieve,2026-08-29,DeSoto,,2,0,W,2.56,0.17,-0.56,0.17,-0.39,False
Ste. Genevieve,2026-08-29,Hillsboro,,2,1,W,0.85,2.22,1.15,1.22,2.37,False
Ste. Genevieve,2026-08-29,Northwest (Cedar Hill),,2,0,W,2.12,0.69,-0.12,0.69,0.56,False
Ste. Genevieve,2026-08-29,Warrenton,,1,1,T,2.29,0.71,-1.29,-0.29,-1.58,False
Ste. Genevieve,2026-09-02,St. Paul Lutheran (Farmington),,3,0,W,2.28,0.46,0.72,0.46,1.19,False
Ste. Genevieve,2026-09-03,Jefferson (Festus),,3,0,W,2.29,0.74,0.71,0.74,1.44,False
Ste. Genevieve,2026-09-08,Herculaneum,,3,0,W,3.59,-0.87,-0.59,-0.87,-1.46,False
Ste. Genevieve,2026-09-10,Perryville,,2,3,L,1.18,1.84,0.82,-1.16,-0.33,False
Ste. Genevieve,2026-09-14,Valle Catholic,,0,3,L,0.84,2.22,-0.84,-0.78,-1.63,False
Ste. Genevieve,2026-09-16,Arcadia Valley,,3,0,W,1.6,1.21,1.4,1.21,2.62,False
Ste. Genevieve,2026-09-19,Affton,,2,0,W,2.9,0.26,-0.9,0.26,-0.64,False
Ste. Genevieve,2026-09-19,Clayton,,2,0,W,2.46,0.94,-0.46,0.94,0.48,False
Ste. Genevieve,2026-09-19,Ft. Zumwalt South,,2,0,W,2.1,0.82,-0.1,0.82,0.71,False
Ste. Genevieve,2026-09-19,Hannibal,,1,2,L,-0.05,2.66,1.05,0.66,1.71,False
Ste. Genevieve,2026-09-19,Pattonville,,2,0,W,2.34,0.96,-0.34,0.96,0.62,False
Ste. Genevieve,2026-09-21,DeSoto,,3,0,W,2.56,0.17,0.44,0.17,0.61,False
Ste. Genevieve,2026-09-24,Farmington,,0,3,L,0.18,2.82,-0.18,-0.18,-0.37,False
Ste. Genevieve,2026-09-29,North County,,2,3,L,2.26,1.35,-0.26,-1.65,-1.91,False
Ste. Genevieve,2026-10-01,Potosi,,1,3,L,-0.33,3.07,1.33,0.07,1.4,False
Ste. Genevieve,2026-10-03,Arcadia Valley,,0,2,L,1.6,1.21,-1.6,-0.79,-2.38,False
Ste. Genevieve,2026-10-03,Metro,,2,0,W,2.64,-0.11,-0.64,-0.11,-0.75,False
Ste. Genevieve,2026-10-03,Puxico,,1,1,T,1.94,1.04,-0.94,0.04,-0.9,False
Ste. Genevieve,2026-10-03,St. Louis Ignite,,2,0,W,,,,,,False
Ste. Genevieve,2026-10-06,Fredericktown,,2,3,L,1.75,1.58,0.25,-1.42,-1.17,False
Ste. Genevieve,2026-10-08,Central (Park Hills),,3,1,W,2.27,1.21,0.73,0.21,0.94,False
Steelville,2026-09-01,Laquey,,3,0,W,3.97,-0.95,-0.97,-0.95,-1.92,False
Steelville,2026-09-04,Dixon,,0,3,L,2.81,0.43,-2.81,-2.57,-5.38,False
Steelville,2026-09-09,Potosi,,0,3,L,-1.42,4.46,1.42,1.46,2.88,False
Steelville,2026-09-15,Viburnum,,3,0,W,2.49,0.46,0.51,0.46,0.97,False
Steelville,2026-09-16,St. James,,3,0,W,3.09,-0.02,-0.09,-0.02,-0.11,False
Steelville,2026-09-19,Viburnum,,2,0,W,2.49,0.46,-0.49,0.46,-0.03,False
Steelville,2026-09-19,Herculaneum,,2,0,W,2.51,0.52,-0.51,0.52,0.02,False
Steelville,2026-09-19,Licking,,0,2,L,0.83,2.12,-0.83,0.12,-0.72,False
Steelville,2026-09-19,Cuba,,1,2,L,0.97,2.21,0.03,0.21,0.24,False
Steelville,2026-09-19,Belle,,1,1,T,2.26,1.22,-1.26,0.22,-1.04,False
Steelville,2026-09-19,Warrenton,,1,1,T,1.21,2.1,-0.21,1.1,0.89,False
Steelville,2026-09-22,Kingston,,3,1,W,2.36,1.63,0.64,0.63,1.27,False
Steelville,2026-09-23,Plato,,3,1,W,2.3,1.15,0.7,0.15,0.85,False
Steelville,2026-09-24,Bourbon,,3,0,W,2.49,0.76,0.51,0.76,1.27,False
Steelville,2026-09-29,Licking,,1,3,L,0.83,2.12,0.17,-0.88,-0.72,False
Steelville,2026-10-01,Cuba,,1,3,L,0.97,2.21,0.03,-0.79,-0.76,False
Steelville,2026-10-02,Belle,,3,2,W,2.26,1.22,0.74,-0.78,-0.04,False
Steelville,2026-10-05,Viburnum,,3,0,W,2.49,0.46,0.51,0.46,0.97,False
Steelville,2026-10-07,Dixon,,,2,,2.81,0.43,,,,False
Steelville,2026-10-08,Belle,,3,2,W,2.26,1.22,0.74,-0.78,-0.04,False
Steelville,2026-10-12,Cuba,,,,,0.97,2.21,,,,False
Steelville,2026-10-13,Bourbon,,,,,2.49,0.76,,,,False
Steelville,2026-10-15,Bunker,,,,,2.35,1.46,,,,False
Steelville,2026-10-21,TBD,,,,,,,,,,False
Stockton,2026-08-29,Ash Grove,,1,2,L,1.2,1.9,-0.2,-0.1,-0.3,False
Stockton,2026-08-29,Diamond,,1,1,T,2.3,1.11,-1.3,0.11,-1.19,False
Stockton,2026-08-29,El Dorado Springs,,2,0,W,2.72,0.65,-0.72,0.65,-0.07,False
Stockton,2026-08-29,Osceola,,1,1,T,0.9,2.35,0.1,1.35,1.45,False
Stockton,2026-08-29,Pleasant Hope,,2,0,W,2.15,0.96,-0.15,0.96,0.81,False
Stockton,2026-09-01,Greenfield,,3,1,W,2.23,1.26,0.77,0.26,1.03,False
Stockton,2026-09-03,Lamar,,0,3,L,0.55,2.23,-0.55,-0.77,-1.32,False
Stockton,2026-09-08,Osceola,,0,3,L,0.9,2.35,-0.9,-0.65,-1.55,False
Stockton,2026-09-10,Bolivar,,3,1,W,1.37,1.61,1.63,0.61,2.24,False
Stockton,2026-09-14,El Dorado Springs,,3,0,W,2.72,0.65,0.28,0.65,0.93,False
Stockton,2026-09-15,Buffalo,,3,1,W,2.17,0.83,0.83,-0.17,0.66,False
Stockton,2026-09-17,Diamond,,3,1,W,2.3,1.11,0.7,0.11,0.81,False
Stockton,2026-09-19,Ash Grove,,2,0,W,1.2,1.9,0.8,1.9,2.7,False
Stockton,2026-09-19,Buffalo,,1,1,T,2.17,0.83,-1.17,-0.17,-1.34,False
Stockton,2026-09-19,Central (Springfield),,1,1,T,1.65,1.16,-0.65,0.16,-0.49,False
Stockton,2026-09-19,Fair Grove,,0,2,L,0.94,1.99,-0.94,-0.01,-0.95,False
Stockton,2026-09-19,Gloria Deo Academy,,2,0,W,3.2,-0.14,-1.2,-0.14,-1.34,False
Stockton,2026-09-22,Skyline,,0,3,L,1.31,1.94,-1.31,-1.06,-2.37,False
Stockton,2026-09-24,Marionville,,2,3,L,1.89,1.35,0.11,-1.65,-1.55,False
Stockton,2026-09-28,Butler,,0,3,L,0.54,2.72,-0.54,-0.28,-0.83,False
Stockton,2026-09-29,Lockwood,,1,3,L,0.62,2.36,0.38,-0.64,-0.26,False
Stockton,2026-10-01,Pleasant Hope,,3,0,W,2.15,0.96,0.85,0.96,1.81,False
Stockton,2026-10-06,Ash Grove,,1,3,L,1.2,1.9,-0.2,-1.1,-1.3,False
Stockton,2026-10-08,Sarcoxie,,3,2,W,2.02,1.64,0.98,-0.36,0.62,False
Stockton,2026-10-10,Conway,,,,,2.47,0.92,,,,False
Stockton,2026-10-10,Russellville,,,,,2.1,1.44,,,,False
Stockton,2026-10-10,School of the Ozarks,,,,,1.71,1.21,,,,False
Stockton,2026-10-13,Pierce City,,,,,1.79,1.18,,,,False
Stockton,2026-10-14,Miller,,,,,1.32,2.05,,,,False
Stockton,2026-10-22,New Heights Christian,,,,,1.8,1.2,,,,False
Stover,2026-08-27,Versailles,,3,1,W,2.03,1.27,0.97,0.27,1.24,False
Stover,2026-09-01,Adrian,,0,3,L,0.42,2.27,-0.42,-0.73,-1.14,False
Stover,2026-09-03,Eugene,,3,0,W,3.29,0.15,-0.29,0.15,-0.15,False
Stover,2026-09-08,Lawson,,2,1,W,1.78,1.11,0.22,0.11,0.33,False
Stover,2026-09-08,Santa Fe,,2,0,W,1.88,1.07,0.12,1.07,1.19,False
Stover,2026-09-10,Russellville,,3,1,W,2.61,0.7,0.39,-0.3,0.09,False
Stover,2026-09-12,Holden,,2,0,W,2.88,-0.03,-0.88,-0.03,-0.91,False
Stover,2026-09-12,Lexington,,2,0,W,3.42,-0.59,-1.42,-0.59,-2.01,False
Stover,2026-09-12,Wellington-Napoleon,,2,0,W,3.06,-0.1,-1.06,-0.1,-1.16,False
Stover,2026-09-12,Northland Christian,,2,1,W,1.69,1.16,0.31,0.16,0.48,False
Stover,2026-09-12,Faith Christian Academy,,2,0,W,2.22,0.32,-0.22,0.32,0.1,False
Stover,2026-09-15,Sacred Heart,,3,0,W,2.46,0.57,0.54,0.57,1.11,False
Stover,2026-09-17,Northwest (Hughesville),,3,0,W,3.44,-0.73,-0.44,-0.73,-1.17,False
Stover,2026-09-22,Cole Camp,,2,3,L,1.24,1.64,0.76,-1.36,-0.6,False
Stover,2026-09-24,Green Ridge,,3,0,W,2.78,0.12,0.22,0.12,0.34,False
Stover,2026-09-26,Chillicothe,,2,0,W,2.29,0.55,-0.29,0.55,0.26,False
Stover,2026-09-26,Lincoln College Prep,,1,2,L,1.81,1.49,-0.81,-0.51,-1.32,False
Stover,2026-09-26,Rock Port,,0,2,L,0.99,1.61,-0.99,-0.39,-1.38,False
Stover,2026-09-26,Truman,,2,0,W,1.97,0.64,0.03,0.64,0.67,False
Stover,2026-09-29,Lincoln,,3,0,W,3.3,-0.19,-0.3,-0.19,-0.49,False
Stover,2026-10-01,Smithton,,3,1,W,2.65,0.51,0.35,-0.49,-0.14,False
Stover,2026-10-02,Fatima,,3,1,W,2.05,1.32,0.95,0.32,1.27,False
Stover,2026-10-05,La Monte,,3,0,W,2.72,0.29,0.28,0.29,0.56,False
Stover,2026-10-07,Green Ridge,,2,0,W,2.78,0.12,-0.78,0.12,-0.66,False
Stover,2026-10-07,La Monte,,2,0,W,2.72,0.29,-0.72,0.29,-0.44,False
Stover,2026-10-08,Northwest (Hughesville),,2,0,W,3.44,-0.73,-1.44,-0.73,-2.17,False
Stover,2026-10-08,Sacred Heart,,2,0,W,2.46,0.57,-0.46,0.57,0.11,False
Stover,2026-10-12,Skyline,,,,,1.82,1.21,,,,False
Stover,2026-10-13,Otterville,,,,,2.59,0.36,,,,False
Stover,2026-10-15,Windsor,,,,,3.84,-0.28,,,,False
Stover,2026-10-21,Windsor,,,,,3.84,-0.28,,,,False
Strafford,2026-08-26,Central (Springfield),,2,1,W,3.06,-0.64,-1.06,-1.64,-2.7,False
Strafford,2026-08-29,Bolivar,,2,0,W,2.78,-0.2,-0.78,-0.2,-0.98,False
Strafford,2026-08-29,Branson,,2,1,W,1.65,1.04,0.35,0.04,0.39,False
Strafford,2026-08-29,Carthage,,0,2,L,1.14,1.53,-1.14,-0.47,-1.62,False
Strafford,2026-08-29,Helias Catholic,,1,1,T,0.18,2.29,0.82,1.29,2.11,False
Strafford,2026-08-29,Summit Christian Academy,,1,1,T,2.02,0.51,-1.02,-0.49,-1.52,False
Strafford,2026-09-01,Bolivar,,2,1,W,2.78,-0.2,-0.78,-1.2,-1.98,False
Strafford,2026-09-01,Monett,,2,1,W,2.94,-0.13,-0.94,-1.13,-2.07,False
Strafford,2026-09-08,Liberty (Mountain View),,3,0,W,1.88,0.88,1.12,0.88,2.01,False
Strafford,2026-09-10,West Plains,,2,3,L,0.82,1.91,1.18,-1.09,0.09,False
Strafford,2026-09-12,Camdenton,,1,1,T,2.67,-0.05,-1.67,-1.05,-2.72,False
Strafford,2026-09-12,Carthage,,0,2,L,1.14,1.53,-1.14,-0.47,-1.62,False
Strafford,2026-09-12,Dixon,,2,0,W,4.61,-1.85,-2.61,-1.85,-4.46,False
Strafford,2026-09-12,Lebanon,,2,0,W,1.98,0.68,0.02,0.68,0.7,False
Strafford,2026-09-12,Smith-Cotton,,2,0,W,2.39,0.47,-0.39,0.47,0.08,False
Strafford,2026-09-12,Springfield Catholic,,2,0,W,2.14,0.3,-0.14,0.3,0.16,False
Strafford,2026-09-15,Marshfield,,1,3,L,1.29,1.42,-0.29,-1.58,-1.87,False
Strafford,2026-09-21,Skyline,,3,0,W,2.72,0.14,0.28,0.14,0.42,False
Strafford,2026-09-24,Buffalo,,3,0,W,3.58,-0.98,-0.58,-0.98,-1.55,False
Strafford,2026-09-26,Cabool,,2,0,W,2.07,0.6,-0.07,0.6,0.53,False
Strafford,2026-09-26,Glendale,,2,0,W,1.55,1.06,0.45,1.06,1.51,False
Strafford,2026-09-26,Lockwood,,2,0,W,2.02,0.55,-0.02,0.55,0.53,False
Strafford,2026-09-26,Osceola,,2,0,W,2.3,0.54,-0.3,0.54,0.24,False
Strafford,2026-09-28,Logan-Rogersville,,3,1,W,2.12,1.18,0.88,0.18,1.06,False
Strafford,2026-09-29,Reeds Spring,,3,0,W,3.35,-0.0,-0.35,-0.0,-0.36,False
Strafford,2026-10-01,Hollister,,3,0,W,1.78,0.85,1.22,0.85,2.07,False
Strafford,2026-10-06,Forsyth,,3,1,W,3.82,-1.18,-0.82,-2.18,-3.0,False
Strafford,2026-10-08,Clever,,3,0,W,2.08,0.8,0.92,0.8,1.72,False
Strafford,2026-10-13,Fair Grove,,,,,2.34,0.19,,,,False
Strafford,2026-10-15,Springfield Catholic,,,,,2.14,0.3,,,,False
Strafford,2026-10-22,TBD,,,,,,,,,,False
Sullivan,2026-08-28,Adrian,,2,0,W,1.43,0.95,0.57,0.95,1.52,False
Sullivan,2026-08-28,Lafayette County,,2,0,W,2.23,0.12,-0.23,0.12,-0.11,False
Sullivan,2026-08-29,Liberty (Mountain View),,2,0,W,2.0,0.63,0.0,0.63,0.63,False
Sullivan,2026-08-29,Benton,,2,0,W,1.54,1.05,0.46,1.05,1.51,False
Sullivan,2026-09-01,Blair Oaks,,3,1,W,1.42,1.41,1.58,0.41,1.99,False
Sullivan,2026-09-03,Salem,,3,0,W,3.07,-0.25,-0.07,-0.25,-0.32,False
Sullivan,2026-09-08,Waynesville,,3,0,W,3.46,-1.25,-0.46,-1.25,-1.71,False
Sullivan,2026-09-09,Warrenton,,3,0,W,3.13,-0.44,-0.13,-0.44,-0.57,False
Sullivan,2026-09-12,DeSoto,,2,0,W,3.4,-0.98,-1.4,-0.98,-2.38,False
Sullivan,2026-09-12,Festus,,2,0,W,1.37,1.0,0.63,1.0,1.63,False
Sullivan,2026-09-12,Ft. Zumwalt North,,2,0,W,1.88,1.07,0.12,1.07,1.19,False
Sullivan,2026-09-12,North County,,2,0,W,3.1,0.2,-1.1,0.2,-0.9,False
Sullivan,2026-09-12,Potosi,,0,2,L,0.51,1.92,-0.51,-0.08,-0.58,False
Sullivan,2026-09-14,Rolla,,3,0,W,2.87,-0.14,0.13,-0.14,-0.0,False
Sullivan,2026-09-15,St. Francis Borgia,,0,3,L,0.71,1.68,-0.71,-1.32,-2.03,False
Sullivan,2026-09-17,Union,,3,0,W,3.0,0.02,-0.0,0.02,0.01,False
Sullivan,2026-09-19,"Rogers Heritage(Rogers, AR)",,2,0,W,,,,,,False
Sullivan,2026-09-19,Southern Boone,,1,2,L,1.93,1.14,-0.93,-0.86,-1.79,False
Sullivan,2026-09-19,West Plains,,0,2,L,0.94,1.66,-0.94,-0.34,-1.29,False
Sullivan,2026-09-22,St. Clair,,2,3,L,1.98,1.11,0.02,-1.89,-1.86,False
Sullivan,2026-09-24,St. James,,3,0,W,5.01,-2.56,-2.01,-2.56,-4.57,False
Sullivan,2026-09-29,Fatima,,3,0,W,3.07,-0.0,-0.07,-0.0,-0.07,False
Sullivan,2026-10-02,Eminence,,2,0,W,2.97,-0.36,-0.97,-0.36,-1.33,False
Sullivan,2026-10-03,Owensville,,2,0,W,2.58,0.07,-0.58,0.07,-0.51,False
Sullivan,2026-10-03,Rockwood Summit,,1,2,L,1.19,1.44,-0.19,-0.56,-0.74,False
Sullivan,2026-10-03,Linn,,2,0,W,2.21,0.43,-0.21,0.43,0.22,False
Sullivan,2026-10-03,Central (Springfield),,2,0,W,3.18,-0.89,-1.18,-0.89,-2.08,False
Sullivan,2026-10-03,Washington,,1,2,L,2.38,0.37,-1.38,-1.63,-3.01,False
Sullivan,2026-10-05,Cuba,,3,0,W,2.9,-0.33,0.1,-0.33,-0.22,False
Sullivan,2026-10-06,New Haven,,3,0,W,3.62,-1.25,-0.62,-1.25,-1.88,False
Sullivan,2026-10-08,Pacific,,3,0,W,1.76,0.85,1.24,0.85,2.09,False
Sullivan,2026-10-12,Washington,,,,,2.38,0.37,,,,False
Sullivan,2026-10-13,Hermann,,,,,2.86,-0.37,,,,False
Sullivan,2026-10-15,Owensville,,,,,2.58,0.07,,,,False
Sullivan,2026-10-22,TBD,,,,,,,,,,False
Summersville,2026-09-01,Bunker,,3,2,W,2.4,1.41,0.6,-0.59,0.01,False
Summersville,2026-09-03,Thayer,,3,1,W,1.79,1.58,1.21,0.58,1.79,False
Summersville,2026-09-04,Cabool,,0,3,L,0.31,2.84,-0.31,-0.16,-0.48,False
Summersville,2026-09-08,Houston,,2,3,L,1.74,1.86,0.26,-1.14,-0.87,False
Summersville,2026-09-10,Willow Springs,,3,0,W,2.42,0.81,0.58,0.81,1.4,False
Summersville,2026-09-11,Central (New Madrid County),,0,2,L,1.4,1.99,-1.4,-0.01,-1.41,False
Summersville,2026-09-11,Zalma,,2,0,W,3.3,-0.09,-1.3,-0.09,-1.39,False
Summersville,2026-09-12,Bloomfield,,2,0,W,2.68,0.53,-0.68,0.53,-0.15,False
Summersville,2026-09-12,Northwest (Cedar Hill),,0,2,L,1.09,2.03,-1.09,0.03,-1.06,False
Summersville,2026-09-12,West County,,2,0,W,2.0,1.4,0.0,1.4,1.4,False
Summersville,2026-09-12,Jefferson (Festus),,1,2,L,1.26,2.09,-0.26,0.09,-0.17,False
Summersville,2026-09-15,Ellington,,0,3,L,0.74,2.2,-0.74,-0.8,-1.54,False
Summersville,2026-09-17,Lesterville,,3,0,W,1.57,1.69,1.43,1.69,3.12,False
Summersville,2026-09-21,Salem,,0,3,L,1.19,2.25,-1.19,-0.75,-1.95,False
Summersville,2026-09-24,Dora,,3,0,W,2.51,0.83,0.49,0.83,1.32,False
Summersville,2026-09-25,Eminence,,2,3,L,1.09,2.13,0.91,-0.87,0.03,False
Summersville,2026-09-26,Bakersfield,,3,0,W,2.35,1.07,0.65,1.07,1.72,False
Summersville,2026-09-29,Bakersfield,,3,1,W,2.35,1.07,0.65,0.07,0.72,False
Summersville,2026-10-01,Couch,,2,3,L,2.25,1.28,-0.25,-1.72,-1.97,False
Summersville,2026-10-05,Dora,,3,0,W,2.51,0.83,0.49,0.83,1.32,False
Summersville,2026-10-06,Licking,,0,3,L,0.88,2.07,-0.88,-0.93,-1.81,False
Summersville,2026-10-08,Eminence,,0,3,L,1.09,2.13,-1.09,-0.87,-1.97,False
Summersville,2026-10-12,Winona,,,,,0.07,3.32,,,,False
Summersville,2026-10-13,Plato,,,,,2.35,1.11,,,,False
Summersville,2026-10-15,Koshkonong,,,,,3.08,-0.05,,,,False
Summit Christian Academy,2026-08-29,Bolivar,,2,0,W,1.97,0.52,0.03,0.52,0.54,False
Summit Christian Academy,2026-08-29,Helias Catholic,,0,2,L,-0.62,3.01,0.62,1.01,1.63,False
Summit Christian Academy,2026-08-29,Kearney,,0,2,L,1.18,1.17,-1.18,-0.83,-2.0,False
Summit Christian Academy,2026-08-29,Parkview,,2,0,W,3.07,-0.52,-1.07,-0.52,-1.6,False
Summit Christian Academy,2026-08-29,Strafford,,1,1,T,0.51,2.02,0.49,1.02,1.52,False
Summit Christian Academy,2026-09-01,Notre Dame de Sion,,1,3,L,1.01,2.33,-0.01,-0.67,-0.68,False
Summit Christian Academy,2026-09-03,"Christ Prepatory(Lenexa, KS)",,3,1,W,,,,,,False
Summit Christian Academy,2026-09-08,St. Paul Lutheran (Concordia),,3,0,W,2.41,0.52,0.59,0.52,1.11,False
Summit Christian Academy,2026-09-10,Warrensburg,,1,3,L,1.3,1.39,-0.3,-1.61,-1.92,False
Summit Christian Academy,2026-09-14,Oak Grove,,0,3,L,-0.41,2.8,0.41,-0.2,0.21,False
Summit Christian Academy,2026-09-15,Lincoln College Prep,,3,0,W,1.91,1.14,1.09,1.14,2.23,False
Summit Christian Academy,2026-09-17,Pleasant Hill,,0,3,L,0.67,2.28,-0.67,-0.72,-1.39,False
Summit Christian Academy,2026-09-17,Lincoln College Prep,,3,0,W,1.91,1.14,1.09,1.14,2.23,False
Summit Christian Academy,2026-09-21,Northland Christian,,3,0,W,1.78,0.81,1.22,0.81,2.03,False
Summit Christian Academy,2026-09-24,Harrisonville,,1,3,L,1.35,1.66,-0.35,-1.34,-1.68,False
Summit Christian Academy,2026-09-26,Benton,,0,2,L,0.62,2.02,-0.62,0.02,-0.6,False
Summit Christian Academy,2026-09-26,Butler,,2,0,W,1.15,1.63,0.85,1.63,2.48,False
Summit Christian Academy,2026-09-26,Center,,1,1,T,1.71,0.72,-0.71,-0.28,-1.0,False
Summit Christian Academy,2026-09-26,William Chrisman,,1,1,T,1.57,0.74,-0.57,-0.26,-0.83,False
Summit Christian Academy,2026-09-29,Pembroke Hill,,2,3,L,0.16,2.1,1.84,-0.9,0.94,False
Summit Christian Academy,2026-10-01,Adrian,,3,0,W,0.51,1.92,2.49,1.92,4.41,False
Summit Christian Academy,2026-10-03,Bishop LeBlond,,1,1,T,1.57,1.46,-0.57,0.46,-0.11,False
Summit Christian Academy,2026-10-03,Cameron,,2,0,W,2.58,0.17,-0.58,0.17,-0.41,False
Summit Christian Academy,2026-10-03,East Buchanan,,0,2,L,1.21,1.46,-1.21,-0.54,-1.75,False
Summit Christian Academy,2026-10-03,Rock Port,,0,2,L,1.08,1.26,-1.08,-0.74,-1.82,False
Summit Christian Academy,2026-10-06,St. Michael the Archangel,,1,3,L,-0.42,3.08,1.42,0.08,1.5,False
Summit Christian Academy,2026-10-08,University Academy Charter,,3,0,W,2.17,0.0,0.83,0.0,0.83,False
Summit Christian Academy,2026-10-13,Van Horn,,,,,3.1,-0.55,,,,False
Summit Christian Academy,2026-10-15,Barstow,,,,,1.99,0.65,,,,False
"Sumner(Kansas City, KS)",2026-09-12,KIPP KC Legacy,,2,0,W,,,,,,False
Sunnydale Adventist Acad HS,2026-08-27,Christian Fellowship Sr.,,1,3,L,,,,,,False
Sunnydale Adventist Acad HS,2026-09-03,Hallsville,,0,3,L,,,,,,False
Sunnydale Adventist Acad HS,2026-09-24,North Callaway,,0,3,L,,,,,,False
Sunnydale Adventist Acad HS,2026-09-29,Russellville,,0,3,L,,,,,,False
Sunnydale Adventist Acad HS,2026-10-19,Winfield,,,,,,,,,,False
Sweet Springs,2026-08-25,Lexington,,,,,2.74,0.43,,,,False
Sweet Springs,2026-08-25,Wellington-Napoleon,,,,,2.38,0.92,,,,False
Sweet Springs,2026-08-25,Richmond,,,,,3.05,0.21,,,,False
Sweet Springs,2026-09-01,Green Ridge,,3,0,W,2.1,1.14,0.9,1.14,2.04,False
Sweet Springs,2026-09-02,Smithton,,3,2,W,1.97,1.53,1.03,-0.47,0.56,False
Sweet Springs,2026-09-03,Lexington,,3,2,W,2.74,0.43,0.26,-1.57,-1.31,False
Sweet Springs,2026-09-08,Northwest (Hughesville),,3,0,W,2.77,0.29,0.23,0.29,0.53,False
Sweet Springs,2026-09-09,Sacred Heart,,0,3,L,1.78,1.58,-1.78,-1.42,-3.2,False
Sweet Springs,2026-09-10,Wellington-Napoleon,,3,0,W,2.38,0.92,0.62,0.92,1.54,False
Sweet Springs,2026-09-12,Lafayette County,,0,2,L,0.53,2.46,-0.53,0.46,-0.08,False
Sweet Springs,2026-09-12,Northwest (Hughesville),,2,0,W,2.77,0.29,-0.77,0.29,-0.47,False
Sweet Springs,2026-09-12,Richmond,,1,1,T,3.05,0.21,-2.05,-0.79,-2.84,False
Sweet Springs,2026-09-12,Warrensburg,,0,2,L,0.53,2.75,-0.53,0.75,0.23,False
Sweet Springs,2026-09-14,Prairie Home,,3,0,W,3.91,-0.63,-0.91,-0.63,-1.54,False
Sweet Springs,2026-09-15,Marshall,,3,1,W,2.54,0.79,0.46,-0.21,0.25,False
Sweet Springs,2026-09-21,Santa Fe,,0,3,L,1.2,2.09,-1.2,-0.91,-2.11,False
Sweet Springs,2026-09-24,Lone Jack,,0,3,L,0.68,2.61,-0.68,-0.39,-1.07,False
Sweet Springs,2026-09-28,St. Paul Lutheran (Concordia),,1,3,L,1.63,1.89,-0.63,-1.11,-1.75,False
Sweet Springs,2026-09-29,Crest Ridge,,3,0,W,1.79,1.76,1.21,1.76,2.98,False
Sweet Springs,2026-09-30,Kingsville,,3,0,W,2.61,0.81,0.39,0.81,1.2,False
Sweet Springs,2026-10-03,Carrollton,,2,0,W,2.58,1.11,-0.58,1.11,0.54,False
Sweet Springs,2026-10-03,Marshall,,2,1,W,2.54,0.79,-0.54,-0.21,-0.75,False
Sweet Springs,2026-10-05,Calvary Lutheran,,3,1,W,2.48,1.21,0.52,0.21,0.73,False
Sweet Springs,2026-10-06,Concordia,,3,2,W,1.47,2.08,1.53,0.08,1.6,False
Sweet Springs,2026-10-08,Bunceton,,3,0,W,4.71,-1.74,-1.71,-1.74,-3.45,False
Sweet Springs,2026-10-12,Orrick,,,,,3.91,-0.49,,,,False
Sweet Springs,2026-10-14,La Monte,,,,,2.04,1.31,,,,False
Sweet Springs,2026-10-14,Columbia Independent,,,,,2.73,1.09,,,,False
TBD,2026-10-21,Billings,,,,,,,,,,False
TBD,2026-10-21,Osceola,,,,,,,,,,False
TBD,2026-10-21,Crest Ridge,,,,,,,,,,False
TBD,2026-10-21,Woodland,,,,,,,,,,False
TBD,2026-10-21,Linn,,,,,,,,,,False
TBD,2026-10-21,Licking,,,,,,,,,,False
TBD,2026-10-21,Steelville,,,,,,,,,,False
TBD,2026-10-21,Adrian,,,,,,,,,,False
TBD,2026-10-21,Lafayette County,,,,,,,,,,False
TBD,2026-10-21,Lutheran St. Charles,,,,,,,,,,False
TBD,2026-10-21,Duchesne,,,,,,,,,,False
TBD,2026-10-21,Farmington,,,,,,,,,,False
TBD,2026-10-21,St. Dominic,,,,,,,,,,False
TBD,2026-10-21,Lafayette (Wildwood),,,,,,,,,,False
TBD,2026-10-21,Incarnate Word Academy,,,,,,,,,,False
TBD,2026-10-22,Russellville,,,,,,,,,,False
TBD,2026-10-22,School of the Ozarks,,,,,,,,,,False
TBD,2026-10-22,Lockwood,,,,,,,,,,False
TBD,2026-10-22,Mound City,,,,,,,,,,False
TBD,2026-10-22,Arcadia Valley,,,,,,,,,,False
TBD,2026-10-22,Liberty (Mountain View),,,,,,,,,,False
TBD,2026-10-22,Cabool,,,,,,,,,,False
TBD,2026-10-22,Springfield Catholic,,,,,,,,,,False
TBD,2026-10-22,Cole Camp,,,,,,,,,,False
TBD,2026-10-22,Mid-Buchanan,,,,,,,,,,False
TBD,2026-10-22,East Buchanan,,,,,,,,,,False
TBD,2026-10-22,Bishop LeBlond,,,,,,,,,,False
TBD,2026-10-22,Lutheran South,,,,,,,,,,False
TBD,2026-10-22,Notre Dame (St. Louis),,,,,,,,,,False
TBD,2026-10-22,St. Francis Borgia,,,,,,,,,,False
TBD,2026-10-22,Southern Boone,,,,,,,,,,False
TBD,2026-10-22,St. Clair,,,,,,,,,,False
TBD,2026-10-22,Sullivan,,,,,,,,,,False
TBD,2026-10-22,Strafford,,,,,,,,,,False
TBD,2026-10-22,Clever,,,,,,,,,,False
TBD,2026-10-22,Mt. Vernon,,,,,,,,,,False
TBD,2026-10-22,Nevada,,,,,,,,,,False
TBD,2026-10-22,Lamar,,,,,,,,,,False
TBD,2026-10-22,Oak Grove,,,,,,,,,,False
TBD,2026-10-22,St. Pius X (Kansas City),,,,,,,,,,False
TBD,2026-10-22,Pembroke Hill,,,,,,,,,,False
TBD,2026-10-22,Maryville,,,,,,,,,,False
TBD,2026-10-22,Savannah,,,,,,,,,,False
TBD,2026-10-22,St. Teresa's Academy,,,,,,,,,,False
TBD,2026-10-22,Ft. Zumwalt West,,,,,,,,,,False
TBD,2026-10-23,Winona,,,,,,,,,,False
TBD,2026-10-24,Blair Oaks,,,,,,,,,,False
TBD,2026-10-26,Leopold,,,,,,,,,,False
TBD,2026-10-26,Ash Grove,,,,,,,,,,False
TBD,2026-10-26,Miller,,,,,,,,,,False
Tarkio with Fairfax,2026-08-29,"Fremont Mills(Tabor , IA)",,0,2,L,,,,,,False
Tarkio with Fairfax,2026-08-29,Mound City,,0,2,L,0.02,3.3,-0.02,1.3,1.28,False
Tarkio with Fairfax,2026-08-29,"Rock Port JV(Rock Port , MO)",,1,1,T,,,,,,False
Tarkio with Fairfax,2026-08-29,South Holt with Craig,,1,2,L,1.22,1.88,-0.22,-0.12,-0.33,False
Tarkio with Fairfax,2026-08-31,"Falls City(Falls City, NE)",,0,3,L,,,,,,False
Tarkio with Fairfax,2026-09-01,North Nodaway,,3,0,W,2.83,0.88,0.17,0.88,1.05,False
Tarkio with Fairfax,2026-09-03,Union Star with King City,,3,1,W,2.18,1.27,0.82,0.27,1.09,False
Tarkio with Fairfax,2026-09-08,West Nodaway with Nodaway-Holt,,0,3,L,0.58,2.38,-0.58,-0.62,-1.2,False
Tarkio with Fairfax,2026-09-10,Rock Port,,0,3,L,-0.46,3.23,0.46,0.23,0.69,False
Tarkio with Fairfax,2026-09-14,Fremont Mills,,0,2,L,,,,,,False
Tarkio with Fairfax,2026-09-14,Earlham,,0,2,L,,,,,,False
Tarkio with Fairfax,2026-09-15,St. Joseph Christian,,0,3,L,0.28,2.69,-0.28,-0.31,-0.59,False
Tarkio with Fairfax,2026-09-17,South Holt with Craig,,1,3,L,1.22,1.88,-0.22,-1.12,-1.33,False
Tarkio with Fairfax,2026-09-19,North Nodaway,,2,0,W,2.83,0.88,-0.83,0.88,0.05,False
Tarkio with Fairfax,2026-09-19,Rock Port,,0,2,L,-0.46,3.23,0.46,1.23,1.69,False
Tarkio with Fairfax,2026-09-19,South Holt with Craig,,1,1,T,1.22,1.88,-0.22,0.88,0.67,False
Tarkio with Fairfax,2026-09-19,West Nodaway with Nodaway-Holt,,0,2,L,0.58,2.38,-0.58,0.38,-0.2,False
Tarkio with Fairfax,2026-09-21,Maysville,,3,0,W,2.21,1.07,0.79,1.07,1.86,False
Tarkio with Fairfax,2026-09-22,Mound City,,0,3,L,0.02,3.3,-0.02,0.3,0.28,False
Tarkio with Fairfax,2026-09-24,North Nodaway,,2,3,L,2.83,0.88,-0.83,-2.12,-2.95,False
Tarkio with Fairfax,2026-09-26,"Clarke(Osceola, IA)",,1,2,L,,,,,,False
Tarkio with Fairfax,2026-09-26,"Diagonal(Diagonal, IA)",,2,0,W,,,,,,False
Tarkio with Fairfax,2026-09-26,"Southwest Valley(Corning , IA)",,0,2,L,,,,,,False
Tarkio with Fairfax,2026-09-29,Union Star with King City,,3,2,W,2.18,1.27,0.82,-0.73,0.09,False
Tarkio with Fairfax,2026-10-01,West Nodaway with Nodaway-Holt,,0,3,L,0.58,2.38,-0.58,-0.62,-1.2,False
Tarkio with Fairfax,2026-10-06,Rock Port,,0,3,L,-0.46,3.23,0.46,0.23,0.69,False
Tarkio with Fairfax,2026-10-08,"Essex Community School District(Essex, IA)",,,,,,,,,,False
Tarkio with Fairfax,2026-10-13,South Holt with Craig,,,,,1.22,1.88,,,,False
Tarkio with Fairfax,2026-10-15,Mound City,,,,,0.02,3.3,,,,False
Tarkio with Fairfax,2026-10-20,South Holt with Craig,,,,,1.22,1.88,,,,False
"Tecumseh-Shawnee Heights(Shawnee, KS)",2026-08-31,Park Hill South,,2,0,W,,,,,,False
"Thaden(Rogers, AR)",2026-08-27,McDonald County,,3,0,W,,,,,,False
Thayer,2026-09-01,Winona,,0,3,L,-0.14,3.32,0.14,0.32,0.46,False
Thayer,2026-09-03,Summersville,,1,3,L,1.58,1.79,-0.58,-1.21,-1.79,False
Thayer,2026-09-08,Bakersfield,,3,0,W,2.14,1.07,0.86,1.07,1.92,False
Thayer,2026-09-10,Doniphan,,3,2,W,1.88,1.37,1.12,-0.63,0.49,False
Thayer,2026-09-12,Alton,,2,0,W,,,,,,False
Thayer,2026-09-12,Couch,,1,2,L,2.04,1.27,-1.04,-0.73,-1.77,False
Thayer,2026-09-12,Lutie,,2,0,W,3.94,-0.55,-1.94,-0.55,-2.48,False
Thayer,2026-09-12,"Pocahontas(Pocahontas, AR)",,0,2,L,,,,,,False
Thayer,2026-09-12,"Viola(Viola , AR)",,2,1,W,,,,,,False
Thayer,2026-09-14,"Viola(Viola , AR)",,3,0,W,,,,,,False
Thayer,2026-09-15,Mountain Grove,,0,3,L,0.16,2.62,-0.16,-0.38,-0.54,False
Thayer,2026-09-17,Liberty (Mountain View),,0,3,L,-0.09,3.12,0.09,0.12,0.21,False
Thayer,2026-09-19,Ava,,1,1,T,1.37,1.79,-0.37,0.79,0.42,False
Thayer,2026-09-19,Bunker,,2,0,W,2.19,1.41,-0.19,1.41,1.22,False
Thayer,2026-09-19,Hollister,,0,2,L,-0.19,3.08,0.19,1.08,1.27,False
Thayer,2026-09-21,Dora,,3,0,W,2.3,0.83,0.7,0.83,1.52,False
Thayer,2026-09-22,Cabool,,0,3,L,0.1,2.83,-0.1,-0.17,-0.27,False
Thayer,2026-09-28,Koshkonong,,,0,,2.87,-0.05,,,,False
Thayer,2026-09-29,Willow Springs,,3,1,W,2.21,0.81,0.79,-0.19,0.61,False
Thayer,2026-10-01,Houston,,1,3,L,1.53,1.86,-0.53,-1.14,-1.67,False
Thayer,2026-10-06,Eminence,,0,3,L,0.88,2.13,-0.88,-0.87,-1.76,False
Thayer,2026-10-08,Couch,,3,0,W,2.04,1.27,0.96,1.27,2.23,False
Thayer,2026-10-12,Doniphan,,,,,1.88,1.37,,,,False
Thayer,2026-10-13,Salem,,,,,0.99,2.24,,,,False
Thayer,2026-10-15,Ava,,,,,1.37,1.79,,,,False
Thayer,2026-10-20,Gainesville,,,,,1.56,1.77,,,,False
Thomas Jefferson Independent Day,2026-08-31,Jasper,,3,1,W,1.96,0.77,1.04,-0.23,0.81,False
Thomas Jefferson Independent Day,2026-09-08,Exeter,,3,0,W,3.18,-0.57,-0.18,-0.57,-0.75,False
Thomas Jefferson Independent Day,2026-09-10,Northeast Vernon County,,3,0,W,3.75,-1.58,-0.75,-1.58,-2.33,False
Thomas Jefferson Independent Day,2026-09-14,Lockwood,,0,3,L,-0.11,2.39,0.11,-0.61,-0.5,False
Thomas Jefferson Independent Day,2026-09-17,Wheaton,,3,0,W,2.38,0.2,0.62,0.2,0.82,False
Thomas Jefferson Independent Day,2026-09-19,Everton,,2,0,W,1.73,0.62,0.27,0.62,0.89,False
Thomas Jefferson Independent Day,2026-09-19,Hurley,,2,0,W,2.31,0.26,-0.31,0.26,-0.05,False
Thomas Jefferson Independent Day,2026-09-22,McAuley Catholic,,3,0,W,2.67,0.1,0.33,0.1,0.43,False
Thomas Jefferson Independent Day,2026-09-24,Southwest (Washburn),,3,0,W,2.53,-0.32,0.47,-0.32,0.15,False
Thomas Jefferson Independent Day,2026-10-01,New Heights Christian,,0,3,L,1.08,1.23,-1.08,-1.77,-2.85,False
Thomas Jefferson Independent Day,2026-10-03,Crane,,2,0,W,1.58,1.0,0.42,1.0,1.42,False
Thomas Jefferson Independent Day,2026-10-03,Everton,,2,0,W,1.73,0.62,0.27,0.62,0.89,False
Thomas Jefferson Independent Day,2026-10-03,Exeter,,2,0,W,3.18,-0.57,-1.18,-0.57,-1.75,False
Thomas Jefferson Independent Day,2026-10-03,Golden City,,2,0,W,2.71,-0.05,-0.71,-0.05,-0.76,False
Thomas Jefferson Independent Day,2026-10-03,Purdy,,2,0,W,2.14,0.71,-0.14,0.71,0.56,False
Thomas Jefferson Independent Day,2026-10-03,Verona,,1,1,T,1.94,0.7,-0.94,-0.3,-1.25,False
Thomas Jefferson Independent Day,2026-10-05,Purdy,,3,0,W,2.14,0.71,0.86,0.71,1.56,False
Thomas Jefferson Independent Day,2026-10-08,Verona,,,,,1.94,0.7,,,,False
Thomas Jefferson Independent Day,2026-10-10,Appleton City with Montrose,,,,,2.41,0.08,,,,False
Thomas Jefferson Independent Day,2026-10-10,Archie,,,,,1.07,1.74,,,,False
Thomas Jefferson Independent Day,2026-10-10,Sherwood,,,,,2.12,0.21,,,,False
Thomas Jefferson Independent Day,2026-10-12,Liberal,,,,,0.65,2.23,,,,False
Thomas Jefferson Independent Day,2026-10-13,Diamond,,,,,1.57,1.14,,,,False
Thomas Jefferson Independent Day,2026-10-15,Golden City,,,,,2.71,-0.05,,,,False
Thomas Jefferson Independent Day,2026-10-20,Golden City,,,,,2.71,-0.05,,,,False
Thomas Jefferson Sr.,2026-10-01,Crossroads College Preparatory,,0,3,L,,,,,,False
Timberland,2026-08-27,Holt,,2,3,L,1.37,2.02,0.63,-0.98,-0.35,False
Timberland,2026-09-01,Francis Howell,,1,3,L,1.14,2.27,-0.14,-0.73,-0.87,False
Timberland,2026-09-03,Ft. Zumwalt North,,2,3,L,1.01,2.44,0.99,-0.56,0.42,False
Timberland,2026-09-05,"STL Panthers(St. Louis, MO)",,0,2,L,,,,,,False
Timberland,2026-09-05,Washington,,1,1,T,1.52,1.74,-0.52,0.74,0.22,False
Timberland,2026-09-05,St. Francis Borgia,,0,2,L,-0.15,3.05,0.15,1.05,1.2,False
Timberland,2026-09-05,Lutheran South,,2,0,W,1.53,1.22,0.47,1.22,1.69,False
Timberland,2026-09-05,Liberty (Wentzville),,1,2,L,1.41,1.79,-0.41,-0.21,-0.62,False
Timberland,2026-09-08,Ft. Zumwalt West,,0,3,L,-0.46,3.11,0.46,0.11,0.57,False
Timberland,2026-09-10,North Point,,0,3,L,0.62,2.57,-0.62,-0.43,-1.05,False
Timberland,2026-09-14,St. Dominic,,0,3,L,-0.42,3.48,0.42,0.48,0.9,False
Timberland,2026-09-15,Washington,,1,3,L,1.52,1.74,-0.52,-1.26,-1.78,False
Timberland,2026-09-17,Ft. Zumwalt South,,3,2,W,2.08,1.04,0.92,-0.96,-0.04,False
Timberland,2026-09-19,Festus,,1,1,T,0.51,2.36,0.49,1.36,1.85,False
Timberland,2026-09-19,Fox,,2,0,W,2.79,0.86,-0.79,0.86,0.07,False
Timberland,2026-09-19,Poplar Bluff,,2,0,W,2.13,0.86,-0.13,0.86,0.72,False
Timberland,2026-09-19,Liberty (Wentzville),,1,2,L,1.41,1.79,-0.41,-0.21,-0.62,False
Timberland,2026-09-21,Francis Howell North,,3,2,W,1.55,2.0,1.45,-0.0,1.45,False
Timberland,2026-09-22,Ft. Zumwalt East,,3,0,W,2.8,0.15,0.2,0.15,0.35,False
Timberland,2026-09-24,Liberty (Wentzville),,1,3,L,1.41,1.79,-0.41,-1.21,-1.62,False
Timberland,2026-09-29,Ft. Zumwalt North,,1,3,L,1.01,2.44,-0.01,-0.56,-0.58,False
Timberland,2026-09-30,North Point,,1,3,L,0.62,2.57,0.38,-0.43,-0.05,False
Timberland,2026-10-03,Parkway Central,,0,2,L,1.07,1.99,-1.07,-0.01,-1.08,False
Timberland,2026-10-03,Parkway West,,0,2,L,0.96,2.27,-0.96,0.27,-0.69,False
Timberland,2026-10-03,Lutheran South,,1,1,T,1.53,1.22,-0.53,0.22,-0.31,False
Timberland,2026-10-03,Notre Dame (Cape Girardeau),,0,2,L,1.01,2.01,-1.01,0.01,-1.01,False
Timberland,2026-10-06,Washington,,3,0,W,1.52,1.74,1.48,1.74,3.22,False
Timberland,2026-10-08,Francis Howell Central,,,,,1.31,2.27,,,,False
Timberland,2026-10-13,Ft. Zumwalt South,,,,,2.08,1.04,,,,False
Timberland,2026-10-15,Ft. Zumwalt East,,,,,2.8,0.15,,,,False
Timberland,2026-10-20,Liberty (Wentzville),,,,,1.41,1.79,,,,False
Tipton,2026-08-27,Smithton,,3,1,W,1.89,0.96,1.11,-0.04,1.08,False
Tipton,2026-08-29,Boonville,,0,2,L,0.64,2.04,-0.64,0.04,-0.6,False
Tipton,2026-08-29,Kirksville,,2,0,W,2.02,0.64,-0.02,0.64,0.62,False
Tipton,2026-08-29,Linn,,0,2,L,0.42,2.2,-0.42,0.2,-0.23,False
Tipton,2026-08-29,Father Tolton,,0,2,L,1.03,1.64,-1.03,-0.36,-1.39,False
Tipton,2026-08-31,Centralia,,3,1,W,2.35,0.64,0.65,-0.36,0.29,False
Tipton,2026-09-01,Dixon,,3,0,W,2.95,-0.33,0.05,-0.33,-0.29,False
Tipton,2026-09-02,Prairie Home,,3,0,W,3.82,-1.21,-0.82,-1.21,-2.03,False
Tipton,2026-09-03,Versailles,,0,3,L,1.26,1.72,-1.26,-1.28,-2.55,False
Tipton,2026-09-08,Skyline,,0,3,L,1.05,1.65,-1.05,-1.35,-2.4,False
Tipton,2026-09-10,Sacred Heart,,3,0,W,1.69,1.01,1.31,1.01,2.32,False
Tipton,2026-09-14,Christian Fellowship Sr.,,3,0,W,2.93,-0.13,0.07,-0.13,-0.07,False
Tipton,2026-09-16,Boonville,,1,3,L,0.64,2.04,0.36,-0.96,-0.6,False
Tipton,2026-09-19,Butler,,0,2,L,0.29,2.43,-0.29,0.43,0.14,False
Tipton,2026-09-19,Concordia,,2,0,W,1.38,1.5,0.62,1.5,2.12,False
Tipton,2026-09-19,Holden,,2,0,W,2.11,0.42,-0.11,0.42,0.3,False
Tipton,2026-09-19,Lone Jack,,0,2,L,0.6,2.04,-0.6,0.04,-0.56,False
Tipton,2026-09-19,Pleasant Hill,,0,2,L,-0.19,3.07,0.19,1.07,1.26,False
Tipton,2026-09-21,Windsor,,3,0,W,3.08,0.16,-0.08,0.16,0.08,False
Tipton,2026-09-22,California,,3,1,W,0.64,2.01,2.36,1.01,3.37,False
Tipton,2026-09-26,Lafayette County,,0,2,L,0.45,1.88,-0.45,-0.12,-0.56,False
Tipton,2026-09-26,Marshall,,2,0,W,2.45,0.22,-0.45,0.22,-0.24,False
Tipton,2026-09-26,Osage,,0,2,L,0.01,2.97,-0.01,0.97,0.97,False
Tipton,2026-09-26,Sacred Heart,,2,0,W,1.69,1.01,0.31,1.01,1.32,False
Tipton,2026-09-28,Cole Camp,,1,3,L,0.47,2.09,0.53,-0.91,-0.39,False
Tipton,2026-10-01,Linn,,0,3,L,0.42,2.2,-0.42,-0.8,-1.23,False
Tipton,2026-10-06,New Bloomfield,,3,0,W,3.32,-0.95,-0.32,-0.95,-1.27,False
Tipton,2026-10-07,Warsaw,,0,3,L,0.76,2.22,-0.76,-0.78,-1.54,False
Tipton,2026-10-08,Eugene,,3,1,W,2.53,0.59,0.47,-0.41,0.07,False
Tipton,2026-10-12,Lincoln,,,,,2.53,0.25,,,,False
Tipton,2026-10-15,Russellville,,,,,1.85,1.15,,,,False
Tipton,2026-10-21,Skyline,,,,,1.05,1.65,,,,False
Trenton,2026-09-01,Brookfield,,3,0,W,2.3,0.94,0.7,0.94,1.64,False
Trenton,2026-09-03,Chillicothe,,1,3,L,0.46,2.48,0.54,-0.52,0.02,False
Trenton,2026-09-07,Cameron,,0,3,L,0.66,2.45,-0.66,-0.55,-1.21,False
Trenton,2026-09-08,Plattsburg,,0,3,L,0.44,2.45,-0.44,-0.55,-0.99,False
Trenton,2026-09-10,Carrollton,,3,1,W,1.42,2.02,1.58,1.02,2.6,False
Trenton,2026-09-12,Holden,,1,2,L,1.05,1.9,-0.05,-0.1,-0.15,False
Trenton,2026-09-12,Sherwood,,1,1,T,1.52,1.36,-0.52,0.36,-0.16,False
Trenton,2026-09-12,Northland Christian,,0,2,L,-0.15,3.09,0.15,1.09,1.24,False
Trenton,2026-09-12,Faith Christian Academy,,1,1,T,0.38,2.25,0.62,1.25,1.86,False
Trenton,2026-09-14,Penney,,3,0,W,2.97,-0.13,0.03,-0.13,-0.1,False
Trenton,2026-09-15,South Harrison,,1,3,L,1.21,2.0,-0.21,-1.0,-1.22,False
Trenton,2026-09-17,Kirksville,,0,3,L,0.95,2.12,-0.95,-0.88,-1.83,False
Trenton,2026-09-19,Mound City,,0,2,L,-0.37,3.61,0.37,1.61,1.97,False
Trenton,2026-09-19,Wellington-Napoleon,,1,1,T,1.23,1.83,-0.23,0.83,0.6,False
Trenton,2026-09-19,Plattsburg,,0,2,L,0.44,2.45,-0.44,0.45,0.01,False
Trenton,2026-09-19,South Harrison,,0,2,L,1.21,2.0,-1.21,-0.0,-1.22,False
Trenton,2026-09-22,East Buchanan,,0,2,L,-0.72,3.73,0.72,1.73,2.45,False
Trenton,2026-09-22,Penney,,2,0,W,2.97,-0.13,-0.97,-0.13,-1.1,False
Trenton,2026-09-24,Maysville,,3,1,W,1.82,1.38,1.18,0.38,1.56,False
Trenton,2026-09-26,Mound City,,0,2,L,-0.37,3.61,0.37,1.61,1.97,False
Trenton,2026-09-26,St. Pius X (Kansas City),,0,2,L,-1.93,5.03,1.93,3.03,4.96,False
Trenton,2026-09-26,Sherwood,,1,1,T,1.52,1.36,-0.52,0.36,-0.16,False
Trenton,2026-09-26,William Chrisman,,0,2,L,-0.36,3.02,0.36,1.02,1.38,False
Trenton,2026-09-28,Brookfield,,2,3,L,2.3,0.94,-0.3,-2.06,-2.36,False
Trenton,2026-10-01,South Harrison,,2,3,L,1.21,2.0,0.79,-1.0,-0.22,False
Trenton,2026-10-05,Chillicothe,,0,3,L,0.46,2.48,-0.46,-0.52,-0.98,False
Trenton,2026-10-06,Lathrop,,1,3,L,1.22,2.05,-0.22,-0.95,-1.16,False
Trenton,2026-10-10,South Harrison,,,,,1.21,2.0,,,,False
Trenton,2026-10-10,Brookfield,,,,,2.3,0.94,,,,False
Trenton,2026-10-12,Lexington,,,,,1.58,1.34,,,,False
Trenton,2026-10-13,Bishop LeBlond,,,,,-0.36,3.74,,,,False
Trenton,2026-10-15,St. Joseph Christian,,,,,-0.11,3.0,,,,False
Trenton,2026-10-20,Maysville,,,,,1.82,1.38,,,,False
Troy Buchanan,2026-08-27,Ft. Zumwalt South,,3,0,W,1.86,1.18,1.14,1.18,2.32,False
Troy Buchanan,2026-08-31,Battle,,1,3,L,0.57,2.68,0.43,-0.32,0.1,False
Troy Buchanan,2026-09-01,Hannibal,,0,3,L,-0.29,3.02,0.29,0.02,0.31,False
Troy Buchanan,2026-09-03,Francis Howell Central,,2,3,L,1.09,2.41,0.91,-0.59,0.32,False
Troy Buchanan,2026-09-08,Ft. Zumwalt North,,3,2,W,0.79,2.58,2.21,0.58,2.79,False
Troy Buchanan,2026-09-10,Ft. Zumwalt West,,0,3,L,-0.68,3.25,0.68,0.25,0.93,False
Troy Buchanan,2026-09-12,Pacific,,0,2,L,0.68,2.36,-0.68,0.36,-0.32,False
Troy Buchanan,2026-09-12,St. Charles West,,1,1,T,1.82,1.46,-0.82,0.46,-0.36,False
Troy Buchanan,2026-09-12,Collegiate School of Med-Bio Science,,2,0,W,3.9,-0.28,-1.9,-0.28,-2.18,False
Troy Buchanan,2026-09-12,Ft. Zumwalt East,,2,0,W,2.58,0.29,-0.58,0.29,-0.29,False
Troy Buchanan,2026-09-12,Winfield,,2,0,W,1.94,1.34,0.06,1.34,1.4,False
Troy Buchanan,2026-09-14,North Point,,1,3,L,0.4,2.72,0.6,-0.28,0.31,False
Troy Buchanan,2026-09-15,Francis Howell North,,0,3,L,1.33,2.14,-1.33,-0.86,-2.19,False
Troy Buchanan,2026-09-17,Francis Howell,,1,3,L,0.92,2.42,0.08,-0.58,-0.51,False
Troy Buchanan,2026-09-19,Festus,,0,2,L,0.29,2.51,-0.29,0.51,0.22,False
Troy Buchanan,2026-09-19,Seckman,,0,2,L,0.44,2.79,-0.44,0.79,0.34,False
Troy Buchanan,2026-09-19,Liberty (Wentzville),,1,1,T,1.19,1.93,-0.19,0.93,0.74,False
Troy Buchanan,2026-09-19,Windsor,,0,2,L,3.78,-0.1,-3.78,-2.1,-5.87,False
Troy Buchanan,2026-09-19,Windsor (Imperial),,0,2,L,1.14,1.76,-1.14,-0.24,-1.38,False
Troy Buchanan,2026-09-21,Warrenton,,3,2,W,2.05,1.07,0.95,-0.93,0.02,False
Troy Buchanan,2026-09-22,Liberty (Wentzville),,3,2,W,1.19,1.93,1.81,-0.07,1.74,False
Troy Buchanan,2026-09-29,Francis Howell Central,,0,3,L,1.09,2.41,-1.09,-0.59,-1.68,False
Troy Buchanan,2026-10-01,Ft. Zumwalt West,,0,3,L,-0.68,3.25,0.68,0.25,0.93,False
Troy Buchanan,2026-10-06,Francis Howell North,,2,3,L,1.33,2.14,0.67,-0.86,-0.19,False
Troy Buchanan,2026-10-08,Holt,,0,3,L,1.15,2.17,-1.15,-0.83,-1.98,False
Troy Buchanan,2026-10-13,Francis Howell,,,,,0.92,2.42,,,,False
Troy Buchanan,2026-10-15,Liberty (Wentzville),,,,,1.19,1.93,,,,False
Troy Buchanan,2026-10-20,North Point,,,,,0.4,2.72,,,,False
Truman,2026-09-01,Platte County,,0,3,L,-0.87,3.26,0.87,0.26,1.12,False
Truman,2026-09-02,Van Horn,,3,0,W,2.16,0.28,0.84,0.28,1.12,False
Truman,2026-09-03,Fort Osage,,0,3,L,0.39,2.45,-0.39,-0.55,-0.93,False
Truman,2026-09-08,Grain Valley,,0,3,L,-0.07,2.83,0.07,-0.17,-0.1,False
Truman,2026-09-10,Ruskin,,3,0,W,2.73,-0.43,0.27,-0.43,-0.16,False
Truman,2026-09-15,Belton,,0,3,L,-0.3,3.24,0.3,0.24,0.53,False
Truman,2026-09-17,Raytown,,3,0,W,1.42,0.75,1.58,0.75,2.33,False
Truman,2026-09-19,Hickman,,0,2,L,0.04,2.42,-0.04,0.42,0.39,False
Truman,2026-09-19,Oak Park,,0,2,L,0.54,2.13,-0.54,0.13,-0.41,False
Truman,2026-09-19,Winnetonka,,2,0,W,2.15,0.23,-0.15,0.23,0.08,False
Truman,2026-09-19,Pembroke Hill,,0,2,L,-0.78,2.93,0.78,0.93,1.72,False
Truman,2026-09-19,St. Pius X (Kansas City),,0,2,L,-0.94,3.59,0.94,1.59,2.53,False
Truman,2026-09-21,Central (St. Joseph),,0,2,L,0.51,1.78,-0.51,-0.22,-0.74,False
Truman,2026-09-21,Winnetonka,,2,0,W,2.15,0.23,-0.15,0.23,0.08,False
Truman,2026-09-22,William Chrisman,,0,3,L,0.63,1.58,-0.63,-1.42,-2.06,False
Truman,2026-09-24,Platte County,,0,3,L,-0.87,3.26,0.87,0.26,1.12,False
Truman,2026-09-26,Chillicothe,,2,0,W,1.45,1.04,0.55,1.04,1.58,False
Truman,2026-09-26,Paseo Academy,,2,0,W,3.16,-0.45,-1.16,-0.45,-1.6,False
Truman,2026-09-26,Rock Port,,0,2,L,0.15,2.1,-0.15,0.1,-0.05,False
Truman,2026-09-26,Stover,,0,2,L,0.64,1.97,-0.64,-0.03,-0.67,False
Truman,2026-09-26,Crossroads Prep Charter,,2,0,W,3.18,-0.71,-1.18,-0.71,-1.89,False
Truman,2026-09-26,Capital City,,0,2,L,0.61,2.26,-0.61,0.26,-0.35,False
Truman,2026-09-29,William Chrisman,,0,3,L,0.63,1.58,-0.63,-1.42,-2.06,False
Truman,2026-10-01,Grain Valley,,0,3,L,-0.07,2.83,0.07,-0.17,-0.1,False
Truman,2026-10-05,Oak Park,,0,2,L,0.54,2.13,-0.54,0.13,-0.41,False
Truman,2026-10-05,Smithville,,0,2,L,-1.12,3.47,1.12,1.47,2.58,False
Truman,2026-10-06,Winnetonka,,3,0,W,2.15,0.23,0.85,0.23,1.08,False
Truman,2026-10-08,Fort Osage,,0,3,L,0.39,2.45,-0.39,-0.55,-0.93,False
Truman,2026-10-13,Belton,,,,,-0.3,3.24,,,,False
Truman,2026-10-15,Raytown,,,,,1.42,0.75,,,,False
Truman,2026-10-20,Lee's Summit North,,,,,-1.73,4.28,,,,False
"Turner(Kansas City, KS)",2026-09-17,Paseo Academy,,,0,,,,,,,False
"Turner(Kansas City, KS)",2026-10-08,Central (Kansas City),,3,0,W,,,,,,False
"Turner(Kansas City, KS)",2026-10-20,Ewing Marion Kauffman,,,,,,,,,,False
Twin Rivers,2026-08-22,Southland,,3,0,W,3.11,0.48,-0.11,0.48,0.36,False
Twin Rivers,2026-08-31,South Pemiscot,,1,3,L,1.77,2.02,-0.77,-0.98,-1.75,False
Twin Rivers,2026-09-01,Kelly,,3,1,W,2.78,1.47,0.22,0.47,0.68,False
Twin Rivers,2026-09-03,Doniphan,,2,3,L,1.55,2.3,0.45,-0.7,-0.25,False
Twin Rivers,2026-09-08,Risco,,3,0,W,1.88,1.83,1.12,1.83,2.96,False
Twin Rivers,2026-09-11,Bell City,,0,2,L,0.25,3.77,-0.25,1.77,1.53,False
Twin Rivers,2026-09-11,Jefferson (Festus),,0,2,L,0.72,3.02,-0.72,1.02,0.3,False
Twin Rivers,2026-09-12,"Piggott(Piggott, AR)",,0,2,L,,,,,,False
Twin Rivers,2026-09-12,Gideon,,0,2,L,-0.39,3.48,0.39,1.48,1.87,False
Twin Rivers,2026-09-12,Valley,,1,2,L,1.28,2.22,-0.28,0.22,-0.06,False
Twin Rivers,2026-09-14,Clarkton,,2,3,L,1.25,2.43,0.75,-0.57,0.19,False
Twin Rivers,2026-09-15,Holcomb,,0,3,L,0.99,2.72,-0.99,-0.28,-1.27,False
Twin Rivers,2026-09-17,Malden,,0,3,L,0.56,3.09,-0.56,0.09,-0.47,False
Twin Rivers,2026-09-18,Delta (Deering),,3,0,W,2.46,1.49,0.54,1.49,2.03,False
Twin Rivers,2026-09-24,Senath-Hornersville,,1,3,L,1.78,2.22,-0.78,-0.78,-1.56,False
Twin Rivers,2026-09-25,Puxico,,0,3,L,0.37,3.32,-0.37,0.32,-0.05,False
Twin Rivers,2026-09-28,Caruthersville,,3,0,W,2.64,1.1,0.36,1.1,1.46,False
Twin Rivers,2026-09-29,Richland (Essex),,2,3,L,1.78,2.07,0.22,-0.93,-0.71,False
Twin Rivers,2026-10-02,Bloomfield,,3,1,W,2.15,1.46,0.85,0.46,1.32,False
Twin Rivers,2026-10-05,Greenville,,2,3,L,2.22,1.78,-0.22,-1.22,-1.44,False
Twin Rivers,2026-10-06,Bernie,,0,3,L,1.21,2.3,-1.21,-0.7,-1.92,False
Twin Rivers,2026-10-08,Southland,,,,,3.11,0.48,,,,False
Twin Rivers,2026-10-13,Clearwater,,,,,1.93,1.42,,,,False
Twin Rivers,2026-10-15,Kennett,,,,,1.65,2.34,,,,False
Twin Rivers,2026-10-16,Campbell,,,,,0.69,2.9,,,,False
Union,2026-08-31,Rolla,,2,3,L,1.71,1.69,0.29,-1.31,-1.02,False
Union,2026-09-03,Windsor (Imperial),,3,2,W,1.07,2.08,1.93,0.08,2.01,False
Union,2026-09-05,St. Francis Borgia,,1,1,T,-0.45,3.51,1.45,2.51,3.96,False
Union,2026-09-05,Holt,,0,2,L,1.07,2.49,-1.07,0.49,-0.59,False
Union,2026-09-05,Liberty (Wentzville),,1,1,T,1.11,2.25,-0.11,1.25,1.14,False
Union,2026-09-05,Lutheran South,,1,2,L,1.24,1.69,-0.24,-0.31,-0.55,False
Union,2026-09-08,Washington,,1,3,L,1.22,2.2,-0.22,-0.8,-1.02,False
Union,2026-09-14,Potosi,,0,3,L,-0.65,3.75,0.65,0.75,1.4,False
Union,2026-09-16,DeSoto,,2,3,L,2.24,0.85,-0.24,-2.15,-2.39,False
Union,2026-09-17,Sullivan,,0,3,L,0.02,3.0,-0.02,0.0,-0.01,False
Union,2026-09-19,Duchesne,,0,2,L,1.0,2.04,-1.0,0.04,-0.97,False
Union,2026-09-19,Wright City,,2,0,W,1.62,1.57,0.38,1.57,1.94,False
Union,2026-09-19,North Point,,0,2,L,0.32,3.03,-0.32,1.03,0.71,False
Union,2026-09-22,New Haven,,3,0,W,2.46,0.57,0.54,0.57,1.11,False
Union,2026-09-24,Pacific,,0,3,L,0.6,2.68,-0.6,-0.32,-0.92,False
Union,2026-09-29,Battle,,0,3,L,0.49,2.99,-0.49,-0.01,-0.5,False
Union,2026-10-01,Hillsboro,,1,3,L,0.53,2.9,0.47,-0.1,0.37,False
Union,2026-10-06,St. James,,3,0,W,3.85,-0.73,-0.85,-0.73,-1.58,False
Union,2026-10-08,St. Clair,,0,3,L,0.82,2.94,-0.82,-0.06,-0.88,False
Union,2026-10-12,St. Francis Borgia,,,,,-0.45,3.51,,,,False
Union,2026-10-13,Owensville,,,,,1.42,1.9,,,,False
Union,2026-10-15,Hermann,,,,,1.7,1.46,,,,False
Union,2026-10-21,Pacific,,,,,0.6,2.68,,,,False
Union Star with King City,2026-08-27,Lathrop,,0,3,L,1.22,2.27,-1.22,-0.73,-1.95,False
Union Star with King City,2026-09-01,Mound City,,0,3,L,-0.36,3.83,0.36,0.83,1.19,False
Union Star with King City,2026-09-03,Tarkio with Fairfax,,1,3,L,1.27,2.18,-0.27,-0.82,-1.09,False
Union Star with King City,2026-09-08,Rock Port,,0,3,L,-0.84,3.76,0.84,0.76,1.6,False
Union Star with King City,2026-09-10,North Nodaway,,3,2,W,2.44,1.41,0.56,-0.59,-0.04,False
Union Star with King City,2026-09-14,Maysville,,3,1,W,1.82,1.6,1.18,0.6,1.78,False
Union Star with King City,2026-09-15,South Holt with Craig,,1,3,L,0.83,2.41,0.17,-0.59,-0.42,False
Union Star with King City,2026-09-17,West Nodaway with Nodaway-Holt,,0,3,L,0.2,2.91,-0.2,-0.09,-0.28,False
Union Star with King City,2026-09-19,North Platte,,1,1,T,1.61,1.38,-0.61,0.38,-0.23,False
Union Star with King City,2026-09-19,South Holt with Craig,,1,2,L,0.83,2.41,0.17,0.41,0.58,False
Union Star with King City,2026-09-19,West Nodaway with Nodaway-Holt,,0,2,L,0.2,2.91,-0.2,0.91,0.72,False
Union Star with King City,2026-09-19,St. Joseph Christian,,0,2,L,-0.11,3.22,0.11,1.22,1.33,False
Union Star with King City,2026-09-22,South Harrison,,1,3,L,1.21,2.22,-0.21,-0.78,-1.0,False
Union Star with King City,2026-09-24,Mound City,,0,3,L,-0.36,3.83,0.36,0.83,1.19,False
Union Star with King City,2026-09-29,Tarkio with Fairfax,,2,3,L,1.27,2.18,0.73,-0.82,-0.09,False
Union Star with King City,2026-10-01,Rock Port,,0,3,L,-0.84,3.76,0.84,0.76,1.6,False
Union Star with King City,2026-10-03,Brookfield,,2,0,W,2.3,1.16,-0.3,1.16,0.86,False
Union Star with King City,2026-10-03,Maysville,,1,1,T,1.82,1.6,-0.82,0.6,-0.22,False
Union Star with King City,2026-10-03,North Platte,,2,1,W,1.61,1.38,0.39,0.38,0.77,False
Union Star with King City,2026-10-06,North Nodaway,,3,2,W,2.44,1.41,0.56,-0.59,-0.04,False
Union Star with King City,2026-10-08,South Holt with Craig,,0,3,L,0.83,2.41,-0.83,-0.59,-1.42,False
Union Star with King City,2026-10-12,Maysville,,,,,1.82,1.6,,,,False
Union Star with King City,2026-10-13,West Nodaway with Nodaway-Holt,,,,,0.2,2.91,,,,False
Union Star with King City,2026-10-19,North Platte,,,,,1.61,1.38,,,,False
Union Star with King City,2026-10-20,West Nodaway with Nodaway-Holt,,,,,0.2,2.91,,,,False
"Uniontown(Uniontown, KS)",2026-08-29,Liberal,,0,2,L,,,,,,False
University Academy Charter,2026-09-01,Crossroads Prep Charter,,3,0,W,2.9,-0.6,0.1,-0.6,-0.5,False
University Academy Charter,2026-09-02,Lincoln College Prep,,0,3,L,0.69,2.09,-0.69,-0.91,-1.6,False
University Academy Charter,2026-09-05,Center,,1,1,T,0.49,1.66,0.51,0.66,1.17,False
University Academy Charter,2026-09-05,Grandview,,1,1,T,0.98,1.21,0.02,0.21,0.24,False
University Academy Charter,2026-09-05,Raytown,,1,1,T,1.14,0.86,-0.14,-0.14,-0.28,False
University Academy Charter,2026-09-05,Ewing Marion Kauffman,,2,0,W,2.09,0.19,-0.09,0.19,0.1,False
University Academy Charter,2026-09-08,North Platte,,3,0,W,2.32,-0.17,0.68,-0.17,0.51,False
University Academy Charter,2026-09-12,Center,,0,2,L,0.49,1.66,-0.49,-0.34,-0.83,False
University Academy Charter,2026-09-12,Raytown South,,2,0,W,1.74,0.86,0.26,0.86,1.12,False
University Academy Charter,2026-09-12,West Plains,,2,0,W,-1.2,3.57,3.2,3.57,6.77,False
University Academy Charter,2026-09-12,Cristo Rey,,2,0,W,2.99,-0.84,-0.99,-0.84,-1.82,False
University Academy Charter,2026-09-12,Barstow,,0,2,L,0.77,1.59,-0.77,-0.41,-1.17,False
University Academy Charter,2026-09-15,East Buchanan,,0,3,L,-0.01,2.4,0.01,-0.6,-0.58,False
University Academy Charter,2026-09-17,Ewing Marion Kauffman,,3,0,W,2.09,0.19,0.91,0.19,1.1,False
University Academy Charter,2026-09-21,Lathrop,,3,0,W,1.93,0.72,1.07,0.72,1.8,False
University Academy Charter,2026-09-23,Hogan Prep Academy Charter,,3,0,W,4.74,-2.51,-1.74,-2.51,-4.25,False
University Academy Charter,2026-09-26,Central (St. Joseph),,0,2,L,0.23,1.89,-0.23,-0.11,-0.34,False
University Academy Charter,2026-09-26,Maryville,,0,2,L,-0.24,2.92,0.24,0.92,1.16,False
University Academy Charter,2026-09-26,Northeast (Kansas City),,2,0,W,3.9,-1.2,-1.9,-1.2,-3.1,False
University Academy Charter,2026-09-26,William Chrisman,,0,2,L,0.35,1.69,-0.35,-0.31,-0.66,False
University Academy Charter,2026-09-28,St. Michael the Archangel,,0,3,L,-1.64,4.03,1.64,1.03,2.67,False
University Academy Charter,2026-09-29,East (Kansas City),,3,0,W,4.76,-2.41,-1.76,-2.41,-4.17,False
University Academy Charter,2026-10-06,Van Horn,,,,,1.88,0.39,,,,False
University Academy Charter,2026-10-08,Summit Christian Academy,,0,3,L,0.0,2.17,-0.0,-0.83,-0.83,False
University Academy Charter,2026-10-10,Rock Port,,,,,-0.13,2.21,,,,False
University Academy Charter,2026-10-10,West Platte,,,,,0.76,2.07,,,,False
University Academy Charter,2026-10-13,Barstow,,,,,0.77,1.59,,,,False
University Academy Charter,2026-10-15,Pembroke Hill,,,,,-1.06,3.05,,,,False
University Academy Charter,2026-10-20,Barstow,,,,,0.77,1.59,,,,False
University City,2026-08-29,Hazelwood Central,,1,2,L,1.74,1.67,-0.74,-0.33,-1.07,False
University City,2026-08-29,Hazelwood East,,1,2,L,1.06,2.61,-0.06,0.61,0.56,False
University City,2026-08-29,McCluer,,2,0,W,3.62,0.3,-1.62,0.3,-1.32,False
University City,2026-08-29,McCluer North,,2,0,W,2.89,0.66,-0.89,0.66,-0.23,False
University City,2026-09-01,Ritenour,,0,3,L,0.65,2.83,-0.65,-0.17,-0.83,False
University City,2026-09-03,Lutheran North,,0,3,L,0.88,2.77,-0.88,-0.23,-1.1,False
University City,2026-09-08,McCluer North,,3,0,W,2.89,0.66,0.11,0.66,0.77,False
University City,2026-09-10,Hazelwood East,,1,3,L,1.06,2.61,-0.06,-0.39,-0.44,False
University City,2026-09-12,Ritenour,,0,2,L,0.65,2.83,-0.65,0.83,0.17,False
University City,2026-09-12,Rosati-Kain,,0,2,L,2.2,1.53,-2.2,-0.47,-2.67,False
University City,2026-09-14,Hazelwood Central,,3,2,W,1.74,1.67,1.26,-0.33,0.93,False
University City,2026-09-16,STEAM Academy,,3,1,W,1.0,2.57,2.0,1.57,3.58,False
University City,2026-09-17,McCluer,,3,0,W,3.62,0.3,-0.62,0.3,-0.32,False
University City,2026-09-22,Jennings,,3,1,W,2.85,0.8,0.15,-0.2,-0.05,False
University City,2026-09-24,Lift for Life Academy Charter,,2,3,L,1.32,2.04,0.68,-0.96,-0.28,False
University City,2026-09-25,Normandy Collaborative,,3,0,W,,,,,,False
University City,2026-09-28,McCluer North,,3,1,W,2.89,0.66,0.11,-0.34,-0.23,False
University City,2026-09-30,Hazelwood East,,1,3,L,1.06,2.61,-0.06,-0.39,-0.44,False
University City,2026-10-02,Hazelwood Central,,3,1,W,1.74,1.67,1.26,0.67,1.93,False
University City,2026-10-05,STEAM Academy,,1,3,L,1.0,2.57,0.0,-0.43,-0.42,False
University City,2026-10-07,McCluer,,3,0,W,3.62,0.3,-0.62,0.3,-0.32,False
University City,2026-10-08,Gateway with Soldan International Studies,,3,0,W,2.92,0.63,0.08,0.63,0.71,False
University City,2026-10-13,Hancock,,,,,0.84,2.47,,,,False
University City,2026-10-15,Maplewood-Richmond Hts.,,,,,0.12,3.24,,,,False
University City,2026-10-17,Hazelwood West,,,,,0.61,2.65,,,,False
Ursuline Academy,2026-09-02,Kirkwood,,1,3,L,0.66,2.67,0.34,-0.33,0.01,False
Ursuline Academy,2026-09-03,St. Joseph's Academy,,1,3,L,0.45,2.74,0.55,-0.26,0.28,False
Ursuline Academy,2026-09-08,Notre Dame (St. Louis),,3,0,W,2.27,1.03,0.73,1.03,1.75,False
Ursuline Academy,2026-09-10,Incarnate Word Academy,,1,3,L,0.27,3.59,0.73,0.59,1.32,False
Ursuline Academy,2026-09-15,Visitation Academy,,3,0,W,2.68,0.46,0.32,0.46,0.78,False
Ursuline Academy,2026-09-17,Cor Jesu Academy,,0,3,L,0.51,3.01,-0.51,0.01,-0.49,False
Ursuline Academy,2026-09-18,Whitfield,,3,0,W,3.3,0.19,-0.3,0.19,-0.1,False
Ursuline Academy,2026-09-22,St. Dominic,,0,3,L,0.0,3.05,-0.0,0.05,0.05,False
Ursuline Academy,2026-09-25,"Ursuline(New Orleans, LA)",,3,0,W,,,,,,False
Ursuline Academy,2026-09-26,"Ursuline(New Orleans, LA)",,3,1,W,,,,,,False
Ursuline Academy,2026-09-28,Parkway West,,0,3,L,1.38,1.83,-1.38,-1.17,-2.55,False
Ursuline Academy,2026-09-29,Westminster Christian Academy,,0,3,L,0.42,2.44,-0.42,-0.56,-0.98,False
Ursuline Academy,2026-10-01,Villa Duchesne,,3,0,W,2.98,0.31,0.02,0.31,0.33,False
Ursuline Academy,2026-10-06,Lutheran South,,3,0,W,1.95,0.79,1.05,0.79,1.84,False
Ursuline Academy,2026-10-08,St. Pius X (Festus),,,,,1.28,1.67,,,,False
Ursuline Academy,2026-10-12,Lindbergh,,,,,1.22,2.74,,,,False
Ursuline Academy,2026-10-14,John Burroughs,,,,,1.24,1.93,,,,False
Ursuline Academy,2026-10-14,Westminster Christian Academy,,,,,0.42,2.44,,,,False
Ursuline Academy,2026-10-15,Nerinx Hall,,,,,1.82,1.64,,,,False
Ursuline Academy,2026-10-21,Washington,,,,,1.93,1.3,,,,False
"Ursuline(New Orleans, LA)",2026-09-25,Ursuline Academy,,0,3,L,,,,,,False
"Ursuline(New Orleans, LA)",2026-09-26,Ursuline Academy,,1,3,L,,,,,,False
Valle Catholic,2026-08-31,DeSoto,,3,0,W,3.29,-0.47,-0.29,-0.47,-0.76,False
Valle Catholic,2026-09-01,North County,,3,0,W,3.0,0.71,0.0,0.71,0.72,False
Valle Catholic,2026-09-03,Central (Park Hills),,3,0,W,3.0,0.57,-0.0,0.57,0.57,False
Valle Catholic,2026-09-08,Festus,,1,3,L,1.27,1.51,-0.27,-1.49,-1.76,False
Valle Catholic,2026-09-10,Jefferson (Festus),,3,0,W,3.03,0.1,-0.03,0.1,0.07,False
Valle Catholic,2026-09-11,Ellington,,2,0,W,2.51,0.22,-0.51,0.22,-0.29,False
Valle Catholic,2026-09-11,Woodland,,1,1,T,2.04,1.16,-1.04,0.16,-0.88,False
Valle Catholic,2026-09-12,Advance,,0,2,L,2.6,1.04,-2.6,-0.96,-3.56,False
Valle Catholic,2026-09-12,Bismarck,,2,1,W,2.42,0.91,-0.42,-0.09,-0.51,False
Valle Catholic,2026-09-12,Dexter,,2,1,W,2.31,0.95,-0.31,-0.05,-0.37,False
Valle Catholic,2026-09-12,Hillsboro,,1,2,L,1.59,1.58,-0.59,-0.42,-1.01,False
Valle Catholic,2026-09-14,Ste. Genevieve,,3,0,W,2.22,0.84,0.78,0.84,1.63,False
Valle Catholic,2026-09-16,St. Paul Lutheran (Farmington),,3,0,W,3.01,-0.17,-0.01,-0.17,-0.19,False
Valle Catholic,2026-09-17,Saxony Lutheran,,3,2,W,1.38,1.68,1.62,-0.32,1.31,False
Valle Catholic,2026-09-21,St. Vincent,,3,0,W,2.79,0.27,0.21,0.27,0.47,False
Valle Catholic,2026-09-22,Fredericktown,,3,0,W,2.49,0.95,0.51,0.95,1.46,False
Valle Catholic,2026-09-24,Bismarck,,3,1,W,2.42,0.91,0.58,-0.09,0.49,False
Valle Catholic,2026-09-26,Hannibal,,1,2,L,0.68,2.02,0.32,0.02,0.34,False
Valle Catholic,2026-09-26,Windsor (Imperial),,2,0,W,2.12,0.76,-0.12,0.76,0.64,False
Valle Catholic,2026-09-28,Potosi,,0,3,L,0.4,2.43,-0.4,-0.57,-0.97,False
Valle Catholic,2026-09-29,West County,,3,0,W,3.77,-0.59,-0.77,-0.59,-1.36,False
Valle Catholic,2026-09-30,Arcadia Valley,,3,0,W,2.33,0.58,0.67,0.58,1.24,False
Valle Catholic,2026-10-05,Perryville,,3,0,W,1.91,1.21,1.09,1.21,2.3,False
Valle Catholic,2026-10-06,Valley,,3,0,W,3.59,-0.7,-0.59,-0.7,-1.29,False
Valle Catholic,2026-10-08,Kingston,,3,0,W,4.18,-0.4,-1.18,-0.4,-1.58,False
Valle Catholic,2026-10-10,Advance,,,,,2.6,1.04,,,,False
Valle Catholic,2026-10-10,Incarnate Word Academy,,,,,0.61,3.17,,,,False
Valle Catholic,2026-10-10,Lindbergh,,,,,1.56,2.31,,,,False
Valle Catholic,2026-10-10,Winona,,,,,1.84,1.34,,,,False
Valle Catholic,2026-10-23,Zalma,,,,,5.08,-2.07,,,,False
Valley,2026-09-01,Lesterville,,1,3,L,1.07,1.72,-0.07,-1.28,-1.35,False
Valley,2026-09-03,St. Paul Lutheran (Farmington),,0,3,L,0.74,1.84,-0.74,-1.16,-1.9,False
Valley,2026-09-04,Bunker,,3,2,W,1.9,1.44,1.1,-0.56,0.54,False
Valley,2026-09-08,Crystal City,,1,3,L,0.88,2.02,0.12,-0.98,-0.85,False
Valley,2026-09-11,Bernie,,1,1,T,1.25,1.39,-0.25,0.39,0.15,False
Valley,2026-09-11,Owensville,,0,2,L,0.2,2.59,-0.2,0.59,0.39,False
Valley,2026-09-12,Crystal City,,0,2,L,0.88,2.02,-0.88,0.02,-0.85,False
Valley,2026-09-12,Greenville,,2,0,W,2.25,0.87,-0.25,0.87,0.62,False
Valley,2026-09-12,Owensville,,3,0,W,0.2,2.59,2.8,2.59,5.39,False
Valley,2026-09-12,Twin Rivers,,2,1,W,2.22,1.28,-0.22,0.28,0.06,False
Valley,2026-09-12,St. Paul Lutheran (Farmington),,0,2,L,0.74,1.84,-0.74,-0.16,-0.9,False
Valley,2026-09-15,Bourbon,,3,0,W,2.03,0.75,0.97,0.75,1.71,False
Valley,2026-09-17,Viburnum,,3,0,W,2.04,0.45,0.96,0.45,1.41,False
Valley,2026-09-19,Central (New Madrid County),,0,2,L,0.9,2.02,-0.9,0.02,-0.87,False
Valley,2026-09-19,Doniphan,,2,0,W,1.58,1.4,0.42,1.4,1.81,False
Valley,2026-09-19,Ellington,,0,2,L,0.23,2.23,-0.23,0.23,-0.0,False
Valley,2026-09-19,Greenville,,2,0,W,2.25,0.87,-0.25,0.87,0.62,False
Valley,2026-09-22,Ellington,,0,3,L,0.23,2.23,-0.23,-0.77,-1.0,False
Valley,2026-09-24,Kingston,,1,3,L,1.9,1.61,-0.9,-1.39,-2.29,False
Valley,2026-09-28,Grandview (Hillsboro),,3,0,W,2.17,0.39,0.83,0.39,1.22,False
Valley,2026-09-29,Arcadia Valley,,1,3,L,0.06,2.59,0.94,-0.41,0.53,False
Valley,2026-10-01,Bismarck,,0,3,L,0.15,2.92,-0.15,-0.08,-0.23,False
Valley,2026-10-06,Valle Catholic,,0,3,L,-0.7,3.59,0.7,0.59,1.29,False
Valley,2026-10-08,West County,,,,,1.49,1.43,,,,False
Valley,2026-10-10,Bunker,,,,,1.9,1.44,,,,False
Valley,2026-10-16,South Iron,,,,,1.76,1.17,,,,False
Valley Park,2026-08-28,Bourbon,,0,3,L,0.51,2.23,-0.51,-0.77,-1.28,False
Valley Park,2026-09-01,Bayless,,0,2,L,0.08,3.02,-0.08,1.02,0.94,False
Valley Park,2026-09-01,Hancock,,1,1,T,0.6,2.07,0.4,1.07,1.47,False
Valley Park,2026-09-01,Maplewood-Richmond Hts.,,0,2,L,-0.12,2.84,0.12,0.84,0.96,False
Valley Park,2026-09-02,Grandview (Hillsboro),,0,2,L,0.65,1.88,-0.65,-0.12,-0.78,False
Valley Park,2026-09-08,Brentwood,,0,3,L,0.16,2.39,-0.16,-0.61,-0.77,False
Valley Park,2026-09-09,Jennings,,3,0,W,2.61,0.4,0.39,0.4,0.79,False
Valley Park,2026-09-11,Maplewood-Richmond Hts.,,0,3,L,-0.12,2.84,0.12,-0.16,-0.04,False
Valley Park,2026-09-15,Bayless,,0,3,L,0.08,3.02,-0.08,0.02,-0.06,False
Valley Park,2026-09-17,Herculaneum,,0,3,L,0.53,2.0,-0.53,-1.0,-1.54,False
Valley Park,2026-09-18,Hancock,,0,3,L,0.6,2.07,-0.6,-0.93,-1.53,False
Valley Park,2026-09-21,Roosevelt,,3,0,W,,,,,,False
Valley Park,2026-09-22,Crossroads College Preparatory,,3,0,W,1.85,0.97,1.15,0.97,2.12,False
Valley Park,2026-09-25,Brentwood,,0,3,L,0.16,2.39,-0.16,-0.61,-0.77,False
Valley Park,2026-09-29,Maplewood-Richmond Hts.,,0,3,L,-0.12,2.84,0.12,-0.16,-0.04,False
Valley Park,2026-09-30,Crystal City,,0,3,L,-0.64,3.51,0.64,0.51,1.15,False
Valley Park,2026-10-02,Bayless,,0,3,L,0.08,3.02,-0.08,0.02,-0.06,False
Valley Park,2026-10-06,Hancock,,,,,0.6,2.07,,,,False
Valley Park,2026-10-08,STEAM Academy,,,,,0.76,2.17,,,,False
Valley Park,2026-10-09,Crossroads College Preparatory,,,,,1.85,0.97,,,,False
Valley Park,2026-10-13,McKinley Classical Leadership,,,,,1.61,1.14,,,,False
Valley Park,2026-10-15,Gateway Science Charter,,,,,0.96,1.86,,,,False
Van Horn,2026-08-27,Warrensburg,,0,3,L,-0.48,3.26,0.48,0.26,0.74,False
Van Horn,2026-09-01,Ruskin,,3,0,W,1.89,0.61,1.11,0.61,1.72,False
Van Horn,2026-09-02,Truman,,0,3,L,0.28,2.16,-0.28,-0.84,-1.12,False
Van Horn,2026-09-05,Raytown,,0,2,L,0.58,1.79,-0.58,-0.21,-0.79,False
Van Horn,2026-09-05,Raytown South,,1,1,T,1.18,1.79,-0.18,0.79,0.6,False
Van Horn,2026-09-05,William Chrisman,,0,2,L,-0.21,2.62,0.21,0.62,0.82,False
Van Horn,2026-09-05,Ewing Marion Kauffman,,2,0,W,1.53,1.11,0.47,1.11,1.59,False
Van Horn,2026-09-08,Raytown South,,1,3,L,1.18,1.79,-0.18,-1.21,-1.4,False
Van Horn,2026-09-10,Center,,0,3,L,-0.07,2.59,0.07,-0.41,-0.34,False
Van Horn,2026-09-12,Hogan Prep Academy Charter,,2,0,W,4.18,-1.58,-2.18,-1.58,-3.76,False
Van Horn,2026-09-12,Paseo Academy,,2,0,W,2.31,0.59,-0.31,0.59,0.28,False
Van Horn,2026-09-12,Barstow,,0,2,L,0.21,2.52,-0.21,0.52,0.31,False
Van Horn,2026-09-12,Winnetonka,,1,1,T,1.31,1.27,-0.31,0.27,-0.04,False
Van Horn,2026-09-17,St. Michael the Archangel,,0,3,L,-2.2,4.96,2.2,1.96,4.15,False
Van Horn,2026-09-19,Lawson,,0,2,L,0.09,2.63,-0.09,0.63,0.54,False
Van Horn,2026-09-19,Raytown,,0,2,L,0.58,1.79,-0.58,-0.21,-0.79,False
Van Horn,2026-09-19,William Chrisman,,0,2,L,-0.21,2.62,0.21,0.62,0.82,False
Van Horn,2026-09-19,Barstow,,0,2,L,0.21,2.52,-0.21,0.52,0.31,False
Van Horn,2026-09-21,Grandview,,0,3,L,0.42,2.14,-0.42,-0.86,-1.28,False
Van Horn,2026-09-24,Excelsior Springs,,2,3,L,1.27,1.71,0.73,-1.29,-0.56,False
Van Horn,2026-09-30,Oak Grove,,0,3,L,-2.19,4.67,2.19,1.67,3.86,False
Van Horn,2026-10-01,Barstow,,0,3,L,0.21,2.52,-0.21,-0.48,-0.69,False
Van Horn,2026-10-05,Lincoln College Prep,,0,3,L,0.13,3.01,-0.13,0.01,-0.11,False
Van Horn,2026-10-06,University Academy Charter,,,,,0.39,1.88,,,,False
Van Horn,2026-10-08,Pembroke Hill,,,,,-1.62,3.97,,,,False
Van Horn,2026-10-13,Summit Christian Academy,,,,,-0.55,3.1,,,,False
Van Horn,2026-10-15,William Chrisman,,,,,-0.21,2.62,,,,False
Van Horn,2026-10-20,Lincoln College Prep,,,,,0.13,3.01,,,,False
Vashon,2026-08-28,Miller Career Academy,,3,0,W,1.94,1.08,1.06,1.08,2.14,False
Vashon,2026-08-31,Gateway Science Charter,,0,3,L,0.53,2.85,-0.53,-0.15,-0.68,False
Vashon,2026-09-02,West Plains,,3,0,W,-3.39,6.66,6.39,6.66,13.05,False
Vashon,2026-09-03,Confluence Prep Academy Charter with Grand Center Arts Charter,,3,1,W,2.11,1.71,0.89,0.71,1.59,False
Vashon,2026-09-04,KIPP St. Louis Sr.,,,,,2.92,0.84,,,,False
Vashon,2026-09-09,Gateway with Soldan International Studies,,3,0,W,2.25,1.23,0.75,1.23,1.97,False
Vashon,2026-09-14,Collegiate School of Med-Bio Science,,0,3,L,0.65,3.21,-0.65,0.21,-0.44,False
Vashon,2026-09-16,Metro,,0,3,L,-0.85,3.75,0.85,0.75,1.6,False
Vashon,2026-09-18,KIPP St. Louis Sr.,,3,0,W,2.92,0.84,0.08,0.84,0.92,False
Vashon,2026-09-21,McKinley Classical Leadership,,0,3,L,1.18,2.14,-1.18,-0.86,-2.04,False
Vashon,2026-09-23,Roosevelt,,3,0,W,,,,,,False
Vashon,2026-09-24,Metro,,0,2,L,-0.85,3.75,0.85,1.75,2.6,False
Vashon,2026-09-24,West Plains,,2,0,W,-3.39,6.66,5.39,6.66,12.05,False
Vashon,2026-09-26,McKinley Classical Leadership,,0,3,L,1.18,2.14,-1.18,-0.86,-2.04,False
Vashon,2026-09-28,Miller Career Academy,,1,,,1.94,1.08,,,,False
Vashon,2026-09-30,Confluence Prep Academy Charter with Grand Center Arts Charter,,1,3,L,2.11,1.71,-1.11,-1.29,-2.41,False
Vashon,2026-10-01,Believe Acad Charter,,3,0,W,3.47,-0.02,-0.47,-0.02,-0.49,False
Vashon,2026-10-02,McKinley Classical Leadership,,2,3,L,1.18,2.14,0.82,-0.86,-0.04,False
Vashon,2026-10-02,Lutheran North,,,,,0.21,3.37,,,,False
Vashon,2026-10-05,West Plains,,3,0,W,-3.39,6.66,6.39,6.66,13.05,False
Vashon,2026-10-06,Roosevelt,,3,0,W,,,,,,False
Vashon,2026-10-12,St. Louis Ignite,,,,,,,,,,False
Vashon,2026-10-15,Cardinal Ritter,,,,,1.36,2.03,,,,False
Vashon,2026-10-19,Cardinal Ritter,,,,,1.36,2.03,,,,False
Veritas Christian Academy,2026-08-24,St. Louis Christian Sr.,,,,,,,,,,False
Veritas Christian Academy,2026-08-24,St. Louis Ignite,,,,,,,,,,False
Veritas Christian Academy,2026-08-29,Central (Cape Girardeau),,0,2,L,-0.76,3.28,0.76,1.28,2.04,False
Veritas Christian Academy,2026-08-29,Hillsboro,,0,2,L,-1.86,4.83,1.86,2.83,4.69,False
Veritas Christian Academy,2026-08-29,Northwest (Cedar Hill),,0,2,L,-0.59,3.3,0.59,1.3,1.89,False
Veritas Christian Academy,2026-08-29,Poplar Bluff,,0,2,L,-0.56,3.25,0.56,1.25,1.81,False
Veritas Christian Academy,2026-09-01,St. Louis Christian Sr.,,3,2,W,,,,,,False
Veritas Christian Academy,2026-09-04,Grandview (Hillsboro),,1,3,L,1.0,1.63,0.0,-1.37,-1.37,False
Veritas Christian Academy,2026-09-08,St. Charles West,,0,3,L,-0.65,3.71,0.65,0.71,1.36,False
Veritas Christian Academy,2026-09-10,Bowling Green,,0,3,L,0.5,2.53,-0.5,-0.47,-0.97,False
Veritas Christian Academy,2026-09-14,Bishop DuBourg,,3,0,W,1.99,1.59,1.01,1.59,2.6,False
Veritas Christian Academy,2026-09-15,St. Louis Ignite,,0,3,L,,,,,,False
Veritas Christian Academy,2026-09-17,Liberty Christian Sr.,,3,2,W,,,,,,False
Veritas Christian Academy,2026-09-19,"Collinsville(Collinsville, IL)",,0,2,L,,,,,,False
Veritas Christian Academy,2026-09-19,Montgomery County,,0,2,L,0.13,2.97,-0.13,0.97,0.83,False
Veritas Christian Academy,2026-09-19,Orchard Farm,,0,2,L,-1.57,4.65,1.57,2.65,4.22,False
Veritas Christian Academy,2026-09-22,Bishop DuBourg,,0,3,L,1.99,1.59,-1.99,-1.41,-3.4,False
Veritas Christian Academy,2026-09-24,St. Charles,,2,3,L,0.32,3.02,1.68,0.02,1.7,False
Veritas Christian Academy,2026-09-29,Whitfield,,0,3,L,0.19,3.02,-0.19,0.02,-0.16,False
Veritas Christian Academy,2026-09-30,Wright City,,0,3,L,-0.77,3.5,0.77,0.5,1.27,False
Veritas Christian Academy,2026-10-05,Crystal City,,1,3,L,-0.3,3.26,1.3,0.26,1.56,False
Veritas Christian Academy,2026-10-05,Visitation Academy,,,,,-0.43,3.29,,,,False
Veritas Christian Academy,2026-10-06,St. Louis Ignite,,1,3,L,,,,,,False
Veritas Christian Academy,2026-10-14,Villa Duchesne,,,,,-0.13,3.14,,,,False
Veritas Christian Academy,2026-10-15,Duchesne,,,,,-1.39,3.97,,,,False
Veritas Christian Academy,2026-10-19,Brentwood,,,,,0.51,2.14,,,,False
Veritas Christian Academy,2026-10-20,Fatima,,,,,-0.49,3.76,,,,False
Verona,2026-08-31,Bronaugh,,3,0,W,4.12,-1.27,-1.12,-1.27,-2.39,False
Verona,2026-09-01,Hurley,,3,1,W,1.98,1.18,1.02,0.18,1.2,False
Verona,2026-09-03,Golden City,,1,3,L,2.39,0.87,-1.39,-2.13,-3.52,False
Verona,2026-09-05,Everton,,1,1,T,1.41,1.54,-0.41,0.54,0.13,False
Verona,2026-09-05,Galena,,0,2,L,2.15,0.68,-2.15,-1.32,-3.47,False
Verona,2026-09-05,Northeast Vernon County,,2,0,W,3.43,-0.65,-1.43,-0.65,-2.08,False
Verona,2026-09-05,Southwest (Washburn),,2,1,W,2.21,0.6,-0.21,-0.4,-0.6,False
Verona,2026-09-05,McAuley Catholic,,1,1,T,2.35,1.03,-1.35,0.03,-1.33,False
Verona,2026-09-08,Southwest (Washburn),,3,0,W,2.21,0.6,0.79,0.6,1.4,False
Verona,2026-09-10,Purdy,,3,1,W,1.82,1.63,1.18,0.63,1.81,False
Verona,2026-09-14,Blue Eye,,0,3,L,0.03,2.7,-0.03,-0.3,-0.33,False
Verona,2026-09-15,Marionville,,0,3,L,0.85,2.31,-0.85,-0.69,-1.54,False
Verona,2026-09-17,Gloria Deo Academy,,3,0,W,2.16,0.82,0.84,0.82,1.66,False
Verona,2026-09-21,Galena,,3,0,W,2.15,0.68,0.85,0.68,1.53,False
Verona,2026-09-22,Everton,,3,2,W,1.41,1.54,1.59,-0.46,1.13,False
Verona,2026-09-24,Wheaton,,3,1,W,2.06,1.12,0.94,0.12,1.06,False
Verona,2026-09-29,Billings,,0,3,L,0.13,3.19,-0.13,0.19,0.06,False
Verona,2026-10-01,McAuley Catholic,,3,2,W,2.35,1.03,0.65,-0.97,-0.33,False
Verona,2026-10-03,Everton,,0,2,L,1.41,1.54,-1.41,-0.46,-1.87,False
Verona,2026-10-03,Exeter,,2,0,W,2.86,0.35,-0.86,0.35,-0.51,False
Verona,2026-10-03,Golden City,,2,0,W,2.39,0.87,-0.39,0.87,0.48,False
Verona,2026-10-03,Thomas Jefferson Independent Day,,1,1,T,0.7,1.94,0.3,0.94,1.25,False
Verona,2026-10-03,Wheaton,,2,0,W,2.06,1.12,-0.06,1.12,1.06,False
Verona,2026-10-06,New Heights Christian,,0,3,L,0.76,2.16,-0.76,-0.84,-1.6,False
Verona,2026-10-08,Thomas Jefferson Independent Day,,,,,0.7,1.94,,,,False
Verona,2026-10-12,Greenfield,,,,,1.18,2.22,,,,False
Verona,2026-10-13,Round Grove Christian Acad,,,,,,,,,,False
Verona,2026-10-15,Sheldon,,,,,2.57,0.68,,,,False
Verona,2026-10-19,Exeter,,,,,2.86,0.35,,,,False
Verona,2026-10-20,Wheaton,,,,,2.06,1.12,,,,False
Versailles,2026-08-27,Stover,,1,3,L,1.27,2.03,-0.27,-0.97,-1.24,False
Versailles,2026-08-31,California,,1,3,L,1.2,2.11,-0.2,-0.89,-1.09,False
Versailles,2026-09-03,Tipton,,3,0,W,1.72,1.26,1.28,1.26,2.55,False
Versailles,2026-09-08,Clinton,,0,3,L,0.13,3.24,-0.13,0.24,0.12,False
Versailles,2026-09-10,Osage,,1,3,L,0.56,3.08,0.44,0.08,0.51,False
Versailles,2026-09-12,Cameron,,1,1,T,2.28,1.07,-1.28,0.07,-1.21,False
Versailles,2026-09-12,Lafayette County,,1,1,T,1.0,1.99,-0.0,0.99,0.98,False
Versailles,2026-09-12,Marshall,,2,0,W,3.01,0.32,-1.01,0.32,-0.69,False
Versailles,2026-09-12,Warrensburg,,0,2,L,1.0,2.29,-1.0,0.29,-0.71,False
Versailles,2026-09-14,Sherwood,,3,0,W,3.15,-0.01,-0.15,-0.01,-0.16,False
Versailles,2026-09-17,Russellville,,3,0,W,2.4,1.25,0.6,1.25,1.85,False
Versailles,2026-09-21,Cole Camp,,2,3,L,1.03,2.19,0.97,-0.81,0.16,False
Versailles,2026-09-22,Warsaw,,0,3,L,1.31,2.32,-1.31,-0.68,-1.99,False
Versailles,2026-09-24,Butler,,3,1,W,0.84,2.53,2.16,1.53,3.68,False
Versailles,2026-09-28,Smith-Cotton,,2,3,L,1.28,2.08,0.72,-0.92,-0.2,False
Versailles,2026-09-29,Eugene,,3,0,W,3.08,0.7,-0.08,0.7,0.61,False
Versailles,2026-10-01,El Dorado Springs,,3,1,W,3.02,0.46,-0.02,-0.54,-0.56,False
Versailles,2026-10-06,Boonville,,0,3,L,1.19,2.14,-1.19,-0.86,-2.05,False
Versailles,2026-10-08,Eldon,,,,,2.03,1.5,,,,False
Versailles,2026-10-12,Southern Boone,,,,,0.71,3.02,,,,False
Versailles,2026-10-13,Adrian,,,,,0.21,2.82,,,,False
Versailles,2026-10-17,Skyline,,,,,1.61,1.75,,,,False
Versailles,2026-10-22,Eldon,,,,,2.03,1.5,,,,False
Viburnum,2026-08-27,Lesterville,,0,3,L,0.2,2.44,-0.2,-0.56,-0.76,False
Viburnum,2026-08-31,Cuba,,0,3,L,-0.35,2.91,0.35,-0.09,0.27,False
Viburnum,2026-09-01,Kingston,,2,3,L,1.03,2.33,0.97,-0.67,0.3,False
Viburnum,2026-09-03,Bunker,,0,3,L,1.03,2.16,-1.03,-0.84,-1.87,False
Viburnum,2026-09-04,Bourbon,,3,1,W,1.16,1.46,1.84,0.46,2.3,False
Viburnum,2026-09-08,St. James,,3,0,W,1.76,0.69,1.24,0.69,1.92,False
Viburnum,2026-09-11,Lesterville,,0,2,L,0.2,2.44,-0.2,0.44,0.24,False
Viburnum,2026-09-11,New Haven,,0,2,L,0.37,1.99,-0.37,-0.01,-0.39,False
Viburnum,2026-09-12,Bloomfield,,1,1,T,1.31,1.28,-0.31,0.28,-0.03,False
Viburnum,2026-09-12,Campbell,,0,2,L,-0.15,2.72,0.15,0.72,0.87,False
Viburnum,2026-09-12,Greenville,,1,2,L,1.38,1.59,-0.38,-0.41,-0.79,False
Viburnum,2026-09-15,Steelville,,0,3,L,0.46,2.49,-0.46,-0.51,-0.97,False
Viburnum,2026-09-17,Valley,,0,3,L,0.45,2.04,-0.45,-0.96,-1.41,False
Viburnum,2026-09-19,Belle,,0,2,L,0.93,1.92,-0.93,-0.08,-1.01,False
Viburnum,2026-09-19,Herculaneum,,2,0,W,1.18,1.23,0.82,1.23,2.05,False
Viburnum,2026-09-19,Steelville,,0,2,L,0.46,2.49,-0.46,0.49,0.03,False
Viburnum,2026-09-19,Warrenton,,0,2,L,-0.12,2.8,0.12,0.8,0.92,False
Viburnum,2026-09-23,Bunker,,0,2,L,1.03,2.16,-1.03,0.16,-0.87,False
Viburnum,2026-09-29,Belle,,0,3,L,0.93,1.92,-0.93,-1.08,-2.01,False
Viburnum,2026-10-05,Steelville,,0,3,L,0.46,2.49,-0.46,-0.51,-0.97,False
Viburnum,2026-10-06,Cuba,,1,3,L,-0.35,2.91,1.35,-0.09,1.27,False
Viburnum,2026-10-09,Clearwater,,,,,1.09,1.24,,,,False
Viburnum,2026-10-10,Herculaneum,,,,,1.18,1.23,,,,False
Viburnum,2026-10-12,Bourbon,,,,,1.16,1.46,,,,False
Viburnum,2026-10-13,Ellington,,,,,-0.64,2.95,,,,False
Viburnum,2026-10-15,South Iron,,,,,0.89,1.89,,,,False
Viburnum,2026-10-16,Marquand-Zion,,,,,,,,,,False
Villa Duchesne,2026-08-29,Holt,,0,2,L,0.43,2.9,-0.43,0.9,0.47,False
Villa Duchesne,2026-08-29,Notre Dame (St. Louis),,0,2,L,0.92,2.34,-0.92,0.34,-0.58,False
Villa Duchesne,2026-08-29,Parkway Central,,0,2,L,0.14,2.87,-0.14,0.87,0.73,False
Villa Duchesne,2026-08-29,Visitation Academy,,,,,1.32,1.77,,,,False
Villa Duchesne,2026-09-01,MICDS,,0,3,L,-0.52,3.68,0.52,0.68,1.2,False
Villa Duchesne,2026-09-03,St. Dominic,,0,3,L,-1.35,4.36,1.35,1.36,2.72,False
Villa Duchesne,2026-09-08,Nerinx Hall,,0,3,L,0.47,2.95,-0.47,-0.05,-0.51,False
Villa Duchesne,2026-09-09,Affton,,3,1,W,1.94,1.36,1.06,0.36,1.42,False
Villa Duchesne,2026-09-11,Doniphan,,1,1,T,2.16,1.12,-1.16,0.12,-1.04,False
Villa Duchesne,2026-09-11,Risco,,2,0,W,2.49,0.66,-0.49,0.66,0.16,False
Villa Duchesne,2026-09-12,Clearwater,,2,0,W,2.54,0.24,-0.54,0.24,-0.3,False
Villa Duchesne,2026-09-12,Scott City,,1,2,L,0.99,2.18,0.01,0.18,0.19,False
Villa Duchesne,2026-09-12,Sikeston,,1,1,T,1.32,2.12,-0.32,1.12,0.8,False
Villa Duchesne,2026-09-12,South Iron,,2,0,W,2.34,0.9,-0.34,0.9,0.56,False
Villa Duchesne,2026-09-14,Whitfield,,1,3,L,1.94,1.51,-0.94,-1.49,-2.43,False
Villa Duchesne,2026-09-15,John Burroughs,,0,3,L,-0.11,3.24,0.11,0.24,0.35,False
Villa Duchesne,2026-09-16,Lutheran South,,0,3,L,0.6,2.1,-0.6,-0.9,-1.49,False
Villa Duchesne,2026-09-17,Bayless,,3,1,W,2.18,1.26,0.82,0.26,1.08,False
Villa Duchesne,2026-09-18,Lutheran South,,0,3,L,0.6,2.1,-0.6,-0.9,-1.49,False
Villa Duchesne,2026-09-21,St. Joseph's Academy,,0,3,L,-0.9,4.05,0.9,1.05,1.95,False
Villa Duchesne,2026-09-22,Notre Dame (St. Louis),,3,2,W,0.92,2.34,2.08,0.34,2.42,False
Villa Duchesne,2026-09-24,Incarnate Word Academy,,0,3,L,-1.08,4.9,1.08,1.9,2.99,False
Villa Duchesne,2026-09-25,Cor Jesu Academy,,0,3,L,-0.85,4.33,0.85,1.33,2.18,False
Villa Duchesne,2026-09-28,Duchesne,,1,3,L,0.37,2.46,0.63,-0.54,0.09,False
Villa Duchesne,2026-09-29,Visitation Academy,,1,3,L,1.32,1.77,-0.32,-1.23,-1.55,False
Villa Duchesne,2026-10-01,Ursuline Academy,,0,3,L,0.31,2.98,-0.31,-0.02,-0.33,False
Villa Duchesne,2026-10-02,Rosati-Kain,,3,0,W,4.06,-0.63,-1.06,-0.63,-1.69,False
Villa Duchesne,2026-10-06,Parkway Central,,0,3,L,0.14,2.87,-0.14,-0.13,-0.27,False
Villa Duchesne,2026-10-07,Metro,,3,1,W,1.68,0.99,1.32,-0.01,1.31,False
Villa Duchesne,2026-10-13,Brentwood,,,,,2.26,0.62,,,,False
Villa Duchesne,2026-10-14,Veritas Christian Academy,,,,,3.14,-0.13,,,,False
Villa Duchesne,2026-10-16,Gateway Legacy Sr. H.,,,,,,,,,,False
Villa Duchesne,2026-10-20,Visitation Academy,,,,,1.32,1.77,,,,False
"Viola high school(Viola, AR)",2026-09-04,Couch,,0,3,L,,,,,,False
"Viola(Viola , AR)",2026-09-12,Thayer,,1,2,L,,,,,,False
"Viola(Viola , AR)",2026-09-14,Thayer,,0,3,L,,,,,,False
"Viola(Viola, AR)",2026-09-13,Lutie,,2,0,W,,,,,,False
"Viola(Viola, AR)",2026-10-02,Bakersfield,,0,3,L,,,,,,False
"Viola(Viola, AR)",2026-10-05,Koshkonong,,,,,,,,,,False
Visitation Academy,2026-08-29,Holt,,0,2,L,0.59,2.61,-0.59,0.61,0.02,False
Visitation Academy,2026-08-29,Notre Dame (St. Louis),,1,2,L,1.07,2.04,-0.07,0.04,-0.03,False
Visitation Academy,2026-08-29,Parkway Central,,0,2,L,0.29,2.57,-0.29,0.57,0.28,False
Visitation Academy,2026-08-29,St. Vincent,,,,,1.25,1.7,,,,False
Visitation Academy,2026-08-29,Villa Duchesne,,,,,1.77,1.32,,,,False
Visitation Academy,2026-08-31,Incarnate Word Academy,,0,3,L,-0.93,4.6,0.93,1.6,2.54,False
Visitation Academy,2026-09-01,Pattonville,,1,3,L,1.53,1.76,-0.53,-1.24,-1.77,False
Visitation Academy,2026-09-03,Notre Dame (St. Louis),,,3,,1.07,2.04,,,,False
Visitation Academy,2026-09-10,Cor Jesu Academy,,0,3,L,-0.69,4.03,0.69,1.03,1.72,False
Visitation Academy,2026-09-11,"Effingham(Effingham , IL)",,,,,,,,,,False
Visitation Academy,2026-09-11,"Glenwood Chatham(Chatham, IL)",,,,,,,,,,False
Visitation Academy,2026-09-12,"Champaign Centennial(Champaign, IL)",,,,,,,,,,False
Visitation Academy,2026-09-12,"Fairfield Community(Fairfield , IL)",,,,,,,,,,False
Visitation Academy,2026-09-12,"Windsor/Stewardson-Strasburg( Strasburg, IL)",,,,,,,,,,False
Visitation Academy,2026-09-15,Ursuline Academy,,0,3,L,0.46,2.68,-0.46,-0.32,-0.78,False
Visitation Academy,2026-09-17,St. Dominic,,0,3,L,-1.2,4.06,1.2,1.06,2.26,False
Visitation Academy,2026-09-18,Lindbergh,,0,3,L,0.01,3.75,-0.01,0.75,0.74,False
Visitation Academy,2026-09-18,Lutheran St. Charles,,0,3,L,0.53,3.09,-0.53,0.09,-0.44,False
Visitation Academy,2026-09-19,Parkway South,,0,2,L,0.31,2.7,-0.31,0.7,0.39,False
Visitation Academy,2026-09-19,Ft. Zumwalt South,,,,,1.3,1.62,,,,False
Visitation Academy,2026-09-22,MICDS,,0,3,L,-0.37,3.38,0.37,0.38,0.75,False
Visitation Academy,2026-09-24,Nerinx Hall,,0,3,L,0.62,2.65,-0.62,-0.35,-0.97,False
Visitation Academy,2026-09-29,Villa Duchesne,,3,1,W,1.77,1.32,1.23,0.32,1.55,False
Visitation Academy,2026-10-01,St. Joseph's Academy,,0,3,L,-0.75,3.75,0.75,0.75,1.5,False
Visitation Academy,2026-10-05,Veritas Christian Academy,,,,,3.29,-0.43,,,,False
Visitation Academy,2026-10-08,John Burroughs,,0,3,L,0.04,2.94,-0.04,-0.06,-0.1,False
Visitation Academy,2026-10-09,Clayton,,,,,1.66,1.74,,,,False
Visitation Academy,2026-10-13,Lift for Life Academy Charter,,,,,3.33,-0.42,,,,False
Visitation Academy,2026-10-14,Westminster Christian Academy,,,,,-0.78,3.46,,,,False
Visitation Academy,2026-10-20,Villa Duchesne,,,,,1.77,1.32,,,,False
"Walnut Ridge(WR, AR)",2026-09-26,Kennett,,2,0,W,,,,,,False
Warrensburg,2026-08-27,Van Horn,,3,0,W,3.26,-0.48,-0.26,-0.48,-0.74,False
Warrensburg,2026-09-02,St. Michael the Archangel,,0,3,L,-0.26,3.16,0.26,0.16,0.42,False
Warrensburg,2026-09-03,Notre Dame de Sion,,0,3,L,1.17,2.41,-1.17,-0.59,-1.76,False
Warrensburg,2026-09-08,Marshall,,3,0,W,3.48,-0.51,-0.48,-0.51,-0.98,False
Warrensburg,2026-09-10,Summit Christian Academy,,3,1,W,1.39,1.3,1.61,0.3,1.92,False
Warrensburg,2026-09-12,Lafayette County,,0,2,L,1.47,1.16,-1.47,-0.84,-2.31,False
Warrensburg,2026-09-12,Richmond,,2,0,W,3.98,-1.08,-1.98,-1.08,-3.07,False
Warrensburg,2026-09-12,Sweet Springs,,2,0,W,2.75,0.53,-0.75,0.53,-0.23,False
Warrensburg,2026-09-12,Northwest (Hughesville),,2,0,W,3.7,-1.0,-1.7,-1.0,-2.7,False
Warrensburg,2026-09-12,Versailles,,2,0,W,2.29,1.0,-0.29,1.0,0.71,False
Warrensburg,2026-09-14,Knob Noster,,3,0,W,2.33,0.36,0.67,0.36,1.04,False
Warrensburg,2026-09-15,Smith-Cotton,,3,2,W,1.75,1.26,1.25,-0.74,0.51,False
Warrensburg,2026-09-19,Lawson,,2,0,W,2.03,0.83,-0.03,0.83,0.8,False
Warrensburg,2026-09-19,Raytown,,2,0,W,2.52,-0.01,-0.52,-0.01,-0.53,False
Warrensburg,2026-09-19,William Chrisman,,2,0,W,1.73,0.82,0.27,0.82,1.09,False
Warrensburg,2026-09-19,Barstow,,2,0,W,2.15,0.73,-0.15,0.73,0.58,False
Warrensburg,2026-09-22,Oak Grove,,0,3,L,-0.25,2.88,0.25,-0.12,0.12,False
Warrensburg,2026-09-24,Odessa,,1,3,L,1.28,2.24,-0.28,-0.76,-1.04,False
Warrensburg,2026-09-28,Capital City,,2,3,L,1.7,1.5,0.3,-1.5,-1.21,False
Warrensburg,2026-09-29,Benton,,0,2,L,0.78,2.1,-0.78,0.1,-0.68,False
Warrensburg,2026-09-29,Lawson,,2,0,W,2.03,0.83,-0.03,0.83,0.8,False
Warrensburg,2026-10-01,Lincoln College Prep,,3,0,W,2.07,1.22,0.93,1.22,2.15,False
Warrensburg,2026-10-03,Adrian,,1,2,L,0.67,2.0,0.33,-0.0,0.33,False
Warrensburg,2026-10-03,Cole Camp,,2,0,W,1.49,1.36,0.51,1.36,1.87,False
Warrensburg,2026-10-03,California,,0,2,L,1.66,1.29,-1.66,-0.71,-2.38,False
Warrensburg,2026-10-03,Santa Fe,,1,1,T,2.13,0.8,-1.13,-0.2,-1.34,False
Warrensburg,2026-10-06,Pleasant Hill,,0,3,L,0.83,2.35,-0.83,-0.65,-1.48,False
Warrensburg,2026-10-08,Harrisonville,,3,2,W,1.51,1.74,1.49,-0.26,1.23,False
Warrensburg,2026-10-12,Clinton,,,,,0.59,2.42,,,,False
Warrensburg,2026-10-15,Center,,,,,1.87,0.79,,,,False
Warrensburg,2026-10-22,Harrisonville,,,,,1.51,1.74,,,,False
Warrenton,2026-08-29,Central (Cape Girardeau),,1,1,T,1.18,1.48,-0.18,0.48,0.3,False
Warrenton,2026-08-29,DeSoto,,2,0,W,1.79,0.98,0.21,0.98,1.19,False
Warrenton,2026-08-29,Hillsboro,,0,2,L,0.08,3.03,-0.08,1.03,0.95,False
Warrenton,2026-08-29,Ste. Genevieve,,1,1,T,0.71,2.29,0.29,1.29,1.58,False
Warrenton,2026-08-31,Ft. Zumwalt East,,3,0,W,2.05,0.74,0.95,0.74,1.69,False
Warrenton,2026-09-01,Washington,,0,3,L,0.77,2.33,-0.77,-0.67,-1.44,False
Warrenton,2026-09-03,St. Charles West,,3,1,W,1.29,1.91,1.71,0.91,2.62,False
Warrenton,2026-09-09,Sullivan,,0,3,L,-0.44,3.13,0.44,0.13,0.57,False
Warrenton,2026-09-10,Holt,,0,3,L,0.62,2.62,-0.62,-0.38,-1.0,False
Warrenton,2026-09-15,Orchard Farm,,0,3,L,0.38,2.85,-0.38,-0.15,-0.52,False
Warrenton,2026-09-17,Winfield,,1,3,L,1.41,1.79,-0.41,-1.21,-1.62,False
Warrenton,2026-09-19,Belle,,1,1,T,2.57,0.64,-1.57,-0.36,-1.93,False
Warrenton,2026-09-19,Cuba,,0,2,L,1.28,1.63,-1.28,-0.37,-1.65,False
Warrenton,2026-09-19,Herculaneum,,2,0,W,2.82,-0.05,-0.82,-0.05,-0.87,False
Warrenton,2026-09-19,Steelville,,1,1,T,2.1,1.21,-1.1,0.21,-0.89,False
Warrenton,2026-09-19,Viburnum,,2,0,W,2.8,-0.12,-0.8,-0.12,-0.92,False
Warrenton,2026-09-21,Troy Buchanan,,2,3,L,1.07,2.05,0.93,-0.95,-0.02,False
Warrenton,2026-09-22,St. Charles,,3,2,W,2.26,1.21,0.74,-0.79,-0.05,False
Warrenton,2026-09-24,Francis Howell North,,1,3,L,0.8,2.59,0.2,-0.41,-0.21,False
Warrenton,2026-09-26,Ft. Zumwalt West,,0,2,L,-1.21,3.7,1.21,1.7,2.91,False
Warrenton,2026-09-26,Mexico,,2,1,W,3.05,0.84,-1.05,-0.16,-1.21,False
Warrenton,2026-09-26,Ft. Zumwalt East,,2,0,W,2.05,0.74,-0.05,0.74,0.69,False
Warrenton,2026-09-26,Waynesville,,2,0,W,1.85,0.71,0.15,0.71,0.86,False
Warrenton,2026-09-28,Montgomery County,,3,0,W,2.08,1.17,0.92,1.17,2.09,False
Warrenton,2026-09-29,St. Charles West,,1,3,L,1.29,1.91,-0.29,-1.09,-1.38,False
Warrenton,2026-10-01,Holt,,0,3,L,0.62,2.62,-0.62,-0.38,-1.0,False
Warrenton,2026-10-05,Fulton,,3,2,W,2.05,1.18,0.95,-0.82,0.14,False
Warrenton,2026-10-06,Orchard Farm,,0,3,L,0.38,2.85,-0.38,-0.15,-0.52,False
Warrenton,2026-10-08,Wright City,,,,,1.17,1.7,,,,False
Warrenton,2026-10-12,Mexico,,,,,3.05,0.84,,,,False
Warrenton,2026-10-13,Winfield,,,,,1.41,1.79,,,,False
Warrenton,2026-10-15,St. Charles,,,,,2.26,1.21,,,,False
Warrenton,2026-10-21,Holt,,,,,0.62,2.62,,,,False
Warsaw,2026-08-27,Cole Camp,,0,3,L,1.53,1.68,-1.53,-1.32,-2.85,False
Warsaw,2026-09-01,Lincoln,,3,1,W,3.59,-0.15,-0.59,-1.15,-1.74,False
Warsaw,2026-09-02,Skyline,,3,0,W,2.11,1.25,0.89,1.25,2.13,False
Warsaw,2026-09-07,Osceola,,3,1,W,1.7,1.65,1.3,0.65,1.95,False
Warsaw,2026-09-10,Knob Noster,,3,0,W,2.36,0.68,0.64,0.68,1.32,False
Warsaw,2026-09-14,Smithton,,3,1,W,2.94,0.56,0.06,-0.44,-0.39,False
Warsaw,2026-09-17,Clinton,,2,3,L,0.63,2.74,1.37,-0.26,1.11,False
Warsaw,2026-09-22,Versailles,,3,0,W,2.32,1.31,0.68,1.31,1.99,False
Warsaw,2026-09-26,Ballard,,2,0,W,3.66,-0.71,-1.66,-0.71,-2.37,False
Warsaw,2026-09-26,Hume,,2,0,W,4.8,-1.37,-2.8,-1.37,-4.18,False
Warsaw,2026-09-26,Midway,,2,0,W,2.56,0.66,-0.56,0.66,0.1,False
Warsaw,2026-09-26,"Prairie View(LaCygne, KS)",,2,0,W,,,,,,False
Warsaw,2026-09-29,Conway,,3,0,W,3.27,0.22,-0.27,0.22,-0.06,False
Warsaw,2026-09-30,Windsor,,3,0,W,4.13,-0.24,-1.13,-0.24,-1.38,False
Warsaw,2026-10-01,St. Paul Lutheran (Concordia),,3,2,W,2.6,0.91,0.4,-1.09,-0.7,False
Warsaw,2026-10-05,Butler,,0,3,L,1.35,2.02,-1.35,-0.98,-2.33,False
Warsaw,2026-10-07,Tipton,,3,0,W,2.22,0.76,0.78,0.76,1.54,False
Warsaw,2026-10-08,Adrian,,0,3,L,0.71,2.31,-0.71,-0.69,-1.39,False
Warsaw,2026-10-13,Sherwood,,,,,3.65,-0.52,,,,False
Warsaw,2026-10-15,El Dorado Springs,,,,,3.52,-0.05,,,,False
Warsaw,2026-10-19,Buffalo,,,,,2.97,0.13,,,,False
Warsaw,2026-10-21,Eugene,,,,,3.58,0.19,,,,False
Washington,2026-08-27,St. Francis Borgia,,0,3,L,-0.09,2.89,0.09,-0.11,-0.02,False
Washington,2026-09-01,Warrenton,,3,0,W,2.33,0.77,0.67,0.77,1.44,False
Washington,2026-09-02,Owensville,,3,2,W,1.77,1.27,1.23,-0.73,0.5,False
Washington,2026-09-03,Ft. Zumwalt South,,3,1,W,2.14,0.88,0.86,-0.12,0.74,False
Washington,2026-09-05,Holt,,1,2,L,1.43,1.86,-0.43,-0.14,-0.57,False
Washington,2026-09-05,Timberland,,1,1,T,1.74,1.52,-0.74,0.52,-0.22,False
Washington,2026-09-05,St. Louis Christian Sr.,,0,2,L,,,,,,False
Washington,2026-09-05,Lutheran South,,1,1,T,1.59,1.06,-0.59,0.06,-0.53,False
Washington,2026-09-08,Union,,3,1,W,2.2,1.22,0.8,0.22,1.02,False
Washington,2026-09-09,Pacific,,2,3,L,0.96,2.06,1.04,-0.94,0.1,False
Washington,2026-09-10,Ft. Zumwalt East,,3,0,W,2.86,-0.01,0.14,-0.01,0.13,False
Washington,2026-09-14,St. Clair,,3,1,W,1.17,2.32,1.83,1.32,3.15,False
Washington,2026-09-15,Timberland,,3,1,W,1.74,1.52,1.26,0.52,1.78,False
Washington,2026-09-17,North Point,,0,3,L,0.68,2.41,-0.68,-0.59,-1.27,False
Washington,2026-09-19,Grandview,,0,2,L,2.31,0.5,-2.31,-1.5,-3.81,False
Washington,2026-09-19,Lincoln College Prep,,0,2,L,2.02,1.37,-2.02,-0.63,-2.65,False
Washington,2026-09-19,East (Kansas City),,2,0,W,6.09,-3.12,-4.09,-3.12,-7.22,False
Washington,2026-09-22,Ft. Zumwalt North,,0,3,L,1.07,2.27,-1.07,-0.73,-1.8,False
Washington,2026-09-24,Ft. Zumwalt East,,3,0,W,2.86,-0.01,0.14,-0.01,0.13,False
Washington,2026-09-28,New Haven,,2,0,W,2.82,-0.05,-0.82,-0.05,-0.87,False
Washington,2026-09-28,Pacific,,1,1,T,0.96,2.06,0.04,1.06,1.1,False
Washington,2026-09-28,St. James,,2,0,W,4.21,-1.35,-2.21,-1.35,-3.56,False
Washington,2026-10-01,Pacific,,1,2,L,0.96,2.06,0.04,0.06,0.1,False
Washington,2026-10-01,St. Francis Borgia,,0,2,L,-0.09,2.89,0.09,0.89,0.98,False
Washington,2026-10-03,Belle,,2,0,W,3.38,-0.12,-1.38,-0.12,-1.49,False
Washington,2026-10-03,Linn,,2,1,W,1.4,1.63,0.6,0.63,1.23,False
Washington,2026-10-03,Mid-Buchanan,,0,2,L,0.66,1.93,-0.66,-0.07,-0.73,False
Washington,2026-10-03,Rolla,,2,0,W,2.06,1.07,-0.06,1.07,1.01,False
Washington,2026-10-03,Sullivan,,2,1,W,0.37,2.38,1.63,1.38,3.01,False
Washington,2026-10-05,Hermann,,3,0,W,2.05,0.83,0.95,0.83,1.78,False
Washington,2026-10-06,Timberland,,0,3,L,1.74,1.52,-1.74,-1.48,-3.22,False
Washington,2026-10-08,Ft. Zumwalt South,,3,2,W,2.14,0.88,0.86,-1.12,-0.26,False
Washington,2026-10-12,Sullivan,,,,,0.37,2.38,,,,False
Washington,2026-10-13,North Point,,,,,0.68,2.41,,,,False
Washington,2026-10-15,Ft. Zumwalt North,,,,,1.07,2.27,,,,False
Washington,2026-10-21,Ursuline Academy,,,,,1.3,1.93,,,,False
"Washington(Kansas City, KS)",2026-09-12,Platte County,,0,2,L,,,,,,False
"Washington(Leavenworth, KS)",2026-09-19,Paseo Academy,,2,0,W,,,,,,False
"Washington(Washington, IL)",2026-09-04,Lafayette (Wildwood),,1,2,L,,,,,,False
"Waterloo(BellevilleI, IL)",2026-10-03,St. Pius X (Festus),,2,0,W,,,,,,False
"Waterloo(Waterloo, IL)",2026-10-02,Cor Jesu Academy,,0,2,L,,,,,,False
Waynesville,2026-09-08,Sullivan,,0,3,L,-1.25,3.46,1.25,0.46,1.71,False
Waynesville,2026-09-10,Republic,,0,3,L,-0.96,3.25,0.96,0.25,1.21,False
Waynesville,2026-09-12,Hillcrest,,0,2,L,0.25,1.94,-0.25,-0.06,-0.32,False
Waynesville,2026-09-12,Joplin,,0,2,L,-0.05,2.49,0.05,0.49,0.54,False
Waynesville,2026-09-12,Lighthouse Sr. High,,0,2,L,,,,,,False
Waynesville,2026-09-12,Branson,,0,2,L,-0.65,3.07,0.65,1.07,1.73,False
Waynesville,2026-09-14,Hillcrest,,1,3,L,0.25,1.94,0.75,-1.06,-0.32,False
Waynesville,2026-09-15,Neosho,,3,1,W,1.33,1.21,1.67,0.21,1.88,False
Waynesville,2026-09-17,Willard,,0,3,L,-0.35,3.09,0.35,0.09,0.43,False
Waynesville,2026-09-19,Houston,,0,2,L,1.19,1.66,-1.19,-0.34,-1.53,False
Waynesville,2026-09-19,Willow Springs,,2,0,W,1.86,0.61,0.14,0.61,0.74,False
Waynesville,2026-09-22,Joplin,,0,3,L,-0.05,2.49,0.05,-0.51,-0.46,False
Waynesville,2026-09-24,Webb City,,0,3,L,-0.2,3.08,0.2,0.08,0.28,False
Waynesville,2026-09-26,Ft. Zumwalt West,,0,2,L,-2.03,4.03,2.03,2.03,4.05,False
Waynesville,2026-09-26,Mexico,,2,0,W,2.24,1.17,-0.24,1.17,0.93,False
Waynesville,2026-09-26,"St. Louis Panthers(St. Louis , MO)",,0,2,L,,,,,,False
Waynesville,2026-09-26,Warrenton,,0,2,L,0.71,1.85,-0.71,-0.15,-0.86,False
Waynesville,2026-09-26,Ft. Zumwalt East,,0,2,L,1.24,1.07,-1.24,-0.93,-2.17,False
Waynesville,2026-09-29,Carthage,,0,3,L,-1.16,3.56,1.16,0.56,1.72,False
Waynesville,2026-10-01,Ozark,,0,3,L,-2.18,4.4,2.18,1.4,3.59,False
Waynesville,2026-10-06,Lebanon,,0,3,L,-0.33,2.71,0.33,-0.29,0.04,False
Waynesville,2026-10-08,Kickapoo,,0,3,L,-2.0,3.99,2.0,0.99,2.98,False
Waynesville,2026-10-12,Osage,,,,,-0.64,3.49,,,,False
Waynesville,2026-10-13,Glendale,,,,,-0.76,3.09,,,,False
Waynesville,2026-10-15,Nixa,,,,,-1.78,4.07,,,,False
Waynesville,2026-10-21,Ozark,,,,,-2.18,4.4,,,,False
Webb City,2026-08-31,Carl Junction,,1,3,L,1.39,1.78,-0.39,-1.22,-1.61,False
Webb City,2026-09-01,Clever,,3,0,W,1.82,1.6,1.18,1.6,2.78,False
Webb City,2026-09-03,Mt. Vernon,,2,0,W,1.48,1.63,0.52,1.63,2.16,False
Webb City,2026-09-03,Pittsburg,,2,0,W,,,,,,False
Webb City,2026-09-05,Farmington,,0,3,L,0.65,2.73,-0.65,-0.27,-0.92,False
Webb City,2026-09-05,"Shiloh Christian(Shiloh Christian, AR)",,0,3,L,,,,,,False
Webb City,2026-09-10,Nixa,,0,3,L,0.27,2.85,-0.27,-0.15,-0.42,False
Webb City,2026-09-15,Ozark,,0,3,L,-0.13,3.18,0.13,0.18,0.31,False
Webb City,2026-09-17,Lebanon,,3,1,W,1.72,1.48,1.28,0.48,1.76,False
Webb City,2026-09-18,Camdenton,,2,0,W,2.41,0.75,-0.41,0.75,0.34,False
Webb City,2026-09-18,Branson,,1,2,L,1.4,1.84,-0.4,-0.16,-0.55,False
Webb City,2026-09-22,Glendale,,0,3,L,1.3,1.86,-1.3,-1.14,-2.43,False
Webb City,2026-09-24,Waynesville,,3,0,W,3.08,-0.2,-0.08,-0.2,-0.28,False
Webb City,2026-09-26,Carl Junction,,0,2,L,1.39,1.78,-1.39,-0.22,-1.61,False
Webb City,2026-09-26,Nevada,,0,2,L,1.08,2.07,-1.08,0.07,-1.01,False
Webb City,2026-09-26,"Pittsburg(Pittsburg, KS)",,1,1,T,,,,,,False
Webb City,2026-09-26,"Shiloh Christian(Springdale, AR)",,2,0,W,,,,,,False
Webb City,2026-09-29,Kickapoo,,0,3,L,0.05,2.76,-0.05,-0.24,-0.3,False
Webb City,2026-10-01,Carthage,,2,3,L,0.89,2.33,1.11,-0.67,0.44,False
Webb City,2026-10-03,Colgan,,3,0,W,,,,,,False
Webb City,2026-10-03,West Plains,,0,3,L,0.57,2.71,-0.57,-0.29,-0.86,False
Webb City,2026-10-06,Willard,,2,3,L,1.71,1.86,0.29,-1.14,-0.85,False
Webb City,2026-10-08,Joplin,,3,1,W,2.0,1.26,1.0,0.26,1.26,False
Webb City,2026-10-13,Neosho,,,,,3.38,-0.02,,,,False
Webb City,2026-10-15,Republic,,,,,1.1,2.02,,,,False
Webster Groves,2026-08-28,MICDS,,0,2,L,0.94,2.12,-0.94,0.12,-0.82,False
Webster Groves,2026-08-28,Rock Bridge,,0,2,L,0.95,1.97,-0.95,-0.03,-0.98,False
Webster Groves,2026-08-28,Columbia Independent,,0,3,L,4.09,-0.57,-4.09,-3.57,-7.66,False
Webster Groves,2026-08-29,North Point,,0,2,L,1.15,1.89,-1.15,-0.11,-1.26,False
Webster Groves,2026-09-01,Lindbergh,,2,3,L,1.33,2.49,0.67,-0.51,0.16,False
Webster Groves,2026-09-03,Nerinx Hall,,3,0,W,1.93,1.39,1.07,1.39,2.46,False
Webster Groves,2026-09-08,Jefferson (Festus),,1,2,L,2.8,0.28,-1.8,-1.72,-3.52,False
Webster Groves,2026-09-08,Windsor (Imperial),,2,0,W,1.89,0.94,0.11,0.94,1.05,False
Webster Groves,2026-09-10,Mehlville,,3,0,W,2.25,0.76,0.75,0.76,1.51,False
Webster Groves,2026-09-12,Affton,,2,0,W,3.41,-0.2,-1.41,-0.2,-1.6,False
Webster Groves,2026-09-12,Duchesne,,2,0,W,1.83,0.9,0.17,0.9,1.07,False
Webster Groves,2026-09-12,Francis Howell,,2,0,W,1.67,1.59,0.33,1.59,1.92,False
Webster Groves,2026-09-12,Francis Howell North,,1,1,T,2.08,1.32,-1.08,0.32,-0.76,False
Webster Groves,2026-09-12,Pattonville,,,0,,2.84,0.5,,,,False
Webster Groves,2026-09-15,Parkway West,,3,0,W,1.49,1.59,1.51,1.59,3.1,False
Webster Groves,2026-09-17,Rockwood Summit,,1,3,L,0.85,2.13,0.15,-0.87,-0.72,False
Webster Groves,2026-09-21,Seckman,,2,3,L,1.19,1.96,0.81,-1.04,-0.23,False
Webster Groves,2026-09-23,Parkway Central,,3,2,W,1.6,1.31,1.4,-0.69,0.71,False
Webster Groves,2026-09-28,MICDS,,1,3,L,0.94,2.12,0.06,-0.88,-0.82,False
Webster Groves,2026-09-30,Parkway South,,1,3,L,1.62,1.44,-0.62,-1.56,-2.18,False
Webster Groves,2026-10-02,Hannibal,,0,3,L,0.45,2.19,-0.45,-0.81,-1.26,False
Webster Groves,2026-10-06,Marquette,,0,3,L,1.14,2.18,-1.14,-0.82,-1.95,False
Webster Groves,2026-10-08,Kirkwood,,0,3,L,0.77,2.42,-0.77,-0.58,-1.35,False
Webster Groves,2026-10-13,Ladue Horton Watkins,,,,,2.74,0.51,,,,False
Webster Groves,2026-10-13,Windsor (Imperial),,,,,1.89,0.94,,,,False
Webster Groves,2026-10-14,Oakville,,,,,1.14,2.05,,,,False
Webster Groves,2026-10-20,Nerinx Hall,,,,,1.93,1.39,,,,False
Wellington-Napoleon,2026-08-25,Sweet Springs,,,,,0.92,2.38,,,,False
Wellington-Napoleon,2026-08-27,Lafayette County,,0,3,L,-0.36,3.02,0.36,0.02,0.38,False
Wellington-Napoleon,2026-08-31,Odessa,,0,3,L,-0.55,4.09,0.55,1.09,1.65,False
Wellington-Napoleon,2026-09-01,Lexington,,1,3,L,1.84,0.99,-0.84,-2.01,-2.85,False
Wellington-Napoleon,2026-09-03,Plattsburg,,3,1,W,0.7,2.1,2.3,1.1,3.41,False
Wellington-Napoleon,2026-09-08,Penney,,3,0,W,3.23,-0.48,-0.23,-0.48,-0.71,False
Wellington-Napoleon,2026-09-10,Sweet Springs,,0,3,L,0.92,2.38,-0.92,-0.62,-1.54,False
Wellington-Napoleon,2026-09-12,Holden,,1,1,T,1.3,1.55,-0.3,0.55,0.25,False
Wellington-Napoleon,2026-09-12,Lexington,,2,0,W,1.84,0.99,0.16,0.99,1.15,False
Wellington-Napoleon,2026-09-12,Stover,,0,2,L,-0.1,3.06,0.1,1.06,1.16,False
Wellington-Napoleon,2026-09-12,Northland Christian,,0,2,L,0.11,2.74,-0.11,0.74,0.64,False
Wellington-Napoleon,2026-09-12,Faith Christian Academy,,0,2,L,0.64,1.9,-0.64,-0.1,-0.74,False
Wellington-Napoleon,2026-09-15,Lathrop,,3,2,W,1.48,1.71,1.52,-0.29,1.23,False
Wellington-Napoleon,2026-09-17,Richmond,,3,1,W,2.15,0.77,0.85,-0.23,0.62,False
Wellington-Napoleon,2026-09-19,Cameron,,0,2,L,0.91,2.1,-0.91,0.1,-0.81,False
Wellington-Napoleon,2026-09-19,Mound City,,0,2,L,-0.11,3.26,0.11,1.26,1.37,False
Wellington-Napoleon,2026-09-19,Plattsburg,,0,2,L,0.7,2.1,-0.7,0.1,-0.59,False
Wellington-Napoleon,2026-09-19,Trenton,,1,1,T,1.83,1.23,-0.83,0.23,-0.6,False
Wellington-Napoleon,2026-09-22,Concordia,,0,3,L,0.57,2.64,-0.57,-0.36,-0.94,False
Wellington-Napoleon,2026-09-24,Rock Port,,0,3,L,-0.59,3.19,0.59,0.19,0.78,False
Wellington-Napoleon,2026-09-29,Santa Fe,,0,3,L,0.3,2.65,-0.3,-0.35,-0.65,False
Wellington-Napoleon,2026-10-01,Orrick,,3,0,W,3.01,0.07,-0.01,0.07,0.06,False
Wellington-Napoleon,2026-10-06,Lone Jack,,1,3,L,-0.21,3.17,1.21,0.17,1.39,False
Wellington-Napoleon,2026-10-08,Crest Ridge,,1,3,L,0.89,2.33,0.11,-0.67,-0.56,False
Wellington-Napoleon,2026-10-13,St. Paul Lutheran (Concordia),,,,,0.73,2.45,,,,False
Wellington-Napoleon,2026-10-15,Lutheran (Kansas City),,,,,1.04,1.81,,,,False
"West Central Valley(Stuart, IA)",2026-09-26,Mid-Buchanan,,0,2,L,,,,,,False
West County,2026-08-28,Lesterville,,1,3,L,1.18,1.9,-0.18,-1.1,-1.28,False
West County,2026-09-01,Potosi,,0,3,L,-1.76,4.62,1.76,1.62,3.39,False
West County,2026-09-03,Herculaneum,,3,1,W,2.16,0.69,0.84,-0.31,0.53,False
West County,2026-09-04,Clearwater,,3,0,W,2.07,0.7,0.93,0.7,1.63,False
West County,2026-09-08,South Iron,,3,2,W,1.87,1.35,1.13,-0.65,0.48,False
West County,2026-09-11,Grandview (Hillsboro),,2,0,W,2.28,0.57,-0.28,0.57,0.28,False
West County,2026-09-11,Scott City,,1,1,T,0.52,2.64,0.48,1.64,2.12,False
West County,2026-09-12,Campbell,,0,2,L,0.83,2.18,-0.83,0.18,-0.65,False
West County,2026-09-12,North Pemiscot,,0,2,L,0.77,2.29,-0.77,0.29,-0.48,False
West County,2026-09-12,Summersville,,0,2,L,1.4,2.0,-1.4,-0.0,-1.4,False
West County,2026-09-14,St. Paul Lutheran (Farmington),,0,3,L,0.85,2.02,-0.85,-0.98,-1.83,False
West County,2026-09-15,Grandview (Hillsboro),,3,0,W,2.28,0.57,0.72,0.57,1.28,False
West County,2026-09-17,Fredericktown,,1,3,L,0.32,3.14,0.68,0.14,0.82,False
West County,2026-09-21,Greenville,,3,0,W,2.36,1.05,0.64,1.05,1.69,False
West County,2026-09-22,Jefferson (Festus),,0,3,L,0.86,2.29,-0.86,-0.71,-1.57,False
West County,2026-09-23,Crystal City,,0,3,L,0.99,2.2,-0.99,-0.8,-1.79,False
West County,2026-09-25,Arcadia Valley,,1,3,L,0.17,2.76,0.83,-0.24,0.6,False
West County,2026-09-28,Central (Park Hills),,0,3,L,0.84,2.76,-0.84,-0.24,-1.08,False
West County,2026-09-29,Valle Catholic,,0,3,L,-0.59,3.77,0.59,0.77,1.36,False
West County,2026-10-01,Kingston,,3,1,W,2.01,1.79,0.99,0.79,1.78,False
West County,2026-10-06,Bismarck,,0,3,L,0.26,3.1,-0.26,0.1,-0.16,False
West County,2026-10-08,Valley,,,,,1.43,1.49,,,,False
West County,2026-10-10,Bunker,,,,,2.01,1.62,,,,False
West County,2026-10-20,Clearwater,,,,,2.07,0.7,,,,False
West Nodaway with Nodaway-Holt,2026-08-27,Maysville,,3,0,W,2.94,0.0,0.06,0.0,0.06,False
West Nodaway with Nodaway-Holt,2026-08-29,"Freemont Mills(Tabor, IA)",,2,1,W,,,,,,False
West Nodaway with Nodaway-Holt,2026-08-29,Maysville,,2,0,W,2.94,0.0,-0.94,0.0,-0.94,False
West Nodaway with Nodaway-Holt,2026-08-29,South Holt with Craig,,2,0,W,1.95,0.81,0.05,0.81,0.87,False
West Nodaway with Nodaway-Holt,2026-08-29,"st joseph christian(st joseph , MO)",,0,2,L,,,,,,False
West Nodaway with Nodaway-Holt,2026-08-29,St. Joseph Christian,,0,2,L,1.01,1.62,-1.01,-0.38,-1.39,False
West Nodaway with Nodaway-Holt,2026-09-01,South Holt with Craig,,3,2,W,1.95,0.81,1.05,-1.19,-0.13,False
West Nodaway with Nodaway-Holt,2026-09-03,North Platte,,3,0,W,2.73,-0.22,0.27,-0.22,0.05,False
West Nodaway with Nodaway-Holt,2026-09-08,Tarkio with Fairfax,,3,0,W,2.38,0.58,0.62,0.58,1.2,False
West Nodaway with Nodaway-Holt,2026-09-10,Mound City,,0,3,L,0.75,2.23,-0.75,-0.77,-1.53,False
West Nodaway with Nodaway-Holt,2026-09-15,Rock Port,,1,3,L,0.28,2.16,0.72,-0.84,-0.12,False
West Nodaway with Nodaway-Holt,2026-09-17,Union Star with King City,,3,0,W,2.91,0.2,0.09,0.2,0.28,False
West Nodaway with Nodaway-Holt,2026-09-19,North Platte,,2,0,W,2.73,-0.22,-0.73,-0.22,-0.95,False
West Nodaway with Nodaway-Holt,2026-09-19,Tarkio with Fairfax,,2,0,W,2.38,0.58,-0.38,0.58,0.2,False
West Nodaway with Nodaway-Holt,2026-09-19,Union Star with King City,,2,0,W,2.91,0.2,-0.91,0.2,-0.72,False
West Nodaway with Nodaway-Holt,2026-09-19,St. Joseph Christian,,1,1,T,1.01,1.62,-0.01,0.62,0.61,False
West Nodaway with Nodaway-Holt,2026-09-22,North Nodaway,,3,0,W,3.56,-0.19,-0.56,-0.19,-0.76,False
West Nodaway with Nodaway-Holt,2026-09-24,South Holt with Craig,,3,0,W,1.95,0.81,1.05,0.81,1.87,False
West Nodaway with Nodaway-Holt,2026-09-28,South Harrison,,3,0,W,2.33,0.62,0.67,0.62,1.29,False
West Nodaway with Nodaway-Holt,2026-09-29,"Falls City Public(Falls City, NE)",,0,3,L,,,,,,False
West Nodaway with Nodaway-Holt,2026-10-01,Tarkio with Fairfax,,3,0,W,2.38,0.58,0.62,0.58,1.2,False
West Nodaway with Nodaway-Holt,2026-10-06,Mound City,,0,3,L,0.75,2.23,-0.75,-0.77,-1.53,False
West Nodaway with Nodaway-Holt,2026-10-08,Rock Port,,0,3,L,0.28,2.16,-0.28,-0.84,-1.12,False
West Nodaway with Nodaway-Holt,2026-10-13,Union Star with King City,,,,,2.91,0.2,,,,False
West Nodaway with Nodaway-Holt,2026-10-15,North Nodaway,,,,,3.56,-0.19,,,,False
West Nodaway with Nodaway-Holt,2026-10-20,Union Star with King City,,,,,2.91,0.2,,,,False
West Plains,2026-08-31,Collegiate School of Med-Bio Science,,0,1,L,5.46,-2.02,-5.46,-3.02,-8.48,False
West Plains,2026-08-31,"Mountain Home(Mountain Home, AR)",,3,0,W,,,,,,False
West Plains,2026-09-01,Northeast (Kansas City),,3,0,W,6.52,-3.35,-3.52,-3.35,-6.87,False
West Plains,2026-09-01,Willow Springs,,3,0,W,4.77,-1.91,-1.77,-1.91,-3.68,False
West Plains,2026-09-02,Vashon,,0,3,L,6.66,-3.39,-6.66,-6.39,-13.05,False
West Plains,2026-09-03,Jefferson City,,2,0,W,1.65,1.21,0.35,1.21,1.57,False
West Plains,2026-09-03,Rock Bridge,,2,1,W,1.77,1.06,0.23,0.06,0.29,False
West Plains,2026-09-03,Helias Catholic,,0,2,L,0.78,1.8,-0.78,-0.2,-0.98,False
West Plains,2026-09-08,Camdenton,,3,1,W,3.27,-0.54,-0.27,-1.54,-1.8,False
West Plains,2026-09-08,Lift for Life Academy Charter,,,,,5.46,-2.6,,,,False
West Plains,2026-09-09,McKinley Classical Leadership,,0,3,L,5.99,-3.1,-5.99,-6.1,-12.09,False
West Plains,2026-09-10,Strafford,,3,2,W,1.91,0.82,1.09,-1.18,-0.09,False
West Plains,2026-09-12,Blair Oaks,,2,0,W,1.9,1.18,0.1,1.18,1.28,False
West Plains,2026-09-12,Center,,0,2,L,3.11,-0.49,-3.11,-2.49,-5.6,False
West Plains,2026-09-12,Marshfield,,2,0,W,1.89,0.93,0.11,0.93,1.04,False
West Plains,2026-09-12,Ruskin,,2,0,W,5.07,-2.46,-3.07,-2.46,-5.53,False
West Plains,2026-09-12,Salem,,2,0,W,3.55,-0.48,-1.55,-0.48,-2.03,False
West Plains,2026-09-12,University Academy Charter,,0,2,L,3.57,-1.2,-3.57,-3.2,-6.77,False
West Plains,2026-09-12,New Covenant Academy,,1,1,T,1.53,0.89,-0.53,-0.11,-0.64,False
West Plains,2026-09-12,Willard,,2,0,W,2.56,0.57,-0.56,0.57,0.01,False
West Plains,2026-09-12,Mt. Vernon,,2,0,W,2.33,0.34,-0.33,0.34,0.01,False
West Plains,2026-09-14,Gateway with Soldan International Studies,,0,3,L,7.06,-4.01,-7.06,-7.01,-14.07,False
West Plains,2026-09-15,Poplar Bluff,,3,0,W,3.48,-0.74,-0.48,-0.74,-1.22,False
West Plains,2026-09-16,Miller Career Academy,,0,3,L,6.75,-4.16,-6.75,-7.16,-13.9,False
West Plains,2026-09-17,Rolla,,3,0,W,3.35,-0.37,-0.35,-0.37,-0.71,False
West Plains,2026-09-18,Confluence Prep Academy Charter with Grand Center Arts Charter,,0,3,L,6.92,-3.53,-6.92,-6.53,-13.45,False
West Plains,2026-09-19,Southern Boone,,2,0,W,2.41,0.91,-0.41,0.91,0.5,False
West Plains,2026-09-19,Sullivan,,2,0,W,1.66,0.94,0.34,0.94,1.29,False
West Plains,2026-09-19,"Rogers Heritage, AR",,2,0,W,,,,,,False
West Plains,2026-09-21,Metro,,0,3,L,3.96,-1.49,-3.96,-4.49,-8.45,False
West Plains,2026-09-22,Winona,,3,2,W,2.43,0.6,0.57,-1.4,-0.83,False
West Plains,2026-09-22,Normandy Collaborative,,,,,,,,,,False
West Plains,2026-09-24,Vashon,,0,2,L,6.66,-3.39,-6.66,-5.39,-12.05,False
West Plains,2026-09-24,Logan-Rogersville,,3,1,W,2.72,0.69,0.28,-0.31,-0.03,False
West Plains,2026-09-25,Miller Career Academy,,0,2,L,6.75,-4.16,-6.75,-6.16,-12.9,False
West Plains,2026-09-25,Roosevelt,,2,0,W,,,,,,False
West Plains,2026-09-26,Central (Cape Girardeau),,3,0,W,3.27,-0.71,-0.27,-0.71,-0.98,False
West Plains,2026-09-26,Notre Dame (Cape Girardeau),,3,1,W,2.36,0.41,0.64,-0.59,0.05,False
West Plains,2026-09-28,Roosevelt,,3,1,W,,,,,,False
West Plains,2026-09-29,Bolivar,,3,0,W,3.38,-0.69,-0.38,-0.69,-1.06,False
West Plains,2026-10-01,Branson,,3,0,W,2.25,0.55,0.75,0.55,1.3,False
West Plains,2026-10-03,Webb City,,3,0,W,2.71,0.57,0.29,0.57,0.86,False
West Plains,2026-10-03,"Colgan-Pittsburg, KS.",,3,1,W,,,,,,False
West Plains,2026-10-05,Liberty (Mountain View),,3,0,W,2.48,0.4,0.52,0.4,0.92,False
West Plains,2026-10-05,Vashon,,0,3,L,6.66,-3.39,-6.66,-6.39,-13.05,False
West Plains,2026-10-06,Marshfield,,3,2,W,1.89,0.93,1.11,-1.07,0.04,False
West Plains,2026-10-08,Hillcrest,,3,0,W,3.16,-0.58,-0.16,-0.58,-0.74,False
West Plains,2026-10-08,Jennings,,,1,,6.99,-3.84,,,,False
West Plains,2026-10-09,"Greenwood(Greenwood, AR)",,,,,,,,,,False
West Plains,2026-10-09,Rosati-Kain,,,,,6.34,-3.11,,,,False
West Plains,2026-10-09,St. Francis Borgia,,,,,1.19,1.45,,,,False
West Plains,2026-10-10,Eureka,,,,,0.81,2.08,,,,False
West Plains,2026-10-10,Nixa,,,,,1.13,1.56,,,,False
West Plains,2026-10-10,Lutheran St. Charles,,,,,2.66,0.91,,,,False
West Plains,2026-10-13,Believe Acad Charter,,,,,8.28,-5.26,,,,False
West Plains,2026-10-15,Carl Junction,,,,,2.25,0.49,,,,False
West Plains,2026-10-15,Normandy Collaborative,,,,,,,,,,False
West Plains,2026-10-20,McDonald County,,,,,4.64,-2.25,,,,False
West Platte,2026-08-29,East Buchanan,,2,1,W,1.11,2.21,0.89,1.21,2.1,False
West Platte,2026-08-29,Mid-Buchanan,,0,2,L,0.44,2.44,-0.44,0.44,0.0,False
West Platte,2026-08-29,Penney,,2,0,W,4.8,-1.66,-2.8,-1.66,-4.46,False
West Platte,2026-08-29,Plattsburg,,2,0,W,2.27,0.92,-0.27,0.92,0.65,False
West Platte,2026-09-03,Northland Christian,,2,3,L,1.68,1.56,0.32,-1.44,-1.12,False
West Platte,2026-09-10,Lawson,,3,2,W,1.77,1.51,1.23,-0.49,0.73,False
West Platte,2026-09-12,Diamond,,1,1,T,2.8,0.77,-1.8,-0.23,-2.03,False
West Platte,2026-09-12,Jasper,,2,0,W,3.19,0.4,-1.19,0.4,-0.79,False
West Platte,2026-09-12,Lamar,,1,1,T,1.06,1.9,-0.06,0.9,0.84,False
West Platte,2026-09-15,Cameron,,3,1,W,2.49,0.92,0.51,-0.08,0.44,False
West Platte,2026-09-17,North Platte,,3,0,W,3.44,-0.37,-0.44,-0.37,-0.81,False
West Platte,2026-09-22,Excelsior Springs,,3,0,W,2.95,0.58,0.05,0.58,0.64,False
West Platte,2026-09-24,East Buchanan,,1,3,L,1.11,2.21,-0.11,-0.79,-0.9,False
West Platte,2026-09-26,Kearney,,1,1,T,1.08,1.92,-0.08,0.92,0.85,False
West Platte,2026-09-26,Oak Park,,1,2,L,1.38,2.05,-0.38,0.05,-0.33,False
West Platte,2026-09-26,Capital City,,1,1,T,1.44,2.17,-0.44,1.17,0.73,False
West Platte,2026-09-26,Guadalupe Centers Charter,,2,0,W,4.53,-1.1,-2.53,-1.1,-3.63,False
West Platte,2026-09-26,California,,2,1,W,1.4,1.96,0.6,0.96,1.56,False
West Platte,2026-09-29,St. Joseph Christian,,1,3,L,1.72,1.47,-0.72,-1.53,-2.25,False
West Platte,2026-10-01,Lathrop,,3,0,W,3.05,0.53,-0.05,0.53,0.48,False
West Platte,2026-10-06,Bishop LeBlond,,2,3,L,1.47,2.21,0.53,-0.79,-0.26,False
West Platte,2026-10-08,Mid-Buchanan,,0,3,L,0.44,2.44,-0.44,-0.56,-1.0,False
West Platte,2026-10-10,Rock Port,,,,,0.99,2.01,,,,False
West Platte,2026-10-10,University Academy Charter,,,,,2.07,0.76,,,,False
West Platte,2026-10-13,Plattsburg,,,,,2.27,0.92,,,,False
West Platte,2026-10-15,Penney,,,,,4.8,-1.66,,,,False
West Platte,2026-10-20,North Platte,,,,,3.44,-0.37,,,,False
Westminster Christian Academy,2026-08-21,Holt,,,,,2.57,0.35,,,,False
Westminster Christian Academy,2026-08-28,Principia,,3,0,W,4.51,-2.28,-1.51,-2.28,-3.79,False
Westminster Christian Academy,2026-08-29,Francis Howell Central,,2,0,W,2.5,0.59,-0.5,0.59,0.09,False
Westminster Christian Academy,2026-08-29,Francis Howell North,,1,1,T,2.75,0.32,-1.75,-0.68,-2.43,False
Westminster Christian Academy,2026-08-29,Parkway Central,,0,2,L,2.27,0.31,-2.27,-1.69,-3.96,False
Westminster Christian Academy,2026-08-29,Rockwood Summit,,2,1,W,1.52,1.13,0.48,0.13,0.61,False
Westminster Christian Academy,2026-08-29,St. Vincent,,2,0,W,3.23,-0.56,-1.23,-0.56,-1.79,False
Westminster Christian Academy,2026-09-02,Clayton,,3,0,W,3.64,-0.52,-0.64,-0.52,-1.16,False
Westminster Christian Academy,2026-09-03,Lutheran St. Charles,,3,1,W,2.51,0.83,0.49,-0.17,0.32,False
Westminster Christian Academy,2026-09-08,Francis Howell Central,,3,1,W,2.5,0.59,0.5,-0.41,0.09,False
Westminster Christian Academy,2026-09-10,John Burroughs,,3,2,W,2.03,0.69,0.97,-1.31,-0.34,False
Westminster Christian Academy,2026-09-11,Francis Howell Central,,2,0,W,2.5,0.59,-0.5,0.59,0.09,False
Westminster Christian Academy,2026-09-11,Jackson,,0,2,L,0.02,2.27,-0.02,0.27,0.25,False
Westminster Christian Academy,2026-09-12,Blue Springs South,,0,2,L,1.36,1.6,-1.36,-0.4,-1.76,False
Westminster Christian Academy,2026-09-12,Lafayette (Wildwood),,0,2,L,-0.13,2.66,0.13,0.66,0.79,False
Westminster Christian Academy,2026-09-12,Lee's Summit West,,0,2,L,-0.01,2.45,0.01,0.45,0.46,False
Westminster Christian Academy,2026-09-12,"St. Thomas Aquinas(Overland Park, KS)",,0,2,L,,,,,,False
Westminster Christian Academy,2026-09-14,Incarnate Word Academy,,2,3,L,1.05,2.35,0.95,-0.65,0.3,False
Westminster Christian Academy,2026-09-17,Lutheran North,,3,0,W,4.87,-1.95,-1.87,-1.95,-3.82,False
Westminster Christian Academy,2026-09-22,Lutheran South,,3,0,W,2.73,-0.45,0.27,-0.45,-0.18,False
Westminster Christian Academy,2026-09-23,Eureka,,2,0,W,0.67,2.0,1.33,2.0,3.33,False
Westminster Christian Academy,2026-09-23,Francis Howell,,2,0,W,2.34,0.6,-0.34,0.6,0.25,False
Westminster Christian Academy,2026-09-25,Ladue Horton Watkins,,3,0,W,3.41,-0.49,-0.41,-0.49,-0.9,False
Westminster Christian Academy,2026-09-26,Blue Springs,,1,2,L,1.22,1.4,-0.22,-0.6,-0.82,False
Westminster Christian Academy,2026-09-26,Grain Valley,,2,1,W,2.12,0.71,-0.12,-0.29,-0.41,False
Westminster Christian Academy,2026-09-26,North Point,,0,2,L,1.82,0.9,-1.82,-1.1,-2.92,False
Westminster Christian Academy,2026-09-26,Liberty (Wentzville),,2,0,W,2.61,0.11,-0.61,0.11,-0.5,False
Westminster Christian Academy,2026-09-28,Parkway Central,,3,1,W,2.27,0.31,0.73,-0.69,0.04,False
Westminster Christian Academy,2026-09-29,Ursuline Academy,,3,0,W,2.44,0.42,0.56,0.42,0.98,False
Westminster Christian Academy,2026-10-06,MICDS,,3,0,W,1.61,1.12,1.39,1.12,2.51,False
Westminster Christian Academy,2026-10-07,Lindbergh,,3,0,W,2.0,1.49,1.0,1.49,2.5,False
Westminster Christian Academy,2026-10-08,Whitfield,,,,,4.08,-1.05,,,,False
Westminster Christian Academy,2026-10-13,Parkway West,,,,,2.16,0.59,,,,False
Westminster Christian Academy,2026-10-14,Visitation Academy,,,,,3.46,-0.78,,,,False
Westminster Christian Academy,2026-10-14,Ursuline Academy,,,,,2.44,0.42,,,,False
Westminster Christian Academy,2026-10-15,St. Dominic,,,,,0.78,1.81,,,,False
Westminster Christian Academy,2026-10-21,Marquette,,,,,1.81,1.18,,,,False
Westwood Baptist Sr.,2026-09-28,Holcomb,,0,3,L,,,,,,False
Wheaton,2026-09-01,Sheldon,,3,0,W,2.07,1.11,0.93,1.11,2.04,False
Wheaton,2026-09-03,Hurley,,1,3,L,1.48,1.62,-0.48,-1.38,-1.87,False
Wheaton,2026-09-10,Crane,,0,3,L,0.75,2.36,-0.75,-0.64,-1.4,False
Wheaton,2026-09-12,Greenfield,,0,2,L,0.68,2.65,-0.68,0.65,-0.03,False
Wheaton,2026-09-12,Hurley,,1,1,T,1.48,1.62,-0.48,0.62,0.13,False
Wheaton,2026-09-12,Pleasant Hope,,0,2,L,0.61,2.36,-0.61,0.36,-0.25,False
Wheaton,2026-09-12,School of the Ozarks,,0,2,L,0.16,2.6,-0.16,0.6,0.44,False
Wheaton,2026-09-12,Greenwood,,0,2,L,0.77,2.46,-0.77,0.46,-0.31,False
Wheaton,2026-09-15,Northeast Vernon County,,3,0,W,2.93,-0.22,0.07,-0.22,-0.15,False
Wheaton,2026-09-17,Thomas Jefferson Independent Day,,0,3,L,0.2,2.38,-0.2,-0.62,-0.82,False
Wheaton,2026-09-21,Purdy,,2,3,L,1.32,2.06,0.68,-0.94,-0.26,False
Wheaton,2026-09-22,Blue Eye,,0,3,L,-0.47,3.13,0.47,0.13,0.6,False
Wheaton,2026-09-24,Verona,,1,3,L,1.12,2.06,-0.12,-0.94,-1.06,False
Wheaton,2026-09-28,Jasper,,1,3,L,1.14,2.13,-0.14,-0.87,-1.01,False
Wheaton,2026-09-29,McAuley Catholic,,3,2,W,1.85,1.46,1.15,-0.54,0.61,False
Wheaton,2026-10-01,Southwest (Washburn),,3,1,W,1.71,1.04,1.29,0.04,1.33,False
Wheaton,2026-10-03,Bronaugh,,2,0,W,3.61,-0.84,-1.61,-0.84,-2.45,False
Wheaton,2026-10-03,Crane,,0,2,L,0.75,2.36,-0.75,0.36,-0.4,False
Wheaton,2026-10-03,Purdy,,0,2,L,1.32,2.06,-1.32,0.06,-1.26,False
Wheaton,2026-10-03,Southwest (Washburn),,2,0,W,1.71,1.04,0.29,1.04,1.33,False
Wheaton,2026-10-03,Verona,,0,2,L,1.12,2.06,-1.12,0.06,-1.06,False
Wheaton,2026-10-05,Seneca,,3,0,W,1.76,1.32,1.24,1.32,2.56,False
Wheaton,2026-10-09,Exeter,,,,,2.36,0.79,,,,False
Wheaton,2026-10-10,Greenfield,,,,,0.68,2.65,,,,False
Wheaton,2026-10-10,Lockwood,,,,,-0.93,3.75,,,,False
Wheaton,2026-10-12,East Newton,,,,,-0.58,3.42,,,,False
Wheaton,2026-10-13,Golden City,,,,,1.89,1.31,,,,False
Wheaton,2026-10-15,New Heights Christian,,,,,0.26,2.59,,,,False
Wheaton,2026-10-20,Verona,,,,,1.12,2.06,,,,False
"Wheaton St. Francis(Wheaton, IL)",2026-09-11,Hermann,,2,1,W,,,,,,False
Whitfield,2026-08-28,Parkway South,,0,3,L,0.05,3.32,-0.05,0.32,0.28,False
Whitfield,2026-09-02,MICDS,,0,3,L,-0.64,4.0,0.64,1.0,1.64,False
Whitfield,2026-09-08,St. Charles,,3,2,W,1.96,1.82,1.04,-0.18,0.86,False
Whitfield,2026-09-09,Lutheran South,,0,3,L,0.48,2.42,-0.48,-0.58,-1.06,False
Whitfield,2026-09-12,Metro,,0,2,L,1.57,1.31,-1.57,-0.69,-2.26,False
Whitfield,2026-09-12,Pacific,,0,2,L,-0.15,3.42,0.15,1.42,1.57,False
Whitfield,2026-09-12,Winfield,,0,2,L,1.11,2.4,-1.11,0.4,-0.71,False
Whitfield,2026-09-14,Villa Duchesne,,3,1,W,1.51,1.94,1.49,0.94,2.43,False
Whitfield,2026-09-16,Believe Acad Charter,,3,0,W,5.89,-2.46,-2.89,-2.46,-5.34,False
Whitfield,2026-09-18,Ursuline Academy,,0,3,L,0.19,3.3,-0.19,0.3,0.1,False
Whitfield,2026-09-22,Principia,,3,0,W,2.27,0.6,0.73,0.6,1.34,False
Whitfield,2026-09-23,Duchesne,,0,3,L,0.25,2.78,-0.25,-0.22,-0.47,False
Whitfield,2026-09-29,Veritas Christian Academy,,3,0,W,3.02,0.19,-0.02,0.19,0.16,False
Whitfield,2026-10-01,Rosati-Kain,,3,0,W,3.95,-0.31,-0.95,-0.31,-1.26,False
Whitfield,2026-10-05,Lutheran North,,3,2,W,2.63,0.93,0.37,-1.07,-0.69,False
Whitfield,2026-10-06,Notre Dame (St. Louis),,0,3,L,0.81,2.66,-0.81,-0.34,-1.15,False
Whitfield,2026-10-08,Westminster Christian Academy,,,,,-1.05,4.08,,,,False
Whitfield,2026-10-09,Parkway North,,,,,1.22,2.6,,,,False
Whitfield,2026-10-13,John Burroughs,,,,,-0.22,3.56,,,,False
Whitfield,2026-10-15,Lutheran St. Charles,,,,,0.26,3.71,,,,False
Willard,2026-09-01,Marshfield,,1,3,L,1.03,2.07,-0.03,-0.93,-0.96,False
Willard,2026-09-03,New Covenant Academy,,0,3,L,0.68,2.03,-0.68,-0.97,-1.65,False
Willard,2026-09-08,Hillcrest,,2,0,W,2.31,0.56,-0.31,0.56,0.25,False
Willard,2026-09-10,Ozark,,0,3,L,-0.13,3.03,0.13,0.03,0.16,False
Willard,2026-09-12,Central (Springfield),,2,0,W,2.81,0.01,-0.81,0.01,-0.8,False
Willard,2026-09-12,West Plains,,0,2,L,0.57,2.56,-0.57,0.56,-0.01,False
Willard,2026-09-12,Mountain Grove,,2,0,W,1.88,1.04,0.12,1.04,1.16,False
Willard,2026-09-12,Mt. Vernon,,1,1,T,1.48,1.48,-0.48,0.48,0.0,False
Willard,2026-09-15,Nixa,,0,3,L,0.27,2.7,-0.27,-0.3,-0.58,False
Willard,2026-09-17,Waynesville,,3,0,W,3.09,-0.35,-0.09,-0.35,-0.43,False
Willard,2026-09-18,Camdenton,,0,2,L,2.41,0.6,-2.41,-1.4,-3.81,False
Willard,2026-09-18,Branson,,0,2,L,1.4,1.69,-1.4,-0.31,-1.71,False
Willard,2026-09-21,Logan-Rogersville,,3,2,W,1.87,1.83,1.13,-0.17,0.96,False
Willard,2026-09-22,Kickapoo,,2,3,L,0.06,2.61,1.94,-0.39,1.55,False
Willard,2026-09-24,Glendale,,3,0,W,1.3,1.71,1.7,1.71,3.41,False
Willard,2026-09-26,Bolivar,,2,0,W,2.52,0.45,-0.52,0.45,-0.07,False
Willard,2026-09-26,Carthage,,2,0,W,0.89,2.18,1.11,2.18,3.29,False
Willard,2026-09-26,"Fayetteville(Fayetteville, AR)",,0,2,L,,,,,,False
Willard,2026-09-26,Hillcrest,,2,0,W,2.31,0.56,-0.31,0.56,0.25,False
Willard,2026-09-26,Marshfield,,0,2,L,1.03,2.07,-1.03,0.07,-0.96,False
Willard,2026-09-26,Eldon,,2,0,W,2.88,0.53,-0.88,0.53,-0.35,False
Willard,2026-09-29,Lebanon,,2,3,L,1.72,1.33,0.28,-1.67,-1.39,False
Willard,2026-10-01,Republic,,0,3,L,1.1,1.87,-1.1,-1.13,-2.23,False
Willard,2026-10-05,Fair Grove,,3,0,W,2.09,0.84,0.91,0.84,1.75,False
Willard,2026-10-06,Webb City,,3,2,W,1.86,1.71,1.14,-0.29,0.85,False
Willard,2026-10-08,Carthage,,1,3,L,0.89,2.18,0.11,-0.82,-0.71,False
Willard,2026-10-13,Joplin,,,,,2.0,1.11,,,,False
Willard,2026-10-15,Neosho,,,,,3.38,-0.17,,,,False
Willard,2026-10-21,Central (Springfield),,,,,2.81,0.01,,,,False
William Chrisman,2026-08-27,Raytown South,,3,0,W,2.48,0.26,0.52,0.26,0.78,False
William Chrisman,2026-09-01,Raytown,,3,0,W,1.88,0.26,1.12,0.26,1.38,False
William Chrisman,2026-09-03,Belton,,0,3,L,0.16,2.75,-0.16,-0.25,-0.41,False
William Chrisman,2026-09-05,Center,,0,2,L,1.23,1.06,-1.23,-0.94,-2.17,False
William Chrisman,2026-09-05,Raytown South,,1,1,T,2.48,0.26,-1.48,-0.74,-2.22,False
William Chrisman,2026-09-05,Van Horn,,2,0,W,2.62,-0.21,-0.62,-0.21,-0.82,False
William Chrisman,2026-09-05,Ewing Marion Kauffman,,2,0,W,2.82,-0.42,-0.82,-0.42,-1.24,False
William Chrisman,2026-09-08,Platte County,,0,3,L,-0.41,2.77,0.41,-0.23,0.18,False
William Chrisman,2026-09-10,Fort Osage,,0,3,L,0.84,1.96,-0.84,-1.04,-1.88,False
William Chrisman,2026-09-15,Grain Valley,,0,3,L,0.38,2.34,-0.38,-0.66,-1.04,False
William Chrisman,2026-09-17,Grandview,,3,0,W,1.72,0.61,1.28,0.61,1.9,False
William Chrisman,2026-09-19,Lawson,,1,1,T,1.39,1.1,-0.39,0.1,-0.29,False
William Chrisman,2026-09-19,Van Horn,,2,0,W,2.62,-0.21,-0.62,-0.21,-0.82,False
William Chrisman,2026-09-19,Warrensburg,,0,2,L,0.82,1.73,-0.82,-0.27,-1.09,False
William Chrisman,2026-09-19,Barstow,,2,0,W,1.5,0.99,0.5,0.99,1.49,False
William Chrisman,2026-09-22,Truman,,3,0,W,1.58,0.63,1.42,0.63,2.06,False
William Chrisman,2026-09-24,Raytown,,3,0,W,1.88,0.26,1.12,0.26,1.38,False
William Chrisman,2026-09-26,Center,,2,0,W,1.23,1.06,0.77,1.06,1.83,False
William Chrisman,2026-09-26,Raytown,,0,2,L,1.88,0.26,-1.88,-1.74,-3.62,False
William Chrisman,2026-09-26,Trenton,,2,0,W,3.02,-0.36,-1.02,-0.36,-1.38,False
William Chrisman,2026-09-26,Butler,,0,2,L,0.67,1.97,-0.67,-0.03,-0.69,False
William Chrisman,2026-09-26,Summit Christian Academy,,1,1,T,0.74,1.57,0.26,0.57,0.83,False
William Chrisman,2026-09-26,University Academy Charter,,2,0,W,1.69,0.35,0.31,0.35,0.66,False
William Chrisman,2026-09-29,Truman,,3,0,W,1.58,0.63,1.42,0.63,2.06,False
William Chrisman,2026-10-01,Platte County,,0,3,L,-0.41,2.77,0.41,-0.23,0.18,False
William Chrisman,2026-10-05,Ruskin,,3,0,W,3.18,-0.92,-0.18,-0.92,-1.1,False
William Chrisman,2026-10-06,Fort Osage,,0,3,L,0.84,1.96,-0.84,-1.04,-1.88,False
William Chrisman,2026-10-08,Belton,,0,3,L,0.16,2.75,-0.16,-0.25,-0.41,False
William Chrisman,2026-10-13,Grain Valley,,,,,0.38,2.34,,,,False
William Chrisman,2026-10-15,Van Horn,,,,,2.62,-0.21,,,,False
William Chrisman,2026-10-20,St. Michael the Archangel,,,,,-0.9,3.43,,,,False
Willow Springs,2026-09-01,West Plains,,0,3,L,-1.91,4.77,1.91,1.77,3.68,False
Willow Springs,2026-09-03,Reeds Spring,,3,2,W,0.62,2.86,2.38,0.86,3.24,False
Willow Springs,2026-09-08,Licking,,0,3,L,-0.09,2.7,0.09,-0.3,-0.21,False
Willow Springs,2026-09-10,Summersville,,0,3,L,0.81,2.42,-0.81,-0.58,-1.4,False
Willow Springs,2026-09-12,Forsyth,,1,1,T,1.09,1.68,-0.09,0.68,0.59,False
Willow Springs,2026-09-12,Skyline,,0,2,L,-0.02,3.0,0.02,1.0,1.01,False
Willow Springs,2026-09-12,Sparta,,1,1,T,1.76,1.13,-0.76,0.13,-0.62,False
Willow Springs,2026-09-12,RUSH Sr. Home School,,0,2,L,,,,,,False
Willow Springs,2026-09-15,Doniphan,,1,3,L,1.11,1.99,-0.11,-1.01,-1.12,False
Willow Springs,2026-09-17,Cabool,,0,3,L,-0.67,3.46,0.67,0.46,1.13,False
Willow Springs,2026-09-19,Houston,,0,2,L,0.76,2.49,-0.76,0.49,-0.27,False
Willow Springs,2026-09-19,Waynesville,,0,2,L,0.61,1.86,-0.61,-0.14,-0.74,False
Willow Springs,2026-09-21,Eminence,,0,3,L,0.12,2.75,-0.12,-0.25,-0.37,False
Willow Springs,2026-09-22,Houston,,0,3,L,0.76,2.49,-0.76,-0.51,-1.27,False
Willow Springs,2026-09-24,Liberty (Mountain View),,0,3,L,-0.85,3.75,0.85,0.75,1.6,False
Willow Springs,2026-09-29,Thayer,,1,3,L,0.81,2.21,0.19,-0.79,-0.61,False
Willow Springs,2026-10-01,Salem,,0,3,L,0.22,2.87,-0.22,-0.13,-0.35,False
Willow Springs,2026-10-03,Gainesville,,0,2,L,0.79,2.4,-0.79,0.4,-0.39,False
Willow Springs,2026-10-03,Mountain Grove,,0,2,L,-0.6,3.25,0.6,1.25,1.85,False
Willow Springs,2026-10-03,Niangua,,2,0,W,2.47,0.4,-0.47,0.4,-0.07,False
Willow Springs,2026-10-06,Winona,,0,3,L,-0.91,3.94,0.91,0.94,1.85,False
Willow Springs,2026-10-08,Plato,,3,2,W,1.37,1.73,1.63,-0.27,1.36,False
Willow Springs,2026-10-13,Ava,,,,,0.6,2.42,,,,False
Willow Springs,2026-10-15,Mountain Grove,,,,,-0.6,3.25,,,,False
Willow Springs,2026-10-20,Houston,,,,,0.76,2.49,,,,False
Windsor,2026-08-29,Hermann,,2,0,W,0.08,3.31,1.92,3.31,5.24,False
Windsor,2026-09-01,Kingsville,,0,3,L,1.52,2.15,-1.52,-0.85,-2.37,False
Windsor,2026-09-02,Leeton with Chilhowee,,3,0,W,2.37,0.87,0.63,0.87,1.5,False
Windsor,2026-09-08,Sherwood,,2,3,L,1.59,1.8,0.41,-1.2,-0.79,False
Windsor,2026-09-15,La Monte,,2,3,L,0.96,2.65,1.04,-0.35,0.69,False
Windsor,2026-09-17,Otterville,,0,3,L,0.83,2.72,-0.83,-0.28,-1.1,False
Windsor,2026-09-19,Troy Buchanan,,2,0,W,-0.1,3.78,2.1,3.78,5.87,False
Windsor,2026-09-21,Tipton,,0,3,L,0.16,3.08,-0.16,0.08,-0.08,False
Windsor,2026-09-22,Smithton,,1,3,L,0.89,2.88,0.11,-0.12,-0.01,False
Windsor,2026-09-23,Lakeland,,3,2,W,1.84,2.37,1.16,0.37,1.54,False
Windsor,2026-09-24,Sacred Heart,,0,3,L,0.69,2.93,-0.69,-0.07,-0.77,False
Windsor,2026-09-29,Northwest (Hughesville),,3,2,W,1.68,1.63,1.32,-0.37,0.96,False
Windsor,2026-09-30,Warsaw,,0,3,L,-0.24,4.13,0.24,1.13,1.38,False
Windsor,2026-10-01,Cole Camp,,0,3,L,-0.53,4.0,0.53,1.0,1.53,False
Windsor,2026-10-05,Green Ridge,,0,3,L,1.01,2.48,-1.01,-0.52,-1.53,False
Windsor,2026-10-07,Lincoln,,0,2,L,1.53,2.17,-1.53,0.17,-1.36,False
Windsor,2026-10-07,Otterville,,0,2,L,0.83,2.72,-0.83,0.72,-0.1,False
Windsor,2026-10-07,Smithton,,0,2,L,0.89,2.88,-0.89,0.88,-0.01,False
Windsor,2026-10-08,Cole Camp,,0,2,L,-0.53,4.0,0.53,2.0,2.53,False
Windsor,2026-10-12,Concordia,,,,,0.38,3.42,,,,False
Windsor,2026-10-13,Lincoln,,,,,1.53,2.17,,,,False
Windsor,2026-10-15,Stover,,,,,-0.28,3.84,,,,False
Windsor,2026-10-19,Crest Ridge,,,,,0.7,3.11,,,,False
Windsor,2026-10-21,Stover,,,,,-0.28,3.84,,,,False
Windsor (Imperial),2026-08-29,Hermann,,2,0,W,1.93,0.68,0.07,0.68,0.75,False
Windsor (Imperial),2026-08-29,Orchard Farm,,1,1,T,1.07,1.94,-0.07,0.94,0.88,False
Windsor (Imperial),2026-08-29,Pacific,,1,2,L,0.84,1.9,0.16,-0.1,0.07,False
Windsor (Imperial),2026-08-29,Parkway West,,2,1,W,0.9,1.95,1.1,0.95,2.05,False
Windsor (Imperial),2026-08-29,Lutheran South,,1,1,T,1.47,0.91,-0.47,-0.09,-0.56,False
Windsor (Imperial),2026-09-01,St. Clair,,3,1,W,1.05,2.16,1.95,1.16,3.11,False
Windsor (Imperial),2026-09-03,Union,,2,3,L,2.08,1.07,-0.08,-1.93,-2.01,False
Windsor (Imperial),2026-09-08,Jefferson (Festus),,2,0,W,2.21,0.64,-0.21,0.64,0.43,False
Windsor (Imperial),2026-09-08,Webster Groves,,0,2,L,0.94,1.89,-0.94,-0.11,-1.05,False
Windsor (Imperial),2026-09-09,Seckman,,0,3,L,0.6,2.33,-0.6,-0.67,-1.27,False
Windsor (Imperial),2026-09-11,"Alton(Alton, IL)",,2,0,W,,,,,,False
Windsor (Imperial),2026-09-11,Hazelwood East,,2,0,W,3.79,-0.74,-1.79,-0.74,-2.54,False
Windsor (Imperial),2026-09-12,"Collinsville(Collinsville, IL)",,1,2,L,,,,,,False
Windsor (Imperial),2026-09-12,"Southwestern(Piasa, IL)",,2,1,W,,,,,,False
Windsor (Imperial),2026-09-12,Notre Dame (St. Louis),,2,1,W,1.8,1.15,0.2,0.15,0.35,False
Windsor (Imperial),2026-09-15,Perryville,,0,3,L,1.09,1.75,-1.09,-1.25,-2.35,False
Windsor (Imperial),2026-09-17,Festus,,0,3,L,0.45,2.05,-0.45,-0.95,-1.4,False
Windsor (Imperial),2026-09-19,Festus,,0,2,L,0.45,2.05,-0.45,0.05,-0.4,False
Windsor (Imperial),2026-09-19,Poplar Bluff,,2,0,W,2.07,0.54,-0.07,0.54,0.47,False
Windsor (Imperial),2026-09-19,Seckman,,1,1,T,0.6,2.33,0.4,1.33,1.73,False
Windsor (Imperial),2026-09-19,Troy Buchanan,,2,0,W,1.76,1.14,0.24,1.14,1.38,False
Windsor (Imperial),2026-09-19,Liberty (Wentzville),,1,1,T,1.35,1.47,-0.35,0.47,0.12,False
Windsor (Imperial),2026-09-22,Central (Park Hills),,3,2,W,2.19,1.11,0.81,-0.89,-0.07,False
Windsor (Imperial),2026-09-24,Hillsboro,,0,3,L,0.77,2.12,-0.77,-0.88,-1.65,False
Windsor (Imperial),2026-09-26,Valle Catholic,,0,2,L,0.76,2.12,-0.76,0.12,-0.64,False
Windsor (Imperial),2026-09-26,Hannibal,,0,2,L,-0.13,2.56,0.13,0.56,0.7,False
Windsor (Imperial),2026-09-28,Bishop DuBourg,,,0,,4.62,-1.12,,,,False
Windsor (Imperial),2026-09-29,DeSoto,,3,0,W,2.48,0.07,0.52,0.07,0.59,False
Windsor (Imperial),2026-09-30,Mehlville,,3,2,W,1.66,1.13,1.34,-0.87,0.47,False
Windsor (Imperial),2026-10-06,Lift for Life Academy Charter,,2,0,W,4.06,-1.32,-2.06,-1.32,-3.37,False
Windsor (Imperial),2026-10-06,Herculaneum,,2,0,W,3.51,-0.96,-1.51,-0.96,-2.47,False
Windsor (Imperial),2026-10-08,Lutheran South,,,,,1.47,0.91,,,,False
Windsor (Imperial),2026-10-13,Webster Groves,,,,,0.94,1.89,,,,False
Windsor (Imperial),2026-10-15,Poplar Bluff,,,,,2.07,0.54,,,,False
Windsor (Imperial),2026-10-21,Sikeston,,,,,2.2,0.93,,,,False
"Windsor Stewardson-Strasburg(Strasburg, IL)",2026-09-12,Hermann,,2,0,W,,,,,,False
"Windsor/Stewardson-Strasburg HS(Strasburg, IL)",2026-09-12,Nerinx Hall,,0,2,L,,,,,,False
"Windsor/Stewardson-Strasburg( Strasburg, IL)",2026-09-12,Visitation Academy,,,,,,,,,,False
Winfield,2026-08-27,Bowling Green,,3,0,W,2.72,0.62,0.28,0.62,0.9,False
Winfield,2026-08-31,Wright City,,3,0,W,1.44,1.59,1.56,1.59,3.15,False
Winfield,2026-09-01,Hazelwood East,,3,0,W,3.38,0.06,-0.38,0.06,-0.32,False
Winfield,2026-09-03,Orchard Farm,,0,3,L,0.65,2.74,-0.65,-0.26,-0.91,False
Winfield,2026-09-08,Ft. Zumwalt East,,3,0,W,2.33,0.63,0.67,0.63,1.31,False
Winfield,2026-09-10,St. Charles,,3,1,W,2.54,1.11,0.46,0.11,0.57,False
Winfield,2026-09-12,Metro,,1,1,T,2.14,0.6,-1.14,-0.4,-1.55,False
Winfield,2026-09-12,Pacific,,1,1,T,0.42,2.7,0.58,1.7,2.28,False
Winfield,2026-09-12,St. Charles West,,1,2,L,1.57,1.8,-0.57,-0.2,-0.76,False
Winfield,2026-09-12,Troy Buchanan,,0,2,L,1.34,1.94,-1.34,-0.06,-1.4,False
Winfield,2026-09-12,Whitfield,,2,0,W,2.4,1.11,-0.4,1.11,0.71,False
Winfield,2026-09-15,Holt,,0,3,L,0.89,2.51,-0.89,-0.49,-1.39,False
Winfield,2026-09-17,Warrenton,,3,1,W,1.79,1.41,1.21,0.41,1.62,False
Winfield,2026-09-18,St. Louis Ignite,,3,0,W,,,,,,False
Winfield,2026-09-22,St. Charles West,,0,3,L,1.57,1.8,-1.57,-1.2,-2.76,False
Winfield,2026-09-25,Montgomery County,,3,1,W,2.35,1.06,0.65,0.06,0.71,False
Winfield,2026-09-26,North Callaway,,2,3,L,1.86,1.43,0.14,-1.57,-1.43,False
Winfield,2026-09-26,STEAM Academy,,3,0,W,3.32,0.02,-0.32,0.02,-0.3,False
Winfield,2026-09-29,Orchard Farm,,1,3,L,0.65,2.74,0.35,-0.26,0.09,False
Winfield,2026-10-01,St. Charles,,3,1,W,2.54,1.11,0.46,0.11,0.57,False
Winfield,2026-10-06,Holt,,2,3,L,0.89,2.51,1.11,-0.49,0.61,False
Winfield,2026-10-08,Hazelwood Central,,3,0,W,4.06,-0.89,-1.06,-0.89,-1.95,False
Winfield,2026-10-09,St. Louis Christian Sr.,,,,,,,,,,False
Winfield,2026-10-13,Warrenton,,,,,1.79,1.41,,,,False
Winfield,2026-10-16,St. Charles West,,,,,1.57,1.8,,,,False
Winfield,2026-10-19,Sunnydale Adventist Acad HS,,,,,,,,,,False
Winfield,2026-10-20,St. Charles West,,,,,1.57,1.8,,,,False
Winnetonka,2026-09-01,Center,,0,3,L,-0.12,2.58,0.12,-0.42,-0.3,False
Winnetonka,2026-09-03,Kearney,,0,3,L,-0.66,3.03,0.66,0.03,0.69,False
Winnetonka,2026-09-08,Smithville,,0,3,L,-2.01,4.49,2.01,1.49,3.5,False
Winnetonka,2026-09-10,Raytown South,,0,3,L,1.13,1.77,-1.13,-1.23,-2.36,False
Winnetonka,2026-09-12,Hogan Prep Academy Charter,,2,0,W,4.13,-1.59,-2.13,-1.59,-3.72,False
Winnetonka,2026-09-12,Paseo Academy,,1,1,T,2.26,0.58,-1.26,-0.42,-1.68,False
Winnetonka,2026-09-12,Van Horn,,1,1,T,1.27,1.31,-0.27,0.31,0.04,False
Winnetonka,2026-09-17,Ruskin,,3,0,W,1.83,0.6,1.17,0.6,1.77,False
Winnetonka,2026-09-19,Central (St. Joseph),,0,2,L,-0.38,2.8,0.38,0.8,1.19,False
Winnetonka,2026-09-19,Truman,,0,2,L,0.23,2.15,-0.23,0.15,-0.08,False
Winnetonka,2026-09-19,Fort Osage,,0,2,L,-0.51,3.48,0.51,1.48,1.99,False
Winnetonka,2026-09-19,Kearney,,0,2,L,-0.66,3.03,0.66,1.03,1.69,False
Winnetonka,2026-09-21,Central (St. Joseph),,0,2,L,-0.38,2.8,0.38,0.8,1.19,False
Winnetonka,2026-09-21,Truman,,0,2,L,0.23,2.15,-0.23,0.15,-0.08,False
Winnetonka,2026-09-22,Grandview,,0,3,L,0.37,2.13,-0.37,-0.87,-1.24,False
Winnetonka,2026-09-24,Kearney,,0,3,L,-0.66,3.03,0.66,0.03,0.69,False
Winnetonka,2026-09-28,Oak Park,,0,3,L,-0.35,3.16,0.35,0.16,0.51,False
Winnetonka,2026-09-29,North Kansas City,,0,3,L,-0.99,3.86,0.99,0.86,1.85,False
Winnetonka,2026-10-01,Ruskin,,3,0,W,1.83,0.6,1.17,0.6,1.77,False
Winnetonka,2026-10-05,Belton,,0,3,L,-1.19,4.27,1.19,1.27,2.46,False
Winnetonka,2026-10-06,Truman,,0,3,L,0.23,2.15,-0.23,-0.85,-1.08,False
Winnetonka,2026-10-08,Smithville,,0,3,L,-2.01,4.49,2.01,1.49,3.5,False
Winnetonka,2026-10-12,Lincoln College Prep,,,,,0.07,3.0,,,,False
Winnetonka,2026-10-13,Grandview,,,,,0.37,2.13,,,,False
Winnetonka,2026-10-15,Raytown South,,,,,1.13,1.77,,,,False
Winnetonka,2026-10-20,Kearney,,,,,-0.66,3.03,,,,False
Winona,2026-08-27,Bunker,,3,0,W,3.93,-0.31,-0.93,-0.31,-1.24,False
Winona,2026-08-29,Crane,,2,0,W,3.48,-0.33,-1.48,-0.33,-1.81,False
Winona,2026-08-29,Forsyth,,2,0,W,3.6,-0.66,-1.6,-0.66,-2.26,False
Winona,2026-08-29,Marionville,,2,0,W,3.07,0.06,-1.07,0.06,-1.02,False
Winona,2026-08-29,Miller,,2,0,W,2.5,0.76,-0.5,0.76,0.26,False
Winona,2026-08-29,Seneca,,2,0,W,4.49,-1.36,-2.49,-1.36,-3.85,False
Winona,2026-09-01,Thayer,,3,0,W,3.32,-0.14,-0.32,-0.14,-0.46,False
Winona,2026-09-04,Ellington,,3,0,W,2.27,0.48,0.73,0.48,1.21,False
Winona,2026-09-10,Cabool,,3,2,W,1.84,1.12,1.16,-0.88,0.28,False
Winona,2026-09-11,Central (Cape Girardeau),,1,1,T,2.45,0.29,-1.45,-0.71,-2.15,False
Winona,2026-09-11,St. Vincent,,2,0,W,2.55,0.53,-0.55,0.53,-0.02,False
Winona,2026-09-12,Advance,,2,0,W,2.36,1.3,-0.36,1.3,0.95,False
Winona,2026-09-12,Leopold,,1,1,T,1.39,1.9,-0.39,0.9,0.51,False
Winona,2026-09-12,Woodland,,2,0,W,1.8,1.42,0.2,1.42,1.62,False
Winona,2026-09-12,Saxony Lutheran,,0,2,L,1.13,1.94,-1.13,-0.06,-1.19,False
Winona,2026-09-14,Liberty (Mountain View),,3,2,W,1.65,1.4,1.35,-0.6,0.75,False
Winona,2026-09-15,Eminence,,3,0,W,2.62,0.41,0.38,0.41,0.78,False
Winona,2026-09-18,Potosi,,0,3,L,0.16,2.69,-0.16,-0.31,-0.47,False
Winona,2026-09-19,Blair Oaks,,2,3,L,1.07,2.18,0.93,-0.82,0.11,False
Winona,2026-09-19,Logan-Rogersville,,1,3,L,1.89,1.69,-0.89,-1.31,-2.2,False
Winona,2026-09-22,West Plains,,2,3,L,0.6,2.43,1.4,-0.57,0.83,False
Winona,2026-09-25,Bakersfield,,3,0,W,3.88,-0.65,-0.88,-0.65,-1.53,False
Winona,2026-09-26,Eminence,,3,0,W,2.62,0.41,0.38,0.41,0.78,False
Winona,2026-09-28,Lesterville,,3,0,W,3.1,-0.03,-0.1,-0.03,-0.13,False
Winona,2026-10-01,Licking,,3,0,W,2.41,0.35,0.59,0.35,0.94,False
Winona,2026-10-06,Willow Springs,,3,0,W,3.94,-0.91,-0.94,-0.91,-1.85,False
Winona,2026-10-08,Mountain Grove,,,,,1.9,0.9,,,,False
Winona,2026-10-10,Nerinx Hall,,,,,1.92,1.48,,,,False
Winona,2026-10-10,Saxony Lutheran,,,,,1.13,1.94,,,,False
Winona,2026-10-10,Valle Catholic,,,,,1.34,1.84,,,,False
Winona,2026-10-10,Incarnate Word Academy,,,,,0.37,3.43,,,,False
Winona,2026-10-12,Summersville,,,,,3.32,0.07,,,,False
Winona,2026-10-15,"Pocahontas(Pocahontas, AR)",,,,,,,,,,False
Winona,2026-10-16,Leopold,,,,,1.39,1.9,,,,False
Winona,2026-10-23,TBD,,,,,,,,,,False
Woodland,2026-08-27,Richland (Essex),,3,0,W,3.67,-0.38,-0.67,-0.38,-1.05,False
Woodland,2026-08-31,Oak Ridge,,3,0,W,1.8,1.48,1.2,1.48,2.67,False
Woodland,2026-09-01,Perryville,,1,3,L,1.49,1.67,-0.49,-1.33,-1.82,False
Woodland,2026-09-04,Bell City,,3,1,W,2.13,1.32,0.87,0.32,1.19,False
Woodland,2026-09-08,Puxico,,3,0,W,2.26,0.87,0.74,0.87,1.61,False
Woodland,2026-09-11,Hillsboro,,1,1,T,1.17,2.04,-0.17,1.04,0.88,False
Woodland,2026-09-11,Poplar Bluff,,2,0,W,2.47,0.47,-0.47,0.47,-0.0,False
Woodland,2026-09-11,Valle Catholic,,1,1,T,1.16,2.04,-0.16,1.04,0.88,False
Woodland,2026-09-12,Arcadia Valley,,2,0,W,1.91,1.04,0.09,1.04,1.13,False
Woodland,2026-09-12,Winona,,0,2,L,1.42,1.8,-1.42,-0.2,-1.62,False
Woodland,2026-09-12,Notre Dame (Cape Girardeau),,0,2,L,1.35,1.61,-1.35,-0.39,-1.74,False
Woodland,2026-09-14,Clearwater,,3,0,W,3.81,-1.03,-0.81,-1.03,-1.84,False
Woodland,2026-09-15,Saxony Lutheran,,0,3,L,0.96,2.15,-0.96,-0.85,-1.81,False
Woodland,2026-09-17,Scott City,,3,0,W,2.27,0.91,0.73,0.91,1.65,False
Woodland,2026-09-18,Advance,,3,2,W,2.18,1.51,0.82,-0.49,0.33,False
Woodland,2026-09-21,Dexter,,3,1,W,1.89,1.41,1.11,0.41,1.52,False
Woodland,2026-09-22,Central (Cape Girardeau),,2,0,W,2.27,0.5,-0.27,0.5,0.23,False
Woodland,2026-09-22,Farmington,,0,2,L,0.5,2.64,-0.5,0.64,0.15,False
Woodland,2026-09-24,Meadow Heights,,3,1,W,2.44,0.7,0.56,-0.3,0.26,False
Woodland,2026-09-28,Oak Ridge,,1,3,L,1.8,1.48,-0.8,-1.52,-2.33,False
Woodland,2026-09-29,Bell City,,3,2,W,2.13,1.32,0.87,-0.68,0.19,False
Woodland,2026-10-01,Bloomfield,,3,0,W,4.03,-0.98,-1.03,-0.98,-2.02,False
Woodland,2026-10-05,St. Vincent,,3,1,W,2.37,0.73,0.63,-0.27,0.36,False
Woodland,2026-10-06,Leopold,,1,3,L,1.21,2.1,-0.21,-0.9,-1.11,False
Woodland,2026-10-19,Bernie,,,,,3.1,-0.15,,,,False
Woodland,2026-10-21,TBD,,,,,,,,,,False
Wright City,2026-08-31,Winfield,,0,3,L,1.59,1.44,-1.59,-1.56,-3.15,False
Wright City,2026-09-01,Chamois,,3,0,W,4.71,-1.14,-1.71,-1.14,-2.85,False
Wright City,2026-09-03,Bowling Green,,3,0,W,2.62,0.37,0.38,0.37,0.75,False
Wright City,2026-09-08,St. Louis Ignite,,3,0,W,,,,,,False
Wright City,2026-09-10,St. Louis Christian Sr.,,3,1,W,,,,,,False
Wright City,2026-09-14,Montgomery County,,3,0,W,2.25,0.81,0.75,0.81,1.56,False
Wright City,2026-09-15,Centralia,,3,2,W,2.7,0.48,0.3,-1.52,-1.22,False
Wright City,2026-09-16,North Callaway,,3,0,W,1.76,1.19,1.24,1.19,2.42,False
Wright City,2026-09-19,Union,,0,2,L,1.57,1.62,-1.57,-0.38,-1.94,False
Wright City,2026-09-19,Duchesne,,0,2,L,0.73,1.82,-0.73,-0.18,-0.91,False
Wright City,2026-09-19,North Point,,0,2,L,0.05,2.81,-0.05,0.81,0.77,False
Wright City,2026-09-21,St. Charles West,,3,1,W,1.47,1.56,1.53,0.56,2.09,False
Wright City,2026-09-22,Liberty Christian Sr.,,3,0,W,,,,,,False
Wright City,2026-09-24,Montgomery County,,3,0,W,2.25,0.81,0.75,0.81,1.56,False
Wright City,2026-09-26,Mexico,,2,0,W,3.23,0.49,-1.23,0.49,-0.74,False
Wright City,2026-09-26,"St. Louis Panthers(St. Louis, MO)",,0,2,L,,,,,,False
Wright City,2026-09-26,Ft. Zumwalt East,,2,1,W,2.23,0.39,-0.23,-0.61,-0.84,False
Wright City,2026-09-26,Battle,,1,2,L,0.22,2.77,0.78,0.77,1.56,False
Wright City,2026-09-28,Centralia,,3,0,W,2.7,0.48,0.3,0.48,0.78,False
Wright City,2026-09-30,Veritas Christian Academy,,3,0,W,3.5,-0.77,-0.5,-0.77,-1.27,False
Wright City,2026-10-01,Ft. Zumwalt East,,3,1,W,2.23,0.39,0.77,-0.61,0.16,False
Wright City,2026-10-05,Christian Fellowship Sr.,,3,0,W,3.28,-0.3,-0.28,-0.3,-0.58,False
Wright City,2026-10-08,Warrenton,,,,,1.7,1.17,,,,False
Wright City,2026-10-14,North Callaway,,,,,1.76,1.19,,,,False
Wright City,2026-10-15,Bowling Green,,,,,2.62,0.37,,,,False
Wright City,2026-10-22,Fulton,,,,,2.22,0.83,,,,False
Zalma,2026-08-27,Oran,,0,3,L,0.74,1.96,-0.74,-1.04,-1.78,False
Zalma,2026-08-28,Greenville,,1,3,L,0.88,2.36,0.12,-0.64,-0.52,False
Zalma,2026-08-31,Leopold,,0,3,L,-2.02,5.13,2.02,2.13,4.15,False
Zalma,2026-09-03,Meadow Heights,,0,3,L,-0.79,3.73,0.79,0.73,1.52,False
Zalma,2026-09-08,Bell City,,0,3,L,-1.09,4.35,1.09,1.35,2.45,False
Zalma,2026-09-10,Marquand-Zion,,,,,,,,,,False
Zalma,2026-09-11,Northwest (Cedar Hill),,0,2,L,-0.79,3.55,0.79,1.55,2.33,False
Zalma,2026-09-11,Summersville,,0,2,L,-0.09,3.3,0.09,1.3,1.39,False
Zalma,2026-09-12,Central (New Madrid County),,0,2,L,-0.47,3.51,0.47,1.51,1.98,False
Zalma,2026-09-12,Hazelwood West,,0,2,L,0.51,2.25,-0.51,0.25,-0.26,False
Zalma,2026-09-12,Parkway South,,0,2,L,-1.8,4.76,1.8,2.76,4.56,False
Zalma,2026-09-15,Oak Ridge,,0,3,L,-1.42,4.51,1.42,1.51,2.93,False
Zalma,2026-09-21,Charleston,,3,0,W,1.83,0.75,1.17,0.75,1.92,False
Zalma,2026-09-24,Leopold,,0,3,L,-2.02,5.13,2.02,2.13,4.15,False
Zalma,2026-09-25,Kelly,,0,3,L,1.44,2.05,-1.44,-0.95,-2.4,False
Zalma,2026-09-29,Meadow Heights,,0,3,L,-0.79,3.73,0.79,0.73,1.52,False
Zalma,2026-10-01,Eagle Ridge Christian,,1,3,L,,,,,,False
Zalma,2026-10-02,Puxico,,0,3,L,-0.97,3.9,0.97,0.9,1.87,False
Zalma,2026-10-05,Risco,,1,3,L,0.54,2.41,0.46,-0.59,-0.12,False
Zalma,2026-10-08,Advance,,0,3,L,-1.05,4.54,1.05,1.54,2.59,False
Zalma,2026-10-09,Richland (Essex),,,,,0.44,2.65,,,,False
Zalma,2026-10-09,Eagle Ridge Christian,,,,,,,,,,False
Zalma,2026-10-12,Marquand-Zion,,,,,,,,,,False
Zalma,2026-10-13,Eagle Ridge Christian,,,,,,,,,,False
Zalma,2026-10-20,St. Paul Lutheran (Farmington),,,,,-0.63,3.32,,,,False
Zalma,2026-10-23,Valle Catholic,,,,,-2.07,5.08,,,,False
"mira costa high school(mira costa , CA)",2026-10-02,Incarnate Word Academy,,2,0,W,,,,,,False
"st james academy(lenexa, KS)",2026-09-12,Incarnate Word Academy,,1,2,L,,,,,,False
"st joseph christian(st joseph , MO)",2026-08-29,West Nodaway with Nodaway-Holt,,2,0,W,,,,,,False
