date,team1,score1,team2,score2,forfeit,overtime
2026-08-12,Rockwood Summit,,Francis Howell Central,,False,False
2026-08-20,Liberty,,Liberty North,,False,False
2026-08-20,Platte County,,Liberty North,,False,False
2026-08-20,Raytown South,,Raytown,,False,False
2026-08-20,Grandview,,Raytown,,False,False
2026-08-21,Lutheran St. Charles,,Holt,,False,False
2026-08-21,Westminster Christian Academy,,Holt,,False,False
2026-08-21,St. Charles West,,Holt,,False,False
2026-08-21,Westminster Christian Academy,,Lutheran St. Charles,,False,False
2026-08-21,St. Charles West,,Lutheran St. Charles,,False,False
2026-08-21,St. Charles West,,Westminster Christian Academy,,False,False
2026-08-22,New Haven,0,Calvary Lutheran,2,False,False
2026-08-22,Stover,2,Calvary Lutheran,0,False,False
2026-08-22,Maryville,2,Lathrop,0,False,False
2026-08-22,Cameron,0,Maryville,2,False,False
2026-08-22,Clarkton,3,Southland,0,False,False
2026-08-22,Twin Rivers,3,Southland,0,False,False
2026-08-24,Eminence,3,Lesterville,0,False,False
2026-08-24,Thayer,0,Lesterville,3,False,False
2026-08-24,St. Dominic,,Francis Howell,,False,False
2026-08-24,Kirkwood,,Francis Howell,,False,False
2026-08-24,Ladue Horton Watkins,,Francis Howell,,False,False
2026-08-24,Pleasant Hope,,New Covenant Academy,,False,False
2026-08-24,Osceola,,Skyline,,False,False
2026-08-24,Windsor,,Skyline,,False,False
2026-08-24,Green Ridge,,Skyline,,False,False
2026-08-24,Winfield,,St. Charles,,False,False
2026-08-24,Wright City,,St. Charles,,False,False
2026-08-24,Notre Dame de Sion,,St. Pius X (Kansas City),,False,False
2026-08-24,St. Michael the Archangel,,St. Pius X (Kansas City),,False,False
2026-08-24,Wright City,,Winfield,,False,False
2026-08-25,Savannah,1,Benton,1,False,False
2026-08-25,Bishop LeBlond,1,Benton,1,False,False
2026-08-25,Central (St. Joseph),1,Benton,1,False,False
2026-08-25,Monett,2,Crane,0,False,False
2026-08-25,Diamond,1,Crane,1,False,False
2026-08-25,Marionville,0,Crane,2,False,False
2026-08-25,Windsor (Imperial),1,DeSoto,1,False,False
2026-08-25,St. Clair,2,DeSoto,0,False,False
2026-08-25,Monett,2,Diamond,0,False,False
2026-08-25,Marionville,1,Diamond,1,False,False
2026-08-25,Belle,2,Dixon,1,False,False
2026-08-25,Plato,2,Dixon,1,False,False
2026-08-25,Parkview,0,Fair Grove,2,False,False
2026-08-25,Republic,2,Fair Grove,0,False,False
2026-08-25,Logan-Rogersville,1,Fair Grove,1,False,False
2026-08-25,Ft. Zumwalt North,3,Ft. Zumwalt East,0,False,False
2026-08-25,Nevada,3,Joplin,0,False,False
2026-08-25,Carthage,1,Joplin,2,False,False
2026-08-25,Miller Career Academy,1,McKinley Classical Leadership,2,False,False
2026-08-25,Gateway with Soldan International Studies,0,McKinley Classical Leadership,2,False,False
2026-08-25,California,,Battle,,False,False
2026-08-25,Fatima,,Battle,,False,False
2026-08-25,Bolivar,,Buffalo,,False,False
2026-08-25,Osage,,Buffalo,,False,False
2026-08-25,Hillcrest,,Buffalo,,False,False
2026-08-25,Hayti,,Delta (Deering),,False,False
2026-08-25,Cooter,,Delta (Deering),,False,False
2026-08-25,Ft. Zumwalt South,,Ft. Zumwalt East,,False,False
2026-08-25,Ft. Zumwalt West,,Ft. Zumwalt East,,False,False
2026-08-25,Ft. Zumwalt South,,Ft. Zumwalt North,,False,False
2026-08-25,Ft. Zumwalt West,,Ft. Zumwalt North,,False,False
2026-08-25,Cooter,,Hayti,,False,False
2026-08-25,Aurora,,Joplin,,False,False
2026-08-25,St. Paul Lutheran (Farmington),,Leopold,,False,False
2026-08-25,Crystal City,,Leopold,,False,False
2026-08-25,Fredericktown,,Meadow Heights,,False,False
2026-08-25,Puxico,,Meadow Heights,,False,False
2026-08-25,Gateway with Soldan International Studies,,Miller Career Academy,,False,False
2026-08-25,Webb City,,Mt. Vernon,,False,False
2026-08-25,Carl Junction,,Mt. Vernon,,False,False
2026-08-25,Clever,,Mt. Vernon,,False,False
2026-08-25,Sullivan,,Potosi,,False,False
2026-08-25,Owensville,,Potosi,,False,False
2026-08-25,Hazelwood Central,,Rosati-Kain,,False,False
2026-08-25,Ritenour,,Rosati-Kain,,False,False
2026-08-25,University City,,Rosati-Kain,,False,False
2026-08-25,Bishop LeBlond,,Savannah,,False,False
2026-08-25,Central (St. Joseph),,Savannah,,False,False
2026-08-25,Archie,,South Harrison,,False,False
2026-08-25,Mid-Buchanan,,South Harrison,,False,False
2026-08-25,Blue Springs South,,Staley,,False,False
2026-08-25,Blue Springs,,Staley,,False,False
2026-08-25,St. Teresa's Academy,,Staley,,False,False
2026-08-25,Lexington,,Sweet Springs,,False,False
2026-08-25,Wellington-Napoleon,,Sweet Springs,,False,False
2026-08-25,Richmond,,Sweet Springs,,False,False
2026-08-25,West Nodaway with Nodaway-Holt,,Tarkio with Fairfax,,False,False
2026-08-25,Southwest (Washburn),,Wheaton,,False,False
2026-08-25,Hurley,,Wheaton,,False,False
2026-08-25,Purdy,,Wheaton,,False,False
2026-08-26,Lebanon,,Central (Springfield),,False,False
2026-08-26,Strafford,,Central (Springfield),,False,False
2026-08-27,Clearwater,0,Arcadia Valley,3,False,False
2026-08-27,Dora,1,Bakersfield,3,False,False
2026-08-27,Ash Grove,3,Billings,2,False,False
2026-08-27,Park Hill,2,Blue Springs,0,False,False
2026-08-27,St. Michael the Archangel,0,Blue Springs,2,False,False
2026-08-27,Fort Osage,1,Blue Springs South,3,False,False
2026-08-27,Winona,3,Bunker,0,False,False
2026-08-27,Knob Noster,0,California,3,False,False
2026-08-27,Osage,3,Capital City,1,False,False
2026-08-27,Perryville,3,Central (Park Hills),0,False,False
2026-08-27,Smithville,3,Central (St. Joseph),0,False,False
2026-08-27,Greenville,0,Clarkton,3,False,False
2026-08-27,STEAM Academy,3,Collegiate School of Med-Bio Science,2,False,False
2026-08-27,Gloria Deo Academy,0,Crane,3,False,False
2026-08-27,New Haven,0,Crystal City,3,False,False
2026-08-27,St. Charles,1,Duchesne,3,False,False
2026-08-27,St. Dominic,1,Eureka,2,False,False
2026-08-27,New Bloomfield,0,Father Tolton,3,False,False
2026-08-27,Hickman,3,Fatima,1,False,False
2026-08-27,Northwest (Cedar Hill),0,Festus,3,False,False
2026-08-27,Lutheran St. Charles,2,Francis Howell Central,3,False,False
2026-08-27,Troy Buchanan,3,Ft. Zumwalt South,0,False,False
2026-08-27,St. Dominic,2,Ft. Zumwalt West,0,False,False
2026-08-27,Eureka,2,Ft. Zumwalt West,1,False,False
2026-08-27,Gateway with Soldan International Studies,0,Gateway Science Charter,3,False,False
2026-08-27,Greenfield,2,Golden City,0,False,False
2026-08-27,Everton,1,Golden City,1,False,False
2026-08-27,Lee's Summit West,3,Grain Valley,0,False,False
2026-08-27,Guadalupe Centers Charter,0,Grandview,3,False,False
2026-08-27,Oak Ridge,3,Grandview (Hillsboro),0,False,False
2026-08-27,Everton,0,Greenfield,2,False,False
2026-08-27,Hillcrest,3,Greenwood,1,False,False
2026-08-27,Hallsville,3,Kirksville,0,False,False
2026-08-27,Pattonville,0,Lafayette (Wildwood),2,False,False
2026-08-27,Parkway Central,0,Lafayette (Wildwood),2,False,False
2026-08-27,Wellington-Napoleon,0,Lafayette County,3,False,False
2026-08-27,Union Star with King City,0,Lathrop,3,False,False
2026-08-27,Viburnum,0,Lesterville,3,False,False
2026-08-27,Platte County,0,Liberty North,3,False,False
2026-08-27,McKinley Classical Leadership,0,Lift for Life Academy Charter,3,False,False
2026-08-27,Bernie,0,Malden,3,False,False
2026-08-27,Francis Howell,2,Marquette,3,False,False
2026-08-27,West Nodaway with Nodaway-Holt,3,Maysville,0,False,False
2026-08-27,St. Joseph Christian,0,Mid-Buchanan,3,False,False
2026-08-27,East Newton,3,New Heights Christian,0,False,False
2026-08-27,Parkway West,1,Oakville,3,False,False
2026-08-27,Smith-Cotton,0,Odessa,3,False,False
2026-08-27,Zalma,0,Oran,3,False,False
2026-08-27,Lone Jack,3,Orrick,0,False,False
2026-08-27,Northwest (Hughesville),0,Osceola,3,False,False
2026-08-27,Eugene,2,Otterville,3,False,False
2026-08-27,Jefferson City,0,Ozark,3,False,False
2026-08-27,St. Michael the Archangel,2,Park Hill,1,False,False
2026-08-27,Pattonville,0,Parkway Central,2,False,False
2026-08-27,North Pemiscot,1,Portageville,3,False,False
2026-08-27,Park Hill South,3,Raymore-Peculiar,2,False,False
2026-08-27,Ruskin,0,Raytown,3,False,False
2026-08-27,William Chrisman,3,Raytown South,0,False,False
2026-08-27,Woodland,3,Richland (Essex),0,False,False
2026-08-27,Bloomfield,0,Risco,3,False,False
2026-08-27,New Covenant Academy,2,Sarcoxie,0,False,False
2026-08-27,Caruthersville,0,Scott City,3,False,False
2026-08-27,Exeter,1,Seneca,3,False,False
2026-08-27,Tipton,3,Smithton,1,False,False
2026-08-27,East Buchanan,3,South Holt with Craig,0,False,False
2026-08-27,Bismarck,3,South Iron,1,False,False
2026-08-27,Liberty,2,St. Pius X (Kansas City),3,False,False
2026-08-27,Oak Park,0,Staley,3,False,False
2026-08-27,Holt,3,Timberland,2,False,False
2026-08-27,Warrensburg,3,Van Horn,0,False,False
2026-08-27,Stover,3,Versailles,1,False,False
2026-08-27,Cole Camp,3,Warsaw,0,False,False
2026-08-27,St. Francis Borgia,3,Washington,0,False,False
2026-08-27,Bowling Green,0,Winfield,3,False,False
2026-08-27,Hazelwood Central,,Clayton,,False,False
2026-08-27,Mansfield,,Lutie,,False,False
2026-08-27,Hillsboro,,Notre Dame (Cape Girardeau),,False,False
2026-08-28,Cristo Rey,3,Academie Lafayette,0,False,False
2026-08-28,Benton,0,Adrian,2,False,False
2026-08-28,Sullivan,2,Adrian,0,False,False
2026-08-28,Couch,3,Bakersfield,1,False,False
2026-08-28,KIPP KC Legacy,0,Barstow,3,False,False
2026-08-28,Licking,2,Belle,1,False,False
2026-08-28,Bishop LeBlond,1,Belton,2,False,False
2026-08-28,Notre Dame de Sion,0,Belton,2,False,False
2026-08-28,Liberty (Mountain View),1,Benton,2,False,False
2026-08-28,Richland (Essex),0,Bernie,3,False,False
2026-08-28,Leopold,3,Bloomfield,0,False,False
2026-08-28,Valley Park,0,Bourbon,3,False,False
2026-08-28,Purdy,3,Bronaugh,0,False,False
2026-08-28,Saxony Lutheran,2,Cameron,0,False,False
2026-08-28,Fatima,2,Cameron,1,False,False
2026-08-28,Nerinx Hall,2,Cardinal Ritter,0,False,False
2026-08-28,St. Pius X (Kansas City),2,Central (St. Joseph),0,False,False
2026-08-28,Seckman,2,Central (St. Joseph),0,False,False
2026-08-28,Delta (Deering),0,Clarkton,3,False,False
2026-08-28,Ellington,1,Eminence,3,False,False
2026-08-28,Marion C. Early,0,Everton,3,False,False
2026-08-28,MICDS,1,Farmington,2,False,False
2026-08-28,North Point,0,Farmington,3,False,False
2026-08-28,Rock Port,0,Fatima,2,False,False
2026-08-28,Hurley,0,Fordland,3,False,False
2026-08-28,Bishop LeBlond,2,Hannibal,0,False,False
2026-08-28,Collegiate School of Med-Bio Science,1,Hazelwood West,3,False,False
2026-08-28,Southland,0,Holcomb,3,False,False
2026-08-28,Ballard,0,La Monte,3,False,False
2026-08-28,Liberty (Mountain View),2,Lafayette County,0,False,False
2026-08-28,Sullivan,2,Lafayette County,0,False,False
2026-08-28,Jennings,0,Maplewood-Richmond Hts.,3,False,False
2026-08-28,Oak Grove,2,Maryville,0,False,False
2026-08-28,Notre Dame de Sion,2,Maryville,1,False,False
2026-08-28,Oak Ridge,3,Meadow Heights,0,False,False
2026-08-28,Nerinx Hall,2,Mehlville,0,False,False
2026-08-28,North Point,1,MICDS,2,False,False
2026-08-28,Vashon,3,Miller Career Academy,0,False,False
2026-08-28,Hannibal,1,Oak Grove,2,False,False
2026-08-28,Prairie Home,0,Otterville,3,False,False
2026-08-28,Liberty North,1,Ozark,3,False,False
2026-08-28,Whitfield,0,Parkway South,3,False,False
2026-08-28,Risco,1,Portageville,3,False,False
2026-08-28,Westminster Christian Academy,3,Principia,0,False,False
2026-08-28,St. Pius X (Kansas City),2,Raymore-Peculiar,1,False,False
2026-08-28,Savannah,1,Raymore-Peculiar,2,False,False
2026-08-28,Northland Christian,0,Rock Port,2,False,False
2026-08-28,Seckman,1,Savannah,2,False,False
2026-08-28,Northland Christian,0,Saxony Lutheran,2,False,False
2026-08-28,Spokane,3,School of the Ozarks,1,False,False
2026-08-28,North Pemiscot,3,Senath-Hornersville,0,False,False
2026-08-28,Miami (Amoret),0,Sheldon,3,False,False
2026-08-28,Lesterville,3,West County,1,False,False
2026-08-28,Greenville,3,Zalma,1,False,False
2026-08-28,St. Joseph's Academy,,Duchesne,,False,False
2026-08-28,Webster Groves,,MICDS,,False,False
2026-08-28,Lutheran North,,St. Charles West,,False,False
2026-08-28,St. Pius X (Festus),,St. Joseph's Academy,,False,False
2026-08-28,Rock Bridge,,Webster Groves,,False,False
2026-08-29,Liberty (Mountain View),1,Adrian,2,False,False
2026-08-29,Lafayette County,0,Adrian,2,False,False
2026-08-29,Stockton,1,Ash Grove,2,False,False
2026-08-29,Osceola,2,Ash Grove,0,False,False
2026-08-29,El Dorado Springs,0,Ash Grove,2,False,False
2026-08-29,Sparta,0,Ash Grove,2,False,False
2026-08-29,Hannibal,2,Belton,0,False,False
2026-08-29,Maryville,1,Belton,2,False,False
2026-08-29,Notre Dame de Sion,2,Bishop LeBlond,1,False,False
2026-08-29,Seymour,0,Blue Eye,2,False,False
2026-08-29,Couch,0,Blue Eye,2,False,False
2026-08-29,Gainesville,0,Blue Eye,2,False,False
2026-08-29,Helias Catholic,2,Bolivar,0,False,False
2026-08-29,Lebanon,2,Bolivar,0,False,False
2026-08-29,Summit Christian Academy,2,Bolivar,0,False,False
2026-08-29,Strafford,2,Bolivar,0,False,False
2026-08-29,Linn,1,Boonville,1,False,False
2026-08-29,Father Tolton,1,Boonville,1,False,False
2026-08-29,Christian Fellowship Sr.,0,Boonville,2,False,False
2026-08-29,Tipton,0,Boonville,2,False,False
2026-08-29,Laquey,0,Bourbon,2,False,False
2026-08-29,Plato,1,Bourbon,1,False,False
2026-08-29,Strafford,2,Branson,1,False,False
2026-08-29,Ash Grove,2,Buffalo,0,False,False
2026-08-29,El Dorado Springs,0,Buffalo,2,False,False
2026-08-29,Sparta,0,Buffalo,2,False,False
2026-08-29,Diamond,2,Buffalo,0,False,False
2026-08-29,Northland Christian,2,Cameron,0,False,False
2026-08-29,Rock Port,2,Cameron,0,False,False
2026-08-29,Clever,2,Capital City,3,False,False
2026-08-29,Branson,1,Carthage,1,False,False
2026-08-29,Rolla,0,Carthage,2,False,False
2026-08-29,Helias Catholic,2,Carthage,0,False,False
2026-08-29,Parkview,0,Carthage,2,False,False
2026-08-29,Springfield Catholic,0,Carthage,2,False,False
2026-08-29,Strafford,0,Carthage,2,False,False
2026-08-29,Ste. Genevieve,2,Central (Cape Girardeau),0,False,False
2026-08-29,Veritas Christian Academy,0,Central (Cape Girardeau),2,False,False
2026-08-29,Savannah,2,Central (St. Joseph),0,False,False
2026-08-29,Raymore-Peculiar,2,Central (St. Joseph),0,False,False
2026-08-29,Nerinx Hall,2,Clayton,1,False,False
2026-08-29,Marshfield,3,Clever,0,False,False
2026-08-29,Gainesville,2,Couch,0,False,False
2026-08-29,Seymour,0,Couch,2,False,False
2026-08-29,Winona,2,Crane,0,False,False
2026-08-29,Miller,2,Crane,0,False,False
2026-08-29,Marionville,1,Crane,1,False,False
2026-08-29,New Heights Christian,1,Crane,2,False,False
2026-08-29,Sarcoxie,2,Crane,0,False,False
2026-08-29,Owensville,2,Cuba,0,False,False
2026-08-29,North County,1,Cuba,2,False,False
2026-08-29,Licking,1,Cuba,2,False,False
2026-08-29,Ste. Genevieve,2,DeSoto,0,False,False
2026-08-29,Poplar Bluff,2,DeSoto,0,False,False
2026-08-29,Central (Cape Girardeau),1,DeSoto,1,False,False
2026-08-29,Warrenton,2,DeSoto,0,False,False
2026-08-29,Stockton,1,Diamond,1,False,False
2026-08-29,Osceola,2,Diamond,0,False,False
2026-08-29,Pleasant Hope,1,Diamond,1,False,False
2026-08-29,North Platte,0,East Buchanan,2,False,False
2026-08-29,Lathrop,0,East Buchanan,2,False,False
2026-08-29,Lawson,0,East Buchanan,2,False,False
2026-08-29,West Platte,2,East Buchanan,1,False,False
2026-08-29,Fair Grove,1,East Newton,1,False,False
2026-08-29,Republic,2,East Newton,0,False,False
2026-08-29,Kearney,1,East Newton,1,False,False
2026-08-29,Stockton,2,El Dorado Springs,0,False,False
2026-08-29,Sparta,0,El Dorado Springs,2,False,False
2026-08-29,Kearney,1,Fair Grove,1,False,False
2026-08-29,Republic,2,Fair Grove,0,False,False
2026-08-29,Blair Oaks,2,Farmington,0,False,False
2026-08-29,Northland Christian,2,Fatima,0,False,False
2026-08-29,Saxony Lutheran,2,Fatima,0,False,False
2026-08-29,Sarcoxie,1,Forsyth,1,False,False
2026-08-29,New Heights Christian,1,Forsyth,1,False,False
2026-08-29,Monett,1,Forsyth,1,False,False
2026-08-29,Pierce City,1,Forsyth,1,False,False
2026-08-29,Winona,2,Forsyth,0,False,False
2026-08-29,Francis Howell North,0,Francis Howell Central,2,False,False
2026-08-29,St. Vincent,0,Francis Howell Central,2,False,False
2026-08-29,Westminster Christian Academy,2,Francis Howell Central,0,False,False
2026-08-29,Parkway Central,2,Francis Howell Central,1,False,False
2026-08-29,Oakville,2,Francis Howell North,1,False,False
2026-08-29,Westminster Christian Academy,1,Francis Howell North,1,False,False
2026-08-29,St. Vincent,0,Francis Howell North,2,False,False
2026-08-29,Niangua,0,Gainesville,2,False,False
2026-08-29,STEAM Academy,0,Gateway Science Charter,2,False,False
2026-08-29,Christian Fellowship Sr.,0,Hallsville,2,False,False
2026-08-29,Montgomery County,1,Hallsville,1,False,False
2026-08-29,Linn,0,Hallsville,2,False,False
2026-08-29,Father Tolton,0,Hallsville,2,False,False
2026-08-29,Hazelwood West,2,Hazelwood Central,0,False,False
2026-08-29,Jennings,0,Hazelwood Central,2,False,False
2026-08-29,McCluer,0,Hazelwood Central,2,False,False
2026-08-29,Hazelwood West,2,Hazelwood East,0,False,False
2026-08-29,Jennings,0,Hazelwood East,2,False,False
2026-08-29,McCluer,0,Hazelwood East,2,False,False
2026-08-29,Jennings,0,Hazelwood West,2,False,False
2026-08-29,McCluer North,0,Hazelwood West,2,False,False
2026-08-29,Summit Christian Academy,0,Helias Catholic,2,False,False
2026-08-29,Lutheran South,1,Hermann,1,False,False
2026-08-29,Windsor,2,Hermann,0,False,False
2026-08-29,Orchard Farm,2,Hermann,0,False,False
2026-08-29,Notre Dame (Cape Girardeau),2,Hermann,0,False,False
2026-08-29,Poplar Bluff,1,Hillsboro,1,False,False
2026-08-29,Ste. Genevieve,2,Hillsboro,1,False,False
2026-08-29,Veritas Christian Academy,0,Hillsboro,2,False,False
2026-08-29,John Burroughs,1,Holt,2,False,False
2026-08-29,Visitation Academy,0,Holt,2,False,False
2026-08-29,Villa Duchesne,0,Holt,2,False,False
2026-08-29,McCluer North,0,Jennings,2,False,False
2026-08-29,Notre Dame (St. Louis),0,John Burroughs,2,False,False
2026-08-29,Lebanon,2,Kearney,0,False,False
2026-08-29,Republic,2,Kearney,0,False,False
2026-08-29,Summit Christian Academy,0,Kearney,2,False,False
2026-08-29,Liberty,0,Kickapoo,2,False,False
2026-08-29,Liberty North,2,Kickapoo,0,False,False
2026-08-29,Christian Fellowship Sr.,0,Kirksville,2,False,False
2026-08-29,Hallsville,2,Kirksville,0,False,False
2026-08-29,Montgomery County,2,Kirksville,0,False,False
2026-08-29,Tipton,2,Kirksville,0,False,False
2026-08-29,Blue Eye,2,Koshkonong,0,False,False
2026-08-29,Gainesville,2,Koshkonong,0,False,False
2026-08-29,Niangua,0,Koshkonong,2,False,False
2026-08-29,Couch,2,Koshkonong,0,False,False
2026-08-29,Benton,2,Lafayette County,0,False,False
2026-08-29,North Platte,0,Lathrop,2,False,False
2026-08-29,Penney,0,Lathrop,2,False,False
2026-08-29,Plattsburg,2,Lathrop,0,False,False
2026-08-29,Lathrop,0,Lawson,2,False,False
2026-08-29,North Platte,0,Lawson,2,False,False
2026-08-29,Mid-Buchanan,2,Lawson,0,False,False
2026-08-29,Springfield Catholic,1,Lebanon,1,False,False
2026-08-29,Mt. Vernon,1,Lebanon,1,False,False
2026-08-29,Nixa,2,Liberty,0,False,False
2026-08-29,Nixa,2,Liberty North,1,False,False
2026-08-29,Gateway Science Charter,2,Lift for Life Academy Charter,1,False,False
2026-08-29,STEAM Academy,2,Lift for Life Academy Charter,0,False,False
2026-08-29,Tipton,0,Linn,2,False,False
2026-08-29,Father Tolton,0,Linn,2,False,False
2026-08-29,Montgomery County,0,Linn,2,False,False
2026-08-29,Blue Eye,2,Lutie,0,False,False
2026-08-29,Seymour,2,Lutie,0,False,False
2026-08-29,Winona,2,Marionville,0,False,False
2026-08-29,Miller,2,Marionville,0,False,False
2026-08-29,Sarcoxie,2,Marionville,0,False,False
2026-08-29,Capital City,0,Marshfield,3,False,False
2026-08-29,Hannibal,2,Maryville,0,False,False
2026-08-29,St. Joseph Christian,2,Maysville,0,False,False
2026-08-29,West Nodaway with Nodaway-Holt,2,Maysville,0,False,False
2026-08-29,South Holt with Craig,2,Maysville,0,False,False
2026-08-29,University City,2,McCluer,0,False,False
2026-08-29,Neosho,2,McDonald County,0,False,False
2026-08-29,Rock Bridge,1,MICDS,2,False,False
2026-08-29,Penney,0,Mid-Buchanan,2,False,False
2026-08-29,Plattsburg,0,Mid-Buchanan,2,False,False
2026-08-29,West Platte,0,Mid-Buchanan,2,False,False
2026-08-29,Winona,2,Miller,0,False,False
2026-08-29,Sarcoxie,0,Monett,2,False,False
2026-08-29,Miller,2,Monett,1,False,False
2026-08-29,New Heights Christian,0,Monett,2,False,False
2026-08-29,Pierce City,1,Monett,1,False,False
2026-08-29,Christian Fellowship Sr.,0,Montgomery County,2,False,False
2026-08-29,Tarkio with Fairfax,0,Mound City,2,False,False
2026-08-29,St. Joseph Christian,0,Mound City,2,False,False
2026-08-29,Helias Catholic,2,Mt. Vernon,0,False,False
2026-08-29,Springfield Catholic,0,Mt. Vernon,2,False,False
2026-08-29,Licking,2,North County,1,False,False
2026-08-29,Poplar Bluff,0,Northwest (Cedar Hill),2,False,False
2026-08-29,Ste. Genevieve,2,Northwest (Cedar Hill),0,False,False
2026-08-29,Veritas Christian Academy,0,Northwest (Cedar Hill),2,False,False
2026-08-29,Villa Duchesne,0,Notre Dame (St. Louis),2,False,False
2026-08-29,Visitation Academy,1,Notre Dame (St. Louis),2,False,False
2026-08-29,Bishop LeBlond,1,Oak Grove,2,False,False
2026-08-29,Notre Dame de Sion,0,Oak Grove,2,False,False
2026-08-29,John Burroughs,1,Oakville,1,False,False
2026-08-29,Notre Dame (St. Louis),0,Oakville,2,False,False
2026-08-29,Holt,0,Oakville,2,False,False
2026-08-29,Rockwood Summit,1,Oakville,1,False,False
2026-08-29,Windsor (Imperial),1,Orchard Farm,1,False,False
2026-08-29,Lutheran South,0,Orchard Farm,2,False,False
2026-08-29,Pacific,2,Orchard Farm,1,False,False
2026-08-29,Stockton,1,Osceola,1,False,False
2026-08-29,Pleasant Hope,0,Osceola,2,False,False
2026-08-29,North County,0,Owensville,2,False,False
2026-08-29,Licking,0,Owensville,2,False,False
2026-08-29,Notre Dame (Cape Girardeau),1,Pacific,1,False,False
2026-08-29,Windsor (Imperial),1,Pacific,2,False,False
2026-08-29,Branson,2,Parkview,0,False,False
2026-08-29,Summit Christian Academy,2,Parkview,0,False,False
2026-08-29,Rolla,2,Parkview,0,False,False
2026-08-29,Holt,0,Parkway Central,2,False,False
2026-08-29,Orchard Farm,1,Parkway West,2,False,False
2026-08-29,Pacific,1,Parkway West,1,False,False
2026-08-29,West Platte,2,Penney,0,False,False
2026-08-29,Sarcoxie,2,Pierce City,0,False,False
2026-08-29,New Heights Christian,1,Pierce City,1,False,False
2026-08-29,Laquey,0,Plato,2,False,False
2026-08-29,West Platte,2,Plattsburg,0,False,False
2026-08-29,Stockton,2,Pleasant Hope,0,False,False
2026-08-29,Veritas Christian Academy,0,Poplar Bluff,2,False,False
2026-08-29,Central (Cape Girardeau),2,Poplar Bluff,1,False,False
2026-08-29,Seckman,0,Raymore-Peculiar,2,False,False
2026-08-29,Lebanon,1,Reeds Spring,1,False,False
2026-08-29,Springfield Catholic,2,Reeds Spring,0,False,False
2026-08-29,Mt. Vernon,1,Reeds Spring,1,False,False
2026-08-29,Rolla,2,Reeds Spring,1,False,False
2026-08-29,Helias Catholic,2,Republic,0,False,False
2026-08-29,STEAM Academy,2,Ritenour,0,False,False
2026-08-29,Gateway Science Charter,0,Ritenour,2,False,False
2026-08-29,Lift for Life Academy Charter,0,Ritenour,2,False,False
2026-08-29,North Point,1,Rock Bridge,2,False,False
2026-08-29,Saxony Lutheran,2,Rock Port,0,False,False
2026-08-29,John Burroughs,0,Rockwood Summit,2,False,False
2026-08-29,Notre Dame (St. Louis),0,Rockwood Summit,2,False,False
2026-08-29,Branson,2,Rolla,0,False,False
2026-08-29,Lebanon,2,Rolla,0,False,False
2026-08-29,New Heights Christian,1,Sarcoxie,1,False,False
2026-08-29,St. Pius X (Kansas City),2,Savannah,0,False,False
2026-08-29,St. Pius X (Kansas City),2,Seckman,0,False,False
2026-08-29,Winona,2,Seneca,0,False,False
2026-08-29,Miller,2,Seneca,0,False,False
2026-08-29,Marionville,2,Seneca,0,False,False
2026-08-29,Crane,2,Seneca,0,False,False
2026-08-29,West Nodaway with Nodaway-Holt,2,South Holt with Craig,0,False,False
2026-08-29,St. Joseph Christian,2,South Holt with Craig,0,False,False
2026-08-29,Tarkio with Fairfax,1,South Holt with Craig,2,False,False
2026-08-29,Nerinx Hall,2,St. Charles West,1,False,False
2026-08-29,Bourbon,2,St. James,0,False,False
2026-08-29,Plato,,St. James,0,False,False
2026-08-29,Warrenton,1,Ste. Genevieve,1,False,False
2026-08-29,Helias Catholic,1,Strafford,1,False,False
2026-08-29,Summit Christian Academy,1,Strafford,1,False,False
2026-08-29,Liberty (Mountain View),0,Sullivan,2,False,False
2026-08-29,Benton,0,Sullivan,2,False,False
2026-08-29,Father Tolton,2,Tipton,0,False,False
2026-08-29,MICDS,2,Webster Groves,0,False,False
2026-08-29,North Point,2,Webster Groves,0,False,False
2026-08-29,St. Joseph Christian,2,West Nodaway with Nodaway-Holt,0,False,False
2026-08-29,Warrenton,,Central (Cape Girardeau),,False,False
2026-08-29,St. Pius X (Festus),,Duchesne,,False,False
2026-08-29,Lutheran North,,Ladue Horton Watkins,,False,False
2026-08-29,St. Pius X (Festus),,St. Joseph's Academy,,False,False
2026-08-31,Crystal City,3,Bayless,0,False,False
2026-08-31,Meadow Heights,1,Bell City,3,False,False
2026-08-31,East Newton,0,Billings,3,False,False
2026-08-31,Duchesne,3,Bowling Green,0,False,False
2026-08-31,Verona,3,Bronaugh,0,False,False
2026-08-31,Calvary Lutheran,3,Bunceton,0,False,False
2026-08-31,Marshfield,3,Cabool,0,False,False
2026-08-31,Webb City,1,Carl Junction,3,False,False
2026-08-31,Lexington,1,Carrollton,3,False,False
2026-08-31,Caruthersville,0,Central (New Madrid County),3,False,False
2026-08-31,Miller,3,Central (Springfield),1,False,False
2026-08-31,Tipton,3,Centralia,1,False,False
2026-08-31,Gloria Deo Academy,1,Chadwick,2,False,False
2026-08-31,Puxico,3,Clarkton,0,False,False
2026-08-31,Logan-Rogersville,1,Clever,3,False,False
2026-08-31,Viburnum,0,Cuba,3,False,False
2026-08-31,Saxony Lutheran,3,Dexter,1,False,False
2026-08-31,Eugene,3,Dixon,1,False,False
2026-08-31,Oakville,1,Eureka,3,False,False
2026-08-31,New Covenant Academy,3,Fordland,0,False,False
2026-08-31,Bismarck,3,Fredericktown,2,False,False
2026-08-31,Parkway Central,3,Ft. Zumwalt South,0,False,False
2026-08-31,Vashon,0,Gateway Science Charter,3,False,False
2026-08-31,Santa Fe,3,Green Ridge,0,False,False
2026-08-31,Perryville,3,Greenville,0,False,False
2026-08-31,St. Charles West,3,Hazelwood West,0,False,False
2026-08-31,Seckman,0,Hillsboro,3,False,False
2026-08-31,Bakersfield,0,Houston,3,False,False
2026-08-31,Visitation Academy,0,Incarnate Word Academy,3,False,False
2026-08-31,Thomas Jefferson Independent Day,3,Jasper,1,False,False
2026-08-31,Hermann,0,Jefferson City,3,False,False
2026-08-31,Jefferson (Festus),3,Kingston,0,False,False
2026-08-31,Zalma,0,Leopold,3,False,False
2026-08-31,Leeton with Chilhowee,0,Lincoln,3,False,False
2026-08-31,Senath-Hornersville,0,Malden,3,False,False
2026-08-31,Lutheran St. Charles,1,Marquette,3,False,False
2026-08-31,Sacred Heart,3,Marshall,0,False,False
2026-08-31,Parkview,3,McAuley Catholic,0,False,False
2026-08-31,New Heights Christian,3,McDonald County,0,False,False
2026-08-31,Miller Career Academy,0,Metro,3,False,False
2026-08-31,Crane,0,Monett,3,False,False
2026-08-31,Liberal,3,Neosho,0,False,False
2026-08-31,Liberty (Wentzville),0,North Point,3,False,False
2026-08-31,Woodland,3,Oak Ridge,0,False,False
2026-08-31,Lindbergh,2,Pacific,3,False,False
2026-08-31,Notre Dame (St. Louis),3,Parkway North,0,False,False
2026-08-31,STEAM Academy,0,Pattonville,3,False,False
2026-08-31,Union,2,Rolla,3,False,False
2026-08-31,North Callaway,3,Russellville,1,False,False
2026-08-31,Butler,3,Skyline,0,False,False
2026-08-31,Crest Ridge,3,Smithton,0,False,False
2026-08-31,North Platte,3,South Harrison,0,False,False
2026-08-31,Twin Rivers,1,South Pemiscot,3,False,False
2026-08-31,Kirksville,0,Southern Boone,3,False,False
2026-08-31,St. Francis Borgia,0,St. Dominic,3,False,False
2026-08-31,Plattsburg,2,St. Joseph Christian,3,False,False
2026-08-31,Lafayette (Wildwood),3,St. Joseph's Academy,0,False,False
2026-08-31,Cole Camp,3,St. Paul Lutheran (Concordia),1,False,False
2026-08-31,Battle,3,Troy Buchanan,1,False,False
2026-08-31,DeSoto,0,Valle Catholic,3,False,False
2026-08-31,California,3,Versailles,1,False,False
2026-08-31,Ft. Zumwalt East,0,Warrenton,3,False,False
2026-08-31,Odessa,3,Wellington-Napoleon,0,False,False
2026-08-31,Wright City,0,Winfield,3,False,False
2026-08-31,West Plains,,Collegiate School of Med-Bio Science,,False,False
2026-08-31,Rosati-Kain,,Lutheran North,,False,False
2026-08-31,Believe Acad Charter,,Maplewood-Richmond Hts.,,False,False
2026-08-31,Francis Howell Central,,Parkway West,,False,False
2026-09-01,Paseo Academy,3,Academie Lafayette,0,False,False
2026-09-01,Gateway with Soldan International Studies,0,Affton,3,False,False
2026-09-01,Crest Ridge,3,Appleton City with Montrose,0,False,False
2026-09-01,Sherwood,0,Archie,3,False,False
2026-09-01,Dora,0,Ava,3,False,False
2026-09-01,Eldon,0,Battle,3,False,False
2026-09-01,Maplewood-Richmond Hts.,1,Bayless,1,False,False
2026-09-01,Valley Park,0,Bayless,2,False,False
2026-09-01,Hancock,0,Bayless,2,False,False
2026-09-01,Leopold,3,Bell City,2,False,False
2026-09-01,Grain Valley,2,Belton,3,False,False
2026-09-01,Maryville,3,Benton,2,False,False
2026-09-01,Lawson,1,Bishop LeBlond,3,False,False
2026-09-01,Ellington,3,Bismarck,0,False,False
2026-09-01,Clearwater,1,Bloomfield,3,False,False
2026-09-01,Purdy,0,Blue Eye,3,False,False
2026-09-01,Blue Springs South,3,Blue Springs,2,False,False
2026-09-01,Strafford,2,Bolivar,1,False,False
2026-09-01,Monett,1,Bolivar,2,False,False
2026-09-01,Chadwick,3,Bradleyville,0,False,False
2026-09-01,Republic,3,Branson,1,False,False
2026-09-01,Principia,1,Brentwood,1,False,False
2026-09-01,Grandview (Hillsboro),0,Brentwood,2,False,False
2026-09-01,Crossroads College Preparatory,0,Brentwood,2,False,False
2026-09-01,Aurora,2,Buffalo,3,False,False
2026-09-01,Bakersfield,0,Cabool,3,False,False
2026-09-01,Lebanon,3,Camdenton,1,False,False
2026-09-01,Kennett,2,Campbell,3,False,False
2026-09-01,Carthage,3,Carl Junction,1,False,False
2026-09-01,Santa Fe,3,Carrollton,0,False,False
2026-09-01,Winnetonka,0,Center,3,False,False
2026-09-01,Wright City,3,Chamois,0,False,False
2026-09-01,La Monte,3,Christian Fellowship Sr.,0,False,False
2026-09-01,Webb City,3,Clever,0,False,False
2026-09-01,Holden,0,Cole Camp,3,False,False
2026-09-01,Otterville,3,Columbia Independent,1,False,False
2026-09-01,Clarkton,3,Cooter,1,False,False
2026-09-01,Eminence,3,Couch,0,False,False
2026-09-01,Principia,2,Crossroads College Preparatory,0,False,False
2026-09-01,New Haven,0,Cuba,3,False,False
2026-09-01,Arcadia Valley,1,Dexter,3,False,False
2026-09-01,East Prairie,2,Doniphan,3,False,False
2026-09-01,Hume,0,Drexel,3,False,False
2026-09-01,Sarcoxie,1,East Newton,3,False,False
2026-09-01,Clinton,3,El Dorado Springs,0,False,False
2026-09-01,Skyline,2,Fair Grove,3,False,False
2026-09-01,California,2,Father Tolton,3,False,False
2026-09-01,Helias Catholic,3,Fatima,0,False,False
2026-09-01,Central (Park Hills),0,Festus,3,False,False
2026-09-01,Seymour,1,Fordland,3,False,False
2026-09-01,Kearney,1,Fort Osage,3,False,False
2026-09-01,Guadalupe Centers Charter,2,Frontier STEM,0,False,False
2026-09-01,St. Charles West,0,Ft. Zumwalt North,3,False,False
2026-09-01,Ft. Zumwalt South,0,Ft. Zumwalt West,3,False,False
2026-09-01,Centralia,0,Fulton,3,False,False
2026-09-01,Koshkonong,0,Gainesville,3,False,False
2026-09-01,Central (New Madrid County),0,Gideon,3,False,False
2026-09-01,Jasper,3,Golden City,0,False,False
2026-09-01,Raytown South,1,Grandview,3,False,False
2026-09-01,Crossroads College Preparatory,0,Grandview (Hillsboro),2,False,False
2026-09-01,Principia,1,Grandview (Hillsboro),1,False,False
2026-09-01,Galena,0,Greenwood,3,False,False
2026-09-01,Valley Park,1,Hancock,1,False,False
2026-09-01,Troy Buchanan,0,Hannibal,3,False,False
2026-09-01,Butler,3,Harrisonville,2,False,False
2026-09-01,Malden,3,Hayti,0,False,False
2026-09-01,Fredericktown,3,Herculaneum,0,False,False
2026-09-01,Capital City,0,Hickman,3,False,False
2026-09-01,Glendale,3,Hillcrest,0,False,False
2026-09-01,Parkview,0,Hollister,3,False,False
2026-09-01,Marshall,0,Kirksville,3,False,False
2026-09-01,Leeton with Chilhowee,0,Lakeland,2,False,False
2026-09-01,Northeast Vernon County,0,Lakeland,2,False,False
2026-09-01,Chillicothe,3,Lathrop,1,False,False
2026-09-01,Lee's Summit,1,Lee's Summit North,3,False,False
2026-09-01,Raymore-Peculiar,0,Lee's Summit West,3,False,False
2026-09-01,Northeast Vernon County,0,Leeton with Chilhowee,2,False,False
2026-09-01,Valley,1,Lesterville,3,False,False
2026-09-01,Central (St. Joseph),2,Liberty,3,False,False
2026-09-01,Liberty (Mountain View),3,Licking,1,False,False
2026-09-01,Ozark,3,Logan-Rogersville,1,False,False
2026-09-01,Lafayette County,3,Lone Jack,1,False,False
2026-09-01,STEAM Academy,2,Lutheran North,2,False,False
2026-09-01,Nerinx Hall,3,Lutheran South,1,False,False
2026-09-01,John Burroughs,3,Lutheran St. Charles,2,False,False
2026-09-01,Houston,3,Lutie,0,False,False
2026-09-01,Gloria Deo Academy,3,Mansfield,0,False,False
2026-09-01,Hancock,0,Maplewood-Richmond Hts.,2,False,False
2026-09-01,Valley Park,0,Maplewood-Richmond Hts.,2,False,False
2026-09-01,Forsyth,1,Marionville,3,False,False
2026-09-01,Parkway Central,0,Marquette,3,False,False
2026-09-01,Hazelwood West,3,McKinley Classical Leadership,0,False,False
2026-09-01,Eugene,3,Mexico,1,False,False
2026-09-01,Rich Hill,3,Miami (Amoret),0,False,False
2026-09-01,Excelsior Springs,0,Mid-Buchanan,3,False,False
2026-09-01,Spokane,0,Miller,3,False,False
2026-09-01,Strafford,2,Monett,1,False,False
2026-09-01,Hermann,3,Montgomery County,1,False,False
2026-09-01,Conway,0,Mountain Grove,3,False,False
2026-09-01,Cassville,3,Neosho,0,False,False
2026-09-01,Pleasant Hill,3,Nevada,1,False,False
2026-09-01,Lockwood,3,New Heights Christian,0,False,False
2026-09-01,New Bloomfield,0,North Callaway,3,False,False
2026-09-01,West Plains,3,Northeast (Kansas City),0,False,False
2026-09-01,Lutheran (Kansas City),0,Northland Christian,3,False,False
2026-09-01,Prairie Home,0,Northwest (Hughesville),3,False,False
2026-09-01,Farmington,3,Notre Dame (Cape Girardeau),2,False,False
2026-09-01,North Kansas City,3,Oak Park,1,False,False
2026-09-01,Boonville,1,Odessa,3,False,False
2026-09-01,Risco,3,Oran,1,False,False
2026-09-01,Maysville,3,Orrick,1,False,False
2026-09-01,Smith-Cotton,1,Osage,3,False,False
2026-09-01,Linn,3,Owensville,2,False,False
2026-09-01,Park Hill,3,Park Hill South,0,False,False
2026-09-01,South Harrison,3,Penney,0,False,False
2026-09-01,Woodland,1,Perryville,3,False,False
2026-09-01,Billings,3,Pierce City,0,False,False
2026-09-01,Everton,0,Pleasant Hope,3,False,False
2026-09-01,Central (Cape Girardeau),2,Poplar Bluff,3,False,False
2026-09-01,St. Vincent,1,Portageville,3,False,False
2026-09-01,West County,0,Potosi,3,False,False
2026-09-01,Scott City,3,Puxico,2,False,False
2026-09-01,William Chrisman,3,Raytown,0,False,False
2026-09-01,Central (Springfield),1,Reeds Spring,3,False,False
2026-09-01,Van Horn,3,Ruskin,0,False,False
2026-09-01,Bowling Green,0,Russellville,3,False,False
2026-09-01,St. James,0,Salem,3,False,False
2026-09-01,East Buchanan,2,Savannah,3,False,False
2026-09-01,St. Pius X (Festus),1,Saxony Lutheran,3,False,False
2026-09-01,Niangua,0,School of the Ozarks,3,False,False
2026-09-01,Jefferson (Festus),0,Seckman,3,False,False
2026-09-01,McAuley Catholic,1,Seneca,3,False,False
2026-09-01,West Nodaway with Nodaway-Holt,3,South Holt with Craig,2,False,False
2026-09-01,St. Paul Lutheran (Farmington),3,South Iron,0,False,False
2026-09-01,North Pemiscot,3,South Pemiscot,0,False,False
2026-09-01,Bronaugh,0,Southwest (Washburn),3,False,False
2026-09-01,Ash Grove,3,Sparta,0,False,False
2026-09-01,Mt. Vernon,3,Springfield Catholic,0,False,False
2026-09-01,Ft. Zumwalt East,2,St. Charles,3,False,False
2026-09-01,Windsor (Imperial),3,St. Clair,1,False,False
2026-09-01,Francis Howell Central,0,St. Dominic,3,False,False
2026-09-01,Barstow,0,St. Michael the Archangel,3,False,False
2026-09-01,Pembroke Hill,1,St. Pius X (Kansas City),3,False,False
2026-09-01,Liberty North,3,Staley,0,False,False
2026-09-01,Laquey,0,Steelville,3,False,False
2026-09-01,Greenfield,1,Stockton,3,False,False
2026-09-01,Adrian,3,Stover,0,False,False
2026-09-01,Blair Oaks,1,Sullivan,3,False,False
2026-09-01,Bunker,2,Summersville,3,False,False
2026-09-01,Notre Dame de Sion,3,Summit Christian Academy,1,False,False
2026-09-01,Green Ridge,0,Sweet Springs,3,False,False
2026-09-01,North Nodaway,0,Tarkio with Fairfax,3,False,False
2026-09-01,Winona,3,Thayer,0,False,False
2026-09-01,Francis Howell,3,Timberland,1,False,False
2026-09-01,Dixon,0,Tipton,3,False,False
2026-09-01,Brookfield,0,Trenton,3,False,False
2026-09-01,Platte County,3,Truman,0,False,False
2026-09-01,Mound City,3,Union Star with King City,0,False,False
2026-09-01,Crossroads Prep Charter,0,University Academy Charter,3,False,False
2026-09-01,Ritenour,3,University City,0,False,False
2026-09-01,North County,0,Valle Catholic,3,False,False
2026-09-01,Hurley,1,Verona,3,False,False
2026-09-01,Kingston,3,Viburnum,2,False,False
2026-09-01,MICDS,3,Villa Duchesne,0,False,False
2026-09-01,Lincoln,1,Warsaw,3,False,False
2026-09-01,Warrenton,0,Washington,3,False,False
2026-09-01,Lindbergh,3,Webster Groves,2,False,False
2026-09-01,Lexington,3,Wellington-Napoleon,1,False,False
2026-09-01,Willow Springs,0,West Plains,3,False,False
2026-09-01,Sheldon,0,Wheaton,3,False,False
2026-09-01,Marshfield,3,Willard,1,False,False
2026-09-01,Kingsville,3,Windsor,0,False,False
2026-09-01,Hazelwood East,0,Winfield,3,False,False
2026-09-01,Bourbon,,Belle,,False,False
2026-09-01,Ladue Horton Watkins,,Clayton,,False,False
2026-09-01,Twin Rivers,,Kelly,,False,False
2026-09-01,Bishop DuBourg,,KIPP St. Louis Sr.,,False,False
2026-09-01,Parkway West,,Kirkwood,,False,False
2026-09-01,Northwest (Cedar Hill),,Oakville,,False,False
2026-09-01,Fox,,Pacific,,False,False
2026-09-01,Visitation Academy,,Pattonville,,False,False
2026-09-01,Advance,,Richland (Essex),,False,False
2026-09-02,Lincoln,0,Archie,3,False,False
2026-09-02,Grandview (Hillsboro),0,Bayless,2,False,False
2026-09-02,Herculaneum,3,Bishop DuBourg,1,False,False
2026-09-02,Lafayette (Wildwood),3,Cor Jesu Academy,2,False,False
2026-09-02,Cardinal Ritter,0,Crystal City,3,False,False
2026-09-02,Southeast,0,Ewing Marion Kauffman,3,False,False
2026-09-02,Arcadia Valley,0,Farmington,3,False,False
2026-09-02,Poplar Bluff,3,Fox,1,False,False
2026-09-02,Parkway West,3,Francis Howell North,2,False,False
2026-09-02,Hancock,1,Grandview (Hillsboro),2,False,False
2026-09-02,Valley Park,0,Grandview (Hillsboro),2,False,False
2026-09-02,Principia,2,Hancock,0,False,False
2026-09-02,Crossroads College Preparatory,0,Hancock,2,False,False
2026-09-02,Rolla,0,Helias Catholic,3,False,False
2026-09-02,Scott City,3,Kennett,0,False,False
2026-09-02,Midway,3,Kingsville,1,False,False
2026-09-02,Northeast (Kansas City),0,KIPP KC Legacy,3,False,False
2026-09-02,Bunceton,0,La Monte,3,False,False
2026-09-02,Windsor,3,Leeton with Chilhowee,0,False,False
2026-09-02,University Academy Charter,0,Lincoln College Prep,3,False,False
2026-09-02,Eldon,1,Linn,3,False,False
2026-09-02,Parkway North,1,Lutheran St. Charles,3,False,False
2026-09-02,Appleton City with Montrose,3,Miami (Amoret),0,False,False
2026-09-02,McKinley Classical Leadership,3,Miller Career Academy,0,False,False
2026-09-02,Fatima,3,New Haven,2,False,False
2026-09-02,Lee's Summit North,3,North Kansas City,0,False,False
2026-09-02,Holt,1,North Point,3,False,False
2026-09-02,Excelsior Springs,0,Oak Grove,3,False,False
2026-09-02,Penney,0,Orrick,3,False,False
2026-09-02,Washington,3,Owensville,2,False,False
2026-09-02,Hillsboro,1,Potosi,3,False,False
2026-09-02,Tipton,3,Prairie Home,0,False,False
2026-09-02,Notre Dame (St. Louis),3,Ritenour,0,False,False
2026-09-02,Warsaw,3,Skyline,0,False,False
2026-09-02,Sweet Springs,3,Smithton,2,False,False
2026-09-02,St. Clair,0,St. Francis Borgia,3,False,False
2026-09-02,Ste. Genevieve,3,St. Paul Lutheran (Farmington),0,False,False
2026-09-02,West Plains,0,Vashon,3,False,False
2026-09-02,St. Michael the Archangel,3,Warrensburg,0,False,False
2026-09-02,MICDS,3,Whitfield,0,False,False
2026-09-02,Oakville,,Eureka,,False,False
2026-09-02,Richland (Essex),,Kelly,,False,False
2026-09-02,Kirksville,,Mexico,,False,False
2026-09-02,Parkway South,,Rockwood Summit,,False,False
2026-09-02,Kirkwood,,Ursuline Academy,,False,False
2026-09-02,Truman,,Van Horn,,False,False
2026-09-02,Clayton,,Westminster Christian Academy,,False,False
2026-09-03,Clinton,2,Adrian,3,False,False
2026-09-03,Skyline,3,Appleton City with Montrose,0,False,False
2026-09-03,Lesterville,3,Arcadia Valley,2,False,False
2026-09-03,Clever,3,Aurora,0,False,False
2026-09-03,Sparta,0,Ava,3,False,False
2026-09-03,Koshkonong,0,Bakersfield,3,False,False
2026-09-03,Holden,0,Barstow,3,False,False
2026-09-03,Brentwood,1,Bayless,2,False,False
2026-09-03,Maplewood-Richmond Hts.,2,Bayless,0,False,False
2026-09-03,Bloomfield,2,Bernie,3,False,False
2026-09-03,Exeter,0,Blue Eye,3,False,False
2026-09-03,Park Hill South,1,Blue Springs,2,False,False
2026-09-03,Staley,1,Blue Springs South,3,False,False
2026-09-03,Battle,2,Bolivar,0,False,False
2026-09-03,Capital City,2,Bolivar,1,False,False
2026-09-03,California,3,Boonville,1,False,False
2026-09-03,Kingston,3,Bourbon,2,False,False
2026-09-03,School of the Ozarks,3,Bradleyville,0,False,False
2026-09-03,Helias Catholic,2,Branson,0,False,False
2026-09-03,Principia,2,Brentwood,1,False,False
2026-09-03,Viburnum,0,Bunker,3,False,False
2026-09-03,Dixon,0,Calvary Lutheran,3,False,False
2026-09-03,Marshfield,2,Camdenton,0,False,False
2026-09-03,Branson,2,Camdenton,0,False,False
2026-09-03,Logan-Rogersville,2,Camdenton,0,False,False
2026-09-03,Risco,0,Campbell,3,False,False
2026-09-03,Hickman,2,Carl Junction,1,False,False
2026-09-03,Battle,2,Carl Junction,0,False,False
2026-09-03,Penney,0,Carrollton,3,False,False
2026-09-03,Cooter,3,Caruthersville,0,False,False
2026-09-03,Crossroads Prep Charter,3,Central (Kansas City),1,False,False
2026-09-03,Valle Catholic,3,Central (Park Hills),0,False,False
2026-09-03,Lebanon,3,Central (Springfield),0,False,False
2026-09-03,Trenton,1,Chillicothe,3,False,False
2026-09-03,Father Tolton,3,Christian Fellowship Sr.,0,False,False
2026-09-03,Chamois,0,Columbia Independent,3,False,False
2026-09-03,Smithton,1,Concordia,3,False,False
2026-09-03,Vashon,3,Confluence Prep Academy Charter with Grand Center Arts Charter,1,False,False
2026-09-03,Incarnate Word Academy,1,Cor Jesu Academy,3,False,False
2026-09-03,Sacred Heart,2,Crest Ridge,3,False,False
2026-09-03,Bismarck,3,Crystal City,1,False,False
2026-09-03,St. Clair,3,Cuba,2,False,False
2026-09-03,Holcomb,3,Delta (Deering),1,False,False
2026-09-03,North County,3,DeSoto,1,False,False
2026-09-03,Pleasant Hope,1,Diamond,3,False,False
2026-09-03,Twin Rivers,2,Doniphan,3,False,False
2026-09-03,Gainesville,3,Dora,0,False,False
2026-09-03,Guadalupe Centers Charter,3,East (Kansas City),0,False,False
2026-09-03,Maryville,3,East Buchanan,1,False,False
2026-09-03,Pierce City,0,East Newton,3,False,False
2026-09-03,Oran,0,East Prairie,3,False,False
2026-09-03,Buffalo,2,El Dorado Springs,3,False,False
2026-09-03,Centralia,1,Eldon,3,False,False
2026-09-03,Cabool,3,Eminence,0,False,False
2026-09-03,Stover,3,Eugene,0,False,False
2026-09-03,St. Francis Borgia,0,Eureka,3,False,False
2026-09-03,Gloria Deo Academy,0,Everton,3,False,False
2026-09-03,Battle,2,Fair Grove,0,False,False
2026-09-03,Festus,1,Farmington,3,False,False
2026-09-03,Crane,2,Fordland,3,False,False
2026-09-03,Mountain Grove,3,Forsyth,0,False,False
2026-09-03,Truman,0,Fort Osage,3,False,False
2026-09-03,Troy Buchanan,2,Francis Howell Central,3,False,False
2026-09-03,Francis Howell,0,Ft. Zumwalt West,3,False,False
2026-09-03,Hollister,3,Galena,0,False,False
2026-09-03,Verona,1,Golden City,3,False,False
2026-09-03,Blue Springs,2,Grain Valley,0,False,False
2026-09-03,Park Hill South,2,Grain Valley,0,False,False
2026-09-03,Smithville,3,Grandview,0,False,False
2026-09-03,Ash Grove,3,Greenfield,0,False,False
2026-09-03,Oak Ridge,3,Greenville,0,False,False
2026-09-03,Central (New Madrid County),3,Hayti,0,False,False
2026-09-03,West County,3,Herculaneum,1,False,False
2026-09-03,Hillcrest,0,Hickman,2,False,False
2026-09-03,Fair Grove,0,Hickman,2,False,False
2026-09-03,Capital City,2,Hillcrest,0,False,False
2026-09-03,Smith-Cotton,2,Hillcrest,0,False,False
2026-09-03,St. Charles,0,Holt,3,False,False
2026-09-03,Dexter,0,Jackson,3,False,False
2026-09-03,McAuley Catholic,0,Jasper,3,False,False
2026-09-03,Ste. Genevieve,3,Jefferson (Festus),0,False,False
2026-09-03,Marshfield,0,Jefferson City,2,False,False
2026-09-03,West Plains,2,Jefferson City,0,False,False
2026-09-03,Branson,2,Jefferson City,1,False,False
2026-09-03,Lutheran South,0,John Burroughs,3,False,False
2026-09-03,Charleston,0,Kennett,3,False,False
2026-09-03,Russellville,3,La Monte,1,False,False
2026-09-03,Affton,0,Ladue Horton Watkins,3,False,False
2026-09-03,St. Paul Lutheran (Concordia),0,Lafayette County,3,False,False
2026-09-03,Ballard,1,Lakeland,3,False,False
2026-09-03,Stockton,0,Lamar,3,False,False
2026-09-03,Cameron,2,Lawson,3,False,False
2026-09-03,Sweet Springs,3,Lexington,2,False,False
2026-09-03,Francis Howell North,3,Liberty (Wentzville),0,False,False
2026-09-03,Lee's Summit West,3,Liberty North,0,False,False
2026-09-03,Oakville,2,Lindbergh,3,False,False
2026-09-03,Billings,0,Lockwood,3,False,False
2026-09-03,Rock Bridge,2,Logan-Rogersville,0,False,False
2026-09-03,Helias Catholic,2,Logan-Rogersville,0,False,False
2026-09-03,Archie,2,Lone Jack,3,False,False
2026-09-03,Seymour,3,Lutie,0,False,False
2026-09-03,Principia,0,Maplewood-Richmond Hts.,2,False,False
2026-09-03,Greenwood,3,Marion C. Early,0,False,False
2026-09-03,Southwest (Washburn),0,Marionville,3,False,False
2026-09-03,St. Pius X (Festus),0,Marquette,3,False,False
2026-09-03,Fulton,2,Marshall,3,False,False
2026-09-03,Rock Bridge,,Marshfield,0,False,False
2026-09-03,Gateway with Soldan International Studies,3,McCluer North,1,False,False
2026-09-03,Hume,3,Miami (Amoret),1,False,False
2026-09-03,Maysville,0,Mid-Buchanan,3,False,False
2026-09-03,Butler,3,Midway,1,False,False
2026-09-03,Rock Port,3,Mound City,2,False,False
2026-09-03,Joplin,0,Nevada,3,False,False
2026-09-03,Belle,1,New Haven,3,False,False
2026-09-03,Montgomery County,0,North Callaway,3,False,False
2026-09-03,South Holt with Craig,3,North Nodaway,1,False,False
2026-09-03,West Nodaway with Nodaway-Holt,3,North Platte,0,False,False
2026-09-03,Ft. Zumwalt East,0,North Point,3,False,False
2026-09-03,West Platte,2,Northland Christian,3,False,False
2026-09-03,Seckman,3,Northwest (Cedar Hill),0,False,False
2026-09-03,Santa Fe,3,Northwest (Hughesville),0,False,False
2026-09-03,Potosi,3,Notre Dame (Cape Girardeau),0,False,False
2026-09-03,Central (St. Joseph),3,Oak Park,2,False,False
2026-09-03,Knob Noster,0,Odessa,3,False,False
2026-09-03,Winfield,0,Orchard Farm,3,False,False
2026-09-03,Blair Oaks,3,Osage,1,False,False
2026-09-03,Green Ridge,0,Osceola,3,False,False
2026-09-03,Kingsville,0,Otterville,3,False,False
2026-09-03,Liberty,1,Park Hill,3,False,False
2026-09-03,Monett,3,Parkview,0,False,False
2026-09-03,STEAM Academy,0,Parkway North,3,False,False
2026-09-03,St. Teresa's Academy,3,Pembroke Hill,0,False,False
2026-09-03,Conway,3,Plato,1,False,False
2026-09-03,St. Michael the Archangel,3,Pleasant Hill,0,False,False
2026-09-03,Scott City,3,Portageville,1,False,False
2026-09-03,Bunceton,0,Prairie Home,3,False,False
2026-09-03,New Heights Christian,3,Purdy,0,False,False
2026-09-03,Ruskin,0,Raytown South,3,False,False
2026-09-03,Ritenour,3,Rosati-Kain,0,False,False
2026-09-03,Sullivan,3,Salem,0,False,False
2026-09-03,Cassville,1,Sarcoxie,3,False,False
2026-09-03,Southland,0,Senath-Hornersville,3,False,False
2026-09-03,Northeast Vernon County,0,Sheldon,3,False,False
2026-09-03,Drexel,3,Sherwood,0,False,False
2026-09-03,Bolivar,1,Smith-Cotton,2,False,False
2026-09-03,Fredericktown,3,South Iron,0,False,False
2026-09-03,Malden,3,South Pemiscot,0,False,False
2026-09-03,Warrenton,3,St. Charles West,1,False,False
2026-09-03,Rolla,3,St. James,0,False,False
2026-09-03,Savannah,3,St. Joseph Christian,0,False,False
2026-09-03,Valley,0,St. Paul Lutheran (Farmington),3,False,False
2026-09-03,Summersville,3,Thayer,1,False,False
2026-09-03,Versailles,3,Tipton,0,False,False
2026-09-03,Tarkio with Fairfax,3,Union Star with King City,1,False,False
2026-09-03,Lutheran North,3,University City,0,False,False
2026-09-03,Notre Dame (St. Louis),3,Visitation Academy,1,False,False
2026-09-03,Notre Dame de Sion,3,Warrensburg,0,False,False
2026-09-03,Ft. Zumwalt South,1,Washington,3,False,False
2026-09-03,Mt. Vernon,0,Webb City,,False,False
2026-09-03,Plattsburg,1,Wellington-Napoleon,3,False,False
2026-09-03,Rock Bridge,1,West Plains,2,False,False
2026-09-03,Helias Catholic,2,West Plains,0,False,False
2026-09-03,Lutheran St. Charles,1,Westminster Christian Academy,3,False,False
2026-09-03,New Covenant Academy,3,Willard,0,False,False
2026-09-03,Belton,3,William Chrisman,0,False,False
2026-09-03,Reeds Spring,2,Willow Springs,3,False,False
2026-09-03,Union,3,Windsor (Imperial),2,False,False
2026-09-03,Bowling Green,0,Wright City,3,False,False
2026-09-03,Capital City,,Carl Junction,,False,False
2026-09-03,Richland (Essex),,Clarkton,,False,False
2026-09-03,KIPP St. Louis Sr.,,Confluence Prep Academy Charter with Grand Center Arts Charter,,False,False
2026-09-03,Wheaton,,Hurley,,False,False
2026-09-03,Winnetonka,,Kearney,,False,False
2026-09-03,Mansfield,,Laquey,,False,False
2026-09-03,Zalma,,Meadow Heights,,False,False
2026-09-03,Webster Groves,,Nerinx Hall,,False,False
2026-09-03,Raytown,,Platte County,,False,False
2026-09-03,Lee's Summit,,Raymore-Peculiar,,False,False
2026-09-03,Lathrop,,Richmond,,False,False
2026-09-03,Pattonville,,Rockwood Summit,,False,False
2026-09-03,New Bloomfield,,Southern Boone,,False,False
2026-09-03,Hillsboro,,St. Vincent,,False,False
2026-09-03,Ft. Zumwalt North,,Timberland,,False,False
2026-09-03,St. Joseph's Academy,,Ursuline Academy,,False,False
2026-09-03,St. Dominic,,Villa Duchesne,,False,False
2026-09-03,Capital City,,West Plains,,False,False
2026-09-04,Woodland,3,Bell City,1,False,False
2026-09-04,Advance,3,Bernie,0,False,False
2026-09-04,McKinley Classical Leadership,0,Bishop DuBourg,3,False,False
2026-09-04,Portageville,1,Campbell,3,False,False
2026-09-04,Belle,3,Chamois,0,False,False
2026-09-04,MICDS,3,Clayton,0,False,False
2026-09-04,West County,3,Clearwater,0,False,False
2026-09-04,Blue Eye,3,Crane,0,False,False
2026-09-04,Winona,3,Ellington,0,False,False
2026-09-04,Bakersfield,0,Eminence,3,False,False
2026-09-04,Bradleyville,0,Gainesville,3,False,False
2026-09-04,Veritas Christian Academy,1,Grandview (Hillsboro),3,False,False
2026-09-04,Kickapoo,1,Helias Catholic,2,False,False
2026-09-04,Nixa,1,Helias Catholic,2,False,False
2026-09-04,Kickapoo,2,Jefferson City,0,False,False
2026-09-04,Nixa,2,Jefferson City,0,False,False
2026-09-04,Perryville,3,Leopold,1,False,False
2026-09-04,Oak Ridge,3,Meadow Heights,0,False,False
2026-09-04,Ladue Horton Watkins,0,Parkway South,3,False,False
2026-09-04,Seymour,0,Plato,3,False,False
2026-09-04,Hurley,1,Purdy,3,False,False
2026-09-04,Cooter,1,Risco,3,False,False
2026-09-04,Metro,3,Rosati-Kain,0,False,False
2026-09-04,Clarkton,2,Senath-Hornersville,3,False,False
2026-09-04,Dixon,3,Steelville,0,False,False
2026-09-04,Cabool,3,Summersville,0,False,False
2026-09-04,Bunker,2,Valley,3,False,False
2026-09-04,Bourbon,1,Viburnum,3,False,False
2026-09-04,North Pemiscot,,Bloomfield,,False,False
2026-09-04,Niangua,,Everton,,False,False
2026-09-04,Chadwick,,Fordland,,False,False
2026-09-04,Vashon,,KIPP St. Louis Sr.,,False,False
2026-09-04,Believe Acad Charter,,McCluer North,,False,False
2026-09-04,Kelly,,Puxico,,False,False
2026-09-05,William Chrisman,0,Center,2,False,False
2026-09-05,Neosho,0,Clinton,2,False,False
2026-09-05,Lamar,0,Clinton,2,False,False
2026-09-05,Joplin,0,Clinton,2,False,False
2026-09-05,Lone Jack,0,Clinton,2,False,False
2026-09-05,Harrisonville,0,Clinton,2,False,False
2026-09-05,Nevada,2,Clinton,1,False,False
2026-09-05,Galena,0,Everton,2,False,False
2026-09-05,Gloria Deo Academy,0,Everton,2,False,False
2026-09-05,McAuley Catholic,0,Everton,2,False,False
2026-09-05,Verona,1,Everton,1,False,False
2026-09-05,Southwest (Washburn),0,Exeter,2,False,False
2026-09-05,Gloria Deo Academy,2,Exeter,0,False,False
2026-09-05,McAuley Catholic,2,Exeter,0,False,False
2026-09-05,Verona,0,Galena,2,False,False
2026-09-05,McAuley Catholic,0,Galena,2,False,False
2026-09-05,Northeast Vernon County,0,Galena,2,False,False
2026-09-05,Southwest (Washburn),2,Golden City,0,False,False
2026-09-05,Exeter,1,Golden City,1,False,False
2026-09-05,Gloria Deo Academy,2,Golden City,0,False,False
2026-09-05,Nevada,1,Harrisonville,1,False,False
2026-09-05,Knob Noster,0,Harrisonville,2,False,False
2026-09-05,McDonald County,0,Harrisonville,2,False,False
2026-09-05,Lutheran South,2,Hermann,0,False,False
2026-09-05,St. Francis Borgia,2,Holt,0,False,False
2026-09-05,Washington,1,Holt,2,False,False
2026-09-05,Lamar,1,Joplin,1,False,False
2026-09-05,Nevada,2,Joplin,0,False,False
2026-09-05,Lone Jack,0,Joplin,2,False,False
2026-09-05,Neosho,0,Joplin,2,False,False
2026-09-05,Nevada,2,Knob Noster,0,False,False
2026-09-05,McDonald County,1,Knob Noster,1,False,False
2026-09-05,Lone Jack,2,Knob Noster,1,False,False
2026-09-05,Lone Jack,2,Lamar,0,False,False
2026-09-05,Neosho,0,Lamar,2,False,False
2026-09-05,Southwest (Washburn),0,Lockwood,2,False,False
2026-09-05,Exeter,0,Lockwood,2,False,False
2026-09-05,Golden City,0,Lockwood,2,False,False
2026-09-05,Gloria Deo Academy,0,Lockwood,2,False,False
2026-09-05,Galena,0,Lockwood,2,False,False
2026-09-05,Everton,0,Lockwood,2,False,False
2026-09-05,Nevada,2,McDonald County,0,False,False
2026-09-05,Neosho,2,McDonald County,0,False,False
2026-09-05,McAuley Catholic,2,Northeast Vernon County,0,False,False
2026-09-05,Verona,2,Northeast Vernon County,0,False,False
2026-09-05,St. Clair,2,Oakville,0,False,False
2026-09-05,Lutheran South,0,Orchard Farm,2,False,False
2026-09-05,Staley,0,Park Hill,2,False,False
2026-09-05,Staley,2,Park Hill South,0,False,False
2026-09-05,Van Horn,0,Raytown,2,False,False
2026-09-05,William Chrisman,1,Raytown South,1,False,False
2026-09-05,Ewing Marion Kauffman,0,Raytown South,2,False,False
2026-09-05,Van Horn,1,Raytown South,1,False,False
2026-09-05,Grandview,2,Raytown South,0,False,False
2026-09-05,Gloria Deo Academy,1,Southwest (Washburn),1,False,False
2026-09-05,Verona,2,Southwest (Washburn),1,False,False
2026-09-05,Liberty (Wentzville),0,St. Francis Borgia,2,False,False
2026-09-05,Washington,1,Timberland,1,False,False
2026-09-05,St. Francis Borgia,2,Timberland,0,False,False
2026-09-05,St. Francis Borgia,1,Union,1,False,False
2026-09-05,Holt,2,Union,0,False,False
2026-09-05,Liberty (Wentzville),1,Union,1,False,False
2026-09-05,Lutheran South,2,Union,1,False,False
2026-09-05,William Chrisman,2,Van Horn,0,False,False
2026-09-05,Ewing Marion Kauffman,0,Van Horn,2,False,False
2026-09-05,McAuley Catholic,1,Verona,1,False,False
2026-09-05,Lutheran South,1,Washington,1,False,False
2026-09-05,Ewing Marion Kauffman,0,William Chrisman,2,False,False
2026-09-05,University Academy Charter,,Center,,False,False
2026-09-05,Grandview,,Center,,False,False
2026-09-05,Raytown,,Center,,False,False
2026-09-05,University Academy Charter,,Grandview,,False,False
2026-09-05,University Academy Charter,,Raytown,,False,False
2026-09-05,Grandview,,Raytown,,False,False
2026-09-05,Farmington,,Webb City,,False,False
2026-09-06,William Chrisman,0,Center,2,False,False
2026-09-06,Neosho,0,Clinton,2,False,False
2026-09-06,Lamar,0,Clinton,2,False,False
2026-09-06,Joplin,0,Clinton,2,False,False
2026-09-06,Lone Jack,0,Clinton,2,False,False
2026-09-06,Harrisonville,0,Clinton,2,False,False
2026-09-06,Nevada,2,Clinton,1,False,False
2026-09-06,Galena,0,Everton,2,False,False
2026-09-06,Gloria Deo Academy,0,Everton,2,False,False
2026-09-06,McAuley Catholic,0,Everton,2,False,False
2026-09-06,Verona,1,Everton,1,False,False
2026-09-06,Southwest (Washburn),0,Exeter,2,False,False
2026-09-06,Gloria Deo Academy,2,Exeter,0,False,False
2026-09-06,McAuley Catholic,2,Exeter,0,False,False
2026-09-06,Verona,0,Galena,2,False,False
2026-09-06,McAuley Catholic,0,Galena,2,False,False
2026-09-06,Northeast Vernon County,0,Galena,2,False,False
2026-09-06,Southwest (Washburn),2,Golden City,0,False,False
2026-09-06,Exeter,1,Golden City,1,False,False
2026-09-06,Gloria Deo Academy,2,Golden City,0,False,False
2026-09-06,Nevada,1,Harrisonville,1,False,False
2026-09-06,Knob Noster,0,Harrisonville,2,False,False
2026-09-06,McDonald County,0,Harrisonville,2,False,False
2026-09-06,Lutheran South,2,Hermann,0,False,False
2026-09-06,St. Francis Borgia,2,Holt,0,False,False
2026-09-06,Washington,1,Holt,2,False,False
2026-09-06,Lamar,1,Joplin,1,False,False
2026-09-06,Nevada,2,Joplin,0,False,False
2026-09-06,Lone Jack,0,Joplin,2,False,False
2026-09-06,Neosho,0,Joplin,2,False,False
2026-09-06,Nevada,2,Knob Noster,0,False,False
2026-09-06,McDonald County,1,Knob Noster,1,False,False
2026-09-06,Lone Jack,2,Knob Noster,1,False,False
2026-09-06,Lone Jack,2,Lamar,0,False,False
2026-09-06,Neosho,0,Lamar,2,False,False
2026-09-06,Southwest (Washburn),0,Lockwood,2,False,False
2026-09-06,Exeter,0,Lockwood,2,False,False
2026-09-06,Golden City,0,Lockwood,2,False,False
2026-09-06,Gloria Deo Academy,0,Lockwood,2,False,False
2026-09-06,Galena,0,Lockwood,2,False,False
2026-09-06,Everton,0,Lockwood,2,False,False
2026-09-06,Nevada,2,McDonald County,0,False,False
2026-09-06,Neosho,2,McDonald County,0,False,False
2026-09-06,McAuley Catholic,2,Northeast Vernon County,0,False,False
2026-09-06,Verona,2,Northeast Vernon County,0,False,False
2026-09-06,St. Clair,2,Oakville,0,False,False
2026-09-06,Lutheran South,0,Orchard Farm,2,False,False
2026-09-06,Staley,0,Park Hill,2,False,False
2026-09-06,Staley,2,Park Hill South,0,False,False
2026-09-06,Van Horn,0,Raytown,2,False,False
2026-09-06,William Chrisman,1,Raytown South,1,False,False
2026-09-06,Ewing Marion Kauffman,0,Raytown South,2,False,False
2026-09-06,Van Horn,1,Raytown South,1,False,False
2026-09-06,Grandview,2,Raytown South,0,False,False
2026-09-06,Gloria Deo Academy,1,Southwest (Washburn),1,False,False
2026-09-06,Verona,2,Southwest (Washburn),1,False,False
2026-09-06,Liberty (Wentzville),0,St. Francis Borgia,2,False,False
2026-09-06,Washington,1,Timberland,1,False,False
2026-09-06,St. Francis Borgia,2,Timberland,0,False,False
2026-09-06,St. Francis Borgia,1,Union,1,False,False
2026-09-06,Holt,2,Union,0,False,False
2026-09-06,Liberty (Wentzville),1,Union,1,False,False
2026-09-06,Lutheran South,2,Union,1,False,False
2026-09-06,William Chrisman,2,Van Horn,0,False,False
2026-09-06,Ewing Marion Kauffman,0,Van Horn,2,False,False
2026-09-06,McAuley Catholic,1,Verona,1,False,False
2026-09-06,Lutheran South,1,Washington,1,False,False
2026-09-06,Ewing Marion Kauffman,0,William Chrisman,2,False,False
2026-09-06,University Academy Charter,,Center,,False,False
2026-09-06,Grandview,,Center,,False,False
2026-09-06,Raytown,,Center,,False,False
2026-09-06,University Academy Charter,,Grandview,,False,False
2026-09-06,University Academy Charter,,Raytown,,False,False
2026-09-06,Grandview,,Raytown,,False,False
2026-09-06,Farmington,,Webb City,,False,False
2026-09-07,Marshall,3,Brookfield,0,False,False
2026-09-07,Seneca,0,Crane,3,False,False
2026-09-07,Holcomb,3,Hayti,0,False,False
2026-09-07,Spokane,2,Hollister,3,False,False
2026-09-07,Clinton,3,Knob Noster,0,False,False
2026-09-07,Diamond,0,Lamar,3,False,False
2026-09-07,Aurora,2,Marshfield,3,False,False
2026-09-07,New Heights Christian,3,McAuley Catholic,0,False,False
2026-09-07,Warsaw,3,Osceola,1,False,False
2026-09-07,Laquey,0,Plato,3,False,False
2026-09-07,Central (Springfield),0,Republic,3,False,False
2026-09-07,Jasper,3,Rich Hill,1,False,False
2026-09-07,Concordia,3,Sacred Heart,0,False,False
2026-09-07,Trenton,,Cameron,,False,False
2026-09-07,Monett,,Neosho,,False,False
2026-09-07,East Prairie,,North Pemiscot,,False,False
2026-09-08,Barstow,3,Archie,2,False,False
2026-09-08,Forsyth,3,Aurora,2,False,False
2026-09-08,Drexel,3,Ballard,1,False,False
2026-09-08,Crossroads College Preparatory,0,Bayless,3,False,False
2026-09-08,Fort Osage,1,Belton,3,False,False
2026-09-08,Conway,1,Billings,3,False,False
2026-09-08,Liberty North,3,Blue Springs South,1,False,False
2026-09-08,Cuba,3,Bourbon,0,False,False
2026-09-08,Montgomery County,3,Bowling Green,2,False,False
2026-09-08,Lee's Summit North,3,Central (St. Joseph),0,False,False
2026-09-08,Otterville,3,Chamois,0,False,False
2026-09-08,Gideon,3,Clarkton,0,False,False
2026-09-08,Versailles,0,Clinton,3,False,False
2026-09-08,Bishop DuBourg,2,Collegiate School of Med-Bio Science,3,False,False
2026-09-08,La Monte,1,Columbia Independent,3,False,False
2026-09-08,McKinley Classical Leadership,3,Confluence Prep Academy Charter with Grand Center Arts Charter,1,False,False
2026-09-08,Central (Cape Girardeau),0,Dexter,3,False,False
2026-09-08,Eugene,0,Eldon,3,False,False
2026-09-08,Linn,2,Fatima,3,False,False
2026-09-08,North Point,3,Francis Howell,1,False,False
2026-09-08,Troy Buchanan,3,Ft. Zumwalt North,2,False,False
2026-09-08,Seymour,0,Gainesville,3,False,False
2026-09-08,St. Paul Lutheran (Farmington),3,Greenville,2,False,False
2026-09-08,Ste. Genevieve,3,Herculaneum,0,False,False
2026-09-08,Willard,2,Hillcrest,0,False,False
2026-09-08,Oak Grove,3,Holden,0,False,False
2026-09-08,Ava,1,Hollister,3,False,False
2026-09-08,Summersville,2,Houston,3,False,False
2026-09-08,Poplar Bluff,0,Jackson,3,False,False
2026-09-08,McCluer,2,Jennings,3,False,False
2026-09-08,MICDS,3,Ladue Horton Watkins,0,False,False
2026-09-08,Blue Springs,0,Lee's Summit,3,False,False
2026-09-08,Appleton City with Montrose,3,Leeton with Chilhowee,0,False,False
2026-09-08,Mehlville,3,Lindbergh,0,False,False
2026-09-08,Buffalo,0,Logan-Rogersville,3,False,False
2026-09-08,Kirkwood,3,Marquette,0,False,False
2026-09-08,Warrensburg,3,Marshall,0,False,False
2026-09-08,Bishop LeBlond,2,Maryville,3,False,False
2026-09-08,Affton,3,Metro,0,False,False
2026-09-08,Hallsville,3,Mexico,0,False,False
2026-09-08,Galena,0,New Covenant Academy,3,False,False
2026-09-08,Pierce City,3,New Heights Christian,2,False,False
2026-09-08,Ursuline Academy,3,Notre Dame (St. Louis),0,False,False
2026-09-08,Cristo Rey,0,Paseo Academy,3,False,False
2026-09-08,Wellington-Napoleon,3,Penney,0,False,False
2026-09-08,Leopold,2,Perryville,3,False,False
2026-09-08,Cabool,3,Plato,0,False,False
2026-09-08,Hayti,0,Portageville,3,False,False
2026-09-08,Van Horn,1,Raytown South,3,False,False
2026-09-08,Eureka,3,Rockwood Summit,0,False,False
2026-09-08,Kearney,3,Ruskin,0,False,False
2026-09-08,Eminence,2,Salem,3,False,False
2026-09-08,Blue Eye,3,School of the Ozarks,0,False,False
2026-09-08,Fredericktown,3,Scott City,0,False,False
2026-09-08,Tipton,0,Skyline,3,False,False
2026-09-08,Winnetonka,0,Smithville,3,False,False
2026-09-08,KIPP KC Legacy,3,Southeast,0,False,False
2026-09-08,South Pemiscot,3,Southland,0,False,False
2026-09-08,New Haven,0,St. Francis Borgia,3,False,False
2026-09-08,Summit Christian Academy,3,St. Paul Lutheran (Concordia),0,False,False
2026-09-08,Raymore-Peculiar,2,Staley,3,False,False
2026-09-08,Osceola,3,Stockton,0,False,False
2026-09-08,Waynesville,0,Sullivan,3,False,False
2026-09-08,Washington,3,Union,1,False,False
2026-09-08,McCluer North,0,University City,3,False,False
2026-09-08,Festus,3,Valle Catholic,1,False,False
2026-09-08,St. Charles West,3,Veritas Christian Academy,0,False,False
2026-09-08,Southwest (Washburn),0,Verona,3,False,False
2026-09-08,Tarkio with Fairfax,0,West Nodaway with Nodaway-Holt,3,False,False
2026-09-08,Crest Ridge,,Adrian,,False,False
2026-09-08,Potosi,,Arcadia Valley,,False,False
2026-09-08,Pleasant Hope,,Ash Grove,,False,False
2026-09-08,Zalma,,Bell City,,False,False
2026-09-08,Excelsior Springs,,Benton,,False,False
2026-09-08,Hermann,,Blair Oaks,,False,False
2026-09-08,Parkview,,Bolivar,,False,False
2026-09-08,Hume,,Bronaugh,,False,False
2026-09-08,Lincoln,,Bunceton,,False,False
2026-09-08,Couch,,Bunker,,False,False
2026-09-08,Miami (Amoret),,Butler,,False,False
2026-09-08,West Plains,,Camdenton,,False,False
2026-09-08,Bernie,,Campbell,,False,False
2026-09-08,Miller Career Academy,,Cardinal Ritter,,False,False
2026-09-08,Lincoln College Prep,,Center,,False,False
2026-09-08,Joplin,,Central (Springfield),,False,False
2026-09-08,Boonville,,Centralia,,False,False
2026-09-08,Oak Ridge,,Charleston,,False,False
2026-09-08,Parkway Central,,Clayton,,False,False
2026-09-08,Meadow Heights,,Clearwater,,False,False
2026-09-08,Cassville,,Clever,,False,False
2026-09-08,Russellville,,Cole Camp,,False,False
2026-09-08,Delta (Deering),,Cooter,,False,False
2026-09-08,Chadwick,,Crane,,False,False
2026-09-08,Central (Park Hills),,DeSoto,,False,False
2026-09-08,Maysville,,East Buchanan,,False,False
2026-09-08,Diamond,,East Newton,,False,False
2026-09-08,Neosho,,El Dorado Springs,,False,False
2026-09-08,Lesterville,,Ellington,,False,False
2026-09-08,Northland Christian,,Faith Christian Academy,,False,False
2026-09-08,Osage,,Father Tolton,,False,False
2026-09-08,Oakville,,Fox,,False,False
2026-09-08,North Callaway,,Fulton,,False,False
2026-09-08,Truman,,Grain Valley,,False,False
2026-09-08,Ewing Marion Kauffman,,Grandview,,False,False
2026-09-08,Christian Fellowship Sr.,,Green Ridge,,False,False
2026-09-08,Everton,,Greenfield,,False,False
2026-09-08,Crossroads Prep Charter,,Guadalupe Centers Charter,,False,False
2026-09-08,Hazelwood East,,Hazelwood Central,,False,False
2026-09-08,Farmington,,Hillsboro,,False,False
2026-09-08,Senath-Hornersville,,Holcomb,,False,False
2026-09-08,Ft. Zumwalt South,,Holt,,False,False
2026-09-08,Bradleyville,,Hurley,,False,False
2026-09-08,Seneca,,Jasper,,False,False
2026-09-08,Windsor (Imperial),,Jefferson (Festus),,False,False
2026-09-08,Webster Groves,,Jefferson (Festus),,False,False
2026-09-08,Lutheran North,,John Burroughs,,False,False
2026-09-08,Doniphan,,Kennett,,False,False
2026-09-08,Dora,,Koshkonong,,False,False
2026-09-08,Cameron,,Lathrop,,False,False
2026-09-08,Lone Jack,,Lexington,,False,False
2026-09-08,Park Hill South,,Liberty,,False,False
2026-09-08,Strafford,,Liberty (Mountain View),,False,False
2026-09-08,Willow Springs,,Licking,,False,False
2026-09-08,West Plains,,Lift for Life Academy Charter,,False,False
2026-09-08,Central (New Madrid County),,Malden,,False,False
2026-09-08,Greenwood,,Mansfield,,False,False
2026-09-08,Gloria Deo Academy,,Marion C. Early,,False,False
2026-09-08,Northeast Vernon County,,McAuley Catholic,,False,False
2026-09-08,Sarcoxie,,Miller,,False,False
2026-09-08,Rolla,,Mountain Grove,,False,False
2026-09-08,Carl Junction,,Mt. Vernon,,False,False
2026-09-08,Villa Duchesne,,Nerinx Hall,,False,False
2026-09-08,Calvary Lutheran,,New Bloomfield,,False,False
2026-09-08,Raytown,,North Kansas City,,False,False
2026-09-08,East Prairie,,North Pemiscot,,False,False
2026-09-08,University Academy Charter,,North Platte,,False,False
2026-09-08,Lafayette County,,Odessa,,False,False
2026-09-08,Advance,,Oran,,False,False
2026-09-08,Liberty (Wentzville),,Orchard Farm,,False,False
2026-09-08,Carrollton,,Orrick,,False,False
2026-09-08,Belle,,Owensville,,False,False
2026-09-08,Oak Park,,Park Hill,,False,False
2026-09-08,Parkway South,,Parkway West,,False,False
2026-09-08,Pleasant Hill,,Pembroke Hill,,False,False
2026-09-08,Maplewood-Richmond Hts.,,Principia,,False,False
2026-09-08,Golden City,,Rich Hill,,False,False
2026-09-08,Bloomfield,,Richland (Essex),,False,False
2026-09-08,Union Star with King City,,Rock Port,,False,False
2026-09-08,Lawson,,Santa Fe,,False,False
2026-09-08,Stover,,Santa Fe,,False,False
2026-09-08,St. Vincent,,Saxony Lutheran,,False,False
2026-09-08,Lakeland,,Sheldon,,False,False
2026-09-08,Notre Dame (Cape Girardeau),,Sikeston,,False,False
2026-09-08,California,,Smith-Cotton,,False,False
2026-09-08,St. Joseph Christian,,South Harrison,,False,False
2026-09-08,Mound City,,South Holt with Craig,,False,False
2026-09-08,Sparta,,Spokane,,False,False
2026-09-08,Branson,,Springfield Catholic,,False,False
2026-09-08,Whitfield,,St. Charles,,False,False
2026-09-08,St. Joseph's Academy,,St. Dominic,,False,False
2026-09-08,Lee's Summit West,,St. Michael the Archangel,,False,False
2026-09-08,Northwest (Hughesville),,Sweet Springs,,False,False
2026-09-08,Bakersfield,,Thayer,,False,False
2026-09-08,Exeter,,Thomas Jefferson Independent Day,,False,False
2026-09-08,Ft. Zumwalt West,,Timberland,,False,False
2026-09-08,Plattsburg,,Trenton,,False,False
2026-09-08,Risco,,Twin Rivers,,False,False
2026-09-08,Crystal City,,Valley,,False,False
2026-09-08,Brentwood,,Valley Park,,False,False
2026-09-08,St. James,,Viburnum,,False,False
2026-09-08,South Iron,,West County,,False,False
2026-09-08,Francis Howell Central,,Westminster Christian Academy,,False,False
2026-09-08,Platte County,,William Chrisman,,False,False
2026-09-08,Sherwood,,Windsor,,False,False
2026-09-08,Webster Groves,,Windsor (Imperial),,False,False
2026-09-08,Ft. Zumwalt East,,Winfield,,False,False
2026-09-08,Puxico,,Woodland,,False,False
2026-09-09,East (Kansas City),,Academie Lafayette,,False,False
2026-09-09,Villa Duchesne,,Affton,,False,False
2026-09-09,Ballard,,Archie,,False,False
2026-09-09,Portageville,,Bernie,,False,False
2026-09-09,Southern Boone,,Camdenton,,False,False
2026-09-09,Hazelwood West,,Cardinal Ritter,,False,False
2026-09-09,Southeast,,Center,,False,False
2026-09-09,Central (Cape Girardeau),,Central (New Madrid County),,False,False
2026-09-09,Brookfield,,Chillicothe,,False,False
2026-09-09,Miller,,Clever,,False,False
2026-09-09,Concordia,,Cole Camp,,False,False
2026-09-09,Rosati-Kain,,Collegiate School of Med-Bio Science,,False,False
2026-09-09,Prairie Home,,Columbia Independent,,False,False
2026-09-09,Francis Howell North,,Duchesne,,False,False
2026-09-09,Oakville,,Festus,,False,False
2026-09-09,Vashon,,Gateway with Soldan International Studies,,False,False
2026-09-09,Miller Career Academy,,Gateway Science Charter,,False,False
2026-09-09,Bismarck,,Grandview (Hillsboro),,False,False
2026-09-09,Maplewood-Richmond Hts.,,Hancock,,False,False
2026-09-09,Holt,,Hannibal,,False,False
2026-09-09,Excelsior Springs,,Harrisonville,,False,False
2026-09-09,Parkway North,,Hazelwood East,,False,False
2026-09-09,Hickman,,Jefferson City,,False,False
2026-09-09,Meadow Heights,,Kelly,,False,False
2026-09-09,Lincoln,,Lakeland,,False,False
2026-09-09,Believe Acad Charter,,Lift for Life Academy Charter,,False,False
2026-09-09,Raytown South,,Lincoln College Prep,,False,False
2026-09-09,West Plains,,McKinley Classical Leadership,,False,False
2026-09-09,Mexico,,North Callaway,,False,False
2026-09-09,Scott City,,Notre Dame (Cape Girardeau),,False,False
2026-09-09,Savannah,,Oak Grove,,False,False
2026-09-09,St. Paul Lutheran (Farmington),,Oak Ridge,,False,False
2026-09-09,Northeast (Kansas City),,Paseo Academy,,False,False
2026-09-09,Lexington,,Penney,,False,False
2026-09-09,Hillsboro,,Potosi,,False,False
2026-09-09,Dexter,,Richland (Essex),,False,False
2026-09-09,Northwest (Cedar Hill),,Ritenour,,False,False
2026-09-09,Sweet Springs,,Sacred Heart,,False,False
2026-09-09,Windsor (Imperial),,Seckman,,False,False
2026-09-09,Saxony Lutheran,,Sikeston,,False,False
2026-09-09,Leeton with Chilhowee,,Smithton,,False,False
2026-09-09,East Buchanan,,South Harrison,,False,False
2026-09-09,Jackson,,St. Pius X (Festus),,False,False
2026-09-09,Mehlville,,STEAM Academy,,False,False
2026-09-09,Potosi,,Steelville,,False,False
2026-09-09,Jennings,,Valley Park,,False,False
2026-09-09,Sullivan,,Warrenton,,False,False
2026-09-09,Pacific,,Washington,,False,False
2026-09-09,Lutheran South,,Whitfield,,False,False
2026-09-10,Clayton,,Affton,,False,False
2026-09-10,El Dorado Springs,,Appleton City with Montrose,,False,False
2026-09-10,Parkview,,Aurora,,False,False
2026-09-10,Forsyth,,Ava,,False,False
2026-09-10,Ladue Horton Watkins,,Bayless,,False,False
2026-09-10,Cuba,,Belle,,False,False
2026-09-10,Bell City,,Bernie,,False,False
2026-09-10,Lift for Life Academy Charter,,Bishop DuBourg,,False,False
2026-09-10,Boonville,,Blair Oaks,,False,False
2026-09-10,Liberty North,,Blue Springs,,False,False
2026-09-10,Veritas Christian Academy,,Bowling Green,,False,False
2026-09-10,New Covenant Academy,,Branson,,False,False
2026-09-10,Golden City,,Bronaugh,,False,False
2026-09-10,Skyline,,Buffalo,,False,False
2026-09-10,Arcadia Valley,,Bunker,,False,False
2026-09-10,Winona,,Cabool,,False,False
2026-09-10,Eldon,,California,,False,False
2026-09-10,Benton,,Cameron,,False,False
2026-09-10,Nevada,,Carl Junction,,False,False
2026-09-10,Trenton,,Carrollton,,False,False
2026-09-10,Glendale,,Carthage,,False,False
2026-09-10,Campbell,,Caruthersville,,False,False
2026-09-10,Hillcrest,,Cassville,,False,False
2026-09-10,Van Horn,,Center,,False,False
2026-09-10,Ewing Marion Kauffman,,Central (Kansas City),,False,False
2026-09-10,Herculaneum,,Central (Park Hills),,False,False
2026-09-10,Smithville,,Central (St. Joseph),,False,False
2026-09-10,Father Tolton,,Centralia,,False,False
2026-09-10,Chamois,,Christian Fellowship Sr.,,False,False
2026-09-10,Smith-Cotton,,Clinton,,False,False
2026-09-10,Rosati-Kain,,Confluence Prep Academy Charter with Grand Center Arts Charter,,False,False
2026-09-10,East Prairie,,Cooter,,False,False
2026-09-10,Visitation Academy,,Cor Jesu Academy,,False,False
2026-09-10,Wheaton,,Crane,,False,False
2026-09-10,Green Ridge,,Crest Ridge,,False,False
2026-09-10,Northeast (Kansas City),,Crossroads Prep Charter,,False,False
2026-09-10,Fredericktown,,DeSoto,,False,False
2026-09-10,Bradleyville,,Dora,,False,False
2026-09-10,Lone Jack,,Drexel,,False,False
2026-09-10,Fulton,,Eugene,,False,False
2026-09-10,Billings,,Everton,,False,False
2026-09-10,Chillicothe,,Excelsior Springs,,False,False
2026-09-10,Marshfield,,Fair Grove,,False,False
2026-09-10,Hermann,,Fatima,,False,False
2026-09-10,Ash Grove,,Fordland,,False,False
2026-09-10,William Chrisman,,Fort Osage,,False,False
2026-09-10,Liberty (Wentzville),,Francis Howell,,False,False
2026-09-10,Francis Howell Central,,Francis Howell North,,False,False
2026-09-10,Cristo Rey,,Frontier STEM,,False,False
2026-09-10,Ft. Zumwalt North,,Ft. Zumwalt South,,False,False
2026-09-10,Principia,,Gateway Science Charter,,False,False
2026-09-10,Holcomb,,Gideon,,False,False
2026-09-10,KIPP KC Legacy,,Guadalupe Centers Charter,,False,False
2026-09-10,Battle,,Hallsville,,False,False
2026-09-10,Gateway with Soldan International Studies,,Hancock,,False,False
2026-09-10,Holden,,Harrisonville,,False,False
2026-09-10,Southland,,Hayti,,False,False
2026-09-10,University City,,Hazelwood East,,False,False
2026-09-10,Hickman,,Helias Catholic,,False,False
2026-09-10,Warrenton,,Holt,,False,False
2026-09-10,Valle Catholic,,Jefferson (Festus),,False,False
2026-09-10,Hazelwood Central,,Jennings,,False,False
2026-09-10,Westminster Christian Academy,,John Burroughs,,False,False
2026-09-10,Lebanon,,Joplin,,False,False
2026-09-10,Grandview,,Kearney,,False,False
2026-09-10,Malden,,Kennett,,False,False
2026-09-10,Parkway Central,,Kirkwood,,False,False
2026-09-10,Warsaw,,Knob Noster,,False,False
2026-09-10,Mansfield,,Koshkonong,,False,False
2026-09-10,Lindbergh,,Lafayette (Wildwood),,False,False
2026-09-10,Santa Fe,,Lafayette County,,False,False
2026-09-10,East Buchanan,,Lathrop,,False,False
2026-09-10,West Platte,,Lawson,,False,False
2026-09-10,Lee's Summit West,,Lee's Summit,,False,False
2026-09-10,Park Hill,,Lee's Summit North,,False,False
2026-09-10,Lamar,,Liberal,,False,False
2026-09-10,Eminence,,Liberty (Mountain View),,False,False
2026-09-10,Houston,,Licking,,False,False
2026-09-10,Jasper,,Lockwood,,False,False
2026-09-10,MICDS,,Lutheran North,,False,False
2026-09-10,South Holt with Craig,,Maysville,,False,False
2026-09-10,STEAM Academy,,McCluer North,,False,False
2026-09-10,Webster Groves,,Mehlville,,False,False
2026-09-10,Marshall,,Mexico,,False,False
2026-09-10,Penney,,Mid-Buchanan,,False,False
2026-09-10,Hollister,,Mountain Grove,,False,False
2026-09-10,Clever,,Mt. Vernon,,False,False
2026-09-10,Kickapoo,,Neosho,,False,False
2026-09-10,Montgomery County,,New Haven,,False,False
2026-09-10,Conway,,Niangua,,False,False
2026-09-10,Kingston,,North County,,False,False
2026-09-10,Union Star with King City,,North Nodaway,,False,False
2026-09-10,Clarkton,,North Pemiscot,,False,False
2026-09-10,Concordia,,Northwest (Hughesville),,False,False
2026-09-10,Savannah,,Oak Grove,,False,False
2026-09-10,Liberty,,Oak Park,,False,False
2026-09-10,Versailles,,Osage,,False,False
2026-09-10,Butler,,Osceola,,False,False
2026-09-10,New Bloomfield,,Otterville,,False,False
2026-09-10,Salem,,Owensville,,False,False
2026-09-10,North Kansas City,,Park Hill South,,False,False
2026-09-10,Hazelwood West,,Parkway South,,False,False
2026-09-10,Eureka,,Parkway West,,False,False
2026-09-10,Parkway North,,Pattonville,,False,False
2026-09-10,Southwest (Washburn),,Pierce City,,False,False
2026-09-10,Grain Valley,,Platte County,,False,False
2026-09-10,North Platte,,Plattsburg,,False,False
2026-09-10,Notre Dame de Sion,,Pleasant Hill,,False,False
2026-09-10,Chadwick,,Pleasant Hope,,False,False
2026-09-10,Charleston,,Portageville,,False,False
2026-09-10,Bismarck,,Potosi,,False,False
2026-09-10,La Monte,,Prairie Home,,False,False
2026-09-10,Richland (Essex),,Puxico,,False,False
2026-09-10,Blue Springs South,,Raymore-Peculiar,,False,False
2026-09-10,Belton,,Raytown,,False,False
2026-09-10,Blue Eye,,Reeds Spring,,False,False
2026-09-10,Waynesville,,Republic,,False,False
2026-09-10,Orrick,,Richmond,,False,False
2026-09-10,Delta (Deering),,Risco,,False,False
2026-09-10,Tarkio with Fairfax,,Rock Port,,False,False
2026-09-10,Capital City,,Rolla,,False,False
2026-09-10,Stover,,Russellville,,False,False
2026-09-10,Tipton,,Sacred Heart,,False,False
2026-09-10,New Heights Christian,,Sarcoxie,,False,False
2026-09-10,Rockwood Summit,,Seckman,,False,False
2026-09-10,Diamond,,Seneca,,False,False
2026-09-10,Gloria Deo Academy,,Seymour,,False,False
2026-09-10,Adrian,,Sherwood,,False,False
2026-09-10,Calvary Lutheran,,Smithton,,False,False
2026-09-10,Staley,,Smithville,,False,False
2026-09-10,Senath-Hornersville,,South Pemiscot,,False,False
2026-09-10,Linn,,Southern Boone,,False,False
2026-09-10,Gainesville,,Sparta,,False,False
2026-09-10,Marionville,,Spokane,,False,False
2026-09-10,Monett,,Springfield Catholic,,False,False
2026-09-10,Orchard Farm,,St. Charles West,,False,False
2026-09-10,Notre Dame (St. Louis),,St. Dominic,,False,False
2026-09-10,Lutheran St. Charles,,St. Francis Borgia,,False,False
2026-09-10,Bourbon,,St. James,,False,False
2026-09-10,Lexington,,St. Paul Lutheran (Concordia),,False,False
2026-09-10,Odessa,,St. Pius X (Kansas City),,False,False
2026-09-10,Central (St. Joseph),,Staley,,False,False
2026-09-10,Perryville,,Ste. Genevieve,,False,False
2026-09-10,Bolivar,,Stockton,,False,False
2026-09-10,West Plains,,Strafford,,False,False
2026-09-10,Wellington-Napoleon,,Sweet Springs,,False,False
2026-09-10,Doniphan,,Thayer,,False,False
2026-09-10,Northeast Vernon County,,Thomas Jefferson Independent Day,,False,False
2026-09-10,North Point,,Timberland,,False,False
2026-09-10,Ft. Zumwalt West,,Troy Buchanan,,False,False
2026-09-10,Ruskin,,Truman,,False,False
2026-09-10,Incarnate Word Academy,,Ursuline Academy,,False,False
2026-09-10,Purdy,,Verona,,False,False
2026-09-10,Summit Christian Academy,,Warrensburg,,False,False
2026-09-10,Ft. Zumwalt East,,Washington,,False,False
2026-09-10,Nixa,,Webb City,,False,False
2026-09-10,Mound City,,West Nodaway with Nodaway-Holt,,False,False
2026-09-10,Lutheran South,,Whitfield,,False,False
2026-09-10,Ozark,,Willard,,False,False
2026-09-10,Summersville,,Willow Springs,,False,False
2026-09-10,St. Charles,,Winfield,,False,False
2026-09-10,Raytown South,,Winnetonka,,False,False
2026-09-11,Perryville,,Arcadia Valley,,False,False
2026-09-11,Collegiate School of Med-Bio Science,,Bayless,,False,False
2026-09-11,Gideon,,Bell City,,False,False
2026-09-11,Perryville,,Bismarck,,False,False
2026-09-11,New Haven,,Bloomfield,,False,False
2026-09-11,Hurley,,Blue Eye,,False,False
2026-09-11,Kirkwood,,Blue Springs,,False,False
2026-09-11,Francis Howell,,Blue Springs,,False,False
2026-09-11,Incarnate Word Academy,,Blue Springs South,,False,False
2026-09-11,Eureka,,Blue Springs South,,False,False
2026-09-11,Ballard,,Bronaugh,,False,False
2026-09-11,Clarkton,,Central (Cape Girardeau),,False,False
2026-09-11,Niangua,,Chadwick,,False,False
2026-09-11,St. Paul Lutheran (Farmington),,Clearwater,,False,False
2026-09-11,Clarkton,,Crystal City,,False,False
2026-09-11,Meadow Heights,,Crystal City,,False,False
2026-09-11,Sikeston,,Doniphan,,False,False
2026-09-11,Hazelwood West,,East Prairie,,False,False
2026-09-11,St. Paul Lutheran (Farmington),,Eminence,,False,False
2026-09-11,School of the Ozarks,,Everton,,False,False
2026-09-11,Golden City,,Exeter,,False,False
2026-09-11,Kirkwood,,Francis Howell,,False,False
2026-09-11,Westminster Christian Academy,,Francis Howell Central,,False,False
2026-09-11,Jackson,,Francis Howell Central,,False,False
2026-09-11,Fordland,,Gainesville,,False,False
2026-09-11,Greenfield,,Galena,,False,False
2026-09-11,Jefferson (Festus),,Gideon,,False,False
2026-09-11,West County,,Grandview (Hillsboro),,False,False
2026-09-11,Campbell,,Grandview (Hillsboro),,False,False
2026-09-11,Southland,,Hazelwood West,,False,False
2026-09-11,St. Francis Borgia,,Incarnate Word Academy,,False,False
2026-09-11,Westminster Christian Academy,,Jackson,,False,False
2026-09-11,St. Dominic,,Kickapoo,,False,False
2026-09-11,Miller Career Academy,,KIPP St. Louis Sr.,,False,False
2026-09-11,Kingsville,,La Monte,,False,False
2026-09-11,Lee's Summit,,Lafayette (Wildwood),,False,False
2026-09-11,Ozark,,Lafayette (Wildwood),,False,False
2026-09-11,Ozark,,Lee's Summit,,False,False
2026-09-11,Cor Jesu Academy,,Lee's Summit North,,False,False
2026-09-11,Rock Bridge,,Lutheran St. Charles,,False,False
2026-09-11,Purdy,,Marion C. Early,,False,False
2026-09-11,Oakville,,Marquette,,False,False
2026-09-11,Nixa,,Marquette,,False,False
2026-09-11,Sheldon,,Miami (Amoret),,False,False
2026-09-11,Viburnum,,New Haven,,False,False
2026-09-11,Nixa,,Oakville,,False,False
2026-09-11,Calvary Lutheran,,Otterville,,False,False
2026-09-11,Valley,,Owensville,,False,False
2026-09-11,Greenville,,Owensville,,False,False
2026-09-11,Woodland,,Poplar Bluff,,False,False
2026-09-11,Ellington,,Poplar Bluff,,False,False
2026-09-11,Chamois,,Prairie Home,,False,False
2026-09-11,Rock Bridge,,Republic,,False,False
2026-09-11,Lutheran St. Charles,,Republic,,False,False
2026-09-11,Villa Duchesne,,Risco,,False,False
2026-09-11,St. Dominic,,Rockwood Summit,,False,False
2026-09-11,Kennett,,Saxony Lutheran,,False,False
2026-09-11,Risco,,Sikeston,,False,False
2026-09-11,Maplewood-Richmond Hts.,,Valley Park,,False,False
2026-09-11,Veritas Christian Academy,,Visitation Academy,,False,False
2026-09-12,Bakersfield,,Ava,,False,False
2026-09-12,Buffalo,,Bakersfield,,False,False
2026-09-12,Smithville,,Benton,,False,False
2026-09-12,St. Pius X (Kansas City),,Benton,,False,False
2026-09-12,Pembroke Hill,,Benton,,False,False
2026-09-12,Rock Bridge,,Blue Springs,,False,False
2026-09-12,Marquette,,Blue Springs,,False,False
2026-09-12,Jackson,,Blue Springs South,,False,False
2026-09-12,Kirkwood,,Blue Springs South,,False,False
2026-09-12,Kickapoo,,Blue Springs South,,False,False
2026-09-12,Westminster Christian Academy,,Blue Springs South,,False,False
2026-09-12,Lift for Life Academy Charter,,Brentwood,,False,False
2026-09-12,Confluence Prep Academy Charter with Grand Center Arts Charter,,Brentwood,,False,False
2026-09-12,Springfield Catholic,,Camdenton,,False,False
2026-09-12,McKinley Classical Leadership,,Cardinal Ritter,,False,False
2026-09-12,Excelsior Springs,,Carrollton,,False,False
2026-09-12,Springfield Catholic,,Carthage,,False,False
2026-09-12,KIPP KC Legacy,,Center,,False,False
2026-09-12,Barstow,,Central (Kansas City),,False,False
2026-09-12,Saxony Lutheran,,Central (Park Hills),,False,False
2026-09-12,Mountain Grove,,Central (Springfield),,False,False
2026-09-12,Excelsior Springs,,Chillicothe,,False,False
2026-09-12,Meadow Heights,,Clarkton,,False,False
2026-09-12,Sullivan,,DeSoto,,False,False
2026-09-12,Springfield Catholic,,Dixon,,False,False
2026-09-12,Risco,,Doniphan,,False,False
2026-09-12,Lee's Summit North,,Eureka,,False,False
2026-09-12,St. Paul Lutheran (Concordia),,Excelsior Springs,,False,False
2026-09-12,St. Pius X (Festus),,Francis Howell,,False,False
2026-09-12,Republic,,Francis Howell,,False,False
2026-09-12,Lutheran St. Charles,,Francis Howell,,False,False
2026-09-12,Republic,,Francis Howell Central,,False,False
2026-09-12,Lee's Summit,,Francis Howell Central,,False,False
2026-09-12,Republic,,Francis Howell North,,False,False
2026-09-12,Sullivan,,Ft. Zumwalt North,,False,False
2026-09-12,Ozark,,Ft. Zumwalt West,,False,False
2026-09-12,St. Michael the Archangel,,Ft. Zumwalt West,,False,False
2026-09-12,Scott City,,Grandview (Hillsboro),,False,False
2026-09-12,Father Tolton,,Hannibal,,False,False
2026-09-12,Battle,,Hannibal,,False,False
2026-09-12,Notre Dame (St. Louis),,Hazelwood East,,False,False
2026-09-12,Oak Ridge,,Hazelwood West,,False,False
2026-09-12,Seckman,,Hickman,,False,False
2026-09-12,Poplar Bluff,,Hillsboro,,False,False
2026-09-12,Lee's Summit West,,Jackson,,False,False
2026-09-12,St. Dominic,,Jefferson City,,False,False
2026-09-12,St. Francis Borgia,,Jefferson City,,False,False
2026-09-12,McKinley Classical Leadership,,Jennings,,False,False
2026-09-12,Lafayette (Wildwood),,Kickapoo,,False,False
2026-09-12,Lee's Summit West,,Lafayette (Wildwood),,False,False
2026-09-12,Westminster Christian Academy,,Lafayette (Wildwood),,False,False
2026-09-12,Savannah,,Lawson,,False,False
2026-09-12,St. Francis Borgia,,Lee's Summit North,,False,False
2026-09-12,Oakville,,Lee's Summit North,,False,False
2026-09-12,Cor Jesu Academy,,Lee's Summit West,,False,False
2026-09-12,Westminster Christian Academy,,Lee's Summit West,,False,False
2026-09-12,New Haven,,Lesterville,,False,False
2026-09-12,St. Pius X (Festus),,Lutheran St. Charles,,False,False
2026-09-12,St. Paul Lutheran (Farmington),,Malden,,False,False
2026-09-12,Ozark,,Marquette,,False,False
2026-09-12,St. Michael the Archangel,,Marquette,,False,False
2026-09-12,Liberty (Mountain View),,Marshfield,,False,False
2026-09-12,Rolla,,Marshfield,,False,False
2026-09-12,McKinley Classical Leadership,,McCluer North,,False,False
2026-09-12,Whitfield,,Metro,,False,False
2026-09-12,Pacific,,Metro,,False,False
2026-09-12,Winfield,,Metro,,False,False
2026-09-12,Mountain Grove,,Mt. Vernon,,False,False
2026-09-12,St. Francis Borgia,,Nixa,,False,False
2026-09-12,Sullivan,,North County,,False,False
2026-09-12,Bernie,,Owensville,,False,False
2026-09-12,St. Dominic,,Ozark,,False,False
2026-09-12,Whitfield,,Pacific,,False,False
2026-09-12,Webster Groves,,Pattonville,,False,False
2026-09-12,Notre Dame (Cape Girardeau),,Perryville,,False,False
2026-09-12,Barstow,,Raytown South,,False,False
2026-09-12,St. Michael the Archangel,,Rock Bridge,,False,False
2026-09-12,Republic,,Rockwood Summit,,False,False
2026-09-12,KIPP KC Legacy,,Ruskin,,False,False
2026-09-12,Faith Christian Academy,,Sherwood,,False,False
2026-09-12,Northland Christian,,Sherwood,,False,False
2026-09-12,Villa Duchesne,,Sikeston,,False,False
2026-09-12,Pembroke Hill,,Smithville,,False,False
2026-09-12,St. Pius X (Kansas City),,Smithville,,False,False
2026-09-12,Seckman,,St. Clair,,False,False
2026-09-12,Pembroke Hill,,St. Pius X (Kansas City),,False,False
2026-09-12,Springfield Catholic,,Strafford,,False,False
2026-09-12,Sherwood,,Trenton,,False,False
2026-09-12,Gideon,,Twin Rivers,,False,False
2026-09-12,Central (Kansas City),,Van Horn,,False,False
2026-09-12,Mountain Grove,,Willard,,False,False
2026-09-12,Notre Dame (St. Louis),,Windsor (Imperial),,False,False
2026-09-12,Whitfield,,Winfield,,False,False
2026-09-14,Bayless,,Affton,,False,False
2026-09-14,Blair Oaks,,Battle,,False,False
2026-09-14,Advance,,Bell City,,False,False
2026-09-14,Central (St. Joseph),,Benton,,False,False
2026-09-14,Exeter,,Billings,,False,False
2026-09-14,Puxico,,Bloomfield,,False,False
2026-09-14,Verona,,Blue Eye,,False,False
2026-09-14,Sikeston,,Campbell,,False,False
2026-09-14,Brookfield,,Carrollton,,False,False
2026-09-14,Bernie,,Central (Cape Girardeau),,False,False
2026-09-14,Northeast (Kansas City),,Central (Kansas City),,False,False
2026-09-14,Branson,,Central (Springfield),,False,False
2026-09-14,East Buchanan,,Chillicothe,,False,False
2026-09-14,Twin Rivers,,Clarkton,,False,False
2026-09-14,Woodland,,Clearwater,,False,False
2026-09-14,Senath-Hornersville,,Cooter,,False,False
2026-09-14,Jackson,,Cor Jesu Academy,,False,False
2026-09-14,Southeast,,Crossroads Prep Charter,,False,False
2026-09-14,Oak Ridge,,Crystal City,,False,False
2026-09-14,Salem,,Cuba,,False,False
2026-09-14,Charleston,,Delta (Deering),,False,False
2026-09-14,Center,,East (Kansas City),,False,False
2026-09-14,Stockton,,El Dorado Springs,,False,False
2026-09-14,Calvary Lutheran,,Eugene,,False,False
2026-09-14,Paseo Academy,,Ewing Marion Kauffman,,False,False
2026-09-14,Mexico,,Father Tolton,,False,False
2026-09-14,Perryville,,Fredericktown,,False,False
2026-09-14,Couch,,Gainesville,,False,False
2026-09-14,Believe Acad Charter,,Gateway Science Charter,,False,False
2026-09-14,McAuley Catholic,,Golden City,,False,False
2026-09-14,University City,,Hazelwood Central,,False,False
2026-09-14,STEAM Academy,,Hazelwood East,,False,False
2026-09-14,Capital City,,Helias Catholic,,False,False
2026-09-14,Waynesville,,Hillcrest,,False,False
2026-09-14,Cristo Rey,,Hogan Prep Academy Charter,,False,False
2026-09-14,Liberty (Wentzville),,Holt,,False,False
2026-09-14,Ballard,,Hume,,False,False
2026-09-14,Westminster Christian Academy,,Incarnate Word Academy,,False,False
2026-09-14,Smith-Cotton,,Jefferson City,,False,False
2026-09-14,Clayton,,John Burroughs,,False,False
2026-09-14,South Pemiscot,,Kelly,,False,False
2026-09-14,Herculaneum,,Kingston,,False,False
2026-09-14,Warrensburg,,Knob Noster,,False,False
2026-09-14,Crest Ridge,,La Monte,,False,False
2026-09-14,Green Ridge,,Lakeland,,False,False
2026-09-14,Parkview,,Lebanon,,False,False
2026-09-14,Oran,,Leopold,,False,False
2026-09-14,North County,,Lesterville,,False,False
2026-09-14,Concordia,,Lexington,,False,False
2026-09-14,Osceola,,Liberal,,False,False
2026-09-14,St. Paul Lutheran (Concordia),,Lincoln,,False,False
2026-09-14,Seckman,,Lindbergh,,False,False
2026-09-14,Thomas Jefferson Independent Day,,Lockwood,,False,False
2026-09-14,Cole Camp,,Lone Jack,,False,False
2026-09-14,Ladue Horton Watkins,,Lutheran St. Charles,,False,False
2026-09-14,Cabool,,Mansfield,,False,False
2026-09-14,Greenfield,,Marionville,,False,False
2026-09-14,Union Star with King City,,Maysville,,False,False
2026-09-14,McCluer,,McCluer North,,False,False
2026-09-14,Maplewood-Richmond Hts.,,MICDS,,False,False
2026-09-14,Leeton with Chilhowee,,Midway,,False,False
2026-09-14,Miller,,Monett,,False,False
2026-09-14,Mid-Buchanan,,Mound City,,False,False
2026-09-14,Clever,,Neosho,,False,False
2026-09-14,Crane,,New Covenant Academy,,False,False
2026-09-14,Diamond,,New Heights Christian,,False,False
2026-09-14,Centralia,,North Callaway,,False,False
2026-09-14,Everton,,Northeast Vernon County,,False,False
2026-09-14,Mehlville,,Notre Dame (St. Louis),,False,False
2026-09-14,Fulton,,Osage,,False,False
2026-09-14,St. Francis Borgia,,Pacific,,False,False
2026-09-14,Kirkwood,,Parkway South,,False,False
2026-09-14,Ft. Zumwalt North,,Pattonville,,False,False
2026-09-14,Kearney,,Pembroke Hill,,False,False
2026-09-14,Butler,,Pleasant Hill,,False,False
2026-09-14,Sparta,,Pleasant Hope,,False,False
2026-09-14,Malden,,Portageville,,False,False
2026-09-14,Union,,Potosi,,False,False
2026-09-14,Gideon,,Richland (Essex),,False,False
2026-09-14,Holcomb,,Risco,,False,False
2026-09-14,Sullivan,,Rolla,,False,False
2026-09-14,Orrick,,Santa Fe,,False,False
2026-09-14,Pierce City,,Sarcoxie,,False,False
2026-09-14,Versailles,,Sherwood,,False,False
2026-09-14,Warsaw,,Smithton,,False,False
2026-09-14,Lathrop,,South Harrison,,False,False
2026-09-14,Fatima,,Southern Boone,,False,False
2026-09-14,Galena,,Spokane,,False,False
2026-09-14,Timberland,,St. Dominic,,False,False
2026-09-14,Dixon,,St. James,,False,False
2026-09-14,Nerinx Hall,,St. Joseph's Academy,,False,False
2026-09-14,West County,,St. Paul Lutheran (Farmington),,False,False
2026-09-14,North Kansas City,,St. Pius X (Kansas City),,False,False
2026-09-14,Lincoln College Prep,,St. Teresa's Academy,,False,False
2026-09-14,Notre Dame (Cape Girardeau),,St. Vincent,,False,False
2026-09-14,Plato,,Steelville,,False,False
2026-09-14,Oak Grove,,Summit Christian Academy,,False,False
2026-09-14,Gateway with Soldan International Studies,,West Plains,,False,False
2026-09-14,Prairie Home,,Sweet Springs,,False,False
2026-09-14,Christian Fellowship Sr.,,Tipton,,False,False
2026-09-14,Penney,,Trenton,,False,False
2026-09-14,North Point,,Troy Buchanan,,False,False
2026-09-14,Ste. Genevieve,,Valle Catholic,,False,False
2026-09-14,Collegiate School of Med-Bio Science,,Vashon,,False,False
2026-09-14,Bishop DuBourg,,Veritas Christian Academy,,False,False
2026-09-14,Whitfield,,Villa Duchesne,,False,False
2026-09-14,St. Clair,,Washington,,False,False
2026-09-14,Liberty (Mountain View),,Winona,,False,False
2026-09-14,Montgomery County,,Wright City,,False,False
2026-09-15,Gainesville,,Bakersfield,,False,False
2026-09-15,Laquey,,Belle,,False,False
2026-09-15,Truman,,Belton,,False,False
2026-09-15,Pleasant Hill,,Benton,,False,False
2026-09-15,Excelsior Springs,,Bishop LeBlond,,False,False
2026-09-15,Bunker,,Bismarck,,False,False
2026-09-15,Eldon,,Blair Oaks,,False,False
2026-09-15,Blue Eye,,Bradleyville,,False,False
2026-09-15,Hancock,,Brentwood,,False,False
2026-09-15,McAuley Catholic,,Bronaugh,,False,False
2026-09-15,Exeter,,Bronaugh,,False,False
2026-09-15,Archie,,Butler,,False,False
2026-09-15,Licking,,Cabool,,False,False
2026-09-15,Mexico,,California,,False,False
2026-09-15,Camdenton,,Capital City,,False,False
2026-09-15,McCluer,,Cardinal Ritter,,False,False
2026-09-15,Logan-Rogersville,,Carl Junction,,False,False
2026-09-15,Southland,,Caruthersville,,False,False
2026-09-15,Aurora,,Cassville,,False,False
2026-09-15,Jackson,,Central (Cape Girardeau),,False,False
2026-09-15,Charleston,,Central (New Madrid County),,False,False
2026-09-15,Wright City,,Centralia,,False,False
2026-09-15,School of the Ozarks,,Chadwick,,False,False
2026-09-15,Calvary Lutheran,,Chamois,,False,False
2026-09-15,Carrollton,,Chillicothe,,False,False
2026-09-15,Columbia Independent,,Christian Fellowship Sr.,,False,False
2026-09-15,Appleton City with Montrose,,Clinton,,False,False
2026-09-15,Lafayette County,,Concordia,,False,False
2026-09-15,Koshkonong,,Couch,,False,False
2026-09-15,Sherwood,,Crest Ridge,,False,False
2026-09-15,St. Vincent,,Crystal City,,False,False
2026-09-15,Gideon,,Delta (Deering),,False,False
2026-09-15,Hillsboro,,DeSoto,,False,False
2026-09-15,Kennett,,Dexter,,False,False
2026-09-15,Springfield Catholic,,Diamond,,False,False
2026-09-15,Salem,,Dixon,,False,False
2026-09-15,University Academy Charter,,East Buchanan,,False,False
2026-09-15,Nevada,,East Newton,,False,False
2026-09-15,Winona,,Eminence,,False,False
2026-09-15,Fatima,,Eugene,,False,False
2026-09-15,Purdy,,Everton,,False,False
2026-09-15,McAuley Catholic,,Exeter,,False,False
2026-09-15,Lutheran (Kansas City),,Faith Christian Academy,,False,False
2026-09-15,Conway,,Fordland,,False,False
2026-09-15,Ritenour,,Fox,,False,False
2026-09-15,Oakville,,Francis Howell,,False,False
2026-09-15,Lafayette (Wildwood),,Francis Howell,,False,False
2026-09-15,Arcadia Valley,,Fredericktown,,False,False
2026-09-15,Ft. Zumwalt East,,Ft. Zumwalt South,,False,False
2026-09-15,Kirksville,,Fulton,,False,False
2026-09-15,Sparta,,Galena,,False,False
2026-09-15,Joplin,,Glendale,,False,False
2026-09-15,William Chrisman,,Grain Valley,,False,False
2026-09-15,Cole Camp,,Green Ridge,,False,False
2026-09-15,Sarcoxie,,Greenfield,,False,False
2026-09-15,Gloria Deo Academy,,Greenwood,,False,False
2026-09-15,Northeast (Kansas City),,Guadalupe Centers Charter,,False,False
2026-09-15,Adrian,,Harrisonville,,False,False
2026-09-15,Risco,,Hayti,,False,False
2026-09-15,Pattonville,,Hazelwood West,,False,False
2026-09-15,Rock Bridge,,Hermann,,False,False
2026-09-15,Hannibal,,Hickman,,False,False
2026-09-15,Twin Rivers,,Holcomb,,False,False
2026-09-15,Winfield,,Holt,,False,False
2026-09-15,St. Dominic,,Incarnate Word Academy,,False,False
2026-09-15,New Heights Christian,,Jasper,,False,False
2026-09-15,Republic,,Kickapoo,,False,False
2026-09-15,South Iron,,Kingston,,False,False
2026-09-15,Lutheran South,,Ladue Horton Watkins,,False,False
2026-09-15,Oakville,,Lafayette (Wildwood),,False,False
2026-09-15,St. Paul Lutheran (Concordia),,Lawson,,False,False
2026-09-15,Carthage,,Lebanon,,False,False
2026-09-15,Staley,,Lee's Summit,,False,False
2026-09-15,Liberty,,Lee's Summit North,,False,False
2026-09-15,Blue Springs,,Lee's Summit West,,False,False
2026-09-15,Drexel,,Leeton with Chilhowee,,False,False
2026-09-15,El Dorado Springs,,Liberal,,False,False
2026-09-15,Ft. Zumwalt West,,Liberty (Wentzville),,False,False
2026-09-15,Raymore-Peculiar,,Liberty North,,False,False
2026-09-15,McCluer North,,Lift for Life Academy Charter,,False,False
2026-09-15,Northwest (Hughesville),,Lincoln,,False,False
2026-09-15,New Haven,,Linn,,False,False
2026-09-15,Clarkton,,Malden,,False,False
2026-09-15,Crossroads College Preparatory,,Maplewood-Richmond Hts.,,False,False
2026-09-15,Sweet Springs,,Marshall,,False,False
2026-09-15,North Platte,,Maysville,,False,False
2026-09-15,Lesterville,,Meadow Heights,,False,False
2026-09-15,Pacific,,Mehlville,,False,False
2026-09-15,Lakeland,,Miami (Amoret),,False,False
2026-09-15,Fair Grove,,Miller,,False,False
2026-09-15,Lamar,,Monett,,False,False
2026-09-15,North Nodaway,,Mound City,,False,False
2026-09-15,Thayer,,Mountain Grove,,False,False
2026-09-15,Notre Dame (St. Louis),,Nerinx Hall,,False,False
2026-09-15,Ava,,New Covenant Academy,,False,False
2026-09-15,Mansfield,,Niangua,,False,False
2026-09-15,Willard,,Nixa,,False,False
2026-09-15,Jefferson (Festus),,North County,,False,False
2026-09-15,Central (St. Joseph),,North Kansas City,,False,False
2026-09-15,Cooter,,North Pemiscot,,False,False
2026-09-15,Ft. Zumwalt North,,North Point,,False,False
2026-09-15,Wheaton,,Northeast Vernon County,,False,False
2026-09-15,Parkway North,,Northwest (Cedar Hill),,False,False
2026-09-15,Zalma,,Oak Ridge,,False,False
2026-09-15,Holden,,Odessa,,False,False
2026-09-15,Warrenton,,Orchard Farm,,False,False
2026-09-15,Boonville,,Osage,,False,False
2026-09-15,Skyline,,Osceola,,False,False
2026-09-15,Smithton,,Otterville,,False,False
2026-09-15,Webb City,,Ozark,,False,False
2026-09-15,Blue Springs South,,Park Hill,,False,False
2026-09-15,Oak Park,,Park Hill South,,False,False
2026-09-15,Forsyth,,Parkview,,False,False
2026-09-15,Webster Groves,,Parkway West,,False,False
2026-09-15,Central (Kansas City),,Paseo Academy,,False,False
2026-09-15,Windsor (Imperial),,Perryville,,False,False
2026-09-15,Crane,,Pierce City,,False,False
2026-09-15,Houston,,Plato,,False,False
2026-09-15,Kearney,,Platte County,,False,False
2026-09-15,Orrick,,Plattsburg,,False,False
2026-09-15,Marion C. Early,,Pleasant Hope,,False,False
2026-09-15,West Plains,,Poplar Bluff,,False,False
2026-09-15,South Pemiscot,,Portageville,,False,False
2026-09-15,Bernie,,Puxico,,False,False
2026-09-15,Fort Osage,,Raytown,,False,False
2026-09-15,Smithville,,Raytown South,,False,False
2026-09-15,Branson,,Reeds Spring,,False,False
2026-09-15,KIPP KC Legacy,,Richmond,,False,False
2026-09-15,West Nodaway with Nodaway-Holt,,Rock Port,,False,False
2026-09-15,Marquette,,Rockwood Summit,,False,False
2026-09-15,Bishop DuBourg,,Rosati-Kain,,False,False
2026-09-15,Grandview,,Ruskin,,False,False
2026-09-15,Hallsville,,Russellville,,False,False
2026-09-15,Stover,,Sacred Heart,,False,False
2026-09-15,Midway,,Santa Fe,,False,False
2026-09-15,Pembroke Hill,,Savannah,,False,False
2026-09-15,Kelly,,Scott City,,False,False
2026-09-15,Farmington,,Seckman,,False,False
2026-09-15,East Prairie,,Senath-Hornersville,,False,False
2026-09-15,Mt. Vernon,,Seneca,,False,False
2026-09-15,Billings,,Seymour,,False,False
2026-09-15,Trenton,,South Harrison,,False,False
2026-09-15,St. Charles West,,St. Charles,,False,False
2026-09-15,Clearwater,,St. Paul Lutheran (Farmington),,False,False
2026-09-15,Notre Dame de Sion,,St. Pius X (Kansas City),,False,False
2026-09-15,Buffalo,,Stockton,,False,False
2026-09-15,Marshfield,,Strafford,,False,False
2026-09-15,St. Francis Borgia,,Sullivan,,False,False
2026-09-15,Ellington,,Summersville,,False,False
2026-09-15,Lincoln College Prep,,Summit Christian Academy,,False,False
2026-09-15,St. Joseph Christian,,Tarkio with Fairfax,,False,False
2026-09-15,Francis Howell North,,Troy Buchanan,,False,False
2026-09-15,South Holt with Craig,,Union Star with King City,,False,False
2026-09-15,Bourbon,,Valley,,False,False
2026-09-15,Bayless,,Valley Park,,False,False
2026-09-15,Winnetonka,,Van Horn,,False,False
2026-09-15,Marionville,,Verona,,False,False
2026-09-15,Steelville,,Viburnum,,False,False
2026-09-15,John Burroughs,,Villa Duchesne,,False,False
2026-09-15,Ursuline Academy,,Visitation Academy,,False,False
2026-09-15,Smith-Cotton,,Warrensburg,,False,False
2026-09-15,Timberland,,Washington,,False,False
2026-09-15,Neosho,,Waynesville,,False,False
2026-09-15,Lathrop,,Wellington-Napoleon,,False,False
2026-09-15,Grandview (Hillsboro),,West County,,False,False
2026-09-15,Cameron,,West Platte,,False,False
2026-09-15,Doniphan,,Willow Springs,,False,False
2026-09-15,La Monte,,Windsor,,False,False
2026-09-15,Saxony Lutheran,,Woodland,,False,False
2026-09-16,Appleton City with Montrose,,Ballard,,False,False
2026-09-16,Helias Catholic,,Battle,,False,False
2026-09-16,Bloomfield,,Bell City,,False,False
2026-09-16,Odessa,,Belton,,False,False
2026-09-16,Scott City,,Bernie,,False,False
2026-09-16,Tipton,,Boonville,,False,False
2026-09-16,Otterville,,Bunceton,,False,False
2026-09-16,Columbia Independent,,Chamois,,False,False
2026-09-16,Union,,DeSoto,,False,False
2026-09-16,Kingsville,,Drexel,,False,False
2026-09-16,Owensville,,Fatima,,False,False
2026-09-16,Eureka,,Francis Howell North,,False,False
2026-09-16,Eldon,,Hallsville,,False,False
2026-09-16,Crossroads College Preparatory,,Hancock,,False,False
2026-09-16,Crossroads Prep Charter,,Hogan Prep Academy Charter,,False,False
2026-09-16,McCluer North,,Jennings,,False,False
2026-09-16,Lutheran St. Charles,,Kirkwood,,False,False
2026-09-16,Parkway West,,Lindbergh,,False,False
2026-09-16,Villa Duchesne,,Lutheran South,,False,False
2026-09-16,Hazelwood East,,McCluer,,False,False
2026-09-16,Collegiate School of Med-Bio Science,,McKinley Classical Leadership,,False,False
2026-09-16,Vashon,,Metro,,False,False
2026-09-16,Duchesne,,MICDS,,False,False
2026-09-16,West Plains,,Miller Career Academy,,False,False
2026-09-16,Herculaneum,,North County,,False,False
2026-09-16,Academie Lafayette,,Northeast (Kansas City),,False,False
2026-09-16,Central (New Madrid County),,Oran,,False,False
2026-09-16,Farmington,,St. Pius X (Festus),,False,False
2026-09-16,St. Michael the Archangel,,St. Teresa's Academy,,False,False
2026-09-16,Arcadia Valley,,Ste. Genevieve,,False,False
2026-09-16,St. James,,Steelville,,False,False
2026-09-16,STEAM Academy,,University City,,False,False
2026-09-16,St. Paul Lutheran (Farmington),,Valle Catholic,,False,False
2026-09-16,Believe Acad Charter,,Whitfield,,False,False
2026-09-16,North Callaway,,Wright City,,False,False
2026-09-17,Butler,,Adrian,,False,False
2026-09-17,Leopold,,Advance,,False,False
2026-09-17,Parkway South,,Affton,,False,False
2026-09-17,Hume,,Appleton City with Montrose,,False,False
2026-09-17,Sherwood,,Appleton City with Montrose,,False,False
2026-09-17,Central (Park Hills),,Arcadia Valley,,False,False
2026-09-17,Monett,,Aurora,,False,False
2026-09-17,Houston,,Ava,,False,False
2026-09-17,Leeton with Chilhowee,,Ballard,,False,False
2026-09-17,Center,,Barstow,,False,False
2026-09-17,Villa Duchesne,,Bayless,,False,False
2026-09-17,East Prairie,,Bell City,,False,False
2026-09-17,Dixon,,Belle,,False,False
2026-09-17,Platte County,,Belton,,False,False
2026-09-17,Notre Dame (St. Louis),,Bishop DuBourg,,False,False
2026-09-17,Chillicothe,,Bishop LeBlond,,False,False
2026-09-17,North County,,Bismarck,,False,False
2026-09-17,Lee's Summit,,Blue Springs South,,False,False
2026-09-17,Buffalo,,Bolivar,,False,False
2026-09-17,Hallsville,,Boonville,,False,False
2026-09-17,Crystal City,,Bourbon,,False,False
2026-09-17,Plato,,Bradleyville,,False,False
2026-09-17,Willow Springs,,Cabool,,False,False
2026-09-17,Blair Oaks,,California,,False,False
2026-09-17,Hayti,,Campbell,,False,False
2026-09-17,Jefferson City,,Capital City,,False,False
2026-09-17,Central (Springfield),,Carl Junction,,False,False
2026-09-17,Holden,,Carrollton,,False,False
2026-09-17,Kickapoo,,Carthage,,False,False
2026-09-17,South Pemiscot,,Caruthersville,,False,False
2026-09-17,Seneca,,Cassville,,False,False
2026-09-17,Perryville,,Central (Cape Girardeau),,False,False
2026-09-17,Southeast,,Central (Kansas City),,False,False
2026-09-17,Park Hill South,,Central (St. Joseph),,False,False
2026-09-17,Richland (Essex),,Charleston,,False,False
2026-09-17,Risco,,Clarkton,,False,False
2026-09-17,Spokane,,Clever,,False,False
2026-09-17,Warsaw,,Clinton,,False,False
2026-09-17,Lincoln,,Cole Camp,,False,False
2026-09-17,Ursuline Academy,,Cor Jesu Academy,,False,False
2026-09-17,Billings,,Crane,,False,False
2026-09-17,Bernie,,Dexter,,False,False
2026-09-17,Stockton,,Diamond,,False,False
2026-09-17,Archie,,Drexel,,False,False
2026-09-17,Lawson,,East Buchanan,,False,False
2026-09-17,Fair Grove,,El Dorado Springs,,False,False
2026-09-17,Bunker,,Eminence,,False,False
2026-09-17,Southwest (Washburn),,Everton,,False,False
2026-09-17,Galena,,Exeter,,False,False
2026-09-17,Battle,,Father Tolton,,False,False
2026-09-17,School of the Ozarks,,Fordland,,False,False
2026-09-17,Grain Valley,,Fort Osage,,False,False
2026-09-17,Troy Buchanan,,Francis Howell,,False,False
2026-09-17,Hogan Prep Academy Charter,,Frontier STEM,,False,False
2026-09-17,Ft. Zumwalt North,,Ft. Zumwalt East,,False,False
2026-09-17,Francis Howell North,,Ft. Zumwalt West,,False,False
2026-09-17,North Pemiscot,,Gideon,,False,False
2026-09-17,Sheldon,,Greenfield,,False,False
2026-09-17,South Iron,,Greenville,,False,False
2026-09-17,Valley Park,,Herculaneum,,False,False
2026-09-17,St. James,,Hermann,,False,False
2026-09-17,Southern Boone,,Hickman,,False,False
2026-09-17,Hollister,,Hillcrest,,False,False
2026-09-17,Cooter,,Holcomb,,False,False
2026-09-17,Notre Dame (Cape Girardeau),,Jackson,,False,False
2026-09-17,Nixa,,Joplin,,False,False
2026-09-17,Smithville,,Kearney,,False,False
2026-09-17,Portageville,,Kennett,,False,False
2026-09-17,Cuba,,Kingston,,False,False
2026-09-17,Believe Acad Charter,,KIPP St. Louis Sr.,,False,False
2026-09-17,Trenton,,Kirksville,,False,False
2026-09-17,Ladue Horton Watkins,,Kirkwood,,False,False
2026-09-17,Bakersfield,,Koshkonong,,False,False
2026-09-17,Sacred Heart,,La Monte,,False,False
2026-09-17,Knob Noster,,Lafayette County,,False,False
2026-09-17,East Newton,,Lamar,,False,False
2026-09-17,Niangua,,Laquey,,False,False
2026-09-17,Excelsior Springs,,Lexington,,False,False
2026-09-17,Liberty North,,Liberty,,False,False
2026-09-17,Thayer,,Liberty (Mountain View),,False,False
2026-09-17,Francis Howell Central,,Liberty (Wentzville),,False,False
2026-09-17,Gateway with Soldan International Studies,,Lift for Life Academy Charter,,False,False
2026-09-17,Ash Grove,,Lockwood,,False,False
2026-09-17,Concordia,,Lone Jack,,False,False
2026-09-17,Marion C. Early,,Lutie,,False,False
2026-09-17,Twin Rivers,,Malden,,False,False
2026-09-17,Chadwick,,Mansfield,,False,False
2026-09-17,New Heights Christian,,Marionville,,False,False
2026-09-17,Eureka,,Marquette,,False,False
2026-09-17,Liberal,,McAuley Catholic,,False,False
2026-09-17,University City,,McCluer,,False,False
2026-09-17,Nevada,,McDonald County,,False,False
2026-09-17,Rosati-Kain,,McKinley Classical Leadership,,False,False
2026-09-17,Hannibal,,Mexico,,False,False
2026-09-17,Lathrop,,Mid-Buchanan,,False,False
2026-09-17,Lakeland,,Midway,,False,False
2026-09-17,North Callaway,,Montgomery County,,False,False
2026-09-17,Glendale,,Neosho,,False,False
2026-09-17,Incarnate Word Academy,,Nerinx Hall,,False,False
2026-09-17,Centralia,,New Bloomfield,,False,False
2026-09-17,Rock Port,,North Nodaway,,False,False
2026-09-17,West Platte,,North Platte,,False,False
2026-09-17,Washington,,North Point,,False,False
2026-09-17,Jasper,,Northeast Vernon County,,False,False
2026-09-17,Hazelwood West,,Northwest (Cedar Hill),,False,False
2026-09-17,Pembroke Hill,,Notre Dame de Sion,,False,False
2026-09-17,Lee's Summit North,,Oak Park,,False,False
2026-09-17,Mehlville,,Oakville,,False,False
2026-09-17,Marshall,,Odessa,,False,False
2026-09-17,Oak Ridge,,Oran,,False,False
2026-09-17,St. Charles,,Orchard Farm,,False,False
2026-09-17,Crest Ridge,,Orrick,,False,False
2026-09-17,Eugene,,Osage,,False,False
2026-09-17,Windsor,,Otterville,,False,False
2026-09-17,New Haven,,Owensville,,False,False
2026-09-17,St. Clair,,Pacific,,False,False
2026-09-17,North Kansas City,,Park Hill,,False,False
2026-09-17,Fox,,Parkway North,,False,False
2026-09-17,Clayton,,Pattonville,,False,False
2026-09-17,Plattsburg,,Penney,,False,False
2026-09-17,Conway,,Pleasant Hope,,False,False
2026-09-17,Sikeston,,Poplar Bluff,,False,False
2026-09-17,St. Pius X (Festus),,Potosi,,False,False
2026-09-17,Golden City,,Purdy,,False,False
2026-09-17,Clearwater,,Puxico,,False,False
2026-09-17,Blue Springs,,Raymore-Peculiar,,False,False
2026-09-17,Ozark,,Republic,,False,False
2026-09-17,Mountain Grove,,Salem,,False,False
2026-09-17,Cameron,,Savannah,,False,False
2026-09-17,Valle Catholic,,Saxony Lutheran,,False,False
2026-09-17,Woodland,,Scott City,,False,False
2026-09-17,Parkway Central,,Seckman,,False,False
2026-09-17,Greenwood,,Seymour,,False,False
2026-09-17,Hume,,Sherwood,,False,False
2026-09-17,Pierce City,,Skyline,,False,False
2026-09-17,Rock Bridge,,Smith-Cotton,,False,False
2026-09-17,Green Ridge,,Smithton,,False,False
2026-09-17,Delta (Deering),,Southland,,False,False
2026-09-17,Marshfield,,Springfield Catholic,,False,False
2026-09-17,Holt,,St. Charles West,,False,False
2026-09-17,Visitation Academy,,St. Dominic,,False,False
2026-09-17,Maysville,,St. Joseph Christian,,False,False
2026-09-17,Van Horn,,St. Michael the Archangel,,False,False
2026-09-17,Jefferson (Festus),,St. Vincent,,False,False
2026-09-17,Lee's Summit West,,Staley,,False,False
2026-09-17,Northwest (Hughesville),,Stover,,False,False
2026-09-17,Union,,Sullivan,,False,False
2026-09-17,Lesterville,,Summersville,,False,False
2026-09-17,Pleasant Hill,,Summit Christian Academy,,False,False
2026-09-17,Lincoln College Prep,,Summit Christian Academy,,False,False
2026-09-17,South Holt with Craig,,Tarkio with Fairfax,,False,False
2026-09-17,Ft. Zumwalt South,,Timberland,,False,False
2026-09-17,Raytown,,Truman,,False,False
2026-09-17,Ewing Marion Kauffman,,University Academy Charter,,False,False
2026-09-17,Gloria Deo Academy,,Verona,,False,False
2026-09-17,Russellville,,Versailles,,False,False
2026-09-17,Valley,,Viburnum,,False,False
2026-09-17,Winfield,,Warrenton,,False,False
2026-09-17,Lebanon,,Webb City,,False,False
2026-09-17,Rockwood Summit,,Webster Groves,,False,False
2026-09-17,Richmond,,Wellington-Napoleon,,False,False
2026-09-17,Fredericktown,,West County,,False,False
2026-09-17,Union Star with King City,,West Nodaway with Nodaway-Holt,,False,False
2026-09-17,Rolla,,West Plains,,False,False
2026-09-17,Lutheran North,,Westminster Christian Academy,,False,False
2026-09-17,Thomas Jefferson Independent Day,,Wheaton,,False,False
2026-09-17,Waynesville,,Willard,,False,False
2026-09-17,Grandview,,William Chrisman,,False,False
2026-09-17,Festus,,Windsor (Imperial),,False,False
2026-09-17,Ruskin,,Winnetonka,,False,False
2026-09-18,Woodland,,Advance,,False,False
2026-09-18,St. Paul Lutheran (Farmington),,Bismarck,,False,False
2026-09-18,Crossroads College Preparatory,,Brentwood,,False,False
2026-09-18,Prairie Home,,Christian Fellowship Sr.,,False,False
2026-09-18,Bernie,,Clarkton,,False,False
2026-09-18,Cardinal Ritter,,Collegiate School of Med-Bio Science,,False,False
2026-09-18,West Plains,,Confluence Prep Academy Charter with Grand Center Arts Charter,,False,False
2026-09-18,Marquette,,Cor Jesu Academy,,False,False
2026-09-18,Raytown South,,Cristo Rey,,False,False
2026-09-18,Eminence,,Dora,,False,False
2026-09-18,Sparta,,Fordland,,False,False
2026-09-18,Chadwick,,Galena,,False,False
2026-09-18,Bloomfield,,Gideon,,False,False
2026-09-18,Southwest (Washburn),,Golden City,,False,False
2026-09-18,Meadow Heights,,Greenville,,False,False
2026-09-18,Crane,,Greenwood,,False,False
2026-09-18,Valley Park,,Hancock,,False,False
2026-09-18,Jennings,,Hazelwood East,,False,False
2026-09-18,Lift for Life Academy Charter,,Hazelwood West,,False,False
2026-09-18,South Pemiscot,,Holcomb,,False,False
2026-09-18,East Prairie,,Kelly,,False,False
2026-09-18,Blair Oaks,,Logan-Rogersville,,False,False
2026-09-18,Villa Duchesne,,Lutheran South,,False,False
2026-09-18,Bayless,,Maplewood-Richmond Hts.,,False,False
2026-09-18,Gateway Science Charter,,McKinley Classical Leadership,,False,False
2026-09-18,Richland (Essex),,North Pemiscot,,False,False
2026-09-18,Mehlville,,Northwest (Cedar Hill),,False,False
2026-09-18,Winona,,Potosi,,False,False
2026-09-18,Blair Oaks,,Potosi,,False,False
2026-09-18,Leopold,,Puxico,,False,False
2026-09-18,Senath-Hornersville,,Risco,,False,False
2026-09-18,Bronaugh,,Sheldon,,False,False
2026-09-18,Hazelwood Central,,STEAM Academy,,False,False
2026-09-18,Delta (Deering),,Twin Rivers,,False,False
2026-09-18,KIPP St. Louis Sr.,,Vashon,,False,False
2026-09-18,Camdenton,,Webb City,,False,False
2026-09-18,Branson,,Webb City,,False,False
2026-09-18,Willard,,Webb City,,False,False
2026-09-18,Ursuline Academy,,Whitfield,,False,False
2026-09-19,Ste. Genevieve,,Affton,,False,False
2026-09-19,Pattonville,,Affton,,False,False
2026-09-19,Ft. Zumwalt South,,Affton,,False,False
2026-09-19,Winona,,Blair Oaks,,False,False
2026-09-19,Leopold,,Bowling Green,,False,False
2026-09-19,New Haven,,Bowling Green,,False,False
2026-09-19,Fordland,,Cabool,,False,False
2026-09-19,Salem,,Cabool,,False,False
2026-09-19,Hannibal,,Clayton,,False,False
2026-09-19,Mountain Grove,,Couch,,False,False
2026-09-19,Harrisonville,,East Buchanan,,False,False
2026-09-19,Holden,,East Buchanan,,False,False
2026-09-19,Lone Jack,,East Buchanan,,False,False
2026-09-19,Sheldon,,Exeter,,False,False
2026-09-19,Pattonville,,Ft. Zumwalt South,,False,False
2026-09-19,Ste. Genevieve,,Ft. Zumwalt South,,False,False
2026-09-19,Exeter,,Galena,,False,False
2026-09-19,Sheldon,,Galena,,False,False
2026-09-19,STEAM Academy,,Hannibal,,False,False
2026-09-19,St. Charles,,Hannibal,,False,False
2026-09-19,Pembroke Hill,,Hickman,,False,False
2026-09-19,St. Joseph's Academy,,Jackson,,False,False
2026-09-19,Rock Bridge,,Kickapoo,,False,False
2026-09-19,Potosi,,Logan-Rogersville,,False,False
2026-09-19,Winona,,Logan-Rogersville,,False,False
2026-09-19,Seymour,,Mountain Grove,,False,False
2026-09-19,Niangua,,Mountain Grove,,False,False
2026-09-19,Rock Bridge,,Nixa,,False,False
2026-09-19,Pembroke Hill,,Oak Park,,False,False
2026-09-19,Rock Bridge,,Ozark,,False,False
2026-09-19,Grandview,,Raytown,,False,False
2026-09-19,Van Horn,,Raytown,,False,False
2026-09-19,Rock Bridge,,Republic,,False,False
2026-09-19,Windsor (Imperial),,Seckman,,False,False
2026-09-19,Liberty (Wentzville),,Seckman,,False,False
2026-09-19,Troy Buchanan,,Seckman,,False,False
2026-09-19,Hillcrest,,Springfield Catholic,,False,False
2026-09-19,Aurora,,Springfield Catholic,,False,False
2026-09-19,Pembroke Hill,,St. Pius X (Kansas City),,False,False
2026-09-21,Gideon,,Advance,,False,False
2026-09-21,Butler,,Appleton City with Montrose,,False,False
2026-09-21,Osceola,,Archie,,False,False
2026-09-21,Hillcrest,,Aurora,,False,False
2026-09-21,Fordland,,Ava,,False,False
2026-09-21,Puxico,,Bell City,,False,False
2026-09-21,Chillicothe,,Benton,,False,False
2026-09-21,Poplar Bluff,,Bernie,,False,False
2026-09-21,Parkview,,Billings,,False,False
2026-09-21,Sikeston,,Bloomfield,,False,False
2026-09-21,Liberty,,Blue Springs,,False,False
2026-09-21,Eldon,,Boonville,,False,False
2026-09-21,Miami (Amoret),,Bronaugh,,False,False
2026-09-21,Osage,,Buffalo,,False,False
2026-09-21,Sacred Heart,,Bunceton,,False,False
2026-09-21,Licking,,Capital City,,False,False
2026-09-21,Diamond,,Cassville,,False,False
2026-09-21,Scott City,,Central (Cape Girardeau),,False,False
2026-09-21,South Pemiscot,,Central (New Madrid County),,False,False
2026-09-21,Bismarck,,Central (Park Hills),,False,False
2026-09-21,North Callaway,,Centralia,,False,False
2026-09-21,New Bloomfield,,Chamois,,False,False
2026-09-21,Zalma,,Charleston,,False,False
2026-09-21,Gateway with Soldan International Studies,,Collegiate School of Med-Bio Science,,False,False
2026-09-21,Russellville,,Columbia Independent,,False,False
2026-09-21,Mansfield,,Couch,,False,False
2026-09-21,Marionville,,Crane,,False,False
2026-09-21,Plato,,Dixon,,False,False
2026-09-21,Liberty (Mountain View),,Doniphan,,False,False
2026-09-21,Thayer,,Dora,,False,False
2026-09-21,Paseo Academy,,East (Kansas City),,False,False
2026-09-21,Southland,,East Prairie,,False,False
2026-09-21,Willow Springs,,Eminence,,False,False
2026-09-21,Belle,,Eugene,,False,False
2026-09-21,North Point,,Eureka,,False,False
2026-09-21,Mehlville,,Fox,,False,False
2026-09-21,North Point,,Francis Howell Central,,False,False
2026-09-21,Eureka,,Francis Howell Central,,False,False
2026-09-21,Timberland,,Francis Howell North,,False,False
2026-09-21,Lutheran St. Charles,,Ft. Zumwalt North,,False,False
2026-09-21,Mexico,,Fulton,,False,False
2026-09-21,Hancock,,Gateway Science Charter,,False,False
2026-09-21,Fair Grove,,Glendale,,False,False
2026-09-21,Kearney,,Grain Valley,,False,False
2026-09-21,Van Horn,,Grandview,,False,False
2026-09-21,St. Clair,,Grandview (Hillsboro),,False,False
2026-09-21,Leeton with Chilhowee,,Green Ridge,,False,False
2026-09-21,Kingsville,,Green Ridge,,False,False
2026-09-21,Affton,,Hazelwood Central,,False,False
2026-09-21,Camdenton,,Helias Catholic,,False,False
2026-09-21,Kennett,,Holcomb,,False,False
2026-09-21,Jefferson City,,Incarnate Word Academy,,False,False
2026-09-21,Midway,,Jasper,,False,False
2026-09-21,Rosati-Kain,,Jennings,,False,False
2026-09-21,Caruthersville,,Kelly,,False,False
2026-09-21,St. Paul Lutheran (Farmington),,Kingston,,False,False
2026-09-21,Leeton with Chilhowee,,Kingsville,,False,False
2026-09-21,Miller,,Lamar,,False,False
2026-09-21,University Academy Charter,,Lathrop,,False,False
2026-09-21,Excelsior Springs,,Lawson,,False,False
2026-09-21,St. Michael the Archangel,,Lee's Summit,,False,False
2026-09-21,Lee's Summit North,,Lee's Summit West,,False,False
2026-09-21,Bunker,,Lesterville,,False,False
2026-09-21,Belton,,Liberty North,,False,False
2026-09-21,Kirkwood,,Lindbergh,,False,False
2026-09-21,Cuba,,Linn,,False,False
2026-09-21,Willard,,Logan-Rogersville,,False,False
2026-09-21,Oran,,Malden,,False,False
2026-09-21,Leopold,,Meadow Heights,,False,False
2026-09-21,West Plains,,Metro,,False,False
2026-09-21,Hollister,,Monett,,False,False
2026-09-21,Fatima,,Montgomery County,,False,False
2026-09-21,North Platte,,Mound City,,False,False
2026-09-21,Marshfield,,Mountain Grove,,False,False
2026-09-21,Pleasant Hope,,New Covenant Academy,,False,False
2026-09-21,Liberal,,New Heights Christian,,False,False
2026-09-21,Greenwood,,Niangua,,False,False
2026-09-21,Hillsboro,,North County,,False,False
2026-09-21,Fort Osage,,North Kansas City,,False,False
2026-09-21,Delta (Deering),,North Pemiscot,,False,False
2026-09-21,Golden City,,Northeast Vernon County,,False,False
2026-09-21,Summit Christian Academy,,Northland Christian,,False,False
2026-09-21,Knob Noster,,Oak Grove,,False,False
2026-09-21,Grain Valley,,Oak Park,,False,False
2026-09-21,Kearney,,Oak Park,,False,False
2026-09-21,La Monte,,Orrick,,False,False
2026-09-21,Jefferson (Festus),,Perryville,,False,False
2026-09-21,Park Hill,,Platte County,,False,False
2026-09-21,Smithton,,Prairie Home,,False,False
2026-09-21,Smithville,,Raymore-Peculiar,,False,False
2026-09-21,Richland (Essex),,Risco,,False,False
2026-09-21,Lutheran North,,Ritenour,,False,False
2026-09-21,Lebanon,,Rolla,,False,False
2026-09-21,Summersville,,Salem,,False,False
2026-09-21,McAuley Catholic,,Sarcoxie,,False,False
2026-09-21,Pleasant Hill,,Savannah,,False,False
2026-09-21,Oak Ridge,,Saxony Lutheran,,False,False
2026-09-21,Portageville,,Senath-Hornersville,,False,False
2026-09-21,Sparta,,Seymour,,False,False
2026-09-21,Rich Hill,,Sheldon,,False,False
2026-09-21,Marshall,,Smith-Cotton,,False,False
2026-09-21,North Nodaway,,South Harrison,,False,False
2026-09-21,Blue Eye,,Southwest (Washburn),,False,False
2026-09-21,Reeds Spring,,Spokane,,False,False
2026-09-21,Central (Springfield),,Springfield Catholic,,False,False
2026-09-21,Father Tolton,,St. Francis Borgia,,False,False
2026-09-21,Villa Duchesne,,St. Joseph's Academy,,False,False
2026-09-21,Lutheran (Kansas City),,St. Paul Lutheran (Concordia),,False,False
2026-09-21,DeSoto,,Ste. Genevieve,,False,False
2026-09-21,Maplewood-Richmond Hts.,,STEAM Academy,,False,False
2026-09-21,Skyline,,Strafford,,False,False
2026-09-21,Santa Fe,,Sweet Springs,,False,False
2026-09-21,Maysville,,Tarkio with Fairfax,,False,False
2026-09-21,Windsor,,Tipton,,False,False
2026-09-21,Warrenton,,Troy Buchanan,,False,False
2026-09-21,Central (St. Joseph),,Truman,,False,False
2026-09-21,Winnetonka,,Truman,,False,False
2026-09-21,St. Vincent,,Valle Catholic,,False,False
2026-09-21,McKinley Classical Leadership,,Vashon,,False,False
2026-09-21,Galena,,Verona,,False,False
2026-09-21,Cole Camp,,Versailles,,False,False
2026-09-21,Seckman,,Webster Groves,,False,False
2026-09-21,Greenville,,West County,,False,False
2026-09-21,Purdy,,Wheaton,,False,False
2026-09-21,Dexter,,Woodland,,False,False
2026-09-21,St. Charles West,,Wright City,,False,False
2026-09-22,Pembroke Hill,,Adrian,,False,False
2026-09-22,Odessa,,Adrian,,False,False
2026-09-22,Drexel,,Appleton City with Montrose,,False,False
2026-09-22,North County,,Arcadia Valley,,False,False
2026-09-22,Diamond,,Ash Grove,,False,False
2026-09-22,Salem,,Ava,,False,False
2026-09-22,Lincoln College Prep,,Barstow,,False,False
2026-09-22,Hancock,,Bayless,,False,False
2026-09-22,Linn,,Belle,,False,False
2026-09-22,Raymore-Peculiar,,Belton,,False,False
2026-09-22,Veritas Christian Academy,,Bishop DuBourg,,False,False
2026-09-22,Savannah,,Bishop LeBlond,,False,False
2026-09-22,Wheaton,,Blue Eye,,False,False
2026-09-22,Lee's Summit West,,Blue Springs South,,False,False
2026-09-22,Centralia,,Bowling Green,,False,False
2026-09-22,Maplewood-Richmond Hts.,,Brentwood,,False,False
2026-09-22,North Platte,,Brookfield,,False,False
2026-09-22,Hillcrest,,Buffalo,,False,False
2026-09-22,Liberal,,Butler,,False,False
2026-09-22,Thayer,,Cabool,,False,False
2026-09-22,Hickman,,Camdenton,,False,False
2026-09-22,Mid-Buchanan,,Cameron,,False,False
2026-09-22,Branson,,Carl Junction,,False,False
2026-09-22,Portageville,,Caruthersville,,False,False
2026-09-22,Woodland,,Central (Cape Girardeau),,False,False
2026-09-22,Farmington,,Central (Cape Girardeau),,False,False
2026-09-22,Lawson,,Chillicothe,,False,False
2026-09-22,Northland Christian,,Chillicothe,,False,False
2026-09-22,Bunceton,,Christian Fellowship Sr.,,False,False
2026-09-22,Central (New Madrid County),,Clarkton,,False,False
2026-09-22,Northwest (Cedar Hill),,Clayton,,False,False
2026-09-22,Stover,,Cole Camp,,False,False
2026-09-22,Wellington-Napoleon,,Concordia,,False,False
2026-09-22,Cardinal Ritter,,Confluence Prep Academy Charter with Grand Center Arts Charter,,False,False
2026-09-22,Gideon,,Cooter,,False,False
2026-09-22,Frontier STEM,,Cristo Rey,,False,False
2026-09-22,Valley Park,,Crossroads College Preparatory,,False,False
2026-09-22,Clearwater,,Doniphan,,False,False
2026-09-22,Trenton,,East Buchanan,,False,False
2026-09-22,Penney,,East Buchanan,,False,False
2026-09-22,Charleston,,East Prairie,,False,False
2026-09-22,Koshkonong,,Eminence,,False,False
2026-09-22,Verona,,Everton,,False,False
2026-09-22,Logan-Rogersville,,Fair Grove,,False,False
2026-09-22,Woodland,,Farmington,,False,False
2026-09-22,Montgomery County,,Father Tolton,,False,False
2026-09-22,Boonville,,Fatima,,False,False
2026-09-22,DeSoto,,Festus,,False,False
2026-09-22,Platte County,,Fort Osage,,False,False
2026-09-22,Ft. Zumwalt West,,Francis Howell Central,,False,False
2026-09-22,Francis Howell,,Francis Howell North,,False,False
2026-09-22,Valle Catholic,,Fredericktown,,False,False
2026-09-22,North Point,,Ft. Zumwalt South,,False,False
2026-09-22,Chadwick,,Gainesville,,False,False
2026-09-22,Bradleyville,,Galena,,False,False
2026-09-22,Webb City,,Glendale,,False,False
2026-09-22,Winnetonka,,Grandview,,False,False
2026-09-22,Bourbon,,Grandview (Hillsboro),,False,False
2026-09-22,Jasper,,Greenfield,,False,False
2026-09-22,Billings,,Greenwood,,False,False
2026-09-22,North Callaway,,Hallsville,,False,False
2026-09-22,Fox,,Hazelwood West,,False,False
2026-09-22,Smith-Cotton,,Helias Catholic,,False,False
2026-09-22,Crystal City,,Herculaneum,,False,False
2026-09-22,Pacific,,Hermann,,False,False
2026-09-22,Perryville,,Hillsboro,,False,False
2026-09-22,Orchard Farm,,Holt,,False,False
2026-09-22,School of the Ozarks,,Hurley,,False,False
2026-09-22,Battle,,Jefferson City,,False,False
2026-09-22,Senath-Hornersville,,Kennett,,False,False
2026-09-22,Willard,,Kickapoo,,False,False
2026-09-22,Ewing Marion Kauffman,,KIPP KC Legacy,,False,False
2026-09-22,McKinley Classical Leadership,,KIPP St. Louis Sr.,,False,False
2026-09-22,Mexico,,Kirksville,,False,False
2026-09-22,Holden,,Knob Noster,,False,False
2026-09-22,Oakville,,Ladue Horton Watkins,,False,False
2026-09-22,Kirkwood,,Lafayette (Wildwood),,False,False
2026-09-22,Carrollton,,Lafayette County,,False,False
2026-09-22,Rich Hill,,Lakeland,,False,False
2026-09-22,McDonald County,,Lamar,,False,False
2026-09-22,Eugene,,Laquey,,False,False
2026-09-22,Northland Christian,,Lawson,,False,False
2026-09-22,Republic,,Lebanon,,False,False
2026-09-22,Bell City,,Leopold,,False,False
2026-09-22,Harrisonville,,Lexington,,False,False
2026-09-22,Lee's Summit,,Liberty North,,False,False
2026-09-22,Green Ridge,,Lincoln,,False,False
2026-09-22,John Burroughs,,Lindbergh,,False,False
2026-09-22,Santa Fe,,Lone Jack,,False,False
2026-09-22,Westminster Christian Academy,,Lutheran South,,False,False
2026-09-22,Duchesne,,Lutheran St. Charles,,False,False
2026-09-22,Lockwood,,Marionville,,False,False
2026-09-22,Rock Bridge,,Marquette,,False,False
2026-09-22,Bolivar,,Marshfield,,False,False
2026-09-22,Faith Christian Academy,,Maysville,,False,False
2026-09-22,Hazelwood Central,,McCluer North,,False,False
2026-09-22,South Iron,,Meadow Heights,,False,False
2026-09-22,Visitation Academy,,MICDS,,False,False
2026-09-22,Sherwood,,Midway,,False,False
2026-09-22,East Newton,,Monett,,False,False
2026-09-22,Liberty (Mountain View),,Mountain Grove,,False,False
2026-09-22,Nevada,,Mt. Vernon,,False,False
2026-09-22,Parkway Central,,Nerinx Hall,,False,False
2026-09-22,Spokane,,New Covenant Academy,,False,False
2026-09-22,Exeter,,New Heights Christian,,False,False
2026-09-22,Gloria Deo Academy,,Niangua,,False,False
2026-09-22,Carthage,,Nixa,,False,False
2026-09-22,West Nodaway with Nodaway-Holt,,North Nodaway,,False,False
2026-09-22,Hayti,,North Pemiscot,,False,False
2026-09-22,La Monte,,Northwest (Hughesville),,False,False
2026-09-22,Clinton,,Notre Dame de Sion,,False,False
2026-09-22,Pembroke Hill,,Odessa,,False,False
2026-09-22,St. Paul Lutheran (Concordia),,Orrick,,False,False
2026-09-22,El Dorado Springs,,Osceola,,False,False
2026-09-22,Neosho,,Ozark,,False,False
2026-09-22,Central (St. Joseph),,Park Hill,,False,False
2026-09-22,Lee's Summit North,,Park Hill South,,False,False
2026-09-22,Pattonville,,Parkway South,,False,False
2026-09-22,Academie Lafayette,,Paseo Academy,,False,False
2026-09-22,Trenton,,Penney,,False,False
2026-09-22,Miller,,Pierce City,,False,False
2026-09-22,Maryville,,Plattsburg,,False,False
2026-09-22,St. Pius X (Kansas City),,Pleasant Hill,,False,False
2026-09-22,Grain Valley,,Raytown,,False,False
2026-09-22,Kearney,,Raytown South,,False,False
2026-09-22,Cassville,,Reeds Spring,,False,False
2026-09-22,Southland,,Risco,,False,False
2026-09-22,Affton,,Ritenour,,False,False
2026-09-22,Dixon,,Russellville,,False,False
2026-09-22,Otterville,,Sacred Heart,,False,False
2026-09-22,Advance,,Saxony Lutheran,,False,False
2026-09-22,Oran,,Scott City,,False,False
2026-09-22,Aurora,,Seneca,,False,False
2026-09-22,Pleasant Hope,,Seymour,,False,False
2026-09-22,Ballard,,Sheldon,,False,False
2026-09-22,Jackson,,Sikeston,,False,False
2026-09-22,Ruskin,,Smithville,,False,False
2026-09-22,Union Star with King City,,South Harrison,,False,False
2026-09-22,Rock Port,,South Holt with Craig,,False,False
2026-09-22,Campbell,,South Pemiscot,,False,False
2026-09-22,East (Kansas City),,Southeast,,False,False
2026-09-22,Osage,,Southern Boone,,False,False
2026-09-22,Sarcoxie,,Southwest (Washburn),,False,False
2026-09-22,Conway,,Sparta,,False,False
2026-09-22,Warrenton,,St. Charles,,False,False
2026-09-22,Winfield,,St. Charles West,,False,False
2026-09-22,Sullivan,,St. Clair,,False,False
2026-09-22,Owensville,,St. James,,False,False
2026-09-22,Cor Jesu Academy,,St. Joseph's Academy,,False,False
2026-09-22,Blue Springs,,Staley,,False,False
2026-09-22,McCluer,,STEAM Academy,,False,False
2026-09-22,Kingston,,Steelville,,False,False
2026-09-22,Skyline,,Stockton,,False,False
2026-09-22,Mound City,,Tarkio with Fairfax,,False,False
2026-09-22,McAuley Catholic,,Thomas Jefferson Independent Day,,False,False
2026-09-22,Ft. Zumwalt East,,Timberland,,False,False
2026-09-22,California,,Tipton,,False,False
2026-09-22,Liberty (Wentzville),,Troy Buchanan,,False,False
2026-09-22,William Chrisman,,Truman,,False,False
2026-09-22,New Haven,,Union,,False,False
2026-09-22,Jennings,,University City,,False,False
2026-09-22,St. Dominic,,Ursuline Academy,,False,False
2026-09-22,Ellington,,Valley,,False,False
2026-09-22,Notre Dame (St. Louis),,Villa Duchesne,,False,False
2026-09-22,Oak Grove,,Warrensburg,,False,False
2026-09-22,Versailles,,Warsaw,,False,False
2026-09-22,Ft. Zumwalt North,,Washington,,False,False
2026-09-22,Joplin,,Waynesville,,False,False
2026-09-22,Jefferson (Festus),,West County,,False,False
2026-09-22,Winona,,West Plains,,False,False
2026-09-22,Excelsior Springs,,West Platte,,False,False
2026-09-22,Principia,,Whitfield,,False,False
2026-09-22,Houston,,Willow Springs,,False,False
2026-09-22,Smithton,,Windsor,,False,False
2026-09-22,Central (Park Hills),,Windsor (Imperial),,False,False
2026-09-23,Bishop DuBourg,,Brentwood,,False,False
2026-09-23,Marshall,,Concordia,,False,False
2026-09-23,Believe Acad Charter,,Confluence Prep Academy Charter with Grand Center Arts Charter,,False,False
2026-09-23,Archie,,Crest Ridge,,False,False
2026-09-23,West County,,Crystal City,,False,False
2026-09-23,Sikeston,,Dexter,,False,False
2026-09-23,Whitfield,,Duchesne,,False,False
2026-09-23,Father Tolton,,Eldon,,False,False
2026-09-23,Francis Howell,,Eureka,,False,False
2026-09-23,Westminster Christian Academy,,Eureka,,False,False
2026-09-23,DeSoto,,Farmington,,False,False
2026-09-23,Potosi,,Festus,,False,False
2026-09-23,Westminster Christian Academy,,Francis Howell,,False,False
2026-09-23,Frontier STEM,,Guadalupe Centers Charter,,False,False
2026-09-23,Hazelwood Central,,Hazelwood West,,False,False
2026-09-23,St. Paul Lutheran (Farmington),,Herculaneum,,False,False
2026-09-23,Northeast Vernon County,,Hume,,False,False
2026-09-23,Blair Oaks,,Jefferson City,,False,False
2026-09-23,Lincoln,,Kingsville,,False,False
2026-09-23,Parkway West,,Lafayette (Wildwood),,False,False
2026-09-23,Windsor,,Lakeland,,False,False
2026-09-23,North Kansas City,,Lee's Summit North,,False,False
2026-09-23,Gateway with Soldan International Studies,,Metro,,False,False
2026-09-23,Collegiate School of Med-Bio Science,,Miller Career Academy,,False,False
2026-09-23,Fulton,,New Bloomfield,,False,False
2026-09-23,Maplewood-Richmond Hts.,,Notre Dame (St. Louis),,False,False
2026-09-23,Bell City,,Portageville,,False,False
2026-09-23,Otterville,,Prairie Home,,False,False
2026-09-23,Lexington,,Richmond,,False,False
2026-09-23,Oakville,,Rockwood Summit,,False,False
2026-09-23,Owensville,,Rolla,,False,False
2026-09-23,Cardinal Ritter,,Rosati-Kain,,False,False
2026-09-23,Miller,,Skyline,,False,False
2026-09-23,Hallsville,,Smith-Cotton,,False,False
2026-09-23,Notre Dame de Sion,,St. Michael the Archangel,,False,False
2026-09-23,Hogan Prep Academy Charter,,University Academy Charter,,False,False
2026-09-23,Parkway Central,,Webster Groves,,False,False
2026-09-24,Barstow,,Adrian,,False,False
2026-09-24,Pattonville,,Affton,,False,False
2026-09-24,Central (Springfield),,Ash Grove,,False,False
2026-09-24,Cabool,,Ava,,False,False
2026-09-24,Northeast Vernon County,,Ballard,,False,False
2026-09-24,Hickman,,Battle,,False,False
2026-09-24,Dexter,,Bell City,,False,False
2026-09-24,Savannah,,Benton,,False,False
2026-09-24,St. Pius X (Kansas City),,Bishop LeBlond,,False,False
2026-09-24,Valle Catholic,,Bismarck,,False,False
2026-09-24,Fort Osage,,Blue Springs,,False,False
2026-09-24,Hillcrest,,Bolivar,,False,False
2026-09-24,Steelville,,Bourbon,,False,False
2026-09-24,Marshfield,,Branson,,False,False
2026-09-24,South Harrison,,Brookfield,,False,False
2026-09-24,Columbia Independent,,Bunceton,,False,False
2026-09-24,Versailles,,Butler,,False,False
2026-09-24,Helias Catholic,,California,,False,False
2026-09-24,Eldon,,Camdenton,,False,False
2026-09-24,Maryville,,Cameron,,False,False
2026-09-24,Rock Bridge,,Capital City,,False,False
2026-09-24,Knob Noster,,Carrollton,,False,False
2026-09-24,Ozark,,Carthage,,False,False
2026-09-24,Saxony Lutheran,,Central (Cape Girardeau),,False,False
2026-09-24,Holcomb,,Central (New Madrid County),,False,False
2026-09-24,Oak Park,,Central (St. Joseph),,False,False
2026-09-24,Blue Eye,,Chadwick,,False,False
2026-09-24,Eugene,,Christian Fellowship Sr.,,False,False
2026-09-24,Forsyth,,Clever,,False,False
2026-09-24,St. Dominic,,Cor Jesu Academy,,False,False
2026-09-24,Galena,,Crane,,False,False
2026-09-24,Concordia,,Crest Ridge,,False,False
2026-09-24,Ewing Marion Kauffman,,Crossroads Prep Charter,,False,False
2026-09-24,Hancock,,Crystal City,,False,False
2026-09-24,Belle,,Cuba,,False,False
2026-09-24,Caruthersville,,Delta (Deering),,False,False
2026-09-24,Sarcoxie,,Diamond,,False,False
2026-09-24,Greenville,,Doniphan,,False,False
2026-09-24,Lakeland,,Drexel,,False,False
2026-09-24,Central (Kansas City),,East (Kansas City),,False,False
2026-09-24,West Platte,,East Buchanan,,False,False
2026-09-24,Aurora,,East Newton,,False,False
2026-09-24,Seckman,,Eureka,,False,False
2026-09-24,Hurley,,Everton,,False,False
2026-09-24,Van Horn,,Excelsior Springs,,False,False
2026-09-24,Marion C. Early,,Exeter,,False,False
2026-09-24,Hollister,,Fair Grove,,False,False
2026-09-24,Lindbergh,,Festus,,False,False
2026-09-24,Clayton,,Fox,,False,False
2026-09-24,Marquette,,Francis Howell Central,,False,False
2026-09-24,Potosi,,Fredericktown,,False,False
2026-09-24,Washington,,Ft. Zumwalt East,,False,False
2026-09-24,St. Charles West,,Ft. Zumwalt South,,False,False
2026-09-24,Lutie,,Gainesville,,False,False
2026-09-24,Greenfield,,Golden City,,False,False
2026-09-24,Belton,,Grain Valley,,False,False
2026-09-24,Spokane,,Greenwood,,False,False
2026-09-24,Blair Oaks,,Hallsville,,False,False
2026-09-24,Kirksville,,Hannibal,,False,False
2026-09-24,Summit Christian Academy,,Harrisonville,,False,False
2026-09-24,McCluer,,Hazelwood Central,,False,False
2026-09-24,McCluer North,,Hazelwood East,,False,False
2026-09-24,Windsor (Imperial),,Hillsboro,,False,False
2026-09-24,Lexington,,Holden,,False,False
2026-09-24,Ft. Zumwalt West,,Holt,,False,False
2026-09-24,Villa Duchesne,,Incarnate Word Academy,,False,False
2026-09-24,Arcadia Valley,,Jefferson (Festus),,False,False
2026-09-24,STEAM Academy,,Jennings,,False,False
2026-09-24,Principia,,John Burroughs,,False,False
2026-09-24,Kickapoo,,Joplin,,False,False
2026-09-24,Valley,,Kingston,,False,False
2026-09-24,Cole Camp,,La Monte,,False,False
2026-09-24,Mehlville,,Ladue Horton Watkins,,False,False
2026-09-24,Richmond,,Lafayette County,,False,False
2026-09-24,Seymour,,Laquey,,False,False
2026-09-24,North Platte,,Lathrop,,False,False
2026-09-24,Penney,,Lawson,,False,False
2026-09-24,Raymore-Peculiar,,Lee's Summit,,False,False
2026-09-24,Liberty North,,Lee's Summit West,,False,False
2026-09-24,Zalma,,Leopold,,False,False
2026-09-24,Archie,,Liberal,,False,False
2026-09-24,Park Hill,,Liberty,,False,False
2026-09-24,Willow Springs,,Liberty (Mountain View),,False,False
2026-09-24,Timberland,,Liberty (Wentzville),,False,False
2026-09-24,University City,,Lift for Life Academy Charter,,False,False
2026-09-24,Centralia,,Linn,,False,False
2026-09-24,Pierce City,,Lockwood,,False,False
2026-09-24,Crossroads College Preparatory,,Lutheran North,,False,False
2026-09-24,Lutheran St. Charles,,Lutheran South,,False,False
2026-09-24,Bloomfield,,Malden,,False,False
2026-09-24,Conway,,Mansfield,,False,False
2026-09-24,Stockton,,Marionville,,False,False
2026-09-24,Monett,,McDonald County,,False,False
2026-09-24,Bowling Green,,Mexico,,False,False
2026-09-24,Kingsville,,Miami (Amoret),,False,False
2026-09-24,Orchard Farm,,MICDS,,False,False
2026-09-24,Plattsburg,,Mid-Buchanan,,False,False
2026-09-24,Wright City,,Montgomery County,,False,False
2026-09-24,Union Star with King City,,Mound City,,False,False
2026-09-24,Licking,,Mountain Grove,,False,False
2026-09-24,Lamar,,Mt. Vernon,,False,False
2026-09-24,Lebanon,,Neosho,,False,False
2026-09-24,Cassville,,Nevada,,False,False
2026-09-24,Parkview,,New Covenant Academy,,False,False
2026-09-24,Hermann,,New Haven,,False,False
2026-09-24,Bradleyville,,Niangua,,False,False
2026-09-24,Central (Park Hills),,North County,,False,False
2026-09-24,Tarkio with Fairfax,,North Nodaway,,False,False
2026-09-24,Parkway South,,Northwest (Cedar Hill),,False,False
2026-09-24,St. Joseph's Academy,,Notre Dame (St. Louis),,False,False
2026-09-24,Center,,Oak Grove,,False,False
2026-09-24,Warrensburg,,Odessa,,False,False
2026-09-24,Leeton with Chilhowee,,Orrick,,False,False
2026-09-24,Appleton City with Montrose,,Osceola,,False,False
2026-09-24,Northwest (Hughesville),,Otterville,,False,False
2026-09-24,St. Clair,,Owensville,,False,False
2026-09-24,Union,,Pacific,,False,False
2026-09-24,Ritenour,,Parkway North,,False,False
2026-09-24,Lincoln College Prep,,Pembroke Hill,,False,False
2026-09-24,Herculaneum,,Perryville,,False,False
2026-09-24,Truman,,Platte County,,False,False
2026-09-24,Clinton,,Pleasant Hill,,False,False
2026-09-24,Kennett,,Poplar Bluff,,False,False
2026-09-24,McAuley Catholic,,Purdy,,False,False
2026-09-24,Oak Ridge,,Puxico,,False,False
2026-09-24,Nixa,,Republic,,False,False
2026-09-24,Midway,,Rich Hill,,False,False
2026-09-24,Wellington-Napoleon,,Rock Port,,False,False
2026-09-24,Calvary Lutheran,,Russellville,,False,False
2026-09-24,Houston,,Salem,,False,False
2026-09-24,Gloria Deo Academy,,School of the Ozarks,,False,False
2026-09-24,Twin Rivers,,Senath-Hornersville,,False,False
2026-09-24,El Dorado Springs,,Sherwood,,False,False
2026-09-24,Scott City,,Sikeston,,False,False
2026-09-24,Lincoln,,Smithton,,False,False
2026-09-24,Park Hill South,,Smithville,,False,False
2026-09-24,Fulton,,Southern Boone,,False,False
2026-09-24,Thomas Jefferson Independent Day,,Southwest (Washburn),,False,False
2026-09-24,Billings,,Sparta,,False,False
2026-09-24,Reeds Spring,,Springfield Catholic,,False,False
2026-09-24,Veritas Christian Academy,,St. Charles,,False,False
2026-09-24,Boonville,,St. Paul Lutheran (Concordia),,False,False
2026-09-24,Grandview (Hillsboro),,St. Vincent,,False,False
2026-09-24,Blue Springs South,,Staley,,False,False
2026-09-24,Farmington,,Ste. Genevieve,,False,False
2026-09-24,Green Ridge,,Stover,,False,False
2026-09-24,Buffalo,,Strafford,,False,False
2026-09-24,St. James,,Sullivan,,False,False
2026-09-24,Lone Jack,,Sweet Springs,,False,False
2026-09-24,Maysville,,Trenton,,False,False
2026-09-24,Van Horn,,University Academy Charter,,False,False
2026-09-24,Nerinx Hall,,Visitation Academy,,False,False
2026-09-24,Francis Howell North,,Warrenton,,False,False
2026-09-24,Waynesville,,Webb City,,False,False
2026-09-24,South Holt with Craig,,West Nodaway with Nodaway-Holt,,False,False
2026-09-24,Logan-Rogersville,,West Plains,,False,False
2026-09-24,Verona,,Wheaton,,False,False
2026-09-24,Glendale,,Willard,,False,False
2026-09-24,Raytown,,William Chrisman,,False,False
2026-09-24,Sacred Heart,,Windsor,,False,False
2026-09-24,Kearney,,Winnetonka,,False,False
2026-09-24,Meadow Heights,,Woodland,,False,False
2026-09-25,Meadow Heights,,Advance,,False,False
2026-09-25,West County,,Arcadia Valley,,False,False
2026-09-25,Lutie,,Bradleyville,,False,False
2026-09-25,Valley Park,,Brentwood,,False,False
2026-09-25,Guadalupe Centers Charter,,Cristo Rey,,False,False
2026-09-25,Bayless,,Crossroads College Preparatory,,False,False
2026-09-25,Webster Groves,,Francis Howell,,False,False
2026-09-25,Miami (Amoret),,Golden City,,False,False
2026-09-25,New Covenant Academy,,Greenwood,,False,False
2026-09-25,Westminster Christian Academy,,Ladue Horton Watkins,,False,False
2026-09-25,Prairie Home,,Leeton with Chilhowee,,False,False
2026-09-25,Winfield,,Montgomery County,,False,False
2026-09-25,Christian Fellowship Sr.,,New Bloomfield,,False,False
2026-09-25,Hurley,,Northeast Vernon County,,False,False
2026-09-25,Lutheran St. Charles,,Parkway West,,False,False
2026-09-25,Sheldon,,Purdy,,False,False
2026-09-25,Crane,,School of the Ozarks,,False,False
2026-09-25,Puxico,,Twin Rivers,,False,False
2026-09-25,Cor Jesu Academy,,Villa Duchesne,,False,False
2026-09-25,Kelly,,Zalma,,False,False
2026-09-26,Central (Cape Girardeau),,Advance,,False,False
2026-09-26,Portageville,,Advance,,False,False
2026-09-26,Rock Bridge,,Blue Springs,,False,False
2026-09-26,Liberty (Wentzville),,Blue Springs,,False,False
2026-09-26,Hickman,,Blue Springs,,False,False
2026-09-26,Westminster Christian Academy,,Blue Springs,,False,False
2026-09-26,Portageville,,Central (Cape Girardeau),,False,False
2026-09-26,West Plains,,Central (Cape Girardeau),,False,False
2026-09-26,Linn,,Centralia,,False,False
2026-09-26,Webster Groves,,Francis Howell,,False,False
2026-09-26,Rock Bridge,,Grain Valley,,False,False
2026-09-26,Valle Catholic,,Hannibal,,False,False
2026-09-26,Nixa,,Jackson,,False,False
2026-09-26,Lafayette (Wildwood),,Jackson,,False,False
2026-09-26,MICDS,,John Burroughs,,False,False
2026-09-26,St. Dominic,,Lafayette (Wildwood),,False,False
2026-09-26,Nixa,,Lafayette (Wildwood),,False,False
2026-09-26,Bismarck,,Leopold,,False,False
2026-09-26,Ellington,,Leopold,,False,False
2026-09-26,Father Tolton,,Linn,,False,False
2026-09-26,St. Dominic,,Nixa,,False,False
2026-09-26,STEAM Academy,,North Callaway,,False,False
2026-09-26,Winfield,,North Callaway,,False,False
2026-09-26,West Plains,,Notre Dame (Cape Girardeau),,False,False
2026-09-26,North Point,,Rock Bridge,,False,False
2026-09-26,Jackson,,St. Dominic,,False,False
2026-09-26,Saxony Lutheran,,West Plains,,False,False
2026-09-26,Rock Bridge,,Westminster Christian Academy,,False,False
2026-09-26,Valle Catholic,,Windsor (Imperial),,False,False
2026-09-26,Hannibal,,Windsor (Imperial),,False,False
2026-09-28,Marion C. Early,,Ash Grove,,False,False
2026-09-28,East Buchanan,,Bishop LeBlond,,False,False
2026-09-28,Southern Boone,,Blair Oaks,,False,False
2026-09-28,Trenton,,Brookfield,,False,False
2026-09-28,New Bloomfield,,Bunceton,,False,False
2026-09-28,Hallsville,,California,,False,False
2026-09-28,Prairie Home,,Calvary Lutheran,,False,False
2026-09-28,Carrollton,,Cameron,,False,False
2026-09-28,Warrensburg,,Capital City,,False,False
2026-09-28,Guadalupe Centers Charter,,Central (Kansas City),,False,False
2026-09-28,North Pemiscot,,Central (New Madrid County),,False,False
2026-09-28,West County,,Central (Park Hills),,False,False
2026-09-28,Dixon,,Chamois,,False,False
2026-09-28,Marshall,,Chillicothe,,False,False
2026-09-28,Bell City,,Clarkton,,False,False
2026-09-28,Metro,,Collegiate School of Med-Bio Science,,False,False
2026-09-28,Perryville,,DeSoto,,False,False
2026-09-28,Bloomfield,,Dexter,,False,False
2026-09-28,Cabool,,Dora,,False,False
2026-09-28,Lebanon,,Eldon,,False,False
2026-09-28,Houston,,Eminence,,False,False
2026-09-28,Fatima,,Father Tolton,,False,False
2026-09-28,Springfield Catholic,,Forsyth,,False,False
2026-09-28,Seckman,,Fox,,False,False
2026-09-28,Pattonville,,Francis Howell Central,,False,False
2026-09-28,St. Charles West,,Ft. Zumwalt East,,False,False
2026-09-28,Ft. Zumwalt North,,Ft. Zumwalt West,,False,False
2026-09-28,McKinley Classical Leadership,,Gateway with Soldan International Studies,,False,False
2026-09-28,Central (Springfield),,Glendale,,False,False
2026-09-28,New Heights Christian,,Golden City,,False,False
2026-09-28,Appleton City with Montrose,,Green Ridge,,False,False
2026-09-28,Pleasant Hope,,Greenfield,,False,False
2026-09-28,Clearwater,,Greenville,,False,False
2026-09-28,Chadwick,,Greenwood,,False,False
2026-09-28,Hazelwood Central,,Hazelwood East,,False,False
2026-09-28,Reeds Spring,,Hillcrest,,False,False
2026-09-28,Exeter,,Hurley,,False,False
2026-09-28,Rockwood Summit,,Incarnate Word Academy,,False,False
2026-09-28,Bernie,,Kennett,,False,False
2026-09-28,Crystal City,,Kingston,,False,False
2026-09-28,Orrick,,Kingsville,,False,False
2026-09-28,East (Kansas City),,KIPP KC Legacy,,False,False
2026-09-28,Nerinx Hall,,Kirkwood,,False,False
2026-09-28,Lexington,,Lafayette County,,False,False
2026-09-28,Liberal,,Lakeland,,False,False
2026-09-28,Conway,,Laquey,,False,False
2026-09-28,Concordia,,Lincoln,,False,False
2026-09-28,Lutheran North,,Lutheran St. Charles,,False,False
2026-09-28,North Nodaway,,Maysville,,False,False
2026-09-28,Jennings,,McCluer,,False,False
2026-09-28,University City,,McCluer North,,False,False
2026-09-28,Fredericktown,,Meadow Heights,,False,False
2026-09-28,Boonville,,Mexico,,False,False
2026-09-28,Webster Groves,,MICDS,,False,False
2026-09-28,Warrenton,,Montgomery County,,False,False
2026-09-28,Aurora,,New Covenant Academy,,False,False
2026-09-28,Seymour,,Niangua,,False,False
2026-09-28,Russellville,,North Callaway,,False,False
2026-09-28,Staley,,North Kansas City,,False,False
2026-09-28,Purdy,,Northeast Vernon County,,False,False
2026-09-28,Mid-Buchanan,,Northland Christian,,False,False
2026-09-28,Bayless,,Notre Dame (St. Louis),,False,False
2026-09-28,Winnetonka,,Oak Park,,False,False
2026-09-28,Woodland,,Oak Ridge,,False,False
2026-09-28,Westminster Christian Academy,,Parkway Central,,False,False
2026-09-28,Ladue Horton Watkins,,Parkway North,,False,False
2026-09-28,Ursuline Academy,,Parkway West,,False,False
2026-09-28,Southeast,,Paseo Academy,,False,False
2026-09-28,Mansfield,,Plato,,False,False
2026-09-28,Malden,,Puxico,,False,False
2026-09-28,Campbell,,Richland (Essex),,False,False
2026-09-28,Knob Noster,,Richmond,,False,False
2026-09-28,East Prairie,,Risco,,False,False
2026-09-28,St. Clair,,Salem,,False,False
2026-09-28,Jackson,,Saxony Lutheran,,False,False
2026-09-28,Leopold,,Scott City,,False,False
2026-09-28,Hume,,Sheldon,,False,False
2026-09-28,Portageville,,Sikeston,,False,False
2026-09-28,Eugene,,Smithton,,False,False
2026-09-28,Park Hill South,,Smithville,,False,False
2026-09-28,Hayti,,South Pemiscot,,False,False
2026-09-28,Gideon,,Southland,,False,False
2026-09-28,Lathrop,,St. Joseph Christian,,False,False
2026-09-28,Marquette,,St. Joseph's Academy,,False,False
2026-09-28,University Academy Charter,,St. Michael the Archangel,,False,False
2026-09-28,Butler,,Stockton,,False,False
2026-09-28,Logan-Rogersville,,Strafford,,False,False
2026-09-28,St. Paul Lutheran (Concordia),,Sweet Springs,,False,False
2026-09-28,Koshkonong,,Thayer,,False,False
2026-09-28,Cole Camp,,Tipton,,False,False
2026-09-28,Caruthersville,,Twin Rivers,,False,False
2026-09-28,Potosi,,Valle Catholic,,False,False
2026-09-28,Grandview (Hillsboro),,Valley,,False,False
2026-09-28,Miller Career Academy,,Vashon,,False,False
2026-09-28,Smith-Cotton,,Versailles,,False,False
2026-09-28,Duchesne,,Villa Duchesne,,False,False
2026-09-28,South Harrison,,West Nodaway with Nodaway-Holt,,False,False
2026-09-28,Jasper,,Wheaton,,False,False
2026-09-28,Bishop DuBourg,,Windsor (Imperial),,False,False
2026-09-28,Lesterville,,Winona,,False,False
2026-09-28,Centralia,,Wright City,,False,False
2026-09-29,El Dorado Springs,,Adrian,,False,False
2026-09-29,Dexter,,Advance,,False,False
2026-09-29,Archie,,Appleton City with Montrose,,False,False
2026-09-29,Marionville,,Ash Grove,,False,False
2026-09-29,Summersville,,Bakersfield,,False,False
2026-09-29,Bronaugh,,Ballard,,False,False
2026-09-29,Brentwood,,Bayless,,False,False
2026-09-29,Woodland,,Bell City,,False,False
2026-09-29,Viburnum,,Belle,,False,False
2026-09-29,Grandview,,Belton,,False,False
2026-09-29,Lawson,,Benton,,False,False
2026-09-29,Warrensburg,,Benton,,False,False
2026-09-29,Risco,,Bernie,,False,False
2026-09-29,Verona,,Billings,,False,False
2026-09-29,Cardinal Ritter,,Bishop DuBourg,,False,False
2026-09-29,Kingston,,Bismarck,,False,False
2026-09-29,Fulton,,Blair Oaks,,False,False
2026-09-29,Greenville,,Bloomfield,,False,False
2026-09-29,Sparta,,Blue Eye,,False,False
2026-09-29,Christian Fellowship Sr.,,Boonville,,False,False
2026-09-29,Plato,,Bourbon,,False,False
2026-09-29,Gloria Deo Academy,,Bradleyville,,False,False
2026-09-29,Clearwater,,Bunker,,False,False
2026-09-29,Southern Boone,,California,,False,False
2026-09-29,Jefferson City,,Camdenton,,False,False
2026-09-29,Hillcrest,,Carl Junction,,False,False
2026-09-29,Lamar,,Cassville,,False,False
2026-09-29,Clinton,,Center,,False,False
2026-09-29,Portageville,,Central (New Madrid County),,False,False
2026-09-29,Fair Grove,,Clever,,False,False
2026-09-29,Otterville,,Cole Camp,,False,False
2026-09-29,Gateway Science Charter,,Confluence Prep Academy Charter with Grand Center Arts Charter,,False,False
2026-09-29,South Pemiscot,,Cooter,,False,False
2026-09-29,Hancock,,Crossroads College Preparatory,,False,False
2026-09-29,Cristo Rey,,Crossroads Prep Charter,,False,False
2026-09-29,Ft. Zumwalt South,,Duchesne,,False,False
2026-09-29,McDonald County,,East Newton,,False,False
2026-09-29,Malden,,East Prairie,,False,False
2026-09-29,Doniphan,,Ellington,,False,False
2026-09-29,Versailles,,Eugene,,False,False
2026-09-29,Lindbergh,,Eureka,,False,False
2026-09-29,Ewing Marion Kauffman,,Faith Christian Academy,,False,False
2026-09-29,Potosi,,Farmington,,False,False
2026-09-29,Hillsboro,,Festus,,False,False
2026-09-29,Ft. Zumwalt West,,Francis Howell,,False,False
2026-09-29,Liberty (Wentzville),,Francis Howell North,,False,False
2026-09-29,Central (Park Hills),,Fredericktown,,False,False
2026-09-29,North Point,,Ft. Zumwalt East,,False,False
2026-09-29,Timberland,,Ft. Zumwalt North,,False,False
2026-09-29,Campbell,,Gideon,,False,False
2026-09-29,Republic,,Glendale,,False,False
2026-09-29,Raytown,,Grain Valley,,False,False
2026-09-29,La Monte,,Green Ridge,,False,False
2026-09-29,Greenwood,,Greenfield,,False,False
2026-09-29,Academie Lafayette,,Guadalupe Centers Charter,,False,False
2026-09-29,Centralia,,Hallsville,,False,False
2026-09-29,Smith-Cotton,,Hickman,,False,False
2026-09-29,Caruthersville,,Holcomb,,False,False
2026-09-29,Lafayette County,,Holden,,False,False
2026-09-29,Buffalo,,Hollister,,False,False
2026-09-29,Mountain Grove,,Houston,,False,False
2026-09-29,Mansfield,,Hurley,,False,False
2026-09-29,Oakville,,Jackson,,False,False
2026-09-29,Drexel,,Jasper,,False,False
2026-09-29,Crystal City,,Jefferson (Festus),,False,False
2026-09-29,Ruskin,,Kearney,,False,False
2026-09-29,Webb City,,Kickapoo,,False,False
2026-09-29,Chillicothe,,Kirksville,,False,False
2026-09-29,John Burroughs,,Ladue Horton Watkins,,False,False
2026-09-29,Excelsior Springs,,Lathrop,,False,False
2026-09-29,Warrensburg,,Lawson,,False,False
2026-09-29,Willard,,Lebanon,,False,False
2026-09-29,Central (St. Joseph),,Lee's Summit North,,False,False
2026-09-29,Knob Noster,,Lexington,,False,False
2026-09-29,Ava,,Liberty (Mountain View),,False,False
2026-09-29,Staley,,Liberty North,,False,False
2026-09-29,Steelville,,Licking,,False,False
2026-09-29,McCluer,,Lift for Life Academy Charter,,False,False
2026-09-29,Stover,,Lincoln,,False,False
2026-09-29,Capital City,,Linn,,False,False
2026-09-29,Branson,,Logan-Rogersville,,False,False
2026-09-29,Sherwood,,Lutheran (Kansas City),,False,False
2026-09-29,Couch,,Lutie,,False,False
2026-09-29,Valley Park,,Maplewood-Richmond Hts.,,False,False
2026-09-29,Everton,,Marion C. Early,,False,False
2026-09-29,Wheaton,,McAuley Catholic,,False,False
2026-09-29,Chamois,,Mexico,,False,False
2026-09-29,Lutheran South,,MICDS,,False,False
2026-09-29,Osceola,,Midway,,False,False
2026-09-29,New Covenant Academy,,Miller,,False,False
2026-09-29,Mt. Vernon,,Monett,,False,False
2026-09-29,Osage,,North Callaway,,False,False
2026-09-29,Orrick,,North Platte,,False,False
2026-09-29,Southeast,,Northeast (Kansas City),,False,False
2026-09-29,Miami (Amoret),,Northeast Vernon County,,False,False
2026-09-29,Windsor,,Northwest (Hughesville),,False,False
2026-09-29,Cor Jesu Academy,,Notre Dame (St. Louis),,False,False
2026-09-29,Park Hill,,Oak Park,,False,False
2026-09-29,Kelly,,Oak Ridge,,False,False
2026-09-29,Oak Grove,,Odessa,,False,False
2026-09-29,Joplin,,Ozark,,False,False
2026-09-29,Liberty,,Park Hill South,,False,False
2026-09-29,Rolla,,Parkview,,False,False
2026-09-29,Affton,,Parkway North,,False,False
2026-09-29,Fox,,Parkway South,,False,False
2026-09-29,Rockwood Summit,,Parkway West,,False,False
2026-09-29,Lincoln College Prep,,Paseo Academy,,False,False
2026-09-29,Northwest (Cedar Hill),,Pattonville,,False,False
2026-09-29,Summit Christian Academy,,Pembroke Hill,,False,False
2026-09-29,Brookfield,,Penney,,False,False
2026-09-29,Diamond,,Pierce City,,False,False
2026-09-29,Fort Osage,,Platte County,,False,False
2026-09-29,South Harrison,,Plattsburg,,False,False
2026-09-29,Harrisonville,,Pleasant Hill,,False,False
2026-09-29,Central (Cape Girardeau),,Poplar Bluff,,False,False
2026-09-29,Rosati-Kain,,Principia,,False,False
2026-09-29,Crane,,Purdy,,False,False
2026-09-29,Lee's Summit West,,Raymore-Peculiar,,False,False
2026-09-29,Strafford,,Reeds Spring,,False,False
2026-09-29,Carrollton,,Richmond,,False,False
2026-09-29,Hazelwood West,,Ritenour,,False,False
2026-09-29,Helias Catholic,,Rock Bridge,,False,False
2026-09-29,Mound City,,Rock Port,,False,False
2026-09-29,Smithton,,Sacred Heart,,False,False
2026-09-29,Cabool,,Salem,,False,False
2026-09-29,Wellington-Napoleon,,Santa Fe,,False,False
2026-09-29,Skyline,,Sarcoxie,,False,False
2026-09-29,Galena,,School of the Ozarks,,False,False
2026-09-29,Charleston,,Scott City,,False,False
2026-09-29,Nevada,,Seneca,,False,False
2026-09-29,Puxico,,Sikeston,,False,False
2026-09-29,Raytown South,,Smithville,,False,False
2026-09-29,North Nodaway,,South Holt with Craig,,False,False
2026-09-29,Eminence,,South Iron,,False,False
2026-09-29,Clarkton,,Southland,,False,False
2026-09-29,New Heights Christian,,Southwest (Washburn),,False,False
2026-09-29,Pleasant Hope,,Spokane,,False,False
2026-09-29,Holt,,St. Charles,,False,False
2026-09-29,Montgomery County,,St. Clair,,False,False
2026-09-29,Nerinx Hall,,St. Dominic,,False,False
2026-09-29,Cuba,,St. James,,False,False
2026-09-29,West Platte,,St. Joseph Christian,,False,False
2026-09-29,Incarnate Word Academy,,St. Joseph's Academy,,False,False
2026-09-29,Lone Jack,,St. Paul Lutheran (Concordia),,False,False
2026-09-29,Herculaneum,,St. Vincent,,False,False
2026-09-29,North County,,Ste. Genevieve,,False,False
2026-09-29,Lockwood,,Stockton,,False,False
2026-09-29,Fatima,,Sullivan,,False,False
2026-09-29,Crest Ridge,,Sweet Springs,,False,False
2026-09-29,Union Star with King City,,Tarkio with Fairfax,,False,False
2026-09-29,Willow Springs,,Thayer,,False,False
2026-09-29,Francis Howell Central,,Troy Buchanan,,False,False
2026-09-29,Richland (Essex),,Twin Rivers,,False,False
2026-09-29,Battle,,Union,,False,False
2026-09-29,East (Kansas City),,University Academy Charter,,False,False
2026-09-29,Arcadia Valley,,Valley,,False,False
2026-09-29,Visitation Academy,,Villa Duchesne,,False,False
2026-09-29,St. Charles West,,Warrenton,,False,False
2026-09-29,Conway,,Warsaw,,False,False
2026-09-29,Carthage,,Waynesville,,False,False
2026-09-29,Valle Catholic,,West County,,False,False
2026-09-29,Bolivar,,West Plains,,False,False
2026-09-29,Ursuline Academy,,Westminster Christian Academy,,False,False
2026-09-29,Veritas Christian Academy,,Whitfield,,False,False
2026-09-29,Truman,,William Chrisman,,False,False
2026-09-29,DeSoto,,Windsor (Imperial),,False,False
2026-09-29,Orchard Farm,,Winfield,,False,False
2026-09-29,North Kansas City,,Winnetonka,,False,False
2026-09-29,Meadow Heights,,Zalma,,False,False
2026-09-30,Valley Park,,Crystal City,,False,False
2026-09-30,Northeast (Kansas City),,East (Kansas City),,False,False
2026-09-30,Kearney,,Excelsior Springs,,False,False
2026-09-30,Helias Catholic,,Father Tolton,,False,False
2026-09-30,Hannibal,,Francis Howell,,False,False
2026-09-30,Francis Howell North,,Francis Howell Central,,False,False
2026-09-30,Miller Career Academy,,Gateway with Soldan International Studies,,False,False
2026-09-30,Caruthersville,,Hayti,,False,False
2026-09-30,Jennings,,Hazelwood Central,,False,False
2026-09-30,Frontier STEM,,Hogan Prep Academy Charter,,False,False
2026-09-30,Lakeland,,Hume,,False,False
2026-09-30,Notre Dame (St. Louis),,Incarnate Word Academy,,False,False
2026-09-30,Sweet Springs,,Kingsville,,False,False
2026-09-30,Seckman,,Kirkwood,,False,False
2026-09-30,Crest Ridge,,Leeton with Chilhowee,,False,False
2026-09-30,St. Paul Lutheran (Farmington),,Leopold,,False,False
2026-09-30,Blue Springs South,,Liberty North,,False,False
2026-09-30,Warrensburg,,Lincoln College Prep,,False,False
2026-09-30,Marquette,,Lindbergh,,False,False
2026-09-30,Affton,,Lutheran South,,False,False
2026-09-30,Metro,,McKinley Classical Leadership,,False,False
2026-09-30,Oran,,Meadow Heights,,False,False
2026-09-30,Windsor (Imperial),,Mehlville,,False,False
2026-09-30,Neosho,,Nixa,,False,False
2026-09-30,Webster Groves,,Parkway South,,False,False
2026-09-30,North County,,Perryville,,False,False
2026-09-30,McAuley Catholic,,Rich Hill,,False,False
2026-09-30,Santa Fe,,Sacred Heart,,False,False
2026-09-30,Festus,,St. Clair,,False,False
2026-09-30,Lafayette (Wildwood),,St. Dominic,,False,False
2026-09-30,St. Pius X (Kansas City),,St. Michael the Archangel,,False,False
2026-09-30,St. Pius X (Festus),,St. Vincent,,False,False
2026-09-30,McCluer North,,STEAM Academy,,False,False
2026-09-30,Hazelwood East,,University City,,False,False
2026-09-30,Arcadia Valley,,Valle Catholic,,False,False
2026-09-30,Oak Grove,,Van Horn,,False,False
2026-09-30,Confluence Prep Academy Charter with Grand Center Arts Charter,,Vashon,,False,False
2026-09-30,Warsaw,,Windsor,,False,False
2026-09-30,Veritas Christian Academy,,Wright City,,False,False
2026-10-01,Northwest (Cedar Hill),,Affton,,False,False
2026-10-01,Jasper,,Archie,,False,False
2026-10-01,Pierce City,,Ash Grove,,False,False
2026-10-01,McDonald County,,Aurora,,False,False
2026-10-01,Van Horn,,Barstow,,False,False
2026-10-01,Lutheran North,,Bayless,,False,False
2026-10-01,Risco,,Bell City,,False,False
2026-10-01,Benton,,Bishop LeBlond,,False,False
2026-10-01,Valley,,Bismarck,,False,False
2026-10-01,Fatima,,Blair Oaks,,False,False
2026-10-01,Woodland,,Bloomfield,,False,False
2026-10-01,Lee's Summit,,Blue Springs,,False,False
2026-10-01,Carl Junction,,Bolivar,,False,False
2026-10-01,Fulton,,Boonville,,False,False
2026-10-01,North Callaway,,Bowling Green,,False,False
2026-10-01,West Plains,,Branson,,False,False
2026-10-01,Northeast Vernon County,,Bronaugh,,False,False
2026-10-01,Clever,,Buffalo,,False,False
2026-10-01,Prairie Home,,Bunceton,,False,False
2026-10-01,Doniphan,,Bunker,,False,False
2026-10-01,Liberty (Mountain View),,Cabool,,False,False
2026-10-01,Russellville,,California,,False,False
2026-10-01,Columbia Independent,,Calvary Lutheran,,False,False
2026-10-01,Battle,,Capital City,,False,False
2026-10-01,Principia,,Cardinal Ritter,,False,False
2026-10-01,Webb City,,Carthage,,False,False
2026-10-01,Harrisonville,,Center,,False,False
2026-10-01,Farmington,,Central (Park Hills),,False,False
2026-10-01,Logan-Rogersville,,Central (Springfield),,False,False
2026-10-01,Kearney,,Central (St. Joseph),,False,False
2026-10-01,Sparta,,Chadwick,,False,False
2026-10-01,Hermann,,Chamois,,False,False
2026-10-01,Cameron,,Chillicothe,,False,False
2026-10-01,Hallsville,,Christian Fellowship Sr.,,False,False
2026-10-01,Ritenour,,Clayton,,False,False
2026-10-01,Maplewood-Richmond Hts.,,Collegiate School of Med-Bio Science,,False,False
2026-10-01,Nerinx Hall,,Cor Jesu Academy,,False,False
2026-10-01,Summersville,,Couch,,False,False
2026-10-01,Spokane,,Crane,,False,False
2026-10-01,Paseo Academy,,Crossroads Prep Charter,,False,False
2026-10-01,Meadow Heights,,Crystal City,,False,False
2026-10-01,Skyline,,Diamond,,False,False
2026-10-01,Bourbon,,Dixon,,False,False
2026-10-01,Bakersfield,,Dora,,False,False
2026-10-01,Oak Ridge,,East Prairie,,False,False
2026-10-01,Sheldon,,Everton,,False,False
2026-10-01,Academie Lafayette,,Ewing Marion Kauffman,,False,False
2026-10-01,Purdy,,Exeter,,False,False
2026-10-01,Kingsville,,Faith Christian Academy,,False,False
2026-10-01,Blue Eye,,Fordland,,False,False
2026-10-01,Belton,,Fort Osage,,False,False
2026-10-01,Pattonville,,Fox,,False,False
2026-10-01,Liberty (Wentzville),,Francis Howell,,False,False
2026-10-01,Lutheran St. Charles,,Francis Howell North,,False,False
2026-10-01,Ft. Zumwalt South,,Ft. Zumwalt North,,False,False
2026-10-01,Troy Buchanan,,Ft. Zumwalt West,,False,False
2026-10-01,Conway,,Gainesville,,False,False
2026-10-01,Billings,,Galena,,False,False
2026-10-01,Malden,,Gideon,,False,False
2026-10-01,Nixa,,Glendale,,False,False
2026-10-01,Gloria Deo Academy,,Golden City,,False,False
2026-10-01,McKinley Classical Leadership,,Hancock,,False,False
2026-10-01,Cooter,,Hayti,,False,False
2026-10-01,Parkway North,,Hazelwood West,,False,False
2026-10-01,Marshfield,,Hillcrest,,False,False
2026-10-01,Frontier STEM,,Hogan Prep Academy Charter,,False,False
2026-10-01,North Pemiscot,,Holcomb,,False,False
2026-10-01,Thayer,,Houston,,False,False
2026-10-01,Lift for Life Academy Charter,,Jefferson (Festus),,False,False
2026-10-01,Rolla,,Jefferson City,,False,False
2026-10-01,Neosho,,Joplin,,False,False
2026-10-01,West County,,Kingston,,False,False
2026-10-01,Lafayette County,,Knob Noster,,False,False
2026-10-01,Seymour,,Koshkonong,,False,False
2026-10-01,Lincoln,,La Monte,,False,False
2026-10-01,Seneca,,Lamar,,False,False
2026-10-01,Plattsburg,,Lawson,,False,False
2026-10-01,Kickapoo,,Lebanon,,False,False
2026-10-01,St. Teresa's Academy,,Lee's Summit West,,False,False
2026-10-01,South Iron,,Lesterville,,False,False
2026-10-01,Carrollton,,Lexington,,False,False
2026-10-01,Rich Hill,,Liberal,,False,False
2026-10-01,Oak Park,,Liberty,,False,False
2026-10-01,Warrensburg,,Lincoln College Prep,,False,False
2026-10-01,Miller,,Lockwood,,False,False
2026-10-01,Sherwood,,Lone Jack,,False,False
2026-10-01,Concordia,,Lutheran (Kansas City),,False,False
2026-10-01,Gloria Deo Academy,,Lutie,,False,False
2026-10-01,Bradleyville,,Mansfield,,False,False
2026-10-01,Sarcoxie,,Marionville,,False,False
2026-10-01,Lafayette (Wildwood),,Marquette,,False,False
2026-10-01,Kirksville,,Marshall,,False,False
2026-10-01,Savannah,,Maryville,,False,False
2026-10-01,Verona,,McAuley Catholic,,False,False
2026-10-01,McCluer North,,McCluer,,False,False
2026-10-01,Ballard,,Miami (Amoret),,False,False
2026-10-01,East Buchanan,,Mid-Buchanan,,False,False
2026-10-01,Appleton City with Montrose,,Midway,,False,False
2026-10-01,Cassville,,Monett,,False,False
2026-10-01,Mexico,,Montgomery County,,False,False
2026-10-01,South Holt with Craig,,Mound City,,False,False
2026-10-01,Ava,,Mountain Grove,,False,False
2026-10-01,East Newton,,Mt. Vernon,,False,False
2026-10-01,Eugene,,New Bloomfield,,False,False
2026-10-01,Thomas Jefferson Independent Day,,New Heights Christian,,False,False
2026-10-01,Fredericktown,,North County,,False,False
2026-10-01,Park Hill South,,North Kansas City,,False,False
2026-10-01,Penney,,North Platte,,False,False
2026-10-01,Timberland,,North Point,,False,False
2026-10-01,Central (Kansas City),,Northeast (Kansas City),,False,False
2026-10-01,Metro,,Notre Dame (St. Louis),,False,False
2026-10-01,Kirkwood,,Oakville,,False,False
2026-10-01,St. Charles West,,Orchard Farm,,False,False
2026-10-01,Eldon,,Osage,,False,False
2026-10-01,Drexel,,Osceola,,False,False
2026-10-01,Green Ridge,,Otterville,,False,False
2026-10-01,Waynesville,,Ozark,,False,False
2026-10-01,Lee's Summit North,,Park Hill,,False,False
2026-10-01,Mehlville,,Parkway Central,,False,False
2026-10-01,Niangua,,Plato,,False,False
2026-10-01,William Chrisman,,Platte County,,False,False
2026-10-01,Stockton,,Pleasant Hope,,False,False
2026-10-01,Ste. Genevieve,,Potosi,,False,False
2026-10-01,Advance,,Puxico,,False,False
2026-10-01,Staley,,Raymore-Peculiar,,False,False
2026-10-01,Raytown South,,Raytown,,False,False
2026-10-01,Forsyth,,Reeds Spring,,False,False
2026-10-01,Holden,,Richmond,,False,False
2026-10-01,Ladue Horton Watkins,,Rockwood Summit,,False,False
2026-10-01,Whitfield,,Rosati-Kain,,False,False
2026-10-01,Winnetonka,,Ruskin,,False,False
2026-10-01,Northwest (Hughesville),,Sacred Heart,,False,False
2026-10-01,New Covenant Academy,,School of the Ozarks,,False,False
2026-10-01,Campbell,,Senath-Hornersville,,False,False
2026-10-01,Camdenton,,Smith-Cotton,,False,False
2026-10-01,Stover,,Smithton,,False,False
2026-10-01,Grandview,,Smithville,,False,False
2026-10-01,Centralia,,Southern Boone,,False,False
2026-10-01,Wheaton,,Southwest (Washburn),,False,False
2026-10-01,Fair Grove,,Springfield Catholic,,False,False
2026-10-01,Winfield,,St. Charles,,False,False
2026-10-01,Visitation Academy,,St. Joseph's Academy,,False,False
2026-10-01,Oak Grove,,St. Michael the Archangel,,False,False
2026-10-01,Warsaw,,St. Paul Lutheran (Concordia),,False,False
2026-10-01,Hazelwood East,,STEAM Academy,,False,False
2026-10-01,Cuba,,Steelville,,False,False
2026-10-01,Hollister,,Strafford,,False,False
2026-10-01,Adrian,,Summit Christian Academy,,False,False
2026-10-01,West Nodaway with Nodaway-Holt,,Tarkio with Fairfax,,False,False
2026-10-01,Linn,,Tipton,,False,False
2026-10-01,South Harrison,,Trenton,,False,False
2026-10-01,Grain Valley,,Truman,,False,False
2026-10-01,Hillsboro,,Union,,False,False
2026-10-01,Rock Port,,Union Star with King City,,False,False
2026-10-01,Villa Duchesne,,Ursuline Academy,,False,False
2026-10-01,Believe Acad Charter,,Vashon,,False,False
2026-10-01,El Dorado Springs,,Versailles,,False,False
2026-10-01,Holt,,Warrenton,,False,False
2026-10-01,Orrick,,Wellington-Napoleon,,False,False
2026-10-01,Lathrop,,West Platte,,False,False
2026-10-01,Republic,,Willard,,False,False
2026-10-01,Salem,,Willow Springs,,False,False
2026-10-01,Cole Camp,,Windsor,,False,False
2026-10-01,Licking,,Winona,,False,False
2026-10-01,Ft. Zumwalt East,,Wright City,,False,False
2026-10-02,Valley Park,,Bayless,,False,False
2026-10-02,Steelville,,Belle,,False,False
2026-10-02,Marion C. Early,,Billings,,False,False
2026-10-02,Niangua,,Blue Eye,,False,False
2026-10-02,Everton,,Chadwick,,False,False
2026-10-02,St. James,,Chamois,,False,False
2026-10-02,Holcomb,,Clarkton,,False,False
2026-10-02,Parkway South,,Clayton,,False,False
2026-10-02,Hurley,,Crane,,False,False
2026-10-02,Hogan Prep Academy Charter,,Cristo Rey,,False,False
2026-10-02,Maplewood-Richmond Hts.,,Crossroads College Preparatory,,False,False
2026-10-02,Orchard Farm,,Duchesne,,False,False
2026-10-02,Brentwood,,Gateway Science Charter,,False,False
2026-10-02,Ellington,,Greenville,,False,False
2026-10-02,Calvary Lutheran,,La Monte,,False,False
2026-10-02,Notre Dame (Cape Girardeau),,Leopold,,False,False
2026-10-02,Notre Dame (St. Louis),,Lutheran South,,False,False
2026-10-02,Vashon,,McKinley Classical Leadership,,False,False
2026-10-02,STEAM Academy,,Miller Career Academy,,False,False
2026-10-02,Advance,,Oak Ridge,,False,False
2026-10-02,Leeton with Chilhowee,,Otterville,,False,False
2026-10-02,Parkway West,,Parkway Central,,False,False
2026-10-02,Zalma,,Puxico,,False,False
2026-10-02,Gainesville,,Seymour,,False,False
2026-10-02,Southland,,South Pemiscot,,False,False
2026-10-02,Fatima,,Stover,,False,False
2026-10-02,Bloomfield,,Twin Rivers,,False,False
2026-10-02,Hazelwood Central,,University City,,False,False
2026-10-02,Rosati-Kain,,Villa Duchesne,,False,False
2026-10-02,Hannibal,,Webster Groves,,False,False
2026-10-03,Staley,,Belton,,False,False
2026-10-03,Blue Springs,,Belton,,False,False
2026-10-03,Pembroke Hill,,Belton,,False,False
2026-10-03,Lee's Summit North,,Blue Springs,,False,False
2026-10-03,Oak Grove,,Blue Springs,,False,False
2026-10-03,Ozark,,Blue Springs,,False,False
2026-10-03,Licking,,Dixon,,False,False
2026-10-03,Laquey,,Dixon,,False,False
2026-10-03,Plato,,Dixon,,False,False
2026-10-03,Staley,,Kickapoo,,False,False
2026-10-03,Liberty,,Lee's Summit West,,False,False
2026-10-03,Staley,,Liberty,,False,False
2026-10-03,Pembroke Hill,,Liberty,,False,False
2026-10-03,Staley,,Oak Grove,,False,False
2026-10-03,Pembroke Hill,,Oak Grove,,False,False
2026-10-03,Staley,,Ozark,,False,False
2026-10-03,Liberty North,,Pembroke Hill,,False,False
2026-10-03,Liberty North,,St. Dominic,,False,False
2026-10-03,Liberty North,,St. Teresa's Academy,,False,False
2026-10-03,Pleasant Hill,,Warrensburg,,False,False
2026-10-03,West Plains,,Webb City,,False,False
2026-10-05,Notre Dame (Cape Girardeau),,Advance,,False,False
2026-10-05,Mt. Vernon,,Aurora,,False,False
2026-10-05,Bradleyville,,Bakersfield,,False,False
2026-10-05,Gideon,,Bernie,,False,False
2026-10-05,Pembroke Hill,,Blue Springs,,False,False
2026-10-05,Grain Valley,,Blue Springs South,,False,False
2026-10-05,Logan-Rogersville,,Bolivar,,False,False
2026-10-05,Kirksville,,Boonville,,False,False
2026-10-05,Camdenton,,Branson,,False,False
2026-10-05,Warsaw,,Butler,,False,False
2026-10-05,Sweet Springs,,Calvary Lutheran,,False,False
2026-10-05,Father Tolton,,Capital City,,False,False
2026-10-05,Senath-Hornersville,,Caruthersville,,False,False
2026-10-05,Paseo Academy,,Central (Kansas City),,False,False
2026-10-05,Jefferson (Festus),,Central (Park Hills),,False,False
2026-10-05,Mexico,,Centralia,,False,False
2026-10-05,Eugene,,Chamois,,False,False
2026-10-05,Cooter,,Charleston,,False,False
2026-10-05,Wright City,,Christian Fellowship Sr.,,False,False
2026-10-05,Sacred Heart,,Cole Camp,,False,False
2026-10-05,New Bloomfield,,Columbia Independent,,False,False
2026-10-05,Orrick,,Concordia,,False,False
2026-10-05,Kelly,,Delta (Deering),,False,False
2026-10-05,Potosi,,DeSoto,,False,False
2026-10-05,Puxico,,Dexter,,False,False
2026-10-05,Laquey,,Dixon,,False,False
2026-10-05,Miller,,East Newton,,False,False
2026-10-05,Southern Boone,,Eldon,,False,False
2026-10-05,St. Pius X (Kansas City),,Excelsior Springs,,False,False
2026-10-05,McAuley Catholic,,Exeter,,False,False
2026-10-05,Jackson,,Farmington,,False,False
2026-10-05,Spokane,,Forsyth,,False,False
2026-10-05,Raymore-Peculiar,,Fort Osage,,False,False
2026-10-05,Central (Cape Girardeau),,Fredericktown,,False,False
2026-10-05,KIPP KC Legacy,,Frontier STEM,,False,False
2026-10-05,Warrenton,,Fulton,,False,False
2026-10-05,Niangua,,Galena,,False,False
2026-10-05,Pembroke Hill,,Grain Valley,,False,False
2026-10-05,Center,,Grandview,,False,False
2026-10-05,Kingston,,Grandview (Hillsboro),,False,False
2026-10-05,Windsor,,Green Ridge,,False,False
2026-10-05,Twin Rivers,,Greenville,,False,False
2026-10-05,Marshall,,Hallsville,,False,False
2026-10-05,McCluer,,Hazelwood East,,False,False
2026-10-05,Washington,,Hermann,,False,False
2026-10-05,Parkview,,Hillcrest,,False,False
2026-10-05,St. Clair,,Hillsboro,,False,False
2026-10-05,Rich Hill,,Hume,,False,False
2026-10-05,Billings,,Hurley,,False,False
2026-10-05,Central (New Madrid County),,Kennett,,False,False
2026-10-05,Lakeland,,Kingsville,,False,False
2026-10-05,Francis Howell Central,,Kirkwood,,False,False
2026-10-05,Fox,,Ladue Horton Watkins,,False,False
2026-10-05,Ft. Zumwalt West,,Lafayette (Wildwood),,False,False
2026-10-05,Blue Springs South,,Lee's Summit North,,False,False
2026-10-05,Grain Valley,,Lee's Summit North,,False,False
2026-10-05,Pembroke Hill,,Lee's Summit North,,False,False
2026-10-05,Park Hill,,Lee's Summit West,,False,False
2026-10-05,Houston,,Lesterville,,False,False
2026-10-05,Greenfield,,Liberal,,False,False
2026-10-05,Lee's Summit,,Liberty,,False,False
2026-10-05,West Plains,,Liberty (Mountain View),,False,False
2026-10-05,Collegiate School of Med-Bio Science,,Lift for Life Academy Charter,,False,False
2026-10-05,Van Horn,,Lincoln College Prep,,False,False
2026-10-05,St. James,,Linn,,False,False
2026-10-05,Lathrop,,Lone Jack,,False,False
2026-10-05,Nerinx Hall,,Lutheran St. Charles,,False,False
2026-10-05,Campbell,,Malden,,False,False
2026-10-05,Affton,,Maplewood-Richmond Hts.,,False,False
2026-10-05,Lutie,,Marion C. Early,,False,False
2026-10-05,Penney,,Maysville,,False,False
2026-10-05,Jennings,,McCluer North,,False,False
2026-10-05,Ritenour,,McKinley Classical Leadership,,False,False
2026-10-05,Eminence,,Mountain Grove,,False,False
2026-10-05,Bourbon,,New Haven,,False,False
2026-10-05,Brookfield,,North Callaway,,False,False
2026-10-05,St. Paul Lutheran (Farmington),,North County,,False,False
2026-10-05,South Harrison,,North Nodaway,,False,False
2026-10-05,East (Kansas City),,Northeast (Kansas City),,False,False
2026-10-05,Sheldon,,Northeast Vernon County,,False,False
2026-10-05,North Platte,,Northland Christian,,False,False
2026-10-05,Smithton,,Northwest (Hughesville),,False,False
2026-10-05,Pleasant Hill,,Oak Grove,,False,False
2026-10-05,Smithville,,Oak Park,,False,False
2026-10-05,Truman,,Oak Park,,False,False
2026-10-05,St. Joseph's Academy,,Oakville,,False,False
2026-10-05,Conway,,Osage,,False,False
2026-10-05,Lincoln,,Otterville,,False,False
2026-10-05,Liberty North,,Park Hill South,,False,False
2026-10-05,Parkway North,,Parkway Central,,False,False
2026-10-05,Staley,,Platte County,,False,False
2026-10-05,Doniphan,,Poplar Bluff,,False,False
2026-10-05,Clarkton,,Portageville,,False,False
2026-10-05,Lift for Life Academy Charter,,Principia,,False,False
2026-10-05,Knob Noster,,Raytown South,,False,False
2026-10-05,Monett,,Reeds Spring,,False,False
2026-10-05,Bell City,,Richland (Essex),,False,False
2026-10-05,Cameron,,Richmond,,False,False
2026-10-05,Notre Dame (St. Louis),,Rosati-Kain,,False,False
2026-10-05,William Chrisman,,Ruskin,,False,False
2026-10-05,Bunker,,Salem,,False,False
2026-10-05,Crest Ridge,,Santa Fe,,False,False
2026-10-05,Notre Dame de Sion,,Savannah,,False,False
2026-10-05,Leopold,,Saxony Lutheran,,False,False
2026-10-05,Oak Ridge,,Scott City,,False,False
2026-10-05,Mansfield,,Seymour,,False,False
2026-10-05,Osceola,,Sherwood,,False,False
2026-10-05,Battle,,Smith-Cotton,,False,False
2026-10-05,Truman,,Smithville,,False,False
2026-10-05,Arcadia Valley,,South Iron,,False,False
2026-10-05,Holcomb,,South Pemiscot,,False,False
2026-10-05,North Pemiscot,,Southland,,False,False
2026-10-05,Crane,,Southwest (Washburn),,False,False
2026-10-05,Pattonville,,St. Charles West,,False,False
2026-10-05,Duchesne,,St. Francis Borgia,,False,False
2026-10-05,South Holt with Craig,,St. Joseph Christian,,False,False
2026-10-05,University City,,STEAM Academy,,False,False
2026-10-05,Viburnum,,Steelville,,False,False
2026-10-05,La Monte,,Stover,,False,False
2026-10-05,Cuba,,Sullivan,,False,False
2026-10-05,Dora,,Summersville,,False,False
2026-10-05,Vashon,,West Plains,,False,False
2026-10-05,Purdy,,Thomas Jefferson Independent Day,,False,False
2026-10-05,Chillicothe,,Trenton,,False,False
2026-10-05,Perryville,,Valle Catholic,,False,False
2026-10-05,Crystal City,,Veritas Christian Academy,,False,False
2026-10-05,Bishop DuBourg,,Villa Duchesne,,False,False
2026-10-05,Seneca,,Wheaton,,False,False
2026-10-05,Lutheran North,,Whitfield,,False,False
2026-10-05,Fair Grove,,Willard,,False,False
2026-10-05,Belton,,Winnetonka,,False,False
2026-10-05,St. Vincent,,Woodland,,False,False
2026-10-05,Risco,,Zalma,,False,False
2026-10-06,Bloomfield,,Advance,,False,False
2026-10-06,Kingston,,Arcadia Valley,,False,False
2026-10-06,Rich Hill,,Archie,,False,False
2026-10-06,Pembroke Hill,,Barstow,,False,False
2026-10-06,Maplewood-Richmond Hts.,,Bayless,,False,False
2026-10-06,Oran,,Bell City,,False,False
2026-10-06,Raytown,,Belton,,False,False
2026-10-06,Twin Rivers,,Bernie,,False,False
2026-10-06,Raymore-Peculiar,,Blue Springs South,,False,False
2026-10-06,Versailles,,Boonville,,False,False
2026-10-06,Belle,,Bourbon,,False,False
2026-10-06,Everton,,Bradleyville,,False,False
2026-10-06,Plattsburg,,Brookfield,,False,False
2026-10-06,Chamois,,Bunceton,,False,False
2026-10-06,Capital City,,California,,False,False
2026-10-06,Rock Bridge,,Camdenton,,False,False
2026-10-06,Malden,,Caruthersville,,False,False
2026-10-06,East Newton,,Cassville,,False,False
2026-10-06,Odessa,,Center,,False,False
2026-10-06,North Kansas City,,Central (St. Joseph),,False,False
2026-10-06,Montgomery County,,Centralia,,False,False
2026-10-06,East Prairie,,Charleston,,False,False
2026-10-06,Kennett,,Clarkton,,False,False
2026-10-06,Scott City,,Clearwater,,False,False
2026-10-06,Hollister,,Clever,,False,False
2026-10-06,Harrisonville,,Clinton,,False,False
2026-10-06,Christian Fellowship Sr.,,Columbia Independent,,False,False
2026-10-06,Gateway with Soldan International Studies,,Confluence Prep Academy Charter with Grand Center Arts Charter,,False,False
2026-10-06,Kingsville,,Crest Ridge,,False,False
2026-10-06,Brentwood,,Crossroads College Preparatory,,False,False
2026-10-06,Hogan Prep Academy Charter,,Crossroads Prep Charter,,False,False
2026-10-06,Couch,,Doniphan,,False,False
2026-10-06,John Burroughs,,Duchesne,,False,False
2026-10-06,St. Joseph Christian,,East Buchanan,,False,False
2026-10-06,South Iron,,Ellington,,False,False
2026-10-06,Thayer,,Eminence,,False,False
2026-10-06,Russellville,,Eugene,,False,False
2026-10-06,Southwest (Washburn),,Exeter,,False,False
2026-10-06,Reeds Spring,,Fair Grove,,False,False
2026-10-06,North County,,Farmington,,False,False
2026-10-06,Bowling Green,,Father Tolton,,False,False
2026-10-06,Osage,,Fatima,,False,False
2026-10-06,Strafford,,Forsyth,,False,False
2026-10-06,Francis Howell Central,,Francis Howell,,False,False
2026-10-06,Troy Buchanan,,Francis Howell North,,False,False
2026-10-06,Ste. Genevieve,,Fredericktown,,False,False
2026-10-06,Ft. Zumwalt South,,Ft. Zumwalt East,,False,False
2026-10-06,North Point,,Ft. Zumwalt North,,False,False
2026-10-06,Liberty (Wentzville),,Ft. Zumwalt West,,False,False
2026-10-06,Eldon,,Fulton,,False,False
2026-10-06,Dora,,Gainesville,,False,False
2026-10-06,Purdy,,Galena,,False,False
2026-10-06,Sheldon,,Golden City,,False,False
2026-10-06,Platte County,,Grain Valley,,False,False
2026-10-06,Conway,,Greenfield,,False,False
2026-10-06,Zalma,,Greenville,,False,False
2026-10-06,McKinley Classical Leadership,,Hazelwood Central,,False,False
2026-10-06,Affton,,Hazelwood West,,False,False
2026-10-06,Blair Oaks,,Helias Catholic,,False,False
2026-10-06,Carrollton,,Holden,,False,False
2026-10-06,Bronaugh,,Hume,,False,False
2026-10-06,Gloria Deo Academy,,Hurley,,False,False
2026-10-06,Eureka,,Incarnate Word Academy,,False,False
2026-10-06,Osceola,,Jasper,,False,False
2026-10-06,Glendale,,Kickapoo,,False,False
2026-10-06,Paseo Academy,,KIPP KC Legacy,,False,False
2026-10-06,Hannibal,,Kirksville,,False,False
2026-10-06,Richmond,,Knob Noster,,False,False
2026-10-06,Lutie,,Koshkonong,,False,False
2026-10-06,Parkway West,,Ladue Horton Watkins,,False,False
2026-10-06,Appleton City with Montrose,,Lakeland,,False,False
2026-10-06,Trenton,,Lathrop,,False,False
2026-10-06,Lee's Summit,,Lee's Summit West,,False,False
2026-10-06,Lafayette County,,Lexington,,False,False
2026-10-06,Drexel,,Liberal,,False,False
2026-10-06,Lee's Summit North,,Liberty,,False,False
2026-10-06,Poplar Bluff,,Liberty (Mountain View),,False,False
2026-10-06,Blue Springs,,Liberty North,,False,False
2026-10-06,Windsor (Imperial),,Lift for Life Academy Charter,,False,False
2026-10-06,Lawson,,Lincoln College Prep,,False,False
2026-10-06,Hillcrest,,Logan-Rogersville,,False,False
2026-10-06,Ava,,Mansfield,,False,False
2026-10-06,Lutie,,Marion C. Early,,False,False
2026-10-06,Mt. Vernon,,McDonald County,,False,False
2026-10-06,Westminster Christian Academy,,MICDS,,False,False
2026-10-06,Lutheran (Kansas City),,Midway,,False,False
2026-10-06,Diamond,,Miller,,False,False
2026-10-06,West Nodaway with Nodaway-Holt,,Mound City,,False,False
2026-10-06,Carthage,,Neosho,,False,False
2026-10-06,Aurora,,Nevada,,False,False
2026-10-06,Sullivan,,New Haven,,False,False
2026-10-06,Verona,,New Heights Christian,,False,False
2026-10-06,Ozark,,Nixa,,False,False
2026-10-06,Linn,,North Callaway,,False,False
2026-10-06,Risco,,North Pemiscot,,False,False
2026-10-06,Ballard,,Northeast Vernon County,,False,False
2026-10-06,Fox,,Northwest (Cedar Hill),,False,False
2026-10-06,Whitfield,,Notre Dame (St. Louis),,False,False
2026-10-06,Smith-Cotton,,Oak Grove,,False,False
2026-10-06,Park Hill South,,Oak Park,,False,False
2026-10-06,Cor Jesu Academy,,Oakville,,False,False
2026-10-06,Owensville,,Pacific,,False,False
2026-10-06,Villa Duchesne,,Parkway Central,,False,False
2026-10-06,Clayton,,Parkway North,,False,False
2026-10-06,Marionville,,Pierce City,,False,False
2026-10-06,Dixon,,Plato,,False,False
2026-10-06,Greenwood,,Pleasant Hope,,False,False
2026-10-06,Central (Park Hills),,Potosi,,False,False
2026-10-06,Grandview,,Raytown South,,False,False
2026-10-06,Joplin,,Republic,,False,False
2026-10-06,Central (New Madrid County),,Richland (Essex),,False,False
2026-10-06,Cardinal Ritter,,Ritenour,,False,False
2026-10-06,Hickman,,Rolla,,False,False
2026-10-06,Lockwood,,Sarcoxie,,False,False
2026-10-06,Parkway South,,Seckman,,False,False
2026-10-06,Hayti,,Senath-Hornersville,,False,False
2026-10-06,Monett,,Seneca,,False,False
2026-10-06,El Dorado Springs,,Skyline,,False,False
2026-10-06,Kearney,,Smithville,,False,False
2026-10-06,Mid-Buchanan,,South Harrison,,False,False
2026-10-06,North Platte,,South Holt with Craig,,False,False
2026-10-06,Delta (Deering),,South Pemiscot,,False,False
2026-10-06,Central (Kansas City),,Southeast,,False,False
2026-10-06,Cooter,,Southland,,False,False
2026-10-06,School of the Ozarks,,Sparta,,False,False
2026-10-06,Blue Eye,,Spokane,,False,False
2026-10-06,Buffalo,,Springfield Catholic,,False,False
2026-10-06,St. Charles,,St. Charles West,,False,False
2026-10-06,Hermann,,St. Clair,,False,False
2026-10-06,Union,,St. James,,False,False
2026-10-06,Santa Fe,,St. Paul Lutheran (Concordia),,False,False
2026-10-06,Crystal City,,St. Paul Lutheran (Farmington),,False,False
2026-10-06,Notre Dame (Cape Girardeau),,St. Pius X (Festus),,False,False
2026-10-06,St. Pius X (Kansas City),,St. Teresa's Academy,,False,False
2026-10-06,Ash Grove,,Stockton,,False,False
2026-10-06,Licking,,Summersville,,False,False
2026-10-06,St. Michael the Archangel,,Summit Christian Academy,,False,False
2026-10-06,Concordia,,Sweet Springs,,False,False
2026-10-06,Rock Port,,Tarkio with Fairfax,,False,False
2026-10-06,Washington,,Timberland,,False,False
2026-10-06,New Bloomfield,,Tipton,,False,False
2026-10-06,Winnetonka,,Truman,,False,False
2026-10-06,North Nodaway,,Union Star with King City,,False,False
2026-10-06,Lutheran South,,Ursuline Academy,,False,False
2026-10-06,Valle Catholic,,Valley,,False,False
2026-10-06,Hancock,,Valley Park,,False,False
2026-10-06,University Academy Charter,,Van Horn,,False,False
2026-10-06,Cuba,,Viburnum,,False,False
2026-10-06,Pleasant Hill,,Warrensburg,,False,False
2026-10-06,Orchard Farm,,Warrenton,,False,False
2026-10-06,Lebanon,,Waynesville,,False,False
2026-10-06,Willard,,Webb City,,False,False
2026-10-06,Marquette,,Webster Groves,,False,False
2026-10-06,Lone Jack,,Wellington-Napoleon,,False,False
2026-10-06,Bismarck,,West County,,False,False
2026-10-06,Marshfield,,West Plains,,False,False
2026-10-06,Bishop LeBlond,,West Platte,,False,False
2026-10-06,Fort Osage,,William Chrisman,,False,False
2026-10-06,Herculaneum,,Windsor (Imperial),,False,False
2026-10-06,Holt,,Winfield,,False,False
2026-10-06,Willow Springs,,Winona,,False,False
2026-10-06,Leopold,,Woodland,,False,False
2026-10-07,Fatima,,Battle,,False,False
2026-10-07,Affton,,Bishop DuBourg,,False,False
2026-10-07,Metro,,Cardinal Ritter,,False,False
2026-10-07,Caruthersville,,Cooter,,False,False
2026-10-07,Guadalupe Centers Charter,,Cristo Rey,,False,False
2026-10-07,Grandview (Hillsboro),,Crystal City,,False,False
2026-10-07,Steelville,,Dixon,,False,False
2026-10-07,St. Francis Borgia,,Festus,,False,False
2026-10-07,Ft. Zumwalt East,,Ft. Zumwalt North,,False,False
2026-10-07,Fordland,,Greenwood,,False,False
2026-10-07,Father Tolton,,Hallsville,,False,False
2026-10-07,Collegiate School of Med-Bio Science,,Hancock,,False,False
2026-10-07,STEAM Academy,,Hazelwood Central,,False,False
2026-10-07,Lutheran St. Charles,,Holt,,False,False
2026-10-07,Jackson,,Incarnate Word Academy,,False,False
2026-10-07,Hillsboro,,Jefferson (Festus),,False,False
2026-10-07,Hazelwood East,,Jennings,,False,False
2026-10-07,Ballard,,Kingsville,,False,False
2026-10-07,Southeast,,KIPP KC Legacy,,False,False
2026-10-07,Westminster Christian Academy,,Lindbergh,,False,False
2026-10-07,Plattsburg,,Maysville,,False,False
2026-10-07,Rockwood Summit,,Mehlville,,False,False
2026-10-07,St. Pius X (Festus),,Nerinx Hall,,False,False
2026-10-07,Perryville,,Northwest (Cedar Hill),,False,False
2026-10-07,Dexter,,Notre Dame (Cape Girardeau),,False,False
2026-10-07,Barstow,,Notre Dame de Sion,,False,False
2026-10-07,Orrick,,Penney,,False,False
2026-10-07,Jefferson City,,Rock Bridge,,False,False
2026-10-07,Hazelwood West,,Rosati-Kain,,False,False
2026-10-07,Scott City,,Saxony Lutheran,,False,False
2026-10-07,Oran,,Sikeston,,False,False
2026-10-07,Meadow Heights,,St. Vincent,,False,False
2026-10-07,McCluer,,University City,,False,False
2026-10-07,Tipton,,Warsaw,,False,False
2026-10-08,Zalma,,Advance,,False,False
2026-10-08,Liberal,,Appleton City with Montrose,,False,False
2026-10-08,Bismarck,,Arcadia Valley,,False,False
2026-10-08,Miller,,Ash Grove,,False,False
2026-10-08,Gainesville,,Ava,,False,False
2026-10-08,Mansfield,,Bakersfield,,False,False
2026-10-08,William Chrisman,,Belton,,False,False
2026-10-08,Galena,,Blue Eye,,False,False
2026-10-08,Staley,,Blue Springs,,False,False
2026-10-08,Bolivar,,Branson,,False,False
2026-10-08,Marion C. Early,,Bronaugh,,False,False
2026-10-08,Maysville,,Brookfield,,False,False
2026-10-08,Sweet Springs,,Bunceton,,False,False
2026-10-08,Battle,,Camdenton,,False,False
2026-10-08,Metro,,Cardinal Ritter,,False,False
2026-10-08,Lafayette County,,Carrollton,,False,False
2026-10-08,Willard,,Carthage,,False,False
2026-10-08,Kennett,,Central (Cape Girardeau),,False,False
2026-10-08,Oak Ridge,,Central (New Madrid County),,False,False
2026-10-08,Ste. Genevieve,,Central (Park Hills),,False,False
2026-10-08,Liberty,,Central (St. Joseph),,False,False
2026-10-08,Hurley,,Chadwick,,False,False
2026-10-08,Savannah,,Chillicothe,,False,False
2026-10-08,Lesterville,,Clearwater,,False,False
2026-10-08,Odessa,,Clinton,,False,False
2026-10-08,Principia,,Collegiate School of Med-Bio Science,,False,False
2026-10-08,St. Paul Lutheran (Concordia),,Concordia,,False,False
2026-10-08,Pleasant Hope,,Crane,,False,False
2026-10-08,Wellington-Napoleon,,Crest Ridge,,False,False
2026-10-08,Grandview (Hillsboro),,Cuba,,False,False
2026-10-08,Fordland,,Dora,,False,False
2026-10-08,Hogan Prep Academy Charter,,Drexel,,False,False
2026-10-08,Bishop DuBourg,,Duchesne,,False,False
2026-10-08,Seneca,,East Newton,,False,False
2026-10-08,Butler,,El Dorado Springs,,False,False
2026-10-08,Versailles,,Eldon,,False,False
2026-10-08,Summersville,,Eminence,,False,False
2026-10-08,Tipton,,Eugene,,False,False
2026-10-08,Lafayette (Wildwood),,Eureka,,False,False
2026-10-08,Lindbergh,,Eureka,,False,False
2026-10-08,Golden City,,Everton,,False,False
2026-10-08,Cameron,,Excelsior Springs,,False,False
2026-10-08,Fredericktown,,Farmington,,False,False
2026-10-08,Chamois,,Fatima,,False,False
2026-10-08,Fair Grove,,Forsyth,,False,False
2026-10-08,Notre Dame (St. Louis),,Fox,,False,False
2026-10-08,Francis Howell North,,Ft. Zumwalt North,,False,False
2026-10-08,Washington,,Ft. Zumwalt South,,False,False
2026-10-08,California,,Fulton,,False,False
2026-10-08,Risco,,Gideon,,False,False
2026-10-08,Ozark,,Glendale,,False,False
2026-10-08,St. Michael the Archangel,,Grain Valley,,False,False
2026-10-08,Ruskin,,Grandview,,False,False
2026-10-08,Northeast Vernon County,,Greenfield,,False,False
2026-10-08,Conway,,Greenwood,,False,False
2026-10-08,Osage,,Hallsville,,False,False
2026-10-08,Warrensburg,,Harrisonville,,False,False
2026-10-08,Winfield,,Hazelwood Central,,False,False
2026-10-08,McCluer North,,Hazelwood West,,False,False
2026-10-08,Jefferson (Festus),,Herculaneum,,False,False
2026-10-08,Blair Oaks,,Hickman,,False,False
2026-10-08,West Plains,,Hillcrest,,False,False
2026-10-08,Campbell,,Holcomb,,False,False
2026-10-08,Knob Noster,,Holden,,False,False
2026-10-08,Springfield Catholic,,Hollister,,False,False
2026-10-08,Laquey,,Houston,,False,False
2026-10-08,Sheldon,,Hume,,False,False
2026-10-08,Lakeland,,Jasper,,False,False
2026-10-08,Visitation Academy,,John Burroughs,,False,False
2026-10-08,Webb City,,Joplin,,False,False
2026-10-08,Raytown South,,Kearney,,False,False
2026-10-08,Charleston,,Kelly,,False,False
2026-10-08,Waynesville,,Kickapoo,,False,False
2026-10-08,Webster Groves,,Kirkwood,,False,False
2026-10-08,Nevada,,Lamar,,False,False
2026-10-08,Nixa,,Lebanon,,False,False
2026-10-08,Liberty North,,Lee's Summit,,False,False
2026-10-08,Blue Springs South,,Lee's Summit West,,False,False
2026-10-08,Sherwood,,Leeton with Chilhowee,,False,False
2026-10-08,Richmond,,Lexington,,False,False
2026-10-08,Ellington,,Liberty (Mountain View),,False,False
2026-10-08,Salem,,Licking,,False,False
2026-10-08,Believe Acad Charter,,Lift for Life Academy Charter,,False,False
2026-10-08,Russellville,,Linn,,False,False
2026-10-08,Diamond,,Lockwood,,False,False
2026-10-08,Miami (Amoret),,Lutheran (Kansas City),,False,False
2026-10-08,Miller Career Academy,,Lutheran North,,False,False
2026-10-08,St. Dominic,,Lutheran St. Charles,,False,False
2026-10-08,Gloria Deo Academy,,Lutie,,False,False
2026-10-08,Skyline,,Marionville,,False,False
2026-10-08,Boonville,,Marshall,,False,False
2026-10-08,Carl Junction,,Marshfield,,False,False
2026-10-08,Benton,,Maryville,,False,False
2026-10-08,Cassville,,McDonald County,,False,False
2026-10-08,Archie,,Midway,,False,False
2026-10-08,Bowling Green,,Montgomery County,,False,False
2026-10-08,Winona,,Mountain Grove,,False,False
2026-10-08,Republic,,Neosho,,False,False
2026-10-08,North Callaway,,New Bloomfield,,False,False
2026-10-08,Billings,,New Covenant Academy,,False,False
2026-10-08,St. James,,New Haven,,False,False
2026-10-08,Oak Park,,North Kansas City,,False,False
2026-10-08,Mound City,,North Nodaway,,False,False
2026-10-08,Lawson,,North Platte,,False,False
2026-10-08,Ft. Zumwalt West,,North Point,,False,False
2026-10-08,Ewing Marion Kauffman,,Northeast (Kansas City),,False,False
2026-10-08,Bishop LeBlond,,Northland Christian,,False,False
2026-10-08,Lindbergh,,Northwest (Cedar Hill),,False,False
2026-10-08,Saxony Lutheran,,Notre Dame (Cape Girardeau),,False,False
2026-10-08,Hermann,,Owensville,,False,False
2026-10-08,Park Hill South,,Park Hill,,False,False
2026-10-08,Oakville,,Parkway Central,,False,False
2026-10-08,St. Charles West,,Parkway North,,False,False
2026-10-08,Marquette,,Parkway West,,False,False
2026-10-08,East Buchanan,,Penney,,False,False
2026-10-08,Willow Springs,,Plato,,False,False
2026-10-08,Lathrop,,Plattsburg,,False,False
2026-10-08,Dexter,,Poplar Bluff,,False,False
2026-10-08,North County,,Potosi,,False,False
2026-10-08,Columbia Independent,,Prairie Home,,False,False
2026-10-08,Southwest (Washburn),,Purdy,,False,False
2026-10-08,Lee's Summit North,,Raymore-Peculiar,,False,False
2026-10-08,Platte County,,Raytown,,False,False
2026-10-08,Buffalo,,Reeds Spring,,False,False
2026-10-08,Osceola,,Rich Hill,,False,False
2026-10-08,Bell City,,Richland (Essex),,False,False
2026-10-08,Parkway South,,Ritenour,,False,False
2026-10-08,Hannibal,,Rock Bridge,,False,False
2026-10-08,Ladue Horton Watkins,,Seckman,,False,False
2026-10-08,School of the Ozarks,,Seymour,,False,False
2026-10-08,Malden,,Sikeston,,False,False
2026-10-08,Capital City,,Smith-Cotton,,False,False
2026-10-08,Union Star with King City,,South Holt with Craig,,False,False
2026-10-08,Bunker,,South Iron,,False,False
2026-10-08,Mexico,,Southern Boone,,False,False
2026-10-08,Pierce City,,Spokane,,False,False
2026-10-08,Clayton,,St. Charles,,False,False
2026-10-08,Ursuline Academy,,St. Pius X (Festus),,False,False
2026-10-08,Belle,,Steelville,,False,False
2026-10-08,Sarcoxie,,Stockton,,False,False
2026-10-08,Clever,,Strafford,,False,False
2026-10-08,Pacific,,Sullivan,,False,False
2026-10-08,Couch,,Thayer,,False,False
2026-10-08,Francis Howell Central,,Timberland,,False,False
2026-10-08,Holt,,Troy Buchanan,,False,False
2026-10-08,Fort Osage,,Truman,,False,False
2026-10-08,Southland,,Twin Rivers,,False,False
2026-10-08,St. Clair,,Union,,False,False
2026-10-08,Summit Christian Academy,,University Academy Charter,,False,False
2026-10-08,Gateway with Soldan International Studies,,University City,,False,False
2026-10-08,Kingston,,Valle Catholic,,False,False
2026-10-08,West County,,Valley,,False,False
2026-10-08,STEAM Academy,,Valley Park,,False,False
2026-10-08,Pembroke Hill,,Van Horn,,False,False
2026-10-08,Thomas Jefferson Independent Day,,Verona,,False,False
2026-10-08,Adrian,,Warsaw,,False,False
2026-10-08,Rock Port,,West Nodaway with Nodaway-Holt,,False,False
2026-10-08,Mid-Buchanan,,West Platte,,False,False
2026-10-08,Whitfield,,Westminster Christian Academy,,False,False
2026-10-08,Lutheran South,,Windsor (Imperial),,False,False
2026-10-08,Smithville,,Winnetonka,,False,False
2026-10-08,Warrenton,,Wright City,,False,False
2026-10-09,Ellington,,Arcadia Valley,,False,False
2026-10-09,Hume,,Ballard,,False,False
2026-10-09,Chadwick,,Billings,,False,False
2026-10-09,Clarkton,,Bloomfield,,False,False
2026-10-09,Sheldon,,Bronaugh,,False,False
2026-10-09,Visitation Academy,,Clayton,,False,False
2026-10-09,Wheaton,,Exeter,,False,False
2026-10-09,Bell City,,Gideon,,False,False
2026-10-09,Puxico,,Greenville,,False,False
2026-10-09,Sparta,,Hurley,,False,False
2026-10-09,Miller Career Academy,,Jennings,,False,False
2026-10-09,Nerinx Hall,,John Burroughs,,False,False
2026-10-09,Couch,,Koshkonong,,False,False
2026-10-09,Doniphan,,Lesterville,,False,False
2026-10-09,Bradleyville,,Lutie,,False,False
2026-10-09,Brentwood,,Maplewood-Richmond Hts.,,False,False
2026-10-09,Metro,,MICDS,,False,False
2026-10-09,Clever,,New Covenant Academy,,False,False
2026-10-09,Campbell,,North Pemiscot,,False,False
2026-10-09,St. Teresa's Academy,,Notre Dame de Sion,,False,False
2026-10-09,Francis Howell Central,,Parkway West,,False,False
2026-10-09,Lutheran North,,Principia,,False,False
2026-10-09,West Plains,,Rosati-Kain,,False,False
2026-10-09,Crossroads College Preparatory,,Valley Park,,False,False
2026-10-09,Clearwater,,Viburnum,,False,False
2026-10-09,Parkway North,,Whitfield,,False,False
2026-10-09,Richland (Essex),,Zalma,,False,False
2026-10-10,Brentwood,,Bayless,,False,False
2026-10-10,Excelsior Springs,,Benton,,False,False
2026-10-10,Bishop LeBlond,,Benton,,False,False
2026-10-10,Hancock,,Brentwood,,False,False
2026-10-10,Bayless,,Hancock,,False,False
2026-10-10,Hickman,,Hermann,,False,False
2026-10-10,Lebanon,,Hermann,,False,False
2026-10-10,Bolivar,,Hermann,,False,False
2026-10-10,West Platte,,Rock Port,,False,False
2026-10-10,Benton,,Savannah,,False,False
2026-10-10,West Platte,,University Academy Charter,,False,False
2026-10-12,Gateway Science Charter,,Affton,,False,False
2026-10-12,Conway,,Ava,,False,False
2026-10-12,Pleasant Hope,,Billings,,False,False
2026-10-12,Owensville,,Blair Oaks,,False,False
2026-10-12,Blue Springs,,Blue Springs South,,False,False
2026-10-12,Viburnum,,Bourbon,,False,False
2026-10-12,Collegiate School of Med-Bio Science,,Brentwood,,False,False
2026-10-12,Penney,,Brookfield,,False,False
2026-10-12,Greenville,,Bunker,,False,False
2026-10-12,Sherwood,,Butler,,False,False
2026-10-12,Cole Camp,,California,,False,False
2026-10-12,Sikeston,,Central (Cape Girardeau),,False,False
2026-10-12,Jackson,,Central (Cape Girardeau),,False,False
2026-10-12,Bowling Green,,Centralia,,False,False
2026-10-12,Christian Fellowship Sr.,,Chamois,,False,False
2026-10-12,Kelly,,Charleston,,False,False
2026-10-12,Benton,,Chillicothe,,False,False
2026-10-12,Eminence,,Clearwater,,False,False
2026-10-12,Steelville,,Cuba,,False,False
2026-10-12,Thayer,,Doniphan,,False,False
2026-10-12,Couch,,Dora,,False,False
2026-10-12,Smith-Cotton,,Eldon,,False,False
2026-10-12,Bunceton,,Eugene,,False,False
2026-10-12,Camdenton,,Father Tolton,,False,False
2026-10-12,Holt,,Ft. Zumwalt East,,False,False
2026-10-12,Francis Howell Central,,Ft. Zumwalt North,,False,False
2026-10-12,Linn,,Fulton,,False,False
2026-10-12,Herculaneum,,Grandview (Hillsboro),,False,False
2026-10-12,Archie,,Harrisonville,,False,False
2026-10-12,McCluer North,,Hazelwood Central,,False,False
2026-10-12,Helias Catholic,,Hermann,,False,False
2026-10-12,Northeast (Kansas City),,Hogan Prep Academy Charter,,False,False
2026-10-12,Richmond,,Holden,,False,False
2026-10-12,Aurora,,Hollister,,False,False
2026-10-12,Dixon,,Houston,,False,False
2026-10-12,Southwest (Washburn),,Hurley,,False,False
2026-10-12,Believe Acad Charter,,Jennings,,False,False
2026-10-12,Carl Junction,,Joplin,,False,False
2026-10-12,Eureka,,Kirkwood,,False,False
2026-10-12,Carrollton,,Knob Noster,,False,False
2026-10-12,Ritenour,,Lift for Life Academy Charter,,False,False
2026-10-12,Tipton,,Lincoln,,False,False
2026-10-12,Golden City,,Lockwood,,False,False
2026-10-12,Rockwood Summit,,Lutheran St. Charles,,False,False
2026-10-12,Fordland,,Mansfield,,False,False
2026-10-12,Hancock,,Maplewood-Richmond Hts.,,False,False
2026-10-12,Gateway with Soldan International Studies,,Maplewood-Richmond Hts.,,False,False
2026-10-12,Glendale,,Marshfield,,False,False
2026-10-12,South Harrison,,Maryville,,False,False
2026-10-12,STEAM Academy,,McCluer,,False,False
2026-10-12,Perryville,,Meadow Heights,,False,False
2026-10-12,Crane,,Miller,,False,False
2026-10-12,Diamond,,Monett,,False,False
2026-10-12,Hallsville,,Montgomery County,,False,False
2026-10-12,St. Joseph Christian,,Mound City,,False,False
2026-10-12,Carthage,,Mt. Vernon,,False,False
2026-10-12,McDonald County,,Neosho,,False,False
2026-10-12,Parkway West,,Nerinx Hall,,False,False
2026-10-12,El Dorado Springs,,Nevada,,False,False
2026-10-12,Lutie,,Niangua,,False,False
2026-10-12,Rich Hill,,Northeast Vernon County,,False,False
2026-10-12,Hillsboro,,Northwest (Cedar Hill),,False,False
2026-10-12,Crest Ridge,,Northwest (Hughesville),,False,False
2026-10-12,Poplar Bluff,,Notre Dame (Cape Girardeau),,False,False
2026-10-12,Leopold,,Oak Ridge,,False,False
2026-10-12,Sacred Heart,,Osceola,,False,False
2026-10-12,Central (Springfield),,Parkview,,False,False
2026-10-12,Parkway South,,Parkway Central,,False,False
2026-10-12,East (Kansas City),,Paseo Academy,,False,False
2026-10-12,Ladue Horton Watkins,,Pattonville,,False,False
2026-10-12,Salem,,Plato,,False,False
2026-10-12,Northland Christian,,Plattsburg,,False,False
2026-10-12,Odessa,,Pleasant Hill,,False,False
2026-10-12,New Bloomfield,,Prairie Home,,False,False
2026-10-12,Crystal City,,Principia,,False,False
2026-10-12,Clever,,Reeds Spring,,False,False
2026-10-12,Kennett,,Saxony Lutheran,,False,False
2026-10-12,Greenwood,,School of the Ozarks,,False,False
2026-10-12,Festus,,Seckman,,False,False
2026-10-12,Koshkonong,,Seymour,,False,False
2026-10-12,Exeter,,Sheldon,,False,False
2026-10-12,Guadalupe Centers Charter,,Southeast,,False,False
2026-10-12,Versailles,,Southern Boone,,False,False
2026-10-12,New Covenant Academy,,Sparta,,False,False
2026-10-12,Duchesne,,St. Charles West,,False,False
2026-10-12,Belle,,St. James,,False,False
2026-10-12,St. Joseph's Academy,,St. Pius X (Festus),,False,False
2026-10-12,Kearney,,St. Pius X (Kansas City),,False,False
2026-10-12,Skyline,,Stover,,False,False
2026-10-12,Winona,,Summersville,,False,False
2026-10-12,Orrick,,Sweet Springs,,False,False
2026-10-12,Liberal,,Thomas Jefferson Independent Day,,False,False
2026-10-12,Lexington,,Trenton,,False,False
2026-10-12,St. Francis Borgia,,Union,,False,False
2026-10-12,Maysville,,Union Star with King City,,False,False
2026-10-12,Lindbergh,,Ursuline Academy,,False,False
2026-10-12,Greenfield,,Verona,,False,False
2026-10-12,Clinton,,Warrensburg,,False,False
2026-10-12,Mexico,,Warrenton,,False,False
2026-10-12,Sullivan,,Washington,,False,False
2026-10-12,Osage,,Waynesville,,False,False
2026-10-12,East Newton,,Wheaton,,False,False
2026-10-12,Concordia,,Windsor,,False,False
2026-10-12,Lincoln College Prep,,Winnetonka,,False,False
2026-10-13,Fox,,Affton,,False,False
2026-10-13,Seymour,,Bakersfield,,False,False
2026-10-13,Sheldon,,Ballard,,False,False
2026-10-13,University Academy Charter,,Barstow,,False,False
2026-10-13,Rock Bridge,,Battle,,False,False
2026-10-13,Metro,,Bayless,,False,False
2026-10-13,Platte County,,Benton,,False,False
2026-10-13,Gateway with Soldan International Studies,,Bishop DuBourg,,False,False
2026-10-13,Trenton,,Bishop LeBlond,,False,False
2026-10-13,Everton,,Blue Eye,,False,False
2026-10-13,Lee's Summit West,,Blue Springs,,False,False
2026-10-13,Liberty,,Blue Springs South,,False,False
2026-10-13,Southern Boone,,Boonville,,False,False
2026-10-13,Gainesville,,Bradleyville,,False,False
2026-10-13,Forsyth,,Buffalo,,False,False
2026-10-13,Mountain Grove,,Cabool,,False,False
2026-10-13,Fatima,,California,,False,False
2026-10-13,Belle,,Calvary Lutheran,,False,False
2026-10-13,Logan-Rogersville,,Camdenton,,False,False
2026-10-13,Blair Oaks,,Capital City,,False,False
2026-10-13,Hazelwood East,,Cardinal Ritter,,False,False
2026-10-13,New Covenant Academy,,Central (Springfield),,False,False
2026-10-13,Kirksville,,Centralia,,False,False
2026-10-13,Montgomery County,,Christian Fellowship Sr.,,False,False
2026-10-13,Hazelwood West,,Clayton,,False,False
2026-10-13,Springfield Catholic,,Clever,,False,False
2026-10-13,Gateway Science Charter,,Collegiate School of Med-Bio Science,,False,False
2026-10-13,Bunceton,,Columbia Independent,,False,False
2026-10-13,Prairie Home,,Concordia,,False,False
2026-10-13,Dixon,,Conway,,False,False
2026-10-13,Eureka,,Cor Jesu Academy,,False,False
2026-10-13,Lone Jack,,Crest Ridge,,False,False
2026-10-13,Maysville,,Crossroads Prep Charter,,False,False
2026-10-13,Thomas Jefferson Independent Day,,Diamond,,False,False
2026-10-13,Koshkonong,,Dora,,False,False
2026-10-13,Central (Kansas City),,East (Kansas City),,False,False
2026-10-13,North Platte,,East Buchanan,,False,False
2026-10-13,Kelly,,East Prairie,,False,False
2026-10-13,New Heights Christian,,El Dorado Springs,,False,False
2026-10-13,Viburnum,,Ellington,,False,False
2026-10-13,Cristo Rey,,Ewing Marion Kauffman,,False,False
2026-10-13,Maryville,,Excelsior Springs,,False,False
2026-10-13,Gloria Deo Academy,,Exeter,,False,False
2026-10-13,Strafford,,Fair Grove,,False,False
2026-10-13,Spokane,,Fordland,,False,False
2026-10-13,Liberty (Wentzville),,Francis Howell Central,,False,False
2026-10-13,Ft. Zumwalt West,,Francis Howell North,,False,False
2026-10-13,Timberland,,Ft. Zumwalt South,,False,False
2026-10-13,Hallsville,,Fulton,,False,False
2026-10-13,Hurley,,Galena,,False,False
2026-10-13,Chadwick,,Greenfield,,False,False
2026-10-13,Doniphan,,Greenville,,False,False
2026-10-13,DeSoto,,Herculaneum,,False,False
2026-10-13,Sullivan,,Hermann,,False,False
2026-10-13,Eldon,,Hickman,,False,False
2026-10-13,Branson,,Hillcrest,,False,False
2026-10-13,Meadow Heights,,Hillsboro,,False,False
2026-10-13,Reeds Spring,,Hollister,,False,False
2026-10-13,St. Charles West,,Holt,,False,False
2026-10-13,Liberty (Mountain View),,Houston,,False,False
2026-10-13,Appleton City with Montrose,,Jasper,,False,False
2026-10-13,Helias Catholic,,Jefferson City,,False,False
2026-10-13,Whitfield,,John Burroughs,,False,False
2026-10-13,Notre Dame de Sion,,Kearney,,False,False
2026-10-13,Sikeston,,Kennett,,False,False
2026-10-13,Incarnate Word Academy,,Lafayette (Wildwood),,False,False
2026-10-13,Archie,,Lakeland,,False,False
2026-10-13,Aurora,,Lamar,,False,False
2026-10-13,Mid-Buchanan,,Lawson,,False,False
2026-10-13,Oak Park,,Lee's Summit North,,False,False
2026-10-13,Miami (Amoret),,Leeton with Chilhowee,,False,False
2026-10-13,Eminence,,Lesterville,,False,False
2026-10-13,Holden,,Lexington,,False,False
2026-10-13,Eugene,,Linn,,False,False
2026-10-13,Lutheran South,,Lutheran North,,False,False
2026-10-13,Sparta,,Mansfield,,False,False
2026-10-13,Valley Park,,McKinley Classical Leadership,,False,False
2026-10-13,Kirkwood,,Mehlville,,False,False
2026-10-13,Brookfield,,Mexico,,False,False
2026-10-13,Liberal,,Midway,,False,False
2026-10-13,Marionville,,Miller,,False,False
2026-10-13,Confluence Prep Academy Charter with Grand Center Arts Charter,,Miller Career Academy,,False,False
2026-10-13,Cassville,,Mt. Vernon,,False,False
2026-10-13,Monett,,Nevada,,False,False
2026-10-13,Kickapoo,,Nixa,,False,False
2026-10-13,Bowling Green,,North Callaway,,False,False
2026-10-13,Park Hill,,North Kansas City,,False,False
2026-10-13,Hume,,Northeast Vernon County,,False,False
2026-10-13,Savannah,,Northland Christian,,False,False
2026-10-13,Cole Camp,,Northwest (Hughesville),,False,False
2026-10-13,Harrisonville,,Oak Grove,,False,False
2026-10-13,Stover,,Otterville,,False,False
2026-10-13,Lebanon,,Ozark,,False,False
2026-10-13,New Haven,,Pacific,,False,False
2026-10-13,Central (St. Joseph),,Park Hill South,,False,False
2026-10-13,Purdy,,Parkview,,False,False
2026-10-13,Ritenour,,Pattonville,,False,False
2026-10-13,St. Michael the Archangel,,Pembroke Hill,,False,False
2026-10-13,Lathrop,,Penney,,False,False
2026-10-13,St. Vincent,,Perryville,,False,False
2026-10-13,Stockton,,Pierce City,,False,False
2026-10-13,Summersville,,Plato,,False,False
2026-10-13,Center,,Pleasant Hill,,False,False
2026-10-13,Niangua,,Pleasant Hope,,False,False
2026-10-13,Saxony Lutheran,,Poplar Bluff,,False,False
2026-10-13,MICDS,,Principia,,False,False
2026-10-13,Liberty North,,Raymore-Peculiar,,False,False
2026-10-13,Carthage,,Republic,,False,False
2026-10-13,Drexel,,Rich Hill,,False,False
2026-10-13,Lafayette County,,Richmond,,False,False
2026-10-13,North Nodaway,,Rock Port,,False,False
2026-10-13,Parkway Central,,Rockwood Summit,,False,False
2026-10-13,Licking,,Rolla,,False,False
2026-10-13,Raytown South,,Ruskin,,False,False
2026-10-13,New Bloomfield,,Russellville,,False,False
2026-10-13,Green Ridge,,Sacred Heart,,False,False
2026-10-13,Marshall,,Santa Fe,,False,False
2026-10-13,Ash Grove,,Sarcoxie,,False,False
2026-10-13,Billings,,School of the Ozarks,,False,False
2026-10-13,Central (New Madrid County),,Scott City,,False,False
2026-10-13,Oakville,,Seckman,,False,False
2026-10-13,McDonald County,,Seneca,,False,False
2026-10-13,Warsaw,,Sherwood,,False,False
2026-10-13,Lockwood,,Skyline,,False,False
2026-10-13,Knob Noster,,Smith-Cotton,,False,False
2026-10-13,La Monte,,Smithton,,False,False
2026-10-13,Tarkio with Fairfax,,South Holt with Craig,,False,False
2026-10-13,Winona,,South Iron,,False,False
2026-10-13,Marion C. Early,,Southwest (Washburn),,False,False
2026-10-13,Orchard Farm,,St. Charles,,False,False
2026-10-13,Marquette,,St. Dominic,,False,False
2026-10-13,St. Clair,,St. James,,False,False
2026-10-13,Chillicothe,,St. Joseph Christian,,False,False
2026-10-13,Grandview (Hillsboro),,St. Paul Lutheran (Farmington),,False,False
2026-10-13,Lee's Summit,,Staley,,False,False
2026-10-13,Bourbon,,Steelville,,False,False
2026-10-13,Believe Acad Charter,,West Plains,,False,False
2026-10-13,Salem,,Thayer,,False,False
2026-10-13,Francis Howell,,Troy Buchanan,,False,False
2026-10-13,Belton,,Truman,,False,False
2026-10-13,Clearwater,,Twin Rivers,,False,False
2026-10-13,Owensville,,Union,,False,False
2026-10-13,West Nodaway with Nodaway-Holt,,Union Star with King City,,False,False
2026-10-13,Hancock,,University City,,False,False
2026-10-13,Summit Christian Academy,,Van Horn,,False,False
2026-10-13,Adrian,,Versailles,,False,False
2026-10-13,Brentwood,,Villa Duchesne,,False,False
2026-10-13,North Point,,Washington,,False,False
2026-10-13,Glendale,,Waynesville,,False,False
2026-10-13,Neosho,,Webb City,,False,False
2026-10-13,Ladue Horton Watkins,,Webster Groves,,False,False
2026-10-13,St. Paul Lutheran (Concordia),,Wellington-Napoleon,,False,False
2026-10-13,Plattsburg,,West Platte,,False,False
2026-10-13,Parkway West,,Westminster Christian Academy,,False,False
2026-10-13,Golden City,,Wheaton,,False,False
2026-10-13,Joplin,,Willard,,False,False
2026-10-13,Grain Valley,,William Chrisman,,False,False
2026-10-13,Ava,,Willow Springs,,False,False
2026-10-13,Lincoln,,Windsor,,False,False
2026-10-13,Webster Groves,,Windsor (Imperial),,False,False
2026-10-13,Warrenton,,Winfield,,False,False
2026-10-13,Grandview,,Winnetonka,,False,False
2026-10-14,Rosati-Kain,,Bishop DuBourg,,False,False
2026-10-14,Russellville,,Bunceton,,False,False
2026-10-14,Jefferson (Festus),,DeSoto,,False,False
2026-10-14,Scott City,,East Prairie,,False,False
2026-10-14,North Point,,Francis Howell North,,False,False
2026-10-14,Orchard Farm,,Ft. Zumwalt East,,False,False
2026-10-14,Lift for Life Academy Charter,,Hazelwood West,,False,False
2026-10-14,Father Tolton,,Hickman,,False,False
2026-10-14,Francis Howell,,Incarnate Word Academy,,False,False
2026-10-14,Leeton with Chilhowee,,Kingsville,,False,False
2026-10-14,Sweet Springs,,La Monte,,False,False
2026-10-14,St. Vincent,,Leopold,,False,False
2026-10-14,Nerinx Hall,,Lindbergh,,False,False
2026-10-14,Hazelwood Central,,McCluer,,False,False
2026-10-14,Hazelwood East,,McCluer North,,False,False
2026-10-14,Stockton,,Miller,,False,False
2026-10-14,Wright City,,North Callaway,,False,False
2026-10-14,Central (Cape Girardeau),,Notre Dame (Cape Girardeau),,False,False
2026-10-14,Duchesne,,Notre Dame (St. Louis),,False,False
2026-10-14,Webster Groves,,Oakville,,False,False
2026-10-14,Kelly,,Oran,,False,False
2026-10-14,Brookfield,,Orrick,,False,False
2026-10-14,Parkway North,,Parkway South,,False,False
2026-10-14,Northeast (Kansas City),,Southeast,,False,False
2026-10-14,Northwest (Cedar Hill),,St. Clair,,False,False
2026-10-14,Hannibal,,St. Dominic,,False,False
2026-10-14,St. Pius X (Festus),,St. Francis Borgia,,False,False
2026-10-14,Smithville,,St. Michael the Archangel,,False,False
2026-10-14,Jennings,,STEAM Academy,,False,False
2026-10-14,Columbia Independent,,Sweet Springs,,False,False
2026-10-14,John Burroughs,,Ursuline Academy,,False,False
2026-10-14,Villa Duchesne,,Veritas Christian Academy,,False,False
2026-10-14,Ursuline Academy,,Westminster Christian Academy,,False,False
2026-10-15,Lamar,,Adrian,,False,False
2026-10-15,Collegiate School of Med-Bio Science,,Affton,,False,False
2026-10-15,Rich Hill,,Appleton City with Montrose,,False,False
2026-10-15,Plato,,Belle,,False,False
2026-10-15,Lutheran North,,Bishop DuBourg,,False,False
2026-10-15,Rock Bridge,,Blair Oaks,,False,False
2026-10-15,Raymore-Peculiar,,Blue Springs,,False,False
2026-10-15,Dixon,,Bourbon,,False,False
2026-10-15,Wright City,,Bowling Green,,False,False
2026-10-15,Crystal City,,Brentwood,,False,False
2026-10-15,Kingsville,,Bronaugh,,False,False
2026-10-15,Fair Grove,,Buffalo,,False,False
2026-10-15,Christian Fellowship Sr.,,Calvary Lutheran,,False,False
2026-10-15,Bishop LeBlond,,Cameron,,False,False
2026-10-15,West Plains,,Carl Junction,,False,False
2026-10-15,Richmond,,Carrollton,,False,False
2026-10-15,Joplin,,Carthage,,False,False
2026-10-15,Warrensburg,,Center,,False,False
2026-10-15,Sikeston,,Central (New Madrid County),,False,False
2026-10-15,Hillcrest,,Central (Springfield),,False,False
2026-10-15,Park Hill,,Central (St. Joseph),,False,False
2026-10-15,Maryville,,Chillicothe,,False,False
2026-10-15,Zalma,,Clearwater,,False,False
2026-10-15,Oak Grove,,Clinton,,False,False
2026-10-15,Smithton,,Cole Camp,,False,False
2026-10-15,Santa Fe,,Concordia,,False,False
2026-10-15,KIPP KC Legacy,,Crossroads Prep Charter,,False,False
2026-10-15,Licking,,Cuba,,False,False
2026-10-15,Fox,,DeSoto,,False,False
2026-10-15,Marionville,,Diamond,,False,False
2026-10-15,Midway,,Drexel,,False,False
2026-10-15,Veritas Christian Academy,,Duchesne,,False,False
2026-10-15,Warsaw,,El Dorado Springs,,False,False
2026-10-15,North Callaway,,Eugene,,False,False
2026-10-15,Jackson,,Eureka,,False,False
2026-10-15,Central (Kansas City),,Ewing Marion Kauffman,,False,False
2026-10-15,Capital City,,Fatima,,False,False
2026-10-15,Francis Howell North,,Francis Howell,,False,False
2026-10-15,Timberland,,Ft. Zumwalt East,,False,False
2026-10-15,Washington,,Ft. Zumwalt North,,False,False
2026-10-15,Francis Howell Central,,Ft. Zumwalt West,,False,False
2026-10-15,Bakersfield,,Gainesville,,False,False
2026-10-15,Everton,,Galena,,False,False
2026-10-15,Lebanon,,Glendale,,False,False
2026-10-15,Fort Osage,,Grain Valley,,False,False
2026-10-15,Kearney,,Grandview,,False,False
2026-10-15,Northwest (Hughesville),,Green Ridge,,False,False
2026-10-15,Southern Boone,,Hallsville,,False,False
2026-10-15,Odessa,,Harrisonville,,False,False
2026-10-15,Hazelwood East,,Hazelwood West,,False,False
2026-10-15,Bayless,,Herculaneum,,False,False
2026-10-15,Forsyth,,Hollister,,False,False
2026-10-15,Cabool,,Houston,,False,False
2026-10-15,Grandview (Hillsboro),,Jefferson (Festus),,False,False
2026-10-15,Ozark,,Kickapoo,,False,False
2026-10-15,Father Tolton,,Kirksville,,False,False
2026-10-15,Rockwood Summit,,Kirkwood,,False,False
2026-10-15,Lexington,,Knob Noster,,False,False
2026-10-15,Summersville,,Koshkonong,,False,False
2026-10-15,Otterville,,La Monte,,False,False
2026-10-15,Holden,,Lafayette County,,False,False
2026-10-15,Gloria Deo Academy,,Laquey,,False,False
2026-10-15,Lawson,,Lathrop,,False,False
2026-10-15,Blue Springs South,,Lee's Summit,,False,False
2026-10-15,Park Hill South,,Lee's Summit North,,False,False
2026-10-15,Staley,,Lee's Summit West,,False,False
2026-10-15,Jasper,,Liberal,,False,False
2026-10-15,Troy Buchanan,,Liberty (Wentzville),,False,False
2026-10-15,Believe Acad Charter,,Lift for Life Academy Charter,,False,False
2026-10-15,Sacred Heart,,Lincoln,,False,False
2026-10-15,Cor Jesu Academy,,Lindbergh,,False,False
2026-10-15,Greenfield,,Lockwood,,False,False
2026-10-15,Butler,,Lone Jack,,False,False
2026-10-15,Wellington-Napoleon,,Lutheran (Kansas City),,False,False
2026-10-15,Principia,,Lutheran South,,False,False
2026-10-15,Couch,,Lutie,,False,False
2026-10-15,Dora,,Mansfield,,False,False
2026-10-15,Pattonville,,Marquette,,False,False
2026-10-15,Mexico,,Marshall,,False,False
2026-10-15,Logan-Rogersville,,Marshfield,,False,False
2026-10-15,St. Paul Lutheran (Farmington),,McKinley Classical Leadership,,False,False
2026-10-15,Seckman,,Mehlville,,False,False
2026-10-15,Centralia,,Montgomery County,,False,False
2026-10-15,Tarkio with Fairfax,,Mound City,,False,False
2026-10-15,Willow Springs,,Mountain Grove,,False,False
2026-10-15,Branson,,Mt. Vernon,,False,False
2026-10-15,Willard,,Neosho,,False,False
2026-10-15,Ursuline Academy,,Nerinx Hall,,False,False
2026-10-15,Bolivar,,Nevada,,False,False
2026-10-15,Linn,,New Bloomfield,,False,False
2026-10-15,Wheaton,,New Heights Christian,,False,False
2026-10-15,Hurley,,Niangua,,False,False
2026-10-15,Mid-Buchanan,,North Platte,,False,False
2026-10-15,Ft. Zumwalt South,,North Point,,False,False
2026-10-15,Cristo Rey,,Northeast (Kansas City),,False,False
2026-10-15,Miami (Amoret),,Northeast Vernon County,,False,False
2026-10-15,Charleston,,Oran,,False,False
2026-10-15,Holt,,Orchard Farm,,False,False
2026-10-15,California,,Osage,,False,False
2026-10-15,Lakeland,,Osceola,,False,False
2026-10-15,Sullivan,,Owensville,,False,False
2026-10-15,Greenwood,,Parkview,,False,False
2026-10-15,Hazelwood Central,,Parkway North,,False,False
2026-10-15,Southeast,,Paseo Academy,,False,False
2026-10-15,Festus,,Perryville,,False,False
2026-10-15,Belton,,Platte County,,False,False
2026-10-15,East Buchanan,,Plattsburg,,False,False
2026-10-15,St. Teresa's Academy,,Pleasant Hill,,False,False
2026-10-15,Cassville,,Pleasant Hope,,False,False
2026-10-15,Truman,,Raytown,,False,False
2026-10-15,Winnetonka,,Raytown South,,False,False
2026-10-15,Webb City,,Republic,,False,False
2026-10-15,McCluer North,,Ritenour,,False,False
2026-10-15,South Holt with Craig,,Rock Port,,False,False
2026-10-15,Camdenton,,Rolla,,False,False
2026-10-15,Smithville,,Ruskin,,False,False
2026-10-15,Tipton,,Russellville,,False,False
2026-10-15,Liberty (Mountain View),,Salem,,False,False
2026-10-15,Seneca,,Sarcoxie,,False,False
2026-10-15,Excelsior Springs,,Savannah,,False,False
2026-10-15,Meadow Heights,,Scott City,,False,False
2026-10-15,Conway,,Seymour,,False,False
2026-10-15,Ash Grove,,Skyline,,False,False
2026-10-15,Boonville,,Smith-Cotton,,False,False
2026-10-15,Maysville,,South Harrison,,False,False
2026-10-15,Crane,,Sparta,,False,False
2026-10-15,Billings,,Spokane,,False,False
2026-10-15,New Haven,,St. Clair,,False,False
2026-10-15,Pacific,,St. James,,False,False
2026-10-15,Trenton,,St. Joseph Christian,,False,False
2026-10-15,Liberty North,,St. Michael the Archangel,,False,False
2026-10-15,Crest Ridge,,St. Paul Lutheran (Concordia),,False,False
2026-10-15,Northland Christian,,St. Pius X (Kansas City),,False,False
2026-10-15,Gateway with Soldan International Studies,,STEAM Academy,,False,False
2026-10-15,Bunker,,Steelville,,False,False
2026-10-15,Windsor,,Stover,,False,False
2026-10-15,Springfield Catholic,,Strafford,,False,False
2026-10-15,Barstow,,Summit Christian Academy,,False,False
2026-10-15,Jennings,,West Plains,,False,False
2026-10-15,Ava,,Thayer,,False,False
2026-10-15,Golden City,,Thomas Jefferson Independent Day,,False,False
2026-10-15,Kennett,,Twin Rivers,,False,False
2026-10-15,Hermann,,Union,,False,False
2026-10-15,Pembroke Hill,,University Academy Charter,,False,False
2026-10-15,Maplewood-Richmond Hts.,,University City,,False,False
2026-10-15,Gateway Science Charter,,Valley Park,,False,False
2026-10-15,Cardinal Ritter,,Vashon,,False,False
2026-10-15,Sheldon,,Verona,,False,False
2026-10-15,South Iron,,Viburnum,,False,False
2026-10-15,St. Charles,,Warrenton,,False,False
2026-10-15,Nixa,,Waynesville,,False,False
2026-10-15,North Nodaway,,West Nodaway with Nodaway-Holt,,False,False
2026-10-15,Penney,,West Platte,,False,False
2026-10-15,St. Dominic,,Westminster Christian Academy,,False,False
2026-10-15,Lutheran St. Charles,,Whitfield,,False,False
2026-10-15,Van Horn,,William Chrisman,,False,False
2026-10-15,Poplar Bluff,,Windsor (Imperial),,False,False
2026-10-16,Twin Rivers,,Campbell,,False,False
2026-10-16,Lutheran North,,Clayton,,False,False
2026-10-16,Ellington,,Clearwater,,False,False
2026-10-16,Bradleyville,,Couch,,False,False
2026-10-16,School of the Ozarks,,Exeter,,False,False
2026-10-16,St. Francis Borgia,,Fatima,,False,False
2026-10-16,Metro,,Hancock,,False,False
2026-10-16,Confluence Prep Academy Charter with Grand Center Arts Charter,,KIPP St. Louis Sr.,,False,False
2026-10-16,Parkway Central,,Ladue Horton Watkins,,False,False
2026-10-16,Plato,,Laquey,,False,False
2026-10-16,Springfield Catholic,,Logan-Rogersville,,False,False
2026-10-16,Everton,,McAuley Catholic,,False,False
2026-10-16,Greenville,,Oak Ridge,,False,False
2026-10-16,Hazelwood Central,,Parkway North,,False,False
2026-10-16,Valley,,South Iron,,False,False
2026-10-16,Parkway West,,St. Joseph's Academy,,False,False
2026-10-16,Meadow Heights,,St. Paul Lutheran (Farmington),,False,False
2026-10-16,St. Charles West,,Winfield,,False,False
2026-10-16,Leopold,,Winona,,False,False
2026-10-17,Incarnate Word Academy,,Francis Howell North,,False,False
2026-10-17,Francis Howell North,,Marquette,,False,False
2026-10-17,Incarnate Word Academy,,Marquette,,False,False
2026-10-17,Francis Howell,,Webb City,,False,False
2026-10-17,Academie Lafayette,,Webb City,,False,False
2026-10-19,Veritas Christian Academy,,Brentwood,,False,False
2026-10-19,Lathrop,,Brookfield,,False,False
2026-10-19,Plattsburg,,Cameron,,False,False
2026-10-19,Clarkton,,Campbell,,False,False
2026-10-19,South Iron,,Clearwater,,False,False
2026-10-19,Windsor,,Crest Ridge,,False,False
2026-10-19,St. Clair,,DeSoto,,False,False
2026-10-19,Sikeston,,East Prairie,,False,False
2026-10-19,Helias Catholic,,Eldon,,False,False
2026-10-19,Bunker,,Ellington,,False,False
2026-10-19,Diamond,,Fair Grove,,False,False
2026-10-19,Southern Boone,,Father Tolton,,False,False
2026-10-19,New Bloomfield,,Fatima,,False,False
2026-10-19,Mansfield,,Gainesville,,False,False
2026-10-19,St. Francis Borgia,,Hermann,,False,False
2026-10-19,Notre Dame (Cape Girardeau),,Kennett,,False,False
2026-10-19,El Dorado Springs,,Lamar,,False,False
2026-10-19,Bismarck,,Lesterville,,False,False
2026-10-19,Everton,,Lockwood,,False,False
2026-10-19,Bell City,,Meadow Heights,,False,False
2026-10-19,Malden,,North Pemiscot,,False,False
2026-10-19,Paseo Academy,,Northeast (Kansas City),,False,False
2026-10-19,Richland (Essex),,Oran,,False,False
2026-10-19,Russellville,,Otterville,,False,False
2026-10-19,Holcomb,,Portageville,,False,False
2026-10-19,Doniphan,,Puxico,,False,False
2026-10-19,South Pemiscot,,Risco,,False,False
2026-10-19,Hickman,,Rock Bridge,,False,False
2026-10-19,Lindbergh,,Rockwood Summit,,False,False
2026-10-19,Advance,,Scott City,,False,False
2026-10-19,Delta (Deering),,Senath-Hornersville,,False,False
2026-10-19,Clinton,,Skyline,,False,False
2026-10-19,McAuley Catholic,,Southwest (Washburn),,False,False
2026-10-19,Oak Ridge,,St. Vincent,,False,False
2026-10-19,North Platte,,Union Star with King City,,False,False
2026-10-19,Exeter,,Verona,,False,False
2026-10-19,Buffalo,,Warsaw,,False,False
2026-10-19,Bernie,,Woodland,,False,False
2026-10-20,Puxico,,Campbell,,False,False
2026-10-20,Dexter,,Central (New Madrid County),,False,False
2026-10-20,Southland,,Delta (Deering),,False,False
2026-10-20,Malden,,Holcomb,,False,False
2026-10-20,Portageville,,Saxony Lutheran,,False,False
2026-10-20,South Pemiscot,,Senath-Hornersville,,False,False
2026-10-20,St. Paul Lutheran (Farmington),,Zalma,,False,False
2026-10-21,Hayti,,Delta (Deering),,False,False
2026-10-21,Portageville,,Leopold,,False,False
